problem,K,rho,phi,seed,method,matched_error,pred_ols,pred_gls,same_as_ols
frequency_shift,2,0.1,0.0,11,oracle_ols,0.14,0.14027395008740218,0.14027395008740218,1.0
frequency_shift,2,0.1,0.0,11,oracle_gls,0.14,0.14027395008740218,0.14027395008740218,1.0
frequency_shift,2,0.1,0.0,11,lrdsr,0.14,0.14027395008740218,0.14027395008740218,0.06666666666666667
frequency_shift,2,0.1,0.0,11,soft_em,0.22666666666666668,0.14027395008740218,0.14027395008740218,0.20666666666666667
frequency_shift,2,0.1,0.0,11,mechanism_kmeans,0.16000000000000003,0.14027395008740218,0.14027395008740218,0.06
frequency_shift,2,0.1,0.3,11,oracle_ols,0.19999999999999996,0.2053553113177437,0.20336632974646218,1.0
frequency_shift,2,0.1,0.3,11,oracle_gls,0.21999999999999997,0.2053553113177437,0.20336632974646218,0.9666666666666667
frequency_shift,2,0.1,0.3,11,lrdsr,0.23333333333333328,0.2053553113177437,0.20336632974646218,0.11333333333333333
frequency_shift,2,0.1,0.3,11,soft_em,0.30666666666666664,0.2053553113177437,0.20336632974646218,0.21333333333333335
frequency_shift,2,0.1,0.3,11,mechanism_kmeans,0.2866666666666666,0.2053553113177437,0.20336632974646218,0.23333333333333334
frequency_shift,2,0.1,0.6,11,oracle_ols,0.29333333333333333,0.27231344390073187,0.2626781996738532,1.0
frequency_shift,2,0.1,0.6,11,oracle_gls,0.28,0.27231344390073187,0.2626781996738532,0.9333333333333333
frequency_shift,2,0.1,0.6,11,lrdsr,0.3466666666666667,0.27231344390073187,0.2626781996738532,0.7733333333333333
frequency_shift,2,0.1,0.6,11,soft_em,0.36,0.27231344390073187,0.2626781996738532,0.26666666666666666
frequency_shift,2,0.1,0.6,11,mechanism_kmeans,0.3533333333333334,0.27231344390073187,0.2626781996738532,0.26
frequency_shift,2,0.1,0.8,11,oracle_ols,0.36,0.3164208327033124,0.29083297064887004,1.0
frequency_shift,2,0.1,0.8,11,oracle_gls,0.31999999999999995,0.3164208327033124,0.29083297064887004,0.88
frequency_shift,2,0.1,0.8,11,lrdsr,0.4933333333333333,0.3164208327033124,0.29083297064887004,0.44
frequency_shift,2,0.1,0.8,11,soft_em,0.48,0.3164208327033124,0.29083297064887004,0.4
frequency_shift,2,0.1,0.8,11,mechanism_kmeans,0.5,0.3164208327033124,0.29083297064887004,0.42
frequency_shift,2,0.1,0.9,11,oracle_ols,0.3666666666666667,0.3349300239891886,0.2807423642187192,1.0
frequency_shift,2,0.1,0.9,11,oracle_gls,0.32666666666666666,0.3349300239891886,0.2807423642187192,0.8
frequency_shift,2,0.1,0.9,11,lrdsr,0.4866666666666667,0.3349300239891886,0.2807423642187192,0.6133333333333333
frequency_shift,2,0.1,0.9,11,soft_em,0.4933333333333333,0.3349300239891886,0.2807423642187192,0.3933333333333333
frequency_shift,2,0.1,0.9,11,mechanism_kmeans,0.4866666666666667,0.3349300239891886,0.2807423642187192,0.38666666666666666
frequency_shift,2,0.1,0.95,11,oracle_ols,0.3666666666666667,0.3347023323803489,0.23978089196159375,1.0
frequency_shift,2,0.1,0.95,11,oracle_gls,0.31333333333333335,0.3347023323803489,0.23978089196159375,0.6666666666666666
frequency_shift,2,0.1,0.95,11,lrdsr,0.4933333333333333,0.3347023323803489,0.23978089196159375,0.47333333333333333
frequency_shift,2,0.1,0.95,11,soft_em,0.48,0.3347023323803489,0.23978089196159375,0.44666666666666666
frequency_shift,2,0.1,0.95,11,mechanism_kmeans,0.48,0.3347023323803489,0.23978089196159375,0.43333333333333335
frequency_shift,2,0.25,0.0,11,oracle_ols,0.06666666666666665,0.0453920895033178,0.0453920895033178,1.0
frequency_shift,2,0.25,0.0,11,oracle_gls,0.06666666666666665,0.0453920895033178,0.0453920895033178,1.0
frequency_shift,2,0.25,0.0,11,lrdsr,0.06000000000000005,0.0453920895033178,0.0453920895033178,0.006666666666666667
frequency_shift,2,0.25,0.0,11,soft_em,0.06000000000000005,0.0453920895033178,0.0453920895033178,0.9933333333333333
frequency_shift,2,0.25,0.0,11,mechanism_kmeans,0.07333333333333336,0.0453920895033178,0.0453920895033178,0.9933333333333333
frequency_shift,2,0.25,0.3,11,oracle_ols,0.08666666666666667,0.09768725453897663,0.0957840504963333,1.0
frequency_shift,2,0.25,0.3,11,oracle_gls,0.09999999999999998,0.09768725453897663,0.0957840504963333,0.9866666666666667
frequency_shift,2,0.25,0.3,11,lrdsr,0.10666666666666669,0.09768725453897663,0.0957840504963333,0.9533333333333334
frequency_shift,2,0.25,0.3,11,soft_em,0.08666666666666667,0.09768725453897663,0.0957840504963333,0.0
frequency_shift,2,0.25,0.3,11,mechanism_kmeans,0.1266666666666667,0.09768725453897663,0.0957840504963333,0.05333333333333334
frequency_shift,2,0.25,0.6,11,oracle_ols,0.18000000000000005,0.16952278989172845,0.15807730705639916,1.0
frequency_shift,2,0.25,0.6,11,oracle_gls,0.18666666666666665,0.16952278989172845,0.15807730705639916,0.9133333333333333
frequency_shift,2,0.25,0.6,11,lrdsr,0.19999999999999996,0.16952278989172845,0.15807730705639916,0.9
frequency_shift,2,0.25,0.6,11,soft_em,0.26,0.16952278989172845,0.15807730705639916,0.17333333333333334
frequency_shift,2,0.25,0.6,11,mechanism_kmeans,0.30666666666666664,0.16952278989172845,0.15807730705639916,0.23333333333333334
frequency_shift,2,0.25,0.8,11,oracle_ols,0.2466666666666667,0.2252001880659455,0.1920322132098314,1.0
frequency_shift,2,0.25,0.8,11,oracle_gls,0.22666666666666668,0.2252001880659455,0.1920322132098314,0.8866666666666667
frequency_shift,2,0.25,0.8,11,lrdsr,0.3933333333333333,0.2252001880659455,0.1920322132098314,0.68
frequency_shift,2,0.25,0.8,11,soft_em,0.4666666666666667,0.2252001880659455,0.1920322132098314,0.6333333333333333
frequency_shift,2,0.25,0.8,11,mechanism_kmeans,0.45999999999999996,0.2252001880659455,0.1920322132098314,0.64
frequency_shift,2,0.25,0.9,11,oracle_ols,0.26,0.25023097471371036,0.1795460496795099,1.0
frequency_shift,2,0.25,0.9,11,oracle_gls,0.18000000000000005,0.25023097471371036,0.1795460496795099,0.8266666666666667
frequency_shift,2,0.25,0.9,11,lrdsr,0.4666666666666667,0.25023097471371036,0.1795460496795099,0.34
frequency_shift,2,0.25,0.9,11,soft_em,0.48,0.25023097471371036,0.1795460496795099,0.35333333333333333
frequency_shift,2,0.25,0.9,11,mechanism_kmeans,0.4733333333333334,0.25023097471371036,0.1795460496795099,0.3466666666666667
frequency_shift,2,0.25,0.95,11,oracle_ols,0.2466666666666667,0.24993469050818495,0.13237892539669133,1.0
frequency_shift,2,0.25,0.95,11,oracle_gls,0.09333333333333338,0.24993469050818495,0.13237892539669133,0.7933333333333333
frequency_shift,2,0.25,0.95,11,lrdsr,0.48,0.24993469050818495,0.13237892539669133,0.5533333333333333
frequency_shift,2,0.25,0.95,11,soft_em,0.4666666666666667,0.24993469050818495,0.13237892539669133,0.43333333333333335
frequency_shift,2,0.25,0.95,11,mechanism_kmeans,0.48,0.24993469050818495,0.13237892539669133,0.43333333333333335
frequency_shift,2,1.0,0.0,11,oracle_ols,0.0,0.0005747646291833159,0.000574764629183316,1.0
frequency_shift,2,1.0,0.0,11,oracle_gls,0.0,0.0005747646291833159,0.000574764629183316,1.0
frequency_shift,2,1.0,0.0,11,lrdsr,0.0,0.0005747646291833159,0.000574764629183316,0.0
frequency_shift,2,1.0,0.0,11,soft_em,0.0,0.0005747646291833159,0.000574764629183316,1.0
frequency_shift,2,1.0,0.0,11,mechanism_kmeans,0.0,0.0005747646291833159,0.000574764629183316,1.0
frequency_shift,2,1.0,0.3,11,oracle_ols,0.00666666666666671,0.005635484617777708,0.005284040470663626,1.0
frequency_shift,2,1.0,0.3,11,oracle_gls,0.00666666666666671,0.005635484617777708,0.005284040470663626,1.0
frequency_shift,2,1.0,0.3,11,lrdsr,0.00666666666666671,0.005635484617777708,0.005284040470663626,0.0
frequency_shift,2,1.0,0.3,11,soft_em,0.00666666666666671,0.005635484617777708,0.005284040470663626,1.0
frequency_shift,2,1.0,0.3,11,mechanism_kmeans,0.00666666666666671,0.005635484617777708,0.005284040470663626,1.0
frequency_shift,2,1.0,0.6,11,oracle_ols,0.020000000000000018,0.02911565102415813,0.02345556733291558,1.0
frequency_shift,2,1.0,0.6,11,oracle_gls,0.033333333333333326,0.02911565102415813,0.02345556733291558,0.9866666666666667
frequency_shift,2,1.0,0.6,11,lrdsr,0.026666666666666616,0.02911565102415813,0.02345556733291558,0.006666666666666667
frequency_shift,2,1.0,0.6,11,soft_em,0.026666666666666616,0.02911565102415813,0.02345556733291558,0.9933333333333333
frequency_shift,2,1.0,0.6,11,mechanism_kmeans,0.026666666666666616,0.02911565102415813,0.02345556733291558,0.9933333333333333
frequency_shift,2,1.0,0.8,11,oracle_ols,0.026666666666666616,0.06637021171802379,0.04146766943205019,1.0
frequency_shift,2,1.0,0.8,11,oracle_gls,0.053333333333333344,0.06637021171802379,0.04146766943205019,0.9733333333333334
frequency_shift,2,1.0,0.8,11,lrdsr,0.040000000000000036,0.06637021171802379,0.04146766943205019,0.013333333333333334
frequency_shift,2,1.0,0.8,11,soft_em,0.040000000000000036,0.06637021171802379,0.04146766943205019,0.9866666666666667
frequency_shift,2,1.0,0.8,11,mechanism_kmeans,0.040000000000000036,0.06637021171802379,0.04146766943205019,0.9866666666666667
frequency_shift,2,1.0,0.9,11,oracle_ols,0.06666666666666665,0.08945819877506644,0.034016455477531786,1.0
frequency_shift,2,1.0,0.9,11,oracle_gls,0.053333333333333344,0.08945819877506644,0.034016455477531786,0.9066666666666666
frequency_shift,2,1.0,0.9,11,lrdsr,0.07999999999999996,0.08945819877506644,0.034016455477531786,0.02666666666666667
frequency_shift,2,1.0,0.9,11,soft_em,0.07999999999999996,0.08945819877506644,0.034016455477531786,0.9733333333333334
frequency_shift,2,1.0,0.9,11,mechanism_kmeans,0.06666666666666665,0.08945819877506644,0.034016455477531786,0.9733333333333334
frequency_shift,2,1.0,0.95,11,oracle_ols,0.07333333333333336,0.08924961532563173,0.013691192487852307,1.0
frequency_shift,2,1.0,0.95,11,oracle_gls,0.033333333333333326,0.08924961532563173,0.013691192487852307,0.8933333333333333
frequency_shift,2,1.0,0.95,11,lrdsr,0.45333333333333337,0.08924961532563173,0.013691192487852307,0.5533333333333333
frequency_shift,2,1.0,0.95,11,soft_em,0.44666666666666666,0.08924961532563173,0.013691192487852307,0.44
frequency_shift,2,1.0,0.95,11,mechanism_kmeans,0.43999999999999995,0.08924961532563173,0.013691192487852307,0.43333333333333335
frequency_shift,2,0.1,0.0,23,oracle_ols,0.21333333333333337,0.13860432204837067,0.13860432204837067,1.0
frequency_shift,2,0.1,0.0,23,oracle_gls,0.21333333333333337,0.13860432204837067,0.13860432204837067,1.0
frequency_shift,2,0.1,0.0,23,lrdsr,0.18000000000000005,0.13860432204837067,0.13860432204837067,0.03333333333333333
frequency_shift,2,0.1,0.0,23,soft_em,0.21999999999999997,0.13860432204837067,0.13860432204837067,0.9666666666666667
frequency_shift,2,0.1,0.0,23,mechanism_kmeans,0.20666666666666667,0.13860432204837067,0.13860432204837067,0.98
frequency_shift,2,0.1,0.3,23,oracle_ols,0.2466666666666667,0.20391241074886343,0.20189927851707742,1.0
frequency_shift,2,0.1,0.3,23,oracle_gls,0.2666666666666667,0.20391241074886343,0.20189927851707742,0.98
frequency_shift,2,0.1,0.3,23,lrdsr,0.2466666666666667,0.20391241074886343,0.20189927851707742,0.04
frequency_shift,2,0.1,0.3,23,soft_em,0.26,0.20391241074886343,0.20189927851707742,0.9733333333333334
frequency_shift,2,0.1,0.3,23,mechanism_kmeans,0.2466666666666667,0.20391241074886343,0.20189927851707742,0.9733333333333334
frequency_shift,2,0.1,0.6,23,oracle_ols,0.32666666666666666,0.2714734961165192,0.26170439074273605,1.0
frequency_shift,2,0.1,0.6,23,oracle_gls,0.32666666666666666,0.2714734961165192,0.26170439074273605,0.9733333333333334
frequency_shift,2,0.1,0.6,23,lrdsr,0.48,0.2714734961165192,0.26170439074273605,0.31333333333333335
frequency_shift,2,0.1,0.6,23,soft_em,0.48,0.2714734961165192,0.26170439074273605,0.32666666666666666
frequency_shift,2,0.1,0.6,23,mechanism_kmeans,0.4733333333333334,0.2714734961165192,0.26170439074273605,0.3466666666666667
frequency_shift,2,0.1,0.8,23,oracle_ols,0.3733333333333333,0.316325983987777,0.29045887874114373,1.0
frequency_shift,2,0.1,0.8,23,oracle_gls,0.36,0.316325983987777,0.29045887874114373,0.88
frequency_shift,2,0.1,0.8,23,lrdsr,0.44666666666666666,0.316325983987777,0.29045887874114373,0.6733333333333333
frequency_shift,2,0.1,0.8,23,soft_em,0.4666666666666667,0.316325983987777,0.29045887874114373,0.36
frequency_shift,2,0.1,0.8,23,mechanism_kmeans,0.45999999999999996,0.316325983987777,0.29045887874114373,0.35333333333333333
frequency_shift,2,0.1,0.9,23,oracle_ols,0.3666666666666667,0.33539593680041424,0.2809006716531562,1.0
frequency_shift,2,0.1,0.9,23,oracle_gls,0.3466666666666667,0.33539593680041424,0.2809006716531562,0.8466666666666667
frequency_shift,2,0.1,0.9,23,lrdsr,0.38,0.33539593680041424,0.2809006716531562,0.5066666666666667
frequency_shift,2,0.1,0.9,23,soft_em,0.4,0.33539593680041424,0.2809006716531562,0.4866666666666667
frequency_shift,2,0.1,0.9,23,mechanism_kmeans,0.3933333333333333,0.33539593680041424,0.2809006716531562,0.49333333333333335
frequency_shift,2,0.1,0.95,23,oracle_ols,0.3466666666666667,0.33562411623759536,0.24039665780078215,1.0
frequency_shift,2,0.1,0.95,23,oracle_gls,0.2666666666666667,0.33562411623759536,0.24039665780078215,0.7733333333333333
frequency_shift,2,0.1,0.95,23,lrdsr,0.41333333333333333,0.33562411623759536,0.24039665780078215,0.5333333333333333
frequency_shift,2,0.1,0.95,23,soft_em,0.4066666666666666,0.33562411623759536,0.24039665780078215,0.5266666666666666
frequency_shift,2,0.1,0.95,23,mechanism_kmeans,0.4066666666666666,0.33562411623759536,0.24039665780078215,0.5266666666666666
frequency_shift,2,0.25,0.0,23,oracle_ols,0.07999999999999996,0.044247217897348805,0.04424721789734881,1.0
frequency_shift,2,0.25,0.0,23,oracle_gls,0.07999999999999996,0.044247217897348805,0.04424721789734881,1.0
frequency_shift,2,0.25,0.0,23,lrdsr,0.08666666666666667,0.044247217897348805,0.04424721789734881,0.9666666666666667
frequency_shift,2,0.25,0.0,23,soft_em,0.07333333333333336,0.044247217897348805,0.04424721789734881,0.9933333333333333
frequency_shift,2,0.25,0.0,23,mechanism_kmeans,0.07999999999999996,0.044247217897348805,0.04424721789734881,1.0
frequency_shift,2,0.25,0.3,23,oracle_ols,0.14,0.09629634890435687,0.09437904497577393,1.0
frequency_shift,2,0.25,0.3,23,oracle_gls,0.1333333333333333,0.09629634890435687,0.09437904497577393,0.9933333333333333
frequency_shift,2,0.25,0.3,23,lrdsr,0.15333333333333332,0.09629634890435687,0.09437904497577393,0.9866666666666667
frequency_shift,2,0.25,0.3,23,soft_em,0.18666666666666665,0.09629634890435687,0.09437904497577393,0.94
frequency_shift,2,0.25,0.3,23,mechanism_kmeans,0.1466666666666666,0.09629634890435687,0.09437904497577393,0.9933333333333333
frequency_shift,2,0.25,0.6,23,oracle_ols,0.21999999999999997,0.16851515172345533,0.15693289526675688,1.0
frequency_shift,2,0.25,0.6,23,oracle_gls,0.21999999999999997,0.16851515172345533,0.15693289526675688,0.9333333333333333
frequency_shift,2,0.25,0.6,23,lrdsr,0.2866666666666666,0.16851515172345533,0.15693289526675688,0.8666666666666667
frequency_shift,2,0.25,0.6,23,soft_em,0.29333333333333333,0.16851515172345533,0.15693289526675688,0.16666666666666666
frequency_shift,2,0.25,0.6,23,mechanism_kmeans,0.29333333333333333,0.16851515172345533,0.15693289526675688,0.16666666666666666
frequency_shift,2,0.25,0.8,23,oracle_ols,0.31333333333333335,0.22508143927002636,0.19156702587676064,1.0
frequency_shift,2,0.25,0.8,23,oracle_gls,0.2466666666666667,0.22508143927002636,0.19156702587676064,0.92
frequency_shift,2,0.25,0.8,23,lrdsr,0.42000000000000004,0.22508143927002636,0.19156702587676064,0.30666666666666664
frequency_shift,2,0.25,0.8,23,soft_em,0.4066666666666666,0.22508143927002636,0.19156702587676064,0.7333333333333333
frequency_shift,2,0.25,0.8,23,mechanism_kmeans,0.41333333333333333,0.22508143927002636,0.19156702587676064,0.7533333333333333
frequency_shift,2,0.25,0.9,23,oracle_ols,0.31999999999999995,0.2508843107179517,0.17977860465145332,1.0
frequency_shift,2,0.25,0.9,23,oracle_gls,0.24,0.2508843107179517,0.17977860465145332,0.8266666666666667
frequency_shift,2,0.25,0.9,23,lrdsr,0.38,0.2508843107179517,0.17977860465145332,0.5
frequency_shift,2,0.25,0.9,23,soft_em,0.4,0.2508843107179517,0.17977860465145332,0.49333333333333335
frequency_shift,2,0.25,0.9,23,mechanism_kmeans,0.3933333333333333,0.2508843107179517,0.17977860465145332,0.5
frequency_shift,2,0.25,0.95,23,oracle_ols,0.30000000000000004,0.2512224626365413,0.13315019026952973,1.0
frequency_shift,2,0.25,0.95,23,oracle_gls,0.1466666666666666,0.2512224626365413,0.13315019026952973,0.78
frequency_shift,2,0.25,0.95,23,lrdsr,0.4066666666666666,0.2512224626365413,0.13315019026952973,0.5066666666666667
frequency_shift,2,0.25,0.95,23,soft_em,0.4066666666666666,0.2512224626365413,0.13315019026952973,0.49333333333333335
frequency_shift,2,0.25,0.95,23,mechanism_kmeans,0.4,0.2512224626365413,0.13315019026952973,0.4866666666666667
frequency_shift,2,1.0,0.0,23,oracle_ols,0.00666666666666671,0.0005223833315677664,0.0005223833315677666,1.0
frequency_shift,2,1.0,0.0,23,oracle_gls,0.00666666666666671,0.0005223833315677664,0.0005223833315677666,1.0
frequency_shift,2,1.0,0.0,23,lrdsr,0.00666666666666671,0.0005223833315677664,0.0005223833315677666,1.0
frequency_shift,2,1.0,0.0,23,soft_em,0.00666666666666671,0.0005223833315677664,0.0005223833315677666,0.0
frequency_shift,2,1.0,0.0,23,mechanism_kmeans,0.00666666666666671,0.0005223833315677664,0.0005223833315677666,0.0
frequency_shift,2,1.0,0.3,23,oracle_ols,0.020000000000000018,0.005367414439225444,0.005022486042216977,1.0
frequency_shift,2,1.0,0.3,23,oracle_gls,0.013333333333333308,0.005367414439225444,0.005022486042216977,0.9933333333333333
frequency_shift,2,1.0,0.3,23,lrdsr,0.013333333333333308,0.005367414439225444,0.005022486042216977,0.9933333333333333
frequency_shift,2,1.0,0.3,23,soft_em,0.013333333333333308,0.005367414439225444,0.005022486042216977,0.9933333333333333
frequency_shift,2,1.0,0.3,23,mechanism_kmeans,0.00666666666666671,0.005367414439225444,0.005022486042216977,0.9866666666666667
frequency_shift,2,1.0,0.6,23,oracle_ols,0.06666666666666665,0.028589891133628302,0.022918531031163418,1.0
frequency_shift,2,1.0,0.6,23,oracle_gls,0.033333333333333326,0.028589891133628302,0.022918531031163418,0.9533333333333334
frequency_shift,2,1.0,0.6,23,lrdsr,0.046666666666666634,0.028589891133628302,0.022918531031163418,0.9666666666666667
frequency_shift,2,1.0,0.6,23,soft_em,0.040000000000000036,0.028589891133628302,0.022918531031163418,0.02666666666666667
frequency_shift,2,1.0,0.6,23,mechanism_kmeans,0.046666666666666634,0.028589891133628302,0.022918531031163418,0.02
frequency_shift,2,1.0,0.8,23,oracle_ols,0.09333333333333338,0.06629601364219322,0.04117511743874201,1.0
frequency_shift,2,1.0,0.8,23,oracle_gls,0.046666666666666634,0.06629601364219322,0.04117511743874201,0.94
frequency_shift,2,1.0,0.8,23,lrdsr,0.10666666666666669,0.06629601364219322,0.04117511743874201,0.02666666666666667
frequency_shift,2,1.0,0.8,23,soft_em,0.14,0.06629601364219322,0.04117511743874201,0.06
frequency_shift,2,1.0,0.8,23,mechanism_kmeans,0.1333333333333333,0.06629601364219322,0.04117511743874201,0.06666666666666667
frequency_shift,2,1.0,0.9,23,oracle_ols,0.16000000000000003,0.09016969787119415,0.034211395431260325,1.0
frequency_shift,2,1.0,0.9,23,oracle_gls,0.033333333333333326,0.09016969787119415,0.034211395431260325,0.8733333333333333
frequency_shift,2,1.0,0.9,23,lrdsr,0.2866666666666666,0.09016969787119415,0.034211395431260325,0.7533333333333333
frequency_shift,2,1.0,0.9,23,soft_em,0.24,0.09016969787119415,0.034211395431260325,0.7733333333333333
frequency_shift,2,1.0,0.9,23,mechanism_kmeans,0.24,0.09016969787119415,0.034211395431260325,0.7733333333333333
frequency_shift,2,1.0,0.95,23,oracle_ols,0.1266666666666667,0.0906345204810414,0.014003209271219981,1.0
frequency_shift,2,1.0,0.95,23,oracle_gls,0.020000000000000018,0.0906345204810414,0.014003209271219981,0.88
frequency_shift,2,1.0,0.95,23,lrdsr,0.36,0.0906345204810414,0.014003209271219981,0.6333333333333333
frequency_shift,2,1.0,0.95,23,soft_em,0.3866666666666667,0.0906345204810414,0.014003209271219981,0.6066666666666667
frequency_shift,2,1.0,0.95,23,mechanism_kmeans,0.32666666666666666,0.0906345204810414,0.014003209271219981,0.6666666666666666
frequency_shift,2,0.1,0.0,42,oracle_ols,0.18000000000000005,0.13764542338636565,0.13764542338636565,1.0
frequency_shift,2,0.1,0.0,42,oracle_gls,0.18000000000000005,0.13764542338636565,0.13764542338636565,1.0
frequency_shift,2,0.1,0.0,42,lrdsr,0.16666666666666663,0.13764542338636565,0.13764542338636565,0.9466666666666667
frequency_shift,2,0.1,0.0,42,soft_em,0.17333333333333334,0.13764542338636565,0.13764542338636565,0.9933333333333333
frequency_shift,2,0.1,0.0,42,mechanism_kmeans,0.17333333333333334,0.13764542338636565,0.13764542338636565,0.9933333333333333
frequency_shift,2,0.1,0.3,42,oracle_ols,0.2533333333333333,0.20318487497232204,0.20124055475708896,1.0
frequency_shift,2,0.1,0.3,42,oracle_gls,0.2533333333333333,0.20318487497232204,0.20124055475708896,1.0
frequency_shift,2,0.1,0.3,42,lrdsr,0.23333333333333328,0.20318487497232204,0.20124055475708896,0.94
frequency_shift,2,0.1,0.3,42,soft_em,0.2533333333333333,0.20318487497232204,0.20124055475708896,0.04
frequency_shift,2,0.1,0.3,42,mechanism_kmeans,0.23333333333333328,0.20318487497232204,0.20124055475708896,0.02
frequency_shift,2,0.1,0.6,42,oracle_ols,0.2866666666666666,0.27101578983662605,0.26157077910393195,1.0
frequency_shift,2,0.1,0.6,42,oracle_gls,0.29333333333333333,0.27101578983662605,0.26157077910393195,0.94
frequency_shift,2,0.1,0.6,42,lrdsr,0.3866666666666667,0.27101578983662605,0.26157077910393195,0.31333333333333335
frequency_shift,2,0.1,0.6,42,soft_em,0.43999999999999995,0.27101578983662605,0.26157077910393195,0.38
frequency_shift,2,0.1,0.6,42,mechanism_kmeans,0.43999999999999995,0.27101578983662605,0.26157077910393195,0.38
frequency_shift,2,0.1,0.8,42,oracle_ols,0.3466666666666667,0.3162036309601965,0.29104509850333615,1.0
frequency_shift,2,0.1,0.8,42,oracle_gls,0.29333333333333333,0.3162036309601965,0.29104509850333615,0.8933333333333333
frequency_shift,2,0.1,0.8,42,lrdsr,0.44666666666666666,0.3162036309601965,0.29104509850333615,0.43333333333333335
frequency_shift,2,0.1,0.8,42,soft_em,0.45999999999999996,0.3162036309601965,0.29104509850333615,0.44666666666666666
frequency_shift,2,0.1,0.8,42,mechanism_kmeans,0.45999999999999996,0.3162036309601965,0.29104509850333615,0.44666666666666666
frequency_shift,2,0.1,0.9,42,oracle_ols,0.33999999999999997,0.3356108164879647,0.28223979650980474,1.0
frequency_shift,2,0.1,0.9,42,oracle_gls,0.24,0.3356108164879647,0.28223979650980474,0.8066666666666666
frequency_shift,2,0.1,0.9,42,lrdsr,0.4866666666666667,0.3356108164879647,0.28223979650980474,0.4533333333333333
frequency_shift,2,0.1,0.9,42,soft_em,0.4933333333333333,0.3356108164879647,0.28223979650980474,0.5533333333333333
frequency_shift,2,0.1,0.9,42,mechanism_kmeans,0.48,0.3356108164879647,0.28223979650980474,0.5533333333333333
frequency_shift,2,0.1,0.95,42,oracle_ols,0.31333333333333335,0.3359250684111506,0.2423943203353076,1.0
frequency_shift,2,0.1,0.95,42,oracle_gls,0.19333333333333336,0.3359250684111506,0.2423943203353076,0.76
frequency_shift,2,0.1,0.95,42,lrdsr,0.4933333333333333,0.3359250684111506,0.2423943203353076,0.58
frequency_shift,2,0.1,0.95,42,soft_em,0.4866666666666667,0.3359250684111506,0.2423943203353076,0.5466666666666666
frequency_shift,2,0.1,0.95,42,mechanism_kmeans,0.4866666666666667,0.3359250684111506,0.2423943203353076,0.6
frequency_shift,2,0.25,0.0,42,oracle_ols,0.07333333333333336,0.04341930495601035,0.04341930495601036,1.0
frequency_shift,2,0.25,0.0,42,oracle_gls,0.07333333333333336,0.04341930495601035,0.04341930495601036,1.0
frequency_shift,2,0.25,0.0,42,lrdsr,0.07333333333333336,0.04341930495601035,0.04341930495601036,0.013333333333333334
frequency_shift,2,0.25,0.0,42,soft_em,0.07999999999999996,0.04341930495601035,0.04341930495601036,0.98
frequency_shift,2,0.25,0.0,42,mechanism_kmeans,0.07999999999999996,0.04341930495601035,0.04341930495601036,0.98
frequency_shift,2,0.25,0.3,42,oracle_ols,0.1333333333333333,0.09546158168397104,0.09362057770628535,1.0
frequency_shift,2,0.25,0.3,42,oracle_gls,0.1266666666666667,0.09546158168397104,0.09362057770628535,0.98
frequency_shift,2,0.25,0.3,42,lrdsr,0.1466666666666666,0.09546158168397104,0.09362057770628535,0.02666666666666667
frequency_shift,2,0.25,0.3,42,soft_em,0.12,0.09546158168397104,0.09362057770628535,0.013333333333333334
frequency_shift,2,0.25,0.3,42,mechanism_kmeans,0.1266666666666667,0.09546158168397104,0.09362057770628535,0.02
frequency_shift,2,0.25,0.6,42,oracle_ols,0.19333333333333336,0.16790305937384653,0.15672312984975909,1.0
frequency_shift,2,0.25,0.6,42,oracle_gls,0.18000000000000005,0.16790305937384653,0.15672312984975909,0.96
frequency_shift,2,0.25,0.6,42,lrdsr,0.19999999999999996,0.16790305937384653,0.15672312984975909,0.9666666666666667
frequency_shift,2,0.25,0.6,42,soft_em,0.20666666666666667,0.16790305937384653,0.15672312984975909,0.9866666666666667
frequency_shift,2,0.25,0.6,42,mechanism_kmeans,0.19999999999999996,0.16790305937384653,0.15672312984975909,0.9933333333333333
frequency_shift,2,0.25,0.8,42,oracle_ols,0.23333333333333328,0.22489793774448466,0.1922787608347497,1.0
frequency_shift,2,0.25,0.8,42,oracle_gls,0.18000000000000005,0.22489793774448466,0.1922787608347497,0.92
frequency_shift,2,0.25,0.8,42,lrdsr,0.3933333333333333,0.22489793774448466,0.1922787608347497,0.37333333333333335
frequency_shift,2,0.25,0.8,42,soft_em,0.44666666666666666,0.22489793774448466,0.1922787608347497,0.5466666666666666
frequency_shift,2,0.25,0.8,42,mechanism_kmeans,0.45333333333333337,0.22489793774448466,0.1922787608347497,0.54
frequency_shift,2,0.25,0.9,42,oracle_ols,0.2533333333333333,0.25116886049988113,0.18135670390922115,1.0
frequency_shift,2,0.25,0.9,42,oracle_gls,0.1466666666666666,0.25116886049988113,0.18135670390922115,0.8266666666666667
frequency_shift,2,0.25,0.9,42,lrdsr,0.4733333333333334,0.25116886049988113,0.18135670390922115,0.46
frequency_shift,2,0.25,0.9,42,soft_em,0.4866666666666667,0.25116886049988113,0.18135670390922115,0.54
frequency_shift,2,0.25,0.9,42,mechanism_kmeans,0.4866666666666667,0.25116886049988113,0.18135670390922115,0.54
frequency_shift,2,0.25,0.95,42,oracle_ols,0.24,0.25162210643089217,0.13515646129592507,1.0
frequency_shift,2,0.25,0.95,42,oracle_gls,0.08666666666666667,0.25162210643089217,0.13515646129592507,0.8066666666666666
frequency_shift,2,0.25,0.95,42,lrdsr,0.5,0.25162210643089217,0.13515646129592507,0.5533333333333333
frequency_shift,2,0.25,0.95,42,soft_em,0.4933333333333333,0.25162210643089217,0.13515646129592507,0.5466666666666666
frequency_shift,2,0.25,0.95,42,mechanism_kmeans,0.4866666666666667,0.25162210643089217,0.13515646129592507,0.5666666666666667
frequency_shift,2,1.0,0.0,42,oracle_ols,0.0,0.00048154874486917745,0.0004815487448691777,1.0
frequency_shift,2,1.0,0.0,42,oracle_gls,0.0,0.00048154874486917745,0.0004815487448691777,1.0
frequency_shift,2,1.0,0.0,42,lrdsr,0.0,0.00048154874486917745,0.0004815487448691777,0.0
frequency_shift,2,1.0,0.0,42,soft_em,0.0,0.00048154874486917745,0.0004815487448691777,0.0
frequency_shift,2,1.0,0.0,42,mechanism_kmeans,0.0,0.00048154874486917745,0.0004815487448691777,0.0
frequency_shift,2,1.0,0.3,42,oracle_ols,0.00666666666666671,0.0051449712659397155,0.004826311681906878,1.0
frequency_shift,2,1.0,0.3,42,oracle_gls,0.026666666666666616,0.0051449712659397155,0.004826311681906878,0.98
frequency_shift,2,1.0,0.3,42,lrdsr,0.013333333333333308,0.0051449712659397155,0.004826311681906878,0.006666666666666667
frequency_shift,2,1.0,0.3,42,soft_em,0.00666666666666671,0.0051449712659397155,0.004826311681906878,1.0
frequency_shift,2,1.0,0.3,42,mechanism_kmeans,0.020000000000000018,0.0051449712659397155,0.004826311681906878,0.9866666666666667
frequency_shift,2,1.0,0.6,42,oracle_ols,0.046666666666666634,0.028150115466440737,0.022735543755862033,1.0
frequency_shift,2,1.0,0.6,42,oracle_gls,0.046666666666666634,0.028150115466440737,0.022735543755862033,0.9866666666666667
frequency_shift,2,1.0,0.6,42,lrdsr,0.046666666666666634,0.028150115466440737,0.022735543755862033,0.0
frequency_shift,2,1.0,0.6,42,soft_em,0.046666666666666634,0.028150115466440737,0.022735543755862033,1.0
frequency_shift,2,1.0,0.6,42,mechanism_kmeans,0.046666666666666634,0.028150115466440737,0.022735543755862033,1.0
frequency_shift,2,1.0,0.8,42,oracle_ols,0.06666666666666665,0.0660700624867189,0.041571549123520506,1.0
frequency_shift,2,1.0,0.8,42,oracle_gls,0.053333333333333344,0.0660700624867189,0.041571549123520506,0.96
frequency_shift,2,1.0,0.8,42,lrdsr,0.09999999999999998,0.0660700624867189,0.041571549123520506,0.03333333333333333
frequency_shift,2,1.0,0.8,42,soft_em,0.09333333333333338,0.0660700624867189,0.041571549123520506,0.9733333333333334
frequency_shift,2,1.0,0.8,42,mechanism_kmeans,0.09999999999999998,0.0660700624867189,0.041571549123520506,0.9666666666666667
frequency_shift,2,1.0,0.9,42,oracle_ols,0.09333333333333338,0.09040941730454495,0.034979593800474176,1.0
frequency_shift,2,1.0,0.9,42,oracle_gls,0.026666666666666616,0.09040941730454495,0.034979593800474176,0.9333333333333333
frequency_shift,2,1.0,0.9,42,lrdsr,0.1333333333333333,0.09040941730454495,0.034979593800474176,0.05333333333333334
frequency_shift,2,1.0,0.9,42,soft_em,0.1466666666666666,0.09040941730454495,0.034979593800474176,0.9333333333333333
frequency_shift,2,1.0,0.9,42,mechanism_kmeans,0.1466666666666666,0.09040941730454495,0.034979593800474176,0.9333333333333333
frequency_shift,2,1.0,0.95,42,oracle_ols,0.10666666666666669,0.09097623540747986,0.014488183069385326,1.0
frequency_shift,2,1.0,0.95,42,oracle_gls,0.00666666666666671,0.09097623540747986,0.014488183069385326,0.9
frequency_shift,2,1.0,0.95,42,lrdsr,0.45333333333333337,0.09097623540747986,0.014488183069385326,0.4533333333333333
frequency_shift,2,1.0,0.95,42,soft_em,0.45999999999999996,0.09097623540747986,0.014488183069385326,0.54
frequency_shift,2,1.0,0.95,42,mechanism_kmeans,0.45999999999999996,0.09097623540747986,0.014488183069385326,0.54
saturation,2,0.1,0.0,11,oracle_ols,0.1266666666666667,0.13614581849427793,0.13614581849427793,1.0
saturation,2,0.1,0.0,11,oracle_gls,0.1266666666666667,0.13614581849427793,0.13614581849427793,1.0
saturation,2,0.1,0.0,11,lrdsr,0.1266666666666667,0.13614581849427793,0.13614581849427793,0.06666666666666667
saturation,2,0.1,0.0,11,soft_em,0.18666666666666665,0.13614581849427793,0.13614581849427793,0.08666666666666667
saturation,2,0.1,0.0,11,mechanism_kmeans,0.1333333333333333,0.13614581849427793,0.13614581849427793,0.06
saturation,2,0.1,0.3,11,oracle_ols,0.20666666666666667,0.2095171713989665,0.20935076469551758,1.0
saturation,2,0.1,0.3,11,oracle_gls,0.21999999999999997,0.2095171713989665,0.20935076469551758,0.9866666666666667
saturation,2,0.1,0.3,11,lrdsr,0.23333333333333328,0.2095171713989665,0.20935076469551758,0.96
saturation,2,0.1,0.3,11,soft_em,0.23333333333333328,0.2095171713989665,0.20935076469551758,0.06666666666666667
saturation,2,0.1,0.3,11,mechanism_kmeans,0.2533333333333333,0.2095171713989665,0.20935076469551758,0.12666666666666668
saturation,2,0.1,0.6,11,oracle_ols,0.29333333333333333,0.28939524845160625,0.28822581538108527,1.0
saturation,2,0.1,0.6,11,oracle_gls,0.30666666666666664,0.28939524845160625,0.28822581538108527,0.9466666666666667
saturation,2,0.1,0.6,11,lrdsr,0.30000000000000004,0.28939524845160625,0.28822581538108527,0.86
saturation,2,0.1,0.6,11,soft_em,0.32666666666666666,0.28939524845160625,0.28822581538108527,0.15333333333333332
saturation,2,0.1,0.6,11,mechanism_kmeans,0.30666666666666664,0.28939524845160625,0.28822581538108527,0.14666666666666667
saturation,2,0.1,0.8,11,oracle_ols,0.3466666666666667,0.3517758437305643,0.34679495586886555,1.0
saturation,2,0.1,0.8,11,oracle_gls,0.3533333333333334,0.3517758437305643,0.34679495586886555,0.9133333333333333
saturation,2,0.1,0.8,11,lrdsr,0.33333333333333337,0.3517758437305643,0.34679495586886555,0.84
saturation,2,0.1,0.8,11,soft_em,0.33999999999999997,0.3517758437305643,0.34679495586886555,0.8066666666666666
saturation,2,0.1,0.8,11,mechanism_kmeans,0.33999999999999997,0.3517758437305643,0.34679495586886555,0.7933333333333333
saturation,2,0.1,0.9,11,oracle_ols,0.4,0.38896221399238706,0.37291762623194047,1.0
saturation,2,0.1,0.9,11,oracle_gls,0.3666666666666667,0.38896221399238706,0.37291762623194047,0.82
saturation,2,0.1,0.9,11,lrdsr,0.3933333333333333,0.38896221399238706,0.37291762623194047,0.9
saturation,2,0.1,0.9,11,soft_em,0.4,0.38896221399238706,0.37291762623194047,0.13333333333333333
saturation,2,0.1,0.9,11,mechanism_kmeans,0.3933333333333333,0.38896221399238706,0.37291762623194047,0.12666666666666668
saturation,2,0.1,0.95,11,oracle_ols,0.4,0.4096763394014065,0.3686103314726938,1.0
saturation,2,0.1,0.95,11,oracle_gls,0.36,0.4096763394014065,0.3686103314726938,0.7333333333333333
saturation,2,0.1,0.95,11,lrdsr,0.42666666666666664,0.4096763394014065,0.3686103314726938,0.08
saturation,2,0.1,0.95,11,soft_em,0.43333333333333335,0.4096763394014065,0.3686103314726938,0.1
saturation,2,0.1,0.95,11,mechanism_kmeans,0.42666666666666664,0.4096763394014065,0.3686103314726938,0.08
saturation,2,0.25,0.0,11,oracle_ols,0.040000000000000036,0.041622213744075535,0.041622213744075535,1.0
saturation,2,0.25,0.0,11,oracle_gls,0.040000000000000036,0.041622213744075535,0.041622213744075535,1.0
saturation,2,0.25,0.0,11,lrdsr,0.040000000000000036,0.041622213744075535,0.041622213744075535,0.04
saturation,2,0.25,0.0,11,soft_em,0.026666666666666616,0.041622213744075535,0.041622213744075535,0.013333333333333334
saturation,2,0.25,0.0,11,mechanism_kmeans,0.040000000000000036,0.041622213744075535,0.041622213744075535,0.02666666666666667
saturation,2,0.25,0.3,11,oracle_ols,0.08666666666666667,0.10092808139896697,0.10076661293716453,1.0
saturation,2,0.25,0.3,11,oracle_gls,0.08666666666666667,0.10092808139896697,0.10076661293716453,1.0
saturation,2,0.25,0.3,11,lrdsr,0.09333333333333338,0.10092808139896697,0.10076661293716453,0.02
saturation,2,0.25,0.3,11,soft_em,0.09333333333333338,0.10092808139896697,0.10076661293716453,0.03333333333333333
saturation,2,0.25,0.3,11,mechanism_kmeans,0.08666666666666667,0.10092808139896697,0.10076661293716453,0.02666666666666667
saturation,2,0.25,0.6,11,oracle_ols,0.19333333333333336,0.19015806411518346,0.18869298947267577,1.0
saturation,2,0.25,0.6,11,oracle_gls,0.20666666666666667,0.19015806411518346,0.18869298947267577,0.9733333333333334
saturation,2,0.25,0.6,11,lrdsr,0.23333333333333328,0.19015806411518346,0.18869298947267577,0.9466666666666667
saturation,2,0.25,0.6,11,soft_em,0.21333333333333337,0.19015806411518346,0.18869298947267577,0.06
saturation,2,0.25,0.6,11,mechanism_kmeans,0.23333333333333328,0.19015806411518346,0.18869298947267577,0.08
saturation,2,0.25,0.8,11,oracle_ols,0.2866666666666666,0.27374339082175436,0.2667124470864727,1.0
saturation,2,0.25,0.8,11,oracle_gls,0.28,0.27374339082175436,0.2667124470864727,0.9133333333333333
saturation,2,0.25,0.8,11,lrdsr,0.2866666666666666,0.27374339082175436,0.2667124470864727,0.8666666666666667
saturation,2,0.25,0.8,11,soft_em,0.30000000000000004,0.27374339082175436,0.2667124470864727,0.14666666666666667
saturation,2,0.25,0.8,11,mechanism_kmeans,0.30666666666666664,0.27374339082175436,0.2667124470864727,0.15333333333333332
saturation,2,0.25,0.9,11,oracle_ols,0.33333333333333337,0.3278461617102282,0.3042051496457639,1.0
saturation,2,0.25,0.9,11,oracle_gls,0.26,0.3278461617102282,0.3042051496457639,0.78
saturation,2,0.25,0.9,11,lrdsr,0.33999999999999997,0.3278461617102282,0.3042051496457639,0.9133333333333333
saturation,2,0.25,0.9,11,soft_em,0.33999999999999997,0.3278461617102282,0.3042051496457639,0.08666666666666667
saturation,2,0.25,0.9,11,mechanism_kmeans,0.33999999999999997,0.3278461617102282,0.3042051496457639,0.08666666666666667
saturation,2,0.25,0.95,11,oracle_ols,0.38,0.35902288114060854,0.2980251934544783,1.0
saturation,2,0.25,0.95,11,oracle_gls,0.2733333333333333,0.35902288114060854,0.2980251934544783,0.7333333333333333
saturation,2,0.25,0.95,11,lrdsr,0.3666666666666667,0.35902288114060854,0.2980251934544783,0.96
saturation,2,0.25,0.95,11,soft_em,0.3666666666666667,0.35902288114060854,0.2980251934544783,0.9466666666666667
saturation,2,0.25,0.95,11,mechanism_kmeans,0.3666666666666667,0.35902288114060854,0.2980251934544783,0.9466666666666667
saturation,2,1.0,0.0,11,oracle_ols,0.0,0.0003030678102354278,0.0003030678102354279,1.0
saturation,2,1.0,0.0,11,oracle_gls,0.0,0.0003030678102354278,0.0003030678102354279,1.0
saturation,2,1.0,0.0,11,lrdsr,0.00666666666666671,0.0003030678102354278,0.0003030678102354279,0.9933333333333333
saturation,2,1.0,0.0,11,soft_em,0.0,0.0003030678102354278,0.0003030678102354279,1.0
saturation,2,1.0,0.0,11,mechanism_kmeans,0.0,0.0003030678102354278,0.0003030678102354279,1.0
saturation,2,1.0,0.3,11,oracle_ols,0.00666666666666671,0.005569329133943125,0.005540289692194824,1.0
saturation,2,1.0,0.3,11,oracle_gls,0.00666666666666671,0.005569329133943125,0.005540289692194824,1.0
saturation,2,1.0,0.3,11,lrdsr,0.00666666666666671,0.005569329133943125,0.005540289692194824,1.0
saturation,2,1.0,0.3,11,soft_em,0.00666666666666671,0.005569329133943125,0.005540289692194824,0.0
saturation,2,1.0,0.3,11,mechanism_kmeans,0.00666666666666671,0.005569329133943125,0.005540289692194824,0.0
saturation,2,1.0,0.6,11,oracle_ols,0.026666666666666616,0.04005502479385646,0.039133262562328464,1.0
saturation,2,1.0,0.6,11,oracle_gls,0.046666666666666634,0.04005502479385646,0.039133262562328464,0.98
saturation,2,1.0,0.6,11,lrdsr,0.026666666666666616,0.04005502479385646,0.039133262562328464,0.013333333333333334
saturation,2,1.0,0.6,11,soft_em,0.033333333333333326,0.04005502479385646,0.039133262562328464,0.006666666666666667
saturation,2,1.0,0.6,11,mechanism_kmeans,0.033333333333333326,0.04005502479385646,0.039133262562328464,0.006666666666666667
saturation,2,1.0,0.8,11,oracle_ols,0.09333333333333338,0.11474947507773299,0.10676034739696204,1.0
saturation,2,1.0,0.8,11,oracle_gls,0.07999999999999996,0.11474947507773299,0.10676034739696204,0.96
saturation,2,1.0,0.8,11,lrdsr,0.11333333333333329,0.11474947507773299,0.10676034739696204,0.03333333333333333
saturation,2,1.0,0.8,11,soft_em,0.10666666666666669,0.11474947507773299,0.10676034739696204,0.02666666666666667
saturation,2,1.0,0.8,11,mechanism_kmeans,0.10666666666666669,0.11474947507773299,0.10676034739696204,0.02666666666666667
saturation,2,1.0,0.9,11,oracle_ols,0.18000000000000005,0.18640673876630606,0.15312785952492342,1.0
saturation,2,1.0,0.9,11,oracle_gls,0.15333333333333332,0.18640673876630606,0.15312785952492342,0.8666666666666667
saturation,2,1.0,0.9,11,lrdsr,0.19333333333333336,0.18640673876630606,0.15312785952492342,0.9733333333333334
saturation,2,1.0,0.9,11,soft_em,0.19999999999999996,0.18640673876630606,0.15312785952492342,0.04666666666666667
saturation,2,1.0,0.9,11,mechanism_kmeans,0.19999999999999996,0.18640673876630606,0.15312785952492342,0.04666666666666667
saturation,2,1.0,0.95,11,oracle_ols,0.24,0.23517970609713074,0.1455037152193334,1.0
saturation,2,1.0,0.95,11,oracle_gls,0.16000000000000003,0.23517970609713074,0.1455037152193334,0.7866666666666666
saturation,2,1.0,0.95,11,lrdsr,0.24,0.23517970609713074,0.1455037152193334,0.10666666666666667
saturation,2,1.0,0.95,11,soft_em,0.26,0.23517970609713074,0.1455037152193334,0.1
saturation,2,1.0,0.95,11,mechanism_kmeans,0.2533333333333333,0.23517970609713074,0.1455037152193334,0.08
saturation,2,0.1,0.0,23,oracle_ols,0.10666666666666669,0.13703958929299148,0.1370395892929915,1.0
saturation,2,0.1,0.0,23,oracle_gls,0.10666666666666669,0.13703958929299148,0.1370395892929915,1.0
saturation,2,0.1,0.0,23,lrdsr,0.10666666666666669,0.13703958929299148,0.1370395892929915,0.9733333333333334
saturation,2,0.1,0.0,23,soft_em,0.12,0.13703958929299148,0.1370395892929915,0.9733333333333334
saturation,2,0.1,0.0,23,mechanism_kmeans,0.10666666666666669,0.13703958929299148,0.1370395892929915,0.9866666666666667
saturation,2,0.1,0.3,23,oracle_ols,0.16666666666666663,0.2103691831565502,0.21020297239979482,1.0
saturation,2,0.1,0.3,23,oracle_gls,0.16000000000000003,0.2103691831565502,0.21020297239979482,0.9933333333333333
saturation,2,0.1,0.3,23,lrdsr,0.18000000000000005,0.2103691831565502,0.21020297239979482,0.05333333333333334
saturation,2,0.1,0.3,23,soft_em,0.19333333333333336,0.2103691831565502,0.21020297239979482,0.02666666666666667
saturation,2,0.1,0.3,23,mechanism_kmeans,0.18666666666666665,0.2103691831565502,0.21020297239979482,0.04666666666666667
saturation,2,0.1,0.6,23,oracle_ols,0.2733333333333333,0.290095143668903,0.288936245816061,1.0
saturation,2,0.1,0.6,23,oracle_gls,0.2533333333333333,0.290095143668903,0.288936245816061,0.9666666666666667
saturation,2,0.1,0.6,23,lrdsr,0.2533333333333333,0.290095143668903,0.288936245816061,0.9533333333333334
saturation,2,0.1,0.6,23,soft_em,0.2733333333333333,0.290095143668903,0.288936245816061,0.96
saturation,2,0.1,0.6,23,mechanism_kmeans,0.2666666666666667,0.290095143668903,0.288936245816061,0.9666666666666667
saturation,2,0.1,0.8,23,oracle_ols,0.31333333333333335,0.35230965006894654,0.34740494865190547,1.0
saturation,2,0.1,0.8,23,oracle_gls,0.2866666666666666,0.35230965006894654,0.34740494865190547,0.9333333333333333
saturation,2,0.1,0.8,23,lrdsr,0.30000000000000004,0.35230965006894654,0.34740494865190547,0.9733333333333334
saturation,2,0.1,0.8,23,soft_em,0.31333333333333335,0.35230965006894654,0.34740494865190547,0.06666666666666667
saturation,2,0.1,0.8,23,mechanism_kmeans,0.31999999999999995,0.35230965006894654,0.34740494865190547,0.006666666666666667
saturation,2,0.1,0.9,23,oracle_ols,0.36,0.38936904239778924,0.3735914567834808,1.0
saturation,2,0.1,0.9,23,oracle_gls,0.33333333333333337,0.38936904239778924,0.3735914567834808,0.88
saturation,2,0.1,0.9,23,lrdsr,0.38,0.38936904239778924,0.3735914567834808,0.9266666666666666
saturation,2,0.1,0.9,23,soft_em,0.3733333333333333,0.38936904239778924,0.3735914567834808,0.92
saturation,2,0.1,0.9,23,mechanism_kmeans,0.3733333333333333,0.38936904239778924,0.3735914567834808,0.92
saturation,2,0.1,0.95,23,oracle_ols,0.3933333333333333,0.40999529604601576,0.3695203823161127,1.0
saturation,2,0.1,0.95,23,oracle_gls,0.3533333333333334,0.40999529604601576,0.3695203823161127,0.7866666666666666
saturation,2,0.1,0.95,23,lrdsr,0.41333333333333333,0.40999529604601576,0.3695203823161127,0.9533333333333334
saturation,2,0.1,0.95,23,soft_em,0.41333333333333333,0.40999529604601576,0.3695203823161127,0.04666666666666667
saturation,2,0.1,0.95,23,mechanism_kmeans,0.42000000000000004,0.40999529604601576,0.3695203823161127,0.06666666666666667
saturation,2,0.25,0.0,23,oracle_ols,0.026666666666666616,0.04224603435648389,0.04224603435648389,1.0
saturation,2,0.25,0.0,23,oracle_gls,0.026666666666666616,0.04224603435648389,0.04224603435648389,1.0
saturation,2,0.25,0.0,23,lrdsr,0.020000000000000018,0.04224603435648389,0.04224603435648389,0.006666666666666667
saturation,2,0.25,0.0,23,soft_em,0.020000000000000018,0.04224603435648389,0.04224603435648389,0.006666666666666667
saturation,2,0.25,0.0,23,mechanism_kmeans,0.020000000000000018,0.04224603435648389,0.04224603435648389,0.006666666666666667
saturation,2,0.25,0.3,23,oracle_ols,0.07999999999999996,0.1017910367574022,0.101629190336743,1.0
saturation,2,0.25,0.3,23,oracle_gls,0.07999999999999996,0.1017910367574022,0.101629190336743,1.0
saturation,2,0.25,0.3,23,lrdsr,0.08666666666666667,0.1017910367574022,0.101629190336743,0.006666666666666667
saturation,2,0.25,0.3,23,soft_em,0.09999999999999998,0.1017910367574022,0.101629190336743,0.02
saturation,2,0.25,0.3,23,mechanism_kmeans,0.07999999999999996,0.1017910367574022,0.101629190336743,0.0
saturation,2,0.25,0.6,23,oracle_ols,0.16666666666666663,0.19105341687155464,0.18959914103204323,1.0
saturation,2,0.25,0.6,23,oracle_gls,0.14,0.19105341687155464,0.18959914103204323,0.9733333333333334
saturation,2,0.25,0.6,23,lrdsr,0.16666666666666663,0.19105341687155464,0.18959914103204323,0.05333333333333334
saturation,2,0.25,0.6,23,soft_em,0.18000000000000005,0.19105341687155464,0.18959914103204323,0.04
saturation,2,0.25,0.6,23,mechanism_kmeans,0.17333333333333334,0.19105341687155464,0.18959914103204323,0.04666666666666667
saturation,2,0.25,0.8,23,oracle_ols,0.26,0.274506547510035,0.2675773411312805,1.0
saturation,2,0.25,0.8,23,oracle_gls,0.23333333333333328,0.274506547510035,0.2675773411312805,0.92
saturation,2,0.25,0.8,23,lrdsr,0.2533333333333333,0.274506547510035,0.2675773411312805,0.02
saturation,2,0.25,0.8,23,soft_em,0.26,0.274506547510035,0.2675773411312805,0.013333333333333334
saturation,2,0.25,0.8,23,mechanism_kmeans,0.2666666666666667,0.274506547510035,0.2675773411312805,0.006666666666666667
saturation,2,0.25,0.9,23,oracle_ols,0.2866666666666666,0.328454409058652,0.30519373501797503,1.0
saturation,2,0.25,0.9,23,oracle_gls,0.29333333333333333,0.328454409058652,0.30519373501797503,0.86
saturation,2,0.25,0.9,23,lrdsr,0.33333333333333337,0.328454409058652,0.30519373501797503,0.9533333333333334
saturation,2,0.25,0.9,23,soft_em,0.31333333333333335,0.328454409058652,0.30519373501797503,0.02666666666666667
saturation,2,0.25,0.9,23,mechanism_kmeans,0.31333333333333335,0.328454409058652,0.30519373501797503,0.02666666666666667
saturation,2,0.25,0.95,23,oracle_ols,0.3533333333333334,0.3595088383895483,0.29935246601312493,1.0
saturation,2,0.25,0.95,23,oracle_gls,0.2866666666666666,0.3595088383895483,0.29935246601312493,0.7866666666666666
saturation,2,0.25,0.95,23,lrdsr,0.38,0.3595088383895483,0.29935246601312493,0.9333333333333333
saturation,2,0.25,0.95,23,soft_em,0.3733333333333333,0.3595088383895483,0.29935246601312493,0.9266666666666666
saturation,2,0.25,0.95,23,mechanism_kmeans,0.3733333333333333,0.3595088383895483,0.29935246601312493,0.9266666666666666
saturation,2,1.0,0.0,23,oracle_ols,0.0,0.0003257912191975242,0.00032579121919752425,1.0
saturation,2,1.0,0.0,23,oracle_gls,0.0,0.0003257912191975242,0.00032579121919752425,1.0
saturation,2,1.0,0.0,23,lrdsr,0.0,0.0003257912191975242,0.00032579121919752425,0.0
saturation,2,1.0,0.0,23,soft_em,0.0,0.0003257912191975242,0.00032579121919752425,0.0
saturation,2,1.0,0.0,23,mechanism_kmeans,0.0,0.0003257912191975242,0.00032579121919752425,0.0
saturation,2,1.0,0.3,23,oracle_ols,0.0,0.005760643151977935,0.005730842264247217,1.0
saturation,2,1.0,0.3,23,oracle_gls,0.0,0.005760643151977935,0.005730842264247217,1.0
saturation,2,1.0,0.3,23,lrdsr,0.00666666666666671,0.005760643151977935,0.005730842264247217,0.9933333333333333
saturation,2,1.0,0.3,23,soft_em,0.0,0.005760643151977935,0.005730842264247217,0.0
saturation,2,1.0,0.3,23,mechanism_kmeans,0.0,0.005760643151977935,0.005730842264247217,0.0
saturation,2,1.0,0.6,23,oracle_ols,0.040000000000000036,0.040679928795859355,0.03975611131653129,1.0
saturation,2,1.0,0.6,23,oracle_gls,0.033333333333333326,0.040679928795859355,0.03975611131653129,0.9933333333333333
saturation,2,1.0,0.6,23,lrdsr,0.040000000000000036,0.040679928795859355,0.03975611131653129,0.013333333333333334
saturation,2,1.0,0.6,23,soft_em,0.026666666666666616,0.040679928795859355,0.03975611131653129,0.013333333333333334
saturation,2,1.0,0.6,23,mechanism_kmeans,0.026666666666666616,0.040679928795859355,0.03975611131653129,0.013333333333333334
saturation,2,1.0,0.8,23,oracle_ols,0.07333333333333336,0.1156732940868235,0.10776383557759289,1.0
saturation,2,1.0,0.8,23,oracle_gls,0.07333333333333336,0.1156732940868235,0.10776383557759289,0.9733333333333334
saturation,2,1.0,0.8,23,lrdsr,0.09999999999999998,0.1156732940868235,0.10776383557759289,0.02666666666666667
saturation,2,1.0,0.8,23,soft_em,0.09999999999999998,0.1156732940868235,0.10776383557759289,0.02666666666666667
saturation,2,1.0,0.8,23,mechanism_kmeans,0.09999999999999998,0.1156732940868235,0.10776383557759289,0.02666666666666667
saturation,2,1.0,0.9,23,oracle_ols,0.18000000000000005,0.187326797246141,0.15448444906717146,1.0
saturation,2,1.0,0.9,23,oracle_gls,0.14,0.187326797246141,0.15448444906717146,0.8933333333333333
saturation,2,1.0,0.9,23,lrdsr,0.18666666666666665,0.187326797246141,0.15448444906717146,0.02
saturation,2,1.0,0.9,23,soft_em,0.19333333333333336,0.187326797246141,0.15448444906717146,0.05333333333333334
saturation,2,1.0,0.9,23,mechanism_kmeans,0.19999999999999996,0.187326797246141,0.15448444906717146,0.04666666666666667
saturation,2,1.0,0.95,23,oracle_ols,0.24,0.23598734101064456,0.14725843052012405,1.0
saturation,2,1.0,0.95,23,oracle_gls,0.14,0.23598734101064456,0.14725843052012405,0.8333333333333334
saturation,2,1.0,0.95,23,lrdsr,0.26,0.23598734101064456,0.14725843052012405,0.08666666666666667
saturation,2,1.0,0.95,23,soft_em,0.2666666666666667,0.23598734101064456,0.14725843052012405,0.8933333333333333
saturation,2,1.0,0.95,23,mechanism_kmeans,0.2666666666666667,0.23598734101064456,0.14725843052012405,0.8933333333333333
saturation,2,0.1,0.0,42,oracle_ols,0.14,0.1390648660226656,0.1390648660226656,1.0
saturation,2,0.1,0.0,42,oracle_gls,0.14,0.1390648660226656,0.1390648660226656,1.0
saturation,2,0.1,0.0,42,lrdsr,0.1466666666666666,0.1390648660226656,0.1390648660226656,0.98
saturation,2,0.1,0.0,42,soft_em,0.15333333333333332,0.1390648660226656,0.1390648660226656,0.9333333333333333
saturation,2,0.1,0.0,42,mechanism_kmeans,0.14,0.1390648660226656,0.1390648660226656,0.9733333333333334
saturation,2,0.1,0.3,42,oracle_ols,0.18666666666666665,0.21233827648456702,0.2121729736095128,1.0
saturation,2,0.1,0.3,42,oracle_gls,0.18000000000000005,0.21233827648456702,0.2121729736095128,0.9933333333333333
saturation,2,0.1,0.3,42,lrdsr,0.22666666666666668,0.21233827648456702,0.2121729736095128,0.06666666666666667
saturation,2,0.1,0.3,42,soft_em,0.21999999999999997,0.21233827648456702,0.2121729736095128,0.08666666666666667
saturation,2,0.1,0.3,42,mechanism_kmeans,0.21333333333333337,0.21233827648456702,0.2121729736095128,0.04
saturation,2,0.1,0.6,42,oracle_ols,0.28,0.2916930898920155,0.29054967954161603,1.0
saturation,2,0.1,0.6,42,oracle_gls,0.2733333333333333,0.2916930898920155,0.29054967954161603,0.98
saturation,2,0.1,0.6,42,lrdsr,0.28,0.2916930898920155,0.29054967954161603,0.7466666666666667
saturation,2,0.1,0.6,42,soft_em,0.31333333333333335,0.2916930898920155,0.29054967954161603,0.26
saturation,2,0.1,0.6,42,mechanism_kmeans,0.30000000000000004,0.2916930898920155,0.29054967954161603,0.2866666666666667
saturation,2,0.1,0.8,42,oracle_ols,0.31999999999999995,0.3534578074504854,0.34863622081623313,1.0
saturation,2,0.1,0.8,42,oracle_gls,0.32666666666666666,0.3534578074504854,0.34863622081623313,0.9266666666666666
saturation,2,0.1,0.8,42,lrdsr,0.30666666666666664,0.3534578074504854,0.34863622081623313,0.22666666666666666
saturation,2,0.1,0.8,42,soft_em,0.33333333333333337,0.3534578074504854,0.34863622081623313,0.25333333333333335
saturation,2,0.1,0.8,42,mechanism_kmeans,0.31999999999999995,0.3534578074504854,0.34863622081623313,0.25333333333333335
saturation,2,0.1,0.9,42,oracle_ols,0.32666666666666666,0.39018644428042704,0.3746318286362849,1.0
saturation,2,0.1,0.9,42,oracle_gls,0.3666666666666667,0.39018644428042704,0.3746318286362849,0.8133333333333334
saturation,2,0.1,0.9,42,lrdsr,0.32666666666666666,0.39018644428042704,0.3746318286362849,0.88
saturation,2,0.1,0.9,42,soft_em,0.32666666666666666,0.39018644428042704,0.3746318286362849,0.8666666666666667
saturation,2,0.1,0.9,42,mechanism_kmeans,0.31999999999999995,0.39018644428042704,0.3746318286362849,0.86
saturation,2,0.1,0.95,42,oracle_ols,0.31999999999999995,0.4106088216844942,0.3705763595024997,1.0
saturation,2,0.1,0.95,42,oracle_gls,0.33333333333333337,0.4106088216844942,0.3705763595024997,0.7333333333333333
saturation,2,0.1,0.95,42,lrdsr,0.31999999999999995,0.4106088216844942,0.3705763595024997,0.06666666666666667
saturation,2,0.1,0.95,42,soft_em,0.31333333333333335,0.4106088216844942,0.3705763595024997,0.07333333333333333
saturation,2,0.1,0.95,42,mechanism_kmeans,0.31333333333333335,0.4106088216844942,0.3705763595024997,0.07333333333333333
saturation,2,0.25,0.0,42,oracle_ols,0.053333333333333344,0.04353072620863126,0.04353072620863126,1.0
saturation,2,0.25,0.0,42,oracle_gls,0.053333333333333344,0.04353072620863126,0.04353072620863126,1.0
saturation,2,0.25,0.0,42,lrdsr,0.06000000000000005,0.04353072620863126,0.04353072620863126,0.9666666666666667
saturation,2,0.25,0.0,42,soft_em,0.053333333333333344,0.04353072620863126,0.04353072620863126,0.96
saturation,2,0.25,0.0,42,mechanism_kmeans,0.053333333333333344,0.04353072620863126,0.04353072620863126,0.96
saturation,2,0.25,0.3,42,oracle_ols,0.12,0.10368515438145415,0.10352294214766514,1.0
saturation,2,0.25,0.3,42,oracle_gls,0.12,0.10368515438145415,0.10352294214766514,1.0
saturation,2,0.25,0.3,42,lrdsr,0.11333333333333329,0.10368515438145415,0.10352294214766514,0.03333333333333333
saturation,2,0.25,0.3,42,soft_em,0.12,0.10368515438145415,0.10352294214766514,0.05333333333333334
saturation,2,0.25,0.3,42,mechanism_kmeans,0.1266666666666667,0.10368515438145415,0.10352294214766514,0.02
saturation,2,0.25,0.6,42,oracle_ols,0.17333333333333334,0.1930502499754261,0.1916094592633808,1.0
saturation,2,0.25,0.6,42,oracle_gls,0.16666666666666663,0.1930502499754261,0.1916094592633808,0.9933333333333333
saturation,2,0.25,0.6,42,lrdsr,0.18666666666666665,0.1930502499754261,0.1916094592633808,0.02666666666666667
saturation,2,0.25,0.6,42,soft_em,0.18000000000000005,0.1930502499754261,0.1916094592633808,0.9533333333333334
saturation,2,0.25,0.6,42,mechanism_kmeans,0.18000000000000005,0.1930502499754261,0.1916094592633808,0.9666666666666667
saturation,2,0.25,0.8,42,oracle_ols,0.23333333333333328,0.2761313846747703,0.26930401582909047,1.0
saturation,2,0.25,0.8,42,oracle_gls,0.23333333333333328,0.2761313846747703,0.26930401582909047,0.9333333333333333
saturation,2,0.25,0.8,42,lrdsr,0.2733333333333333,0.2761313846747703,0.26930401582909047,0.13333333333333333
saturation,2,0.25,0.8,42,soft_em,0.26,0.2761313846747703,0.26930401582909047,0.13333333333333333
saturation,2,0.25,0.8,42,mechanism_kmeans,0.26,0.2761313846747703,0.26930401582909047,0.13333333333333333
saturation,2,0.25,0.9,42,oracle_ols,0.2666666666666667,0.3296702655477564,0.30670138910101197,1.0
saturation,2,0.25,0.9,42,oracle_gls,0.30666666666666664,0.3296702655477564,0.30670138910101197,0.84
saturation,2,0.25,0.9,42,lrdsr,0.26,0.3296702655477564,0.30670138910101197,0.8866666666666667
saturation,2,0.25,0.9,42,soft_em,0.2666666666666667,0.3296702655477564,0.30670138910101197,0.8933333333333333
saturation,2,0.25,0.9,42,mechanism_kmeans,0.2666666666666667,0.3296702655477564,0.30670138910101197,0.8933333333333333
saturation,2,0.25,0.95,42,oracle_ols,0.29333333333333333,0.360440746622353,0.3008495263800814,1.0
saturation,2,0.25,0.95,42,oracle_gls,0.28,0.360440746622353,0.3008495263800814,0.7466666666666667
saturation,2,0.25,0.95,42,lrdsr,0.2866666666666666,0.360440746622353,0.3008495263800814,0.03333333333333333
saturation,2,0.25,0.95,42,soft_em,0.28,0.360440746622353,0.3008495263800814,0.04
saturation,2,0.25,0.95,42,mechanism_kmeans,0.28,0.360440746622353,0.3008495263800814,0.04
saturation,2,1.0,0.0,42,oracle_ols,0.0,0.0003571857394929715,0.0003571857394929716,1.0
saturation,2,1.0,0.0,42,oracle_gls,0.0,0.0003571857394929715,0.0003571857394929716,1.0
saturation,2,1.0,0.0,42,lrdsr,0.0,0.0003571857394929715,0.0003571857394929716,0.0
saturation,2,1.0,0.0,42,soft_em,0.0,0.0003571857394929715,0.0003571857394929716,0.0
saturation,2,1.0,0.0,42,mechanism_kmeans,0.0,0.0003571857394929715,0.0003571857394929716,0.0
saturation,2,1.0,0.3,42,oracle_ols,0.00666666666666671,0.006090022911936985,0.006059100614473366,1.0
saturation,2,1.0,0.3,42,oracle_gls,0.00666666666666671,0.006090022911936985,0.006059100614473366,1.0
saturation,2,1.0,0.3,42,lrdsr,0.00666666666666671,0.006090022911936985,0.006059100614473366,0.0
saturation,2,1.0,0.3,42,soft_em,0.00666666666666671,0.006090022911936985,0.006059100614473366,0.0
saturation,2,1.0,0.3,42,mechanism_kmeans,0.00666666666666671,0.006090022911936985,0.006059100614473366,0.0
saturation,2,1.0,0.6,42,oracle_ols,0.040000000000000036,0.04192218723487524,0.04098889125140902,1.0
saturation,2,1.0,0.6,42,oracle_gls,0.046666666666666634,0.04192218723487524,0.04098889125140902,0.98
saturation,2,1.0,0.6,42,lrdsr,0.033333333333333326,0.04192218723487524,0.04098889125140902,0.02
saturation,2,1.0,0.6,42,soft_em,0.040000000000000036,0.04192218723487524,0.04098889125140902,0.9866666666666667
saturation,2,1.0,0.6,42,mechanism_kmeans,0.046666666666666634,0.04192218723487524,0.04098889125140902,0.98
saturation,2,1.0,0.8,42,oracle_ols,0.1266666666666667,0.11754316256567914,0.10966341491215716,1.0
saturation,2,1.0,0.8,42,oracle_gls,0.12,0.11754316256567914,0.10966341491215716,0.98
saturation,2,1.0,0.8,42,lrdsr,0.12,0.11754316256567914,0.10966341491215716,0.03333333333333333
saturation,2,1.0,0.8,42,soft_em,0.12,0.11754316256567914,0.10966341491215716,0.9533333333333334
saturation,2,1.0,0.8,42,mechanism_kmeans,0.11333333333333329,0.11754316256567914,0.10966341491215716,0.96
saturation,2,1.0,0.9,42,oracle_ols,0.16666666666666663,0.18911944450957527,0.15643862275504958,1.0
saturation,2,1.0,0.9,42,oracle_gls,0.10666666666666669,0.18911944450957527,0.15643862275504958,0.9
saturation,2,1.0,0.9,42,lrdsr,0.15333333333333332,0.18911944450957527,0.15643862275504958,0.9466666666666667
saturation,2,1.0,0.9,42,soft_em,0.16000000000000003,0.18911944450957527,0.15643862275504958,0.9533333333333334
saturation,2,1.0,0.9,42,mechanism_kmeans,0.16000000000000003,0.18911944450957527,0.15643862275504958,0.9533333333333334
saturation,2,1.0,0.95,42,oracle_ols,0.19999999999999996,0.23751251608476934,0.14900410025614505,1.0
saturation,2,1.0,0.95,42,oracle_gls,0.15333333333333332,0.23751251608476934,0.14900410025614505,0.82
saturation,2,1.0,0.95,42,lrdsr,0.21333333333333337,0.23751251608476934,0.14900410025614505,0.02666666666666667
saturation,2,1.0,0.95,42,soft_em,0.21333333333333337,0.23751251608476934,0.14900410025614505,0.02666666666666667
saturation,2,1.0,0.95,42,mechanism_kmeans,0.21333333333333337,0.23751251608476934,0.14900410025614505,0.02666666666666667
kink,2,0.1,0.0,11,oracle_ols,0.1466666666666666,0.13593146915919851,0.13593146915919851,1.0
kink,2,0.1,0.0,11,oracle_gls,0.1466666666666666,0.13593146915919851,0.13593146915919851,1.0
kink,2,0.1,0.0,11,lrdsr,0.1466666666666666,0.13593146915919851,0.13593146915919851,0.013333333333333334
kink,2,0.1,0.0,11,soft_em,0.14,0.13593146915919851,0.13593146915919851,0.03333333333333333
kink,2,0.1,0.0,11,mechanism_kmeans,0.1333333333333333,0.13593146915919851,0.13593146915919851,0.02666666666666667
kink,2,0.1,0.3,11,oracle_ols,0.19333333333333336,0.20676591358479746,0.2059871560766577,1.0
kink,2,0.1,0.3,11,oracle_gls,0.18666666666666665,0.20676591358479746,0.2059871560766577,0.98
kink,2,0.1,0.3,11,lrdsr,0.21333333333333337,0.20676591358479746,0.2059871560766577,0.04666666666666667
kink,2,0.1,0.3,11,soft_em,0.18000000000000005,0.20676591358479746,0.2059871560766577,0.02666666666666667
kink,2,0.1,0.3,11,mechanism_kmeans,0.18666666666666665,0.20676591358479746,0.2059871560766577,0.03333333333333333
kink,2,0.1,0.6,11,oracle_ols,0.22666666666666668,0.28334899232417615,0.2793142016310274,1.0
kink,2,0.1,0.6,11,oracle_gls,0.2733333333333333,0.28334899232417615,0.2793142016310274,0.94
kink,2,0.1,0.6,11,lrdsr,0.29333333333333333,0.28334899232417615,0.2793142016310274,0.8666666666666667
kink,2,0.1,0.6,11,soft_em,0.30000000000000004,0.28334899232417615,0.2793142016310274,0.14
kink,2,0.1,0.6,11,mechanism_kmeans,0.2666666666666667,0.28334899232417615,0.2793142016310274,0.09333333333333334
kink,2,0.1,0.8,11,oracle_ols,0.30666666666666664,0.34095752996295486,0.3294025619729462,1.0
kink,2,0.1,0.8,11,oracle_gls,0.2866666666666666,0.34095752996295486,0.3294025619729462,0.9266666666666666
kink,2,0.1,0.8,11,lrdsr,0.33999999999999997,0.34095752996295486,0.3294025619729462,0.9
kink,2,0.1,0.8,11,soft_em,0.3466666666666667,0.34095752996295486,0.3294025619729462,0.9066666666666666
kink,2,0.1,0.8,11,mechanism_kmeans,0.3466666666666667,0.34095752996295486,0.3294025619729462,0.9066666666666666
kink,2,0.1,0.9,11,oracle_ols,0.32666666666666666,0.3725975792555539,0.34540573152542825,1.0
kink,2,0.1,0.9,11,oracle_gls,0.30666666666666664,0.3725975792555539,0.34540573152542825,0.82
kink,2,0.1,0.9,11,lrdsr,0.42000000000000004,0.3725975792555539,0.34540573152542825,0.14666666666666667
kink,2,0.1,0.9,11,soft_em,0.41333333333333333,0.3725975792555539,0.34540573152542825,0.14
kink,2,0.1,0.9,11,mechanism_kmeans,0.41333333333333333,0.3725975792555539,0.34540573152542825,0.14
kink,2,0.1,0.95,11,oracle_ols,0.3866666666666667,0.38889662923908447,0.3314844037499668,1.0
kink,2,0.1,0.95,11,oracle_gls,0.29333333333333333,0.38889662923908447,0.3314844037499668,0.76
kink,2,0.1,0.95,11,lrdsr,0.44666666666666666,0.38889662923908447,0.3314844037499668,0.16666666666666666
kink,2,0.1,0.95,11,soft_em,0.45999999999999996,0.38889662923908447,0.3314844037499668,0.8333333333333334
kink,2,0.1,0.95,11,mechanism_kmeans,0.45999999999999996,0.38889662923908447,0.3314844037499668,0.8333333333333334
kink,2,0.25,0.0,11,oracle_ols,0.06666666666666665,0.04223296481980332,0.04223296481980329,1.0
kink,2,0.25,0.0,11,oracle_gls,0.06666666666666665,0.04223296481980332,0.04223296481980329,1.0
kink,2,0.25,0.0,11,lrdsr,0.08666666666666667,0.04223296481980332,0.04223296481980329,0.98
kink,2,0.25,0.0,11,soft_em,0.06666666666666665,0.04223296481980332,0.04223296481980329,1.0
kink,2,0.25,0.0,11,mechanism_kmeans,0.06666666666666665,0.04223296481980332,0.04223296481980329,1.0
kink,2,0.25,0.3,11,oracle_ols,0.12,0.098837678142189,0.09808722555062481,1.0
kink,2,0.25,0.3,11,oracle_gls,0.11333333333333329,0.098837678142189,0.09808722555062481,0.9933333333333333
kink,2,0.25,0.3,11,lrdsr,0.12,0.098837678142189,0.09808722555062481,0.9733333333333334
kink,2,0.25,0.3,11,soft_em,0.1266666666666667,0.098837678142189,0.09808722555062481,0.9933333333333333
kink,2,0.25,0.3,11,mechanism_kmeans,0.1266666666666667,0.098837678142189,0.09808722555062481,0.9933333333333333
kink,2,0.25,0.6,11,oracle_ols,0.17333333333333334,0.1828808394811684,0.17791304913689926,1.0
kink,2,0.25,0.6,11,oracle_gls,0.16000000000000003,0.1828808394811684,0.17791304913689926,0.9866666666666667
kink,2,0.25,0.6,11,lrdsr,0.18000000000000005,0.1828808394811684,0.17791304913689926,0.98
kink,2,0.25,0.6,11,soft_em,0.17333333333333334,0.1828808394811684,0.17791304913689926,0.9866666666666667
kink,2,0.25,0.6,11,mechanism_kmeans,0.16666666666666663,0.1828808394811684,0.17791304913689926,0.98
kink,2,0.25,0.8,11,oracle_ols,0.2533333333333333,0.2586038397649898,0.24267588962773515,1.0
kink,2,0.25,0.8,11,oracle_gls,0.21333333333333337,0.2586038397649898,0.24267588962773515,0.9333333333333333
kink,2,0.25,0.8,11,lrdsr,0.2733333333333333,0.2586038397649898,0.24267588962773515,0.04666666666666667
kink,2,0.25,0.8,11,soft_em,0.26,0.2586038397649898,0.24267588962773515,0.9666666666666667
kink,2,0.25,0.8,11,mechanism_kmeans,0.26,0.2586038397649898,0.24267588962773515,0.9666666666666667
kink,2,0.25,0.9,11,oracle_ols,0.29333333333333333,0.3037194939017301,0.2648612962194763,1.0
kink,2,0.25,0.9,11,oracle_gls,0.20666666666666667,0.3037194939017301,0.2648612962194763,0.8733333333333333
kink,2,0.25,0.9,11,lrdsr,0.38,0.3037194939017301,0.2648612962194763,0.82
kink,2,0.25,0.9,11,soft_em,0.3866666666666667,0.3037194939017301,0.2648612962194763,0.8266666666666667
kink,2,0.25,0.9,11,mechanism_kmeans,0.3933333333333333,0.3037194939017301,0.2648612962194763,0.8333333333333334
kink,2,0.25,0.95,11,oracle_ols,0.33999999999999997,0.3277444102432998,0.2458262803392758,1.0
kink,2,0.25,0.95,11,oracle_gls,0.22666666666666668,0.3277444102432998,0.2458262803392758,0.78
kink,2,0.25,0.95,11,lrdsr,0.3866666666666667,0.3277444102432998,0.2458262803392758,0.8466666666666667
kink,2,0.25,0.95,11,soft_em,0.41333333333333333,0.3277444102432998,0.2458262803392758,0.14
kink,2,0.25,0.95,11,mechanism_kmeans,0.4066666666666666,0.3277444102432998,0.2458262803392758,0.13333333333333333
kink,2,1.0,0.0,11,oracle_ols,0.0,0.0004304691679665588,0.0004304691679665585,1.0
kink,2,1.0,0.0,11,oracle_gls,0.0,0.0004304691679665588,0.0004304691679665585,1.0
kink,2,1.0,0.0,11,lrdsr,0.0,0.0004304691679665588,0.0004304691679665585,1.0
kink,2,1.0,0.0,11,soft_em,0.0,0.0004304691679665588,0.0004304691679665585,1.0
kink,2,1.0,0.0,11,mechanism_kmeans,0.0,0.0004304691679665588,0.0004304691679665585,1.0
kink,2,1.0,0.3,11,oracle_ols,0.00666666666666671,0.005702681525697187,0.005562346234351393,1.0
kink,2,1.0,0.3,11,oracle_gls,0.00666666666666671,0.005702681525697187,0.005562346234351393,0.9866666666666667
kink,2,1.0,0.3,11,lrdsr,0.013333333333333308,0.005702681525697187,0.005562346234351393,0.9933333333333333
kink,2,1.0,0.3,11,soft_em,0.00666666666666671,0.005702681525697187,0.005562346234351393,0.9866666666666667
kink,2,1.0,0.3,11,mechanism_kmeans,0.0,0.005702681525697187,0.005562346234351393,0.9933333333333333
kink,2,1.0,0.6,11,oracle_ols,0.06000000000000005,0.03635118426194116,0.03343935363108836,1.0
kink,2,1.0,0.6,11,oracle_gls,0.053333333333333344,0.03635118426194116,0.03343935363108836,0.9933333333333333
kink,2,1.0,0.6,11,lrdsr,0.053333333333333344,0.03635118426194116,0.03343935363108836,0.98
kink,2,1.0,0.6,11,soft_em,0.06000000000000005,0.03635118426194116,0.03343935363108836,1.0
kink,2,1.0,0.6,11,mechanism_kmeans,0.06000000000000005,0.03635118426194116,0.03343935363108836,1.0
kink,2,1.0,0.8,11,oracle_ols,0.10666666666666669,0.09825377188739061,0.08211691596709063,1.0
kink,2,1.0,0.8,11,oracle_gls,0.08666666666666667,0.09825377188739061,0.08211691596709063,0.9533333333333334
kink,2,1.0,0.8,11,lrdsr,0.11333333333333329,0.09825377188739061,0.08211691596709063,0.9933333333333333
kink,2,1.0,0.8,11,soft_em,0.11333333333333329,0.09825377188739061,0.08211691596709063,0.9933333333333333
kink,2,1.0,0.8,11,mechanism_kmeans,0.11333333333333329,0.09825377188739061,0.08211691596709063,0.9933333333333333
kink,2,1.0,0.9,11,oracle_ols,0.16666666666666663,0.15235483376850364,0.10521719399569206,1.0
kink,2,1.0,0.9,11,oracle_gls,0.09333333333333338,0.15235483376850364,0.10521719399569206,0.8866666666666667
kink,2,1.0,0.9,11,lrdsr,0.18000000000000005,0.15235483376850364,0.10521719399569206,0.013333333333333334
kink,2,1.0,0.9,11,soft_em,0.17333333333333334,0.15235483376850364,0.10521719399569206,0.9933333333333333
kink,2,1.0,0.9,11,mechanism_kmeans,0.17333333333333334,0.15235483376850364,0.10521719399569206,0.9933333333333333
kink,2,1.0,0.95,11,oracle_ols,0.18666666666666665,0.1862255104633932,0.086463093455312,1.0
kink,2,1.0,0.95,11,oracle_gls,0.06666666666666665,0.1862255104633932,0.086463093455312,0.8533333333333334
kink,2,1.0,0.95,11,lrdsr,0.31333333333333335,0.1862255104633932,0.086463093455312,0.8466666666666667
kink,2,1.0,0.95,11,soft_em,0.30000000000000004,0.1862255104633932,0.086463093455312,0.14
kink,2,1.0,0.95,11,mechanism_kmeans,0.30666666666666664,0.1862255104633932,0.086463093455312,0.14666666666666667
kink,2,0.1,0.0,23,oracle_ols,0.12,0.14025727564886067,0.14025727564886067,1.0
kink,2,0.1,0.0,23,oracle_gls,0.12,0.14025727564886067,0.14025727564886067,1.0
kink,2,0.1,0.0,23,lrdsr,0.14,0.14025727564886067,0.14025727564886067,0.07333333333333333
kink,2,0.1,0.0,23,soft_em,0.1466666666666666,0.14025727564886067,0.14025727564886067,0.08
kink,2,0.1,0.0,23,mechanism_kmeans,0.1466666666666666,0.14025727564886067,0.14025727564886067,0.09333333333333334
kink,2,0.1,0.3,23,oracle_ols,0.18666666666666665,0.2108216751407506,0.21004644433265085,1.0
kink,2,0.1,0.3,23,oracle_gls,0.19999999999999996,0.2108216751407506,0.21004644433265085,0.9866666666666667
kink,2,0.1,0.3,23,lrdsr,0.20666666666666667,0.2108216751407506,0.21004644433265085,0.86
kink,2,0.1,0.3,23,soft_em,0.19999999999999996,0.2108216751407506,0.21004644433265085,0.09333333333333334
kink,2,0.1,0.3,23,mechanism_kmeans,0.21333333333333337,0.2108216751407506,0.21004644433265085,0.14666666666666667
kink,2,0.1,0.6,23,oracle_ols,0.28,0.2865585325174858,0.2826431255476148,1.0
kink,2,0.1,0.6,23,oracle_gls,0.2533333333333333,0.2865585325174858,0.2826431255476148,0.9333333333333333
kink,2,0.1,0.6,23,lrdsr,0.28,0.2865585325174858,0.2826431255476148,0.7466666666666667
kink,2,0.1,0.6,23,soft_em,0.26,0.2865585325174858,0.2826431255476148,0.7933333333333333
kink,2,0.1,0.6,23,mechanism_kmeans,0.2666666666666667,0.2865585325174858,0.2826431255476148,0.8
kink,2,0.1,0.8,23,oracle_ols,0.30666666666666664,0.3432240671630258,0.3322964450415258,1.0
kink,2,0.1,0.8,23,oracle_gls,0.2866666666666666,0.3432240671630258,0.3322964450415258,0.9266666666666666
kink,2,0.1,0.8,23,lrdsr,0.33999999999999997,0.3432240671630258,0.3322964450415258,0.38
kink,2,0.1,0.8,23,soft_em,0.3733333333333333,0.3432240671630258,0.3322964450415258,0.9066666666666666
kink,2,0.1,0.8,23,mechanism_kmeans,0.33999999999999997,0.3432240671630258,0.3322964450415258,0.9533333333333334
kink,2,0.1,0.9,23,oracle_ols,0.33999999999999997,0.37422715415991414,0.3487124998422216,1.0
kink,2,0.1,0.9,23,oracle_gls,0.30666666666666664,0.37422715415991414,0.3487124998422216,0.8733333333333333
kink,2,0.1,0.9,23,lrdsr,0.4666666666666667,0.37422715415991414,0.3487124998422216,0.7
kink,2,0.1,0.9,23,soft_em,0.4733333333333334,0.37422715415991414,0.3487124998422216,0.7066666666666667
kink,2,0.1,0.9,23,mechanism_kmeans,0.4666666666666667,0.37422715415991414,0.3487124998422216,0.7133333333333334
kink,2,0.1,0.95,23,oracle_ols,0.41333333333333333,0.3901703924636168,0.33600020909703754,1.0
kink,2,0.1,0.95,23,oracle_gls,0.2866666666666666,0.3901703924636168,0.33600020909703754,0.74
kink,2,0.1,0.95,23,lrdsr,0.5,0.3901703924636168,0.33600020909703754,0.78
kink,2,0.1,0.95,23,soft_em,0.4933333333333333,0.3901703924636168,0.33600020909703754,0.21333333333333335
kink,2,0.1,0.95,23,mechanism_kmeans,0.4933333333333333,0.3901703924636168,0.33600020909703754,0.21333333333333335
kink,2,0.25,0.0,23,oracle_ols,0.046666666666666634,0.04525162215150535,0.04525162215150533,1.0
kink,2,0.25,0.0,23,oracle_gls,0.046666666666666634,0.04525162215150535,0.04525162215150533,1.0
kink,2,0.25,0.0,23,lrdsr,0.046666666666666634,0.04525162215150535,0.04525162215150533,0.0
kink,2,0.25,0.0,23,soft_em,0.053333333333333344,0.04525162215150535,0.04525162215150533,0.02
kink,2,0.25,0.0,23,mechanism_kmeans,0.046666666666666634,0.04525162215150535,0.04525162215150533,0.04
kink,2,0.25,0.3,23,oracle_ols,0.09999999999999998,0.10289528232697144,0.10213548026211196,1.0
kink,2,0.25,0.3,23,oracle_gls,0.09999999999999998,0.10289528232697144,0.10213548026211196,0.9866666666666667
kink,2,0.25,0.3,23,lrdsr,0.09333333333333338,0.10289528232697144,0.10213548026211196,0.03333333333333333
kink,2,0.25,0.3,23,soft_em,0.10666666666666669,0.10289528232697144,0.10213548026211196,0.03333333333333333
kink,2,0.25,0.3,23,mechanism_kmeans,0.10666666666666669,0.10289528232697144,0.10213548026211196,0.04666666666666667
kink,2,0.25,0.6,23,oracle_ols,0.16666666666666663,0.18692760739566155,0.18206959118982594,1.0
kink,2,0.25,0.6,23,oracle_gls,0.18666666666666665,0.18692760739566155,0.18206959118982594,0.98
kink,2,0.25,0.6,23,lrdsr,0.18666666666666665,0.18692760739566155,0.18206959118982594,0.1
kink,2,0.25,0.6,23,soft_em,0.18000000000000005,0.18692760739566155,0.18206959118982594,0.10666666666666667
kink,2,0.25,0.6,23,mechanism_kmeans,0.18666666666666665,0.18692760739566155,0.18206959118982594,0.11333333333333333
kink,2,0.25,0.8,23,oracle_ols,0.26,0.261793561151276,0.24666694319816437,1.0
kink,2,0.25,0.8,23,oracle_gls,0.21333333333333337,0.261793561151276,0.24666694319816437,0.9266666666666666
kink,2,0.25,0.8,23,lrdsr,0.2866666666666666,0.261793561151276,0.24666694319816437,0.06666666666666667
kink,2,0.25,0.8,23,soft_em,0.2733333333333333,0.261793561151276,0.24666694319816437,0.9733333333333334
kink,2,0.25,0.8,23,mechanism_kmeans,0.2666666666666667,0.261793561151276,0.24666694319816437,0.9666666666666667
kink,2,0.25,0.9,23,oracle_ols,0.29333333333333333,0.30611334318540956,0.2695086392198219,1.0
kink,2,0.25,0.9,23,oracle_gls,0.2466666666666667,0.30611334318540956,0.2695086392198219,0.9
kink,2,0.25,0.9,23,lrdsr,0.3866666666666667,0.30611334318540956,0.2695086392198219,0.8666666666666667
kink,2,0.25,0.9,23,soft_em,0.3866666666666667,0.30611334318540956,0.2695086392198219,0.13333333333333333
kink,2,0.25,0.9,23,mechanism_kmeans,0.3666666666666667,0.30611334318540956,0.2695086392198219,0.11333333333333333
kink,2,0.25,0.95,23,oracle_ols,0.3466666666666667,0.32964919062793907,0.25195560759095315,1.0
kink,2,0.25,0.95,23,oracle_gls,0.21999999999999997,0.32964919062793907,0.25195560759095315,0.78
kink,2,0.25,0.95,23,lrdsr,0.48,0.32964919062793907,0.25195560759095315,0.7866666666666666
kink,2,0.25,0.95,23,soft_em,0.4733333333333334,0.32964919062793907,0.25195560759095315,0.7933333333333333
kink,2,0.25,0.95,23,mechanism_kmeans,0.4733333333333334,0.32964919062793907,0.25195560759095315,0.7933333333333333
kink,2,1.0,0.0,23,oracle_ols,0.0,0.0005633091823495619,0.0005633091823495616,1.0
kink,2,1.0,0.0,23,oracle_gls,0.0,0.0005633091823495619,0.0005633091823495616,1.0
kink,2,1.0,0.0,23,lrdsr,0.00666666666666671,0.0005633091823495619,0.0005633091823495616,0.006666666666666667
kink,2,1.0,0.0,23,soft_em,0.0,0.0005633091823495619,0.0005633091823495616,0.0
kink,2,1.0,0.0,23,mechanism_kmeans,0.0,0.0005633091823495619,0.0005633091823495616,0.0
kink,2,1.0,0.3,23,oracle_ols,0.020000000000000018,0.006599620136539906,0.006443234729606921,1.0
kink,2,1.0,0.3,23,oracle_gls,0.020000000000000018,0.006599620136539906,0.006443234729606921,1.0
kink,2,1.0,0.3,23,lrdsr,0.020000000000000018,0.006599620136539906,0.006443234729606921,0.0
kink,2,1.0,0.3,23,soft_em,0.020000000000000018,0.006599620136539906,0.006443234729606921,0.0
kink,2,1.0,0.3,23,mechanism_kmeans,0.020000000000000018,0.006599620136539906,0.006443234729606921,0.0
kink,2,1.0,0.6,23,oracle_ols,0.040000000000000036,0.03901195501573177,0.03604335719888267,1.0
kink,2,1.0,0.6,23,oracle_gls,0.026666666666666616,0.03901195501573177,0.03604335719888267,0.9866666666666667
kink,2,1.0,0.6,23,lrdsr,0.033333333333333326,0.03901195501573177,0.03604335719888267,0.006666666666666667
kink,2,1.0,0.6,23,soft_em,0.040000000000000036,0.03901195501573177,0.03604335719888267,0.9866666666666667
kink,2,1.0,0.6,23,mechanism_kmeans,0.040000000000000036,0.03901195501573177,0.03604335719888267,0.9866666666666667
kink,2,1.0,0.8,23,oracle_ols,0.09333333333333338,0.1018315362624774,0.0861702124850879,1.0
kink,2,1.0,0.8,23,oracle_gls,0.09333333333333338,0.1018315362624774,0.0861702124850879,0.9466666666666667
kink,2,1.0,0.8,23,lrdsr,0.08666666666666667,0.1018315362624774,0.0861702124850879,0.02
kink,2,1.0,0.8,23,soft_em,0.08666666666666667,0.1018315362624774,0.0861702124850879,0.98
kink,2,1.0,0.8,23,mechanism_kmeans,0.09333333333333338,0.1018315362624774,0.0861702124850879,0.9466666666666667
kink,2,1.0,0.9,23,oracle_ols,0.17333333333333334,0.15567259373475992,0.11041770687036513,1.0
kink,2,1.0,0.9,23,oracle_gls,0.10666666666666669,0.15567259373475992,0.11041770687036513,0.9066666666666666
kink,2,1.0,0.9,23,lrdsr,0.18666666666666665,0.15567259373475992,0.11041770687036513,0.9466666666666667
kink,2,1.0,0.9,23,soft_em,0.18666666666666665,0.15567259373475992,0.11041770687036513,0.05333333333333334
kink,2,1.0,0.9,23,mechanism_kmeans,0.18000000000000005,0.15567259373475992,0.11041770687036513,0.04666666666666667
kink,2,1.0,0.95,23,oracle_ols,0.21333333333333337,0.18910937098678468,0.09233788390985055,1.0
kink,2,1.0,0.95,23,oracle_gls,0.09333333333333338,0.18910937098678468,0.09233788390985055,0.84
kink,2,1.0,0.95,23,lrdsr,0.28,0.18910937098678468,0.09233788390985055,0.14666666666666667
kink,2,1.0,0.95,23,soft_em,0.2666666666666667,0.18910937098678468,0.09233788390985055,0.8533333333333334
kink,2,1.0,0.95,23,mechanism_kmeans,0.2733333333333333,0.18910937098678468,0.09233788390985055,0.8466666666666667
kink,2,0.1,0.0,42,oracle_ols,0.11333333333333329,0.14043710513367452,0.14043710513367458,1.0
kink,2,0.1,0.0,42,oracle_gls,0.11333333333333329,0.14043710513367452,0.14043710513367458,1.0
kink,2,0.1,0.0,42,lrdsr,0.12,0.14043710513367452,0.14043710513367458,0.04666666666666667
kink,2,0.1,0.0,42,soft_em,0.09333333333333338,0.14043710513367452,0.14043710513367458,0.9533333333333334
kink,2,0.1,0.0,42,mechanism_kmeans,0.11333333333333329,0.14043710513367452,0.14043710513367458,0.9466666666666667
kink,2,0.1,0.3,42,oracle_ols,0.1466666666666666,0.2109771155952176,0.2101838991073986,1.0
kink,2,0.1,0.3,42,oracle_gls,0.1466666666666666,0.2109771155952176,0.2101838991073986,0.9866666666666667
kink,2,0.1,0.3,42,lrdsr,0.18666666666666665,0.2109771155952176,0.2101838991073986,0.9333333333333333
kink,2,0.1,0.3,42,soft_em,0.16666666666666663,0.2109771155952176,0.2101838991073986,0.07333333333333333
kink,2,0.1,0.3,42,mechanism_kmeans,0.18000000000000005,0.2109771155952176,0.2101838991073986,0.07333333333333333
kink,2,0.1,0.6,42,oracle_ols,0.21999999999999997,0.2865745053367605,0.2825193270707238,1.0
kink,2,0.1,0.6,42,oracle_gls,0.2466666666666667,0.2865745053367605,0.2825193270707238,0.9333333333333333
kink,2,0.1,0.6,42,lrdsr,0.20666666666666667,0.2865745053367605,0.2825193270707238,0.92
kink,2,0.1,0.6,42,soft_em,0.20666666666666667,0.2865745053367605,0.2825193270707238,0.9333333333333333
kink,2,0.1,0.6,42,mechanism_kmeans,0.22666666666666668,0.2865745053367605,0.2825193270707238,0.9266666666666666
kink,2,0.1,0.8,42,oracle_ols,0.29333333333333333,0.34298954909190615,0.33147010270722366,1.0
kink,2,0.1,0.8,42,oracle_gls,0.30000000000000004,0.34298954909190615,0.33147010270722366,0.9
kink,2,0.1,0.8,42,lrdsr,0.30666666666666664,0.34298954909190615,0.33147010270722366,0.08
kink,2,0.1,0.8,42,soft_em,0.30000000000000004,0.34298954909190615,0.33147010270722366,0.08666666666666667
kink,2,0.1,0.8,42,mechanism_kmeans,0.31333333333333335,0.34298954909190615,0.33147010270722366,0.08666666666666667
kink,2,0.1,0.9,42,oracle_ols,0.32666666666666666,0.37374682285697003,0.3466971650403799,1.0
kink,2,0.1,0.9,42,oracle_gls,0.31333333333333335,0.37374682285697003,0.3466971650403799,0.8533333333333334
kink,2,0.1,0.9,42,lrdsr,0.4066666666666666,0.37374682285697003,0.3466971650403799,0.37333333333333335
kink,2,0.1,0.9,42,soft_em,0.3933333333333333,0.37374682285697003,0.3466971650403799,0.64
kink,2,0.1,0.9,42,mechanism_kmeans,0.3933333333333333,0.37374682285697003,0.3466971650403799,0.64
kink,2,0.1,0.95,42,oracle_ols,0.3666666666666667,0.38952617368023323,0.332492960450591,1.0
kink,2,0.1,0.95,42,oracle_gls,0.31333333333333335,0.38952617368023323,0.332492960450591,0.76
kink,2,0.1,0.95,42,lrdsr,0.41333333333333333,0.38952617368023323,0.332492960450591,0.24666666666666667
kink,2,0.1,0.95,42,soft_em,0.4066666666666666,0.38952617368023323,0.332492960450591,0.25333333333333335
kink,2,0.1,0.95,42,mechanism_kmeans,0.4066666666666666,0.38952617368023323,0.332492960450591,0.25333333333333335
kink,2,0.25,0.0,42,oracle_ols,0.040000000000000036,0.045291349125033804,0.045291349125033784,1.0
kink,2,0.25,0.0,42,oracle_gls,0.040000000000000036,0.045291349125033804,0.045291349125033784,1.0
kink,2,0.25,0.0,42,lrdsr,0.040000000000000036,0.045291349125033804,0.045291349125033784,0.013333333333333334
kink,2,0.25,0.0,42,soft_em,0.040000000000000036,0.045291349125033804,0.045291349125033784,0.0
kink,2,0.25,0.0,42,mechanism_kmeans,0.033333333333333326,0.045291349125033804,0.045291349125033784,0.006666666666666667
kink,2,0.25,0.3,42,oracle_ols,0.07999999999999996,0.10298366400466694,0.10220500785960696,1.0
kink,2,0.25,0.3,42,oracle_gls,0.07999999999999996,0.10298366400466694,0.10220500785960696,1.0
kink,2,0.25,0.3,42,lrdsr,0.09333333333333338,0.10298366400466694,0.10220500785960696,0.02666666666666667
kink,2,0.25,0.3,42,soft_em,0.07999999999999996,0.10298366400466694,0.10220500785960696,0.02666666666666667
kink,2,0.25,0.3,42,mechanism_kmeans,0.08666666666666667,0.10298366400466694,0.10220500785960696,0.02
kink,2,0.25,0.6,42,oracle_ols,0.15333333333333332,0.18691260183008776,0.1818765980793717,1.0
kink,2,0.25,0.6,42,oracle_gls,0.1266666666666667,0.18691260183008776,0.1818765980793717,0.9466666666666667
kink,2,0.25,0.6,42,lrdsr,0.17333333333333334,0.18691260183008776,0.1818765980793717,0.9133333333333333
kink,2,0.25,0.6,42,soft_em,0.1333333333333333,0.18691260183008776,0.1818765980793717,0.04666666666666667
kink,2,0.25,0.6,42,mechanism_kmeans,0.15333333333333332,0.18691260183008776,0.1818765980793717,0.05333333333333334
kink,2,0.25,0.8,42,oracle_ols,0.21333333333333337,0.2614489193513684,0.24551294548981706,1.0
kink,2,0.25,0.8,42,oracle_gls,0.23333333333333328,0.2614489193513684,0.24551294548981706,0.9
kink,2,0.25,0.8,42,lrdsr,0.20666666666666667,0.2614489193513684,0.24551294548981706,0.06
kink,2,0.25,0.8,42,soft_em,0.21333333333333337,0.2614489193513684,0.24551294548981706,0.9466666666666667
kink,2,0.25,0.8,42,mechanism_kmeans,0.22666666666666668,0.2614489193513684,0.24551294548981706,0.9466666666666667
kink,2,0.25,0.9,42,oracle_ols,0.29333333333333333,0.30540208644652456,0.2666991088806299,1.0
kink,2,0.25,0.9,42,oracle_gls,0.2466666666666667,0.30540208644652456,0.2666991088806299,0.8333333333333334
kink,2,0.25,0.9,42,lrdsr,0.3666666666666667,0.30540208644652456,0.2666991088806299,0.32666666666666666
kink,2,0.25,0.9,42,soft_em,0.3666666666666667,0.30540208644652456,0.2666991088806299,0.32666666666666666
kink,2,0.25,0.9,42,mechanism_kmeans,0.3733333333333333,0.30540208644652456,0.2666991088806299,0.32
kink,2,0.25,0.95,42,oracle_ols,0.30000000000000004,0.32868389943977927,0.2472953619898855,1.0
kink,2,0.25,0.95,42,oracle_gls,0.2533333333333333,0.32868389943977927,0.2472953619898855,0.78
kink,2,0.25,0.95,42,lrdsr,0.3866666666666667,0.32868389943977927,0.2472953619898855,0.26
kink,2,0.25,0.95,42,soft_em,0.3666666666666667,0.32868389943977927,0.2472953619898855,0.24
kink,2,0.25,0.95,42,mechanism_kmeans,0.38,0.32868389943977927,0.2472953619898855,0.25333333333333335
kink,2,1.0,0.0,42,oracle_ols,0.0,0.0005516314450841603,0.0005516314450841599,1.0
kink,2,1.0,0.0,42,oracle_gls,0.0,0.0005516314450841603,0.0005516314450841599,1.0
kink,2,1.0,0.0,42,lrdsr,0.0,0.0005516314450841603,0.0005516314450841599,0.0
kink,2,1.0,0.0,42,soft_em,0.0,0.0005516314450841603,0.0005516314450841599,0.0
kink,2,1.0,0.0,42,mechanism_kmeans,0.0,0.0005516314450841603,0.0005516314450841599,0.0
kink,2,1.0,0.3,42,oracle_ols,0.00666666666666671,0.006555645781748874,0.006396047251607198,1.0
kink,2,1.0,0.3,42,oracle_gls,0.00666666666666671,0.006555645781748874,0.006396047251607198,1.0
kink,2,1.0,0.3,42,lrdsr,0.00666666666666671,0.006555645781748874,0.006396047251607198,0.0
kink,2,1.0,0.3,42,soft_em,0.0,0.006555645781748874,0.006396047251607198,0.006666666666666667
kink,2,1.0,0.3,42,mechanism_kmeans,0.0,0.006555645781748874,0.006396047251607198,0.006666666666666667
kink,2,1.0,0.6,42,oracle_ols,0.026666666666666616,0.03889515599550255,0.03581467613889417,1.0
kink,2,1.0,0.6,42,oracle_gls,0.020000000000000018,0.03889515599550255,0.03581467613889417,0.9933333333333333
kink,2,1.0,0.6,42,lrdsr,0.026666666666666616,0.03889515599550255,0.03581467613889417,0.0
kink,2,1.0,0.6,42,soft_em,0.026666666666666616,0.03889515599550255,0.03581467613889417,0.0
kink,2,1.0,0.6,42,mechanism_kmeans,0.026666666666666616,0.03889515599550255,0.03581467613889417,0.0
kink,2,1.0,0.8,42,oracle_ols,0.07999999999999996,0.10136682341932648,0.08493360265668135,1.0
kink,2,1.0,0.8,42,oracle_gls,0.06000000000000005,0.10136682341932648,0.08493360265668135,0.9266666666666666
kink,2,1.0,0.8,42,lrdsr,0.09333333333333338,0.10136682341932648,0.08493360265668135,0.013333333333333334
kink,2,1.0,0.8,42,soft_em,0.07333333333333336,0.10136682341932648,0.08493360265668135,0.006666666666666667
kink,2,1.0,0.8,42,mechanism_kmeans,0.09333333333333338,0.10136682341932648,0.08493360265668135,0.013333333333333334
kink,2,1.0,0.9,42,oracle_ols,0.15333333333333332,0.15464913963089036,0.10738959308048157,1.0
kink,2,1.0,0.9,42,oracle_gls,0.07999999999999996,0.15464913963089036,0.10738959308048157,0.9
kink,2,1.0,0.9,42,lrdsr,0.1333333333333333,0.15464913963089036,0.10738959308048157,0.94
kink,2,1.0,0.9,42,soft_em,0.1266666666666667,0.15464913963089036,0.10738959308048157,0.05333333333333334
kink,2,1.0,0.9,42,mechanism_kmeans,0.1266666666666667,0.15464913963089036,0.10738959308048157,0.05333333333333334
kink,2,1.0,0.95,42,oracle_ols,0.1333333333333333,0.1876338930878421,0.08827868352466778,1.0
kink,2,1.0,0.95,42,oracle_gls,0.07333333333333336,0.1876338930878421,0.08827868352466778,0.8733333333333333
kink,2,1.0,0.95,42,lrdsr,0.23333333333333328,0.1876338930878421,0.08827868352466778,0.11333333333333333
kink,2,1.0,0.95,42,soft_em,0.2533333333333333,0.1876338930878421,0.08827868352466778,0.14666666666666667
kink,2,1.0,0.95,42,mechanism_kmeans,0.2533333333333333,0.1876338930878421,0.08827868352466778,0.13333333333333333
interaction,2,0.1,0.0,11,oracle_ols,0.18000000000000005,0.1416926595625212,0.1416926595625212,1.0
interaction,2,0.1,0.0,11,oracle_gls,0.18000000000000005,0.1416926595625212,0.1416926595625212,1.0
interaction,2,0.1,0.0,11,lrdsr,0.19333333333333336,0.1416926595625212,0.1416926595625212,0.06666666666666667
interaction,2,0.1,0.0,11,soft_em,0.26,0.1416926595625212,0.1416926595625212,0.8133333333333334
interaction,2,0.1,0.0,11,mechanism_kmeans,0.28,0.1416926595625212,0.1416926595625212,0.7933333333333333
interaction,2,0.1,0.3,11,oracle_ols,0.2533333333333333,0.16657875715650614,0.14305177831776217,1.0
interaction,2,0.1,0.3,11,oracle_gls,0.20666666666666667,0.16657875715650614,0.14305177831776217,0.8866666666666667
interaction,2,0.1,0.3,11,lrdsr,0.33333333333333337,0.16657875715650614,0.14305177831776217,0.17333333333333334
interaction,2,0.1,0.3,11,soft_em,0.32666666666666666,0.16657875715650614,0.14305177831776217,0.2866666666666667
interaction,2,0.1,0.3,11,mechanism_kmeans,0.38,0.16657875715650614,0.14305177831776217,0.32666666666666666
interaction,2,0.1,0.6,11,oracle_ols,0.29333333333333333,0.2071044113780479,0.09768546421229703,1.0
interaction,2,0.1,0.6,11,oracle_gls,0.1333333333333333,0.2071044113780479,0.09768546421229703,0.76
interaction,2,0.1,0.6,11,lrdsr,0.44666666666666666,0.2071044113780479,0.09768546421229703,0.4066666666666667
interaction,2,0.1,0.6,11,soft_em,0.4733333333333334,0.2071044113780479,0.09768546421229703,0.43333333333333335
interaction,2,0.1,0.6,11,mechanism_kmeans,0.4666666666666667,0.2071044113780479,0.09768546421229703,0.4266666666666667
interaction,2,0.1,0.8,11,oracle_ols,0.2733333333333333,0.2521862707245301,0.03702250078759469,1.0
interaction,2,0.1,0.8,11,oracle_gls,0.06666666666666665,0.2521862707245301,0.03702250078759469,0.7266666666666667
interaction,2,0.1,0.8,11,lrdsr,0.44666666666666666,0.2521862707245301,0.03702250078759469,0.52
interaction,2,0.1,0.8,11,soft_em,0.45999999999999996,0.2521862707245301,0.03702250078759469,0.5333333333333333
interaction,2,0.1,0.8,11,mechanism_kmeans,0.44666666666666666,0.2521862707245301,0.03702250078759469,0.52
interaction,2,0.1,0.9,11,oracle_ols,0.2533333333333333,0.2799603892570325,0.007327872305607676,1.0
interaction,2,0.1,0.9,11,oracle_gls,0.00666666666666671,0.2799603892570325,0.007327872305607676,0.74
interaction,2,0.1,0.9,11,lrdsr,0.44666666666666666,0.2799603892570325,0.007327872305607676,0.5
interaction,2,0.1,0.9,11,soft_em,0.43999999999999995,0.2799603892570325,0.007327872305607676,0.48
interaction,2,0.1,0.9,11,mechanism_kmeans,0.44666666666666666,0.2799603892570325,0.007327872305607676,0.47333333333333333
interaction,2,0.1,0.95,11,oracle_ols,0.2466666666666667,0.2834762821672039,0.0006123329486798655,1.0
interaction,2,0.1,0.95,11,oracle_gls,0.00666666666666671,0.2834762821672039,0.0006123329486798655,0.7466666666666667
interaction,2,0.1,0.95,11,lrdsr,0.44666666666666666,0.2834762821672039,0.0006123329486798655,0.4533333333333333
interaction,2,0.1,0.95,11,soft_em,0.44666666666666666,0.2834762821672039,0.0006123329486798655,0.44
interaction,2,0.1,0.95,11,mechanism_kmeans,0.44666666666666666,0.2834762821672039,0.0006123329486798655,0.44
interaction,2,0.25,0.0,11,oracle_ols,0.07333333333333336,0.04761026440874146,0.04761026440874145,1.0
interaction,2,0.25,0.0,11,oracle_gls,0.07333333333333336,0.04761026440874146,0.04761026440874145,1.0
interaction,2,0.25,0.0,11,lrdsr,0.06000000000000005,0.04761026440874146,0.04761026440874145,0.9866666666666667
interaction,2,0.25,0.0,11,soft_em,0.07333333333333336,0.04761026440874146,0.04761026440874145,0.9866666666666667
interaction,2,0.25,0.0,11,mechanism_kmeans,0.07333333333333336,0.04761026440874146,0.04761026440874145,0.9866666666666667
interaction,2,0.25,0.3,11,oracle_ols,0.11333333333333329,0.06545292077735324,0.048440933764361975,1.0
interaction,2,0.25,0.3,11,oracle_gls,0.07333333333333336,0.06545292077735324,0.048440933764361975,0.96
interaction,2,0.25,0.3,11,lrdsr,0.09999999999999998,0.06545292077735324,0.048440933764361975,0.9733333333333334
interaction,2,0.25,0.3,11,soft_em,0.14,0.06545292077735324,0.048440933764361975,0.13333333333333333
interaction,2,0.25,0.3,11,mechanism_kmeans,0.14,0.06545292077735324,0.048440933764361975,0.13333333333333333
interaction,2,0.25,0.6,11,oracle_ols,0.11333333333333329,0.10091555924163352,0.02341655621657272,1.0
interaction,2,0.25,0.6,11,oracle_gls,0.053333333333333344,0.10091555924163352,0.02341655621657272,0.8866666666666667
interaction,2,0.25,0.6,11,lrdsr,0.38,0.10091555924163352,0.02341655621657272,0.30666666666666664
interaction,2,0.25,0.6,11,soft_em,0.31333333333333335,0.10091555924163352,0.02341655621657272,0.7466666666666667
interaction,2,0.25,0.6,11,mechanism_kmeans,0.42000000000000004,0.10091555924163352,0.02341655621657272,0.64
interaction,2,0.25,0.8,11,oracle_ols,0.16000000000000003,0.14797856643591412,0.003912743424950019,1.0
interaction,2,0.25,0.8,11,oracle_gls,0.00666666666666671,0.14797856643591412,0.003912743424950019,0.8333333333333334
interaction,2,0.25,0.8,11,lrdsr,0.45999999999999996,0.14797856643591412,0.003912743424950019,0.46
interaction,2,0.25,0.8,11,soft_em,0.45999999999999996,0.14797856643591412,0.003912743424950019,0.54
interaction,2,0.25,0.8,11,mechanism_kmeans,0.45333333333333337,0.14797856643591412,0.003912743424950019,0.5333333333333333
interaction,2,0.25,0.9,11,oracle_ols,0.15333333333333332,0.18047303380053542,0.00023479885438087175,1.0
interaction,2,0.25,0.9,11,oracle_gls,0.0,0.18047303380053542,0.00023479885438087175,0.8466666666666667
interaction,2,0.25,0.9,11,lrdsr,0.44666666666666666,0.18047303380053542,0.00023479885438087175,0.48
interaction,2,0.25,0.9,11,soft_em,0.43999999999999995,0.18047303380053542,0.00023479885438087175,0.47333333333333333
interaction,2,0.25,0.9,11,mechanism_kmeans,0.44666666666666666,0.18047303380053542,0.00023479885438087175,0.48
interaction,2,0.25,0.95,11,oracle_ols,0.1466666666666666,0.18495789816851177,3.3128061389950523e-06,1.0
interaction,2,0.25,0.95,11,oracle_gls,0.0,0.18495789816851177,3.3128061389950523e-06,0.8533333333333334
interaction,2,0.25,0.95,11,lrdsr,0.44666666666666666,0.18495789816851177,3.3128061389950523e-06,0.44666666666666666
interaction,2,0.25,0.95,11,soft_em,0.44666666666666666,0.18495789816851177,3.3128061389950523e-06,0.43333333333333335
interaction,2,0.25,0.95,11,mechanism_kmeans,0.44666666666666666,0.18495789816851177,3.3128061389950523e-06,0.43333333333333335
interaction,2,1.0,0.0,11,oracle_ols,0.0,0.0008682738987961844,0.0008682738987961843,1.0
interaction,2,1.0,0.0,11,oracle_gls,0.0,0.0008682738987961844,0.0008682738987961843,1.0
interaction,2,1.0,0.0,11,lrdsr,0.0,0.0008682738987961844,0.0008682738987961843,1.0
interaction,2,1.0,0.0,11,soft_em,0.0,0.0008682738987961844,0.0008682738987961843,1.0
interaction,2,1.0,0.0,11,mechanism_kmeans,0.0,0.0008682738987961844,0.0008682738987961843,1.0
interaction,2,1.0,0.3,11,oracle_ols,0.0,0.0021525435115103777,0.0009485877037654241,1.0
interaction,2,1.0,0.3,11,oracle_gls,0.00666666666666671,0.0021525435115103777,0.0009485877037654241,0.9933333333333333
interaction,2,1.0,0.3,11,lrdsr,0.0,0.0021525435115103777,0.0009485877037654241,1.0
interaction,2,1.0,0.3,11,soft_em,0.0,0.0021525435115103777,0.0009485877037654241,1.0
interaction,2,1.0,0.3,11,mechanism_kmeans,0.0,0.0021525435115103777,0.0009485877037654241,1.0
interaction,2,1.0,0.6,11,oracle_ols,0.00666666666666671,0.007675186174531765,0.00018825219480224074,1.0
interaction,2,1.0,0.6,11,oracle_gls,0.0,0.007675186174531765,0.00018825219480224074,0.9933333333333333
interaction,2,1.0,0.6,11,lrdsr,0.00666666666666671,0.007675186174531765,0.00018825219480224074,0.0
interaction,2,1.0,0.6,11,soft_em,0.0,0.007675186174531765,0.00018825219480224074,0.9933333333333333
interaction,2,1.0,0.6,11,mechanism_kmeans,0.00666666666666671,0.007675186174531765,0.00018825219480224074,1.0
interaction,2,1.0,0.8,11,oracle_ols,0.00666666666666671,0.022845628859688744,3.684070329623487e-06,1.0
interaction,2,1.0,0.8,11,oracle_gls,0.0,0.022845628859688744,3.684070329623487e-06,0.9933333333333333
interaction,2,1.0,0.8,11,lrdsr,0.026666666666666616,0.022845628859688744,3.684070329623487e-06,0.02
interaction,2,1.0,0.8,11,soft_em,0.020000000000000018,0.022845628859688744,3.684070329623487e-06,0.013333333333333334
interaction,2,1.0,0.8,11,mechanism_kmeans,0.013333333333333308,0.022845628859688744,3.684070329623487e-06,0.006666666666666667
interaction,2,1.0,0.9,11,oracle_ols,0.013333333333333308,0.03966761224453446,3.839546327563119e-09,1.0
interaction,2,1.0,0.9,11,oracle_gls,0.0,0.03966761224453446,3.839546327563119e-09,0.9866666666666667
interaction,2,1.0,0.9,11,lrdsr,0.43999999999999995,0.03966761224453446,3.839546327563119e-09,0.44
interaction,2,1.0,0.9,11,soft_em,0.16000000000000003,0.03966761224453446,3.839546327563119e-09,0.84
interaction,2,1.0,0.9,11,mechanism_kmeans,0.15333333333333332,0.03966761224453446,3.839546327563119e-09,0.8466666666666667
interaction,2,1.0,0.95,11,oracle_ols,0.00666666666666671,0.04301307748534723,1.1124587397499882e-14,1.0
interaction,2,1.0,0.95,11,oracle_gls,0.0,0.04301307748534723,1.1124587397499882e-14,0.9933333333333333
interaction,2,1.0,0.95,11,lrdsr,0.42000000000000004,0.04301307748534723,1.1124587397499882e-14,0.4266666666666667
interaction,2,1.0,0.95,11,soft_em,0.4066666666666666,0.04301307748534723,1.1124587397499882e-14,0.41333333333333333
interaction,2,1.0,0.95,11,mechanism_kmeans,0.4066666666666666,0.04301307748534723,1.1124587397499882e-14,0.41333333333333333
interaction,2,0.1,0.0,23,oracle_ols,0.11333333333333329,0.14316791523826242,0.14316791523826244,1.0
interaction,2,0.1,0.0,23,oracle_gls,0.11333333333333329,0.14316791523826242,0.14316791523826244,1.0
interaction,2,0.1,0.0,23,lrdsr,0.11333333333333329,0.14316791523826242,0.14316791523826244,0.04
interaction,2,0.1,0.0,23,soft_em,0.1466666666666666,0.14316791523826242,0.14316791523826244,0.9
interaction,2,0.1,0.0,23,mechanism_kmeans,0.1266666666666667,0.14316791523826242,0.14316791523826244,0.92
interaction,2,0.1,0.3,23,oracle_ols,0.1333333333333333,0.16786868382899794,0.1435504604820957,1.0
interaction,2,0.1,0.3,23,oracle_gls,0.14,0.16786868382899794,0.1435504604820957,0.9266666666666666
interaction,2,0.1,0.3,23,lrdsr,0.19999999999999996,0.16786868382899794,0.1435504604820957,0.88
interaction,2,0.1,0.3,23,soft_em,0.17333333333333334,0.16786868382899794,0.1435504604820957,0.8133333333333334
interaction,2,0.1,0.3,23,mechanism_kmeans,0.18666666666666665,0.16786868382899794,0.1435504604820957,0.84
interaction,2,0.1,0.6,23,oracle_ols,0.20666666666666667,0.20783759040885733,0.09626874605377073,1.0
interaction,2,0.1,0.6,23,oracle_gls,0.09999999999999998,0.20783759040885733,0.09626874605377073,0.7866666666666666
interaction,2,0.1,0.6,23,lrdsr,0.45333333333333337,0.20783759040885733,0.09626874605377073,0.5
interaction,2,0.1,0.6,23,soft_em,0.45999999999999996,0.20783759040885733,0.09626874605377073,0.48
interaction,2,0.1,0.6,23,mechanism_kmeans,0.3866666666666667,0.20783759040885733,0.09626874605377073,0.5533333333333333
interaction,2,0.1,0.8,23,oracle_ols,0.26,0.2514182404796734,0.03508725616039101,1.0
interaction,2,0.1,0.8,23,oracle_gls,0.046666666666666634,0.2514182404796734,0.03508725616039101,0.7333333333333333
interaction,2,0.1,0.8,23,lrdsr,0.45333333333333337,0.2514182404796734,0.03508725616039101,0.5133333333333333
interaction,2,0.1,0.8,23,soft_em,0.44666666666666666,0.2514182404796734,0.03508725616039101,0.5066666666666667
interaction,2,0.1,0.8,23,mechanism_kmeans,0.45333333333333337,0.2514182404796734,0.03508725616039101,0.4866666666666667
interaction,2,0.1,0.9,23,oracle_ols,0.30000000000000004,0.2775238005729734,0.006358203818830228,1.0
interaction,2,0.1,0.9,23,oracle_gls,0.00666666666666671,0.2775238005729734,0.006358203818830228,0.7066666666666667
interaction,2,0.1,0.9,23,lrdsr,0.45999999999999996,0.2775238005729734,0.006358203818830228,0.4533333333333333
interaction,2,0.1,0.9,23,soft_em,0.48,0.2775238005729734,0.006358203818830228,0.5533333333333333
interaction,2,0.1,0.9,23,mechanism_kmeans,0.48,0.2775238005729734,0.006358203818830228,0.54
interaction,2,0.1,0.95,23,oracle_ols,0.29333333333333333,0.2793623267491337,0.00042373708688948555,1.0
interaction,2,0.1,0.95,23,oracle_gls,0.0,0.2793623267491337,0.00042373708688948555,0.7066666666666667
interaction,2,0.1,0.95,23,lrdsr,0.45999999999999996,0.2793623267491337,0.00042373708688948555,0.5666666666666667
interaction,2,0.1,0.95,23,soft_em,0.45333333333333337,0.2793623267491337,0.00042373708688948555,0.56
interaction,2,0.1,0.95,23,mechanism_kmeans,0.45333333333333337,0.2793623267491337,0.00042373708688948555,0.56
interaction,2,0.25,0.0,23,oracle_ols,0.033333333333333326,0.04804559974181933,0.04804559974181933,1.0
interaction,2,0.25,0.0,23,oracle_gls,0.033333333333333326,0.04804559974181933,0.04804559974181933,1.0
interaction,2,0.25,0.0,23,lrdsr,0.040000000000000036,0.04804559974181933,0.04804559974181933,0.006666666666666667
interaction,2,0.25,0.0,23,soft_em,0.033333333333333326,0.04804559974181933,0.04804559974181933,1.0
interaction,2,0.25,0.0,23,mechanism_kmeans,0.033333333333333326,0.04804559974181933,0.04804559974181933,1.0
interaction,2,0.25,0.3,23,oracle_ols,0.040000000000000036,0.06604157954494085,0.04837524942420149,1.0
interaction,2,0.25,0.3,23,oracle_gls,0.040000000000000036,0.06604157954494085,0.04837524942420149,0.9866666666666667
interaction,2,0.25,0.3,23,lrdsr,0.040000000000000036,0.06604157954494085,0.04837524942420149,0.013333333333333334
interaction,2,0.25,0.3,23,soft_em,0.040000000000000036,0.06604157954494085,0.04837524942420149,0.9866666666666667
interaction,2,0.25,0.3,23,mechanism_kmeans,0.040000000000000036,0.06604157954494085,0.04837524942420149,0.9866666666666667
interaction,2,0.25,0.6,23,oracle_ols,0.07333333333333336,0.10127589010126907,0.022334166805386992,1.0
interaction,2,0.25,0.6,23,oracle_gls,0.033333333333333326,0.10127589010126907,0.022334166805386992,0.9333333333333333
interaction,2,0.25,0.6,23,lrdsr,0.14,0.10127589010126907,0.022334166805386992,0.09333333333333334
interaction,2,0.25,0.6,23,soft_em,0.09999999999999998,0.10127589010126907,0.022334166805386992,0.08
interaction,2,0.25,0.6,23,mechanism_kmeans,0.09333333333333338,0.10127589010126907,0.022334166805386992,0.08666666666666667
interaction,2,0.25,0.8,23,oracle_ols,0.1466666666666666,0.14697688955451638,0.003290231873696335,1.0
interaction,2,0.25,0.8,23,oracle_gls,0.00666666666666671,0.14697688955451638,0.003290231873696335,0.86
interaction,2,0.25,0.8,23,lrdsr,0.45999999999999996,0.14697688955451638,0.003290231873696335,0.5266666666666666
interaction,2,0.25,0.8,23,soft_em,0.44666666666666666,0.14697688955451638,0.003290231873696335,0.46
interaction,2,0.25,0.8,23,mechanism_kmeans,0.43999999999999995,0.14697688955451638,0.003290231873696335,0.4533333333333333
interaction,2,0.25,0.9,23,oracle_ols,0.18666666666666665,0.17761398490034944,0.00014399106075838885,1.0
interaction,2,0.25,0.9,23,oracle_gls,0.0,0.17761398490034944,0.00014399106075838885,0.8133333333333334
interaction,2,0.25,0.9,23,lrdsr,0.44666666666666666,0.17761398490034944,0.00014399106075838885,0.54
interaction,2,0.25,0.9,23,soft_em,0.4866666666666667,0.17761398490034944,0.00014399106075838885,0.5266666666666666
interaction,2,0.25,0.9,23,mechanism_kmeans,0.48,0.17761398490034944,0.00014399106075838885,0.52
interaction,2,0.25,0.95,23,oracle_ols,0.18000000000000005,0.1801539809680348,9.39897110033541e-07,1.0
interaction,2,0.25,0.95,23,oracle_gls,0.0,0.1801539809680348,9.39897110033541e-07,0.82
interaction,2,0.25,0.95,23,lrdsr,0.44666666666666666,0.1801539809680348,9.39897110033541e-07,0.5466666666666666
interaction,2,0.25,0.95,23,soft_em,0.45333333333333337,0.1801539809680348,9.39897110033541e-07,0.5533333333333333
interaction,2,0.25,0.95,23,mechanism_kmeans,0.45333333333333337,0.1801539809680348,9.39897110033541e-07,0.5533333333333333
interaction,2,1.0,0.0,23,oracle_ols,0.0,0.0008349372833870957,0.0008349372833870955,1.0
interaction,2,1.0,0.0,23,oracle_gls,0.0,0.0008349372833870957,0.0008349372833870955,1.0
interaction,2,1.0,0.0,23,lrdsr,0.0,0.0008349372833870957,0.0008349372833870955,0.0
interaction,2,1.0,0.0,23,soft_em,0.0,0.0008349372833870957,0.0008349372833870955,0.0
interaction,2,1.0,0.0,23,mechanism_kmeans,0.0,0.0008349372833870957,0.0008349372833870955,0.0
interaction,2,1.0,0.3,23,oracle_ols,0.00666666666666671,0.0020380281573594006,0.0008448784959550238,1.0
interaction,2,1.0,0.3,23,oracle_gls,0.0,0.0020380281573594006,0.0008448784959550238,0.9933333333333333
interaction,2,1.0,0.3,23,lrdsr,0.00666666666666671,0.0020380281573594006,0.0008448784959550238,0.0
interaction,2,1.0,0.3,23,soft_em,0.00666666666666671,0.0020380281573594006,0.0008448784959550238,0.0
interaction,2,1.0,0.3,23,mechanism_kmeans,0.00666666666666671,0.0020380281573594006,0.0008448784959550238,0.0
interaction,2,1.0,0.6,23,oracle_ols,0.013333333333333308,0.00736040686900154,0.00012381713165457263,1.0
interaction,2,1.0,0.6,23,oracle_gls,0.0,0.00736040686900154,0.00012381713165457263,0.9866666666666667
interaction,2,1.0,0.6,23,lrdsr,0.013333333333333308,0.00736040686900154,0.00012381713165457263,0.0
interaction,2,1.0,0.6,23,soft_em,0.013333333333333308,0.00736040686900154,0.00012381713165457263,0.0
interaction,2,1.0,0.6,23,mechanism_kmeans,0.00666666666666671,0.00736040686900154,0.00012381713165457263,0.006666666666666667
interaction,2,1.0,0.8,23,oracle_ols,0.013333333333333308,0.02189086462075004,1.0625474900773708e-06,1.0
interaction,2,1.0,0.8,23,oracle_gls,0.0,0.02189086462075004,1.0625474900773708e-06,0.9866666666666667
interaction,2,1.0,0.8,23,lrdsr,0.033333333333333326,0.02189086462075004,1.0625474900773708e-06,0.02
interaction,2,1.0,0.8,23,soft_em,0.020000000000000018,0.02189086462075004,1.0625474900773708e-06,0.006666666666666667
interaction,2,1.0,0.8,23,mechanism_kmeans,0.026666666666666616,0.02189086462075004,1.0625474900773708e-06,0.013333333333333334
interaction,2,1.0,0.9,23,oracle_ols,0.040000000000000036,0.037665789359075635,2.3914766355236314e-10,1.0
interaction,2,1.0,0.9,23,oracle_gls,0.0,0.037665789359075635,2.3914766355236314e-10,0.96
interaction,2,1.0,0.9,23,lrdsr,0.1266666666666667,0.037665789359075635,2.3914766355236314e-10,0.11333333333333333
interaction,2,1.0,0.9,23,soft_em,0.053333333333333344,0.037665789359075635,2.3914766355236314e-10,0.05333333333333334
interaction,2,1.0,0.9,23,mechanism_kmeans,0.06000000000000005,0.037665789359075635,2.3914766355236314e-10,0.04666666666666667
interaction,2,1.0,0.95,23,oracle_ols,0.040000000000000036,0.039920301260851075,4.105957362565653e-17,1.0
interaction,2,1.0,0.95,23,oracle_gls,0.0,0.039920301260851075,4.105957362565653e-17,0.96
interaction,2,1.0,0.95,23,lrdsr,0.43333333333333335,0.039920301260851075,4.105957362565653e-17,0.54
interaction,2,1.0,0.95,23,soft_em,0.45333333333333337,0.039920301260851075,4.105957362565653e-17,0.52
interaction,2,1.0,0.95,23,mechanism_kmeans,0.45999999999999996,0.039920301260851075,4.105957362565653e-17,0.5133333333333333
interaction,2,0.1,0.0,42,oracle_ols,0.10666666666666669,0.1393661634227918,0.13936616342279176,1.0
interaction,2,0.1,0.0,42,oracle_gls,0.10666666666666669,0.1393661634227918,0.13936616342279176,1.0
interaction,2,0.1,0.0,42,lrdsr,0.12,0.1393661634227918,0.13936616342279176,0.05333333333333334
interaction,2,0.1,0.0,42,soft_em,0.11333333333333329,0.1393661634227918,0.13936616342279176,0.98
interaction,2,0.1,0.0,42,mechanism_kmeans,0.11333333333333329,0.1393661634227918,0.13936616342279176,0.98
interaction,2,0.1,0.3,42,oracle_ols,0.1266666666666667,0.16596566928017925,0.14246769866490192,1.0
interaction,2,0.1,0.3,42,oracle_gls,0.11333333333333329,0.16596566928017925,0.14246769866490192,0.92
interaction,2,0.1,0.3,42,lrdsr,0.15333333333333332,0.16596566928017925,0.14246769866490192,0.9333333333333333
interaction,2,0.1,0.3,42,soft_em,0.15333333333333332,0.16596566928017925,0.14246769866490192,0.06666666666666667
interaction,2,0.1,0.3,42,mechanism_kmeans,0.1466666666666666,0.16596566928017925,0.14246769866490192,0.06
interaction,2,0.1,0.6,42,oracle_ols,0.17333333333333334,0.20808771543474974,0.09764650685430216,1.0
interaction,2,0.1,0.6,42,oracle_gls,0.07999999999999996,0.20808771543474974,0.09764650685430216,0.8533333333333334
interaction,2,0.1,0.6,42,lrdsr,0.2666666666666667,0.20808771543474974,0.09764650685430216,0.17333333333333334
interaction,2,0.1,0.6,42,soft_em,0.32666666666666666,0.20808771543474974,0.09764650685430216,0.7666666666666667
interaction,2,0.1,0.6,42,mechanism_kmeans,0.30000000000000004,0.20808771543474974,0.09764650685430216,0.7933333333333333
interaction,2,0.1,0.8,42,oracle_ols,0.21999999999999997,0.25412612175514265,0.03642523216124404,1.0
interaction,2,0.1,0.8,42,oracle_gls,0.026666666666666616,0.25412612175514265,0.03642523216124404,0.7666666666666667
interaction,2,0.1,0.8,42,lrdsr,0.43999999999999995,0.25412612175514265,0.03642523216124404,0.32666666666666666
interaction,2,0.1,0.8,42,soft_em,0.3466666666666667,0.25412612175514265,0.03642523216124404,0.7666666666666667
interaction,2,0.1,0.8,42,mechanism_kmeans,0.3533333333333334,0.25412612175514265,0.03642523216124404,0.7866666666666666
interaction,2,0.1,0.9,42,oracle_ols,0.2666666666666667,0.28110816032440206,0.006662653812523882,1.0
interaction,2,0.1,0.9,42,oracle_gls,0.013333333333333308,0.28110816032440206,0.006662653812523882,0.72
interaction,2,0.1,0.9,42,lrdsr,0.4933333333333333,0.28110816032440206,0.006662653812523882,0.4533333333333333
interaction,2,0.1,0.9,42,soft_em,0.5,0.28110816032440206,0.006662653812523882,0.46
interaction,2,0.1,0.9,42,mechanism_kmeans,0.5,0.28110816032440206,0.006662653812523882,0.43333333333333335
interaction,2,0.1,0.95,42,oracle_ols,0.29333333333333333,0.28231643135710033,0.0004298466250218123,1.0
interaction,2,0.1,0.95,42,oracle_gls,0.0,0.28231643135710033,0.0004298466250218123,0.7066666666666667
interaction,2,0.1,0.95,42,lrdsr,0.4666666666666667,0.28231643135710033,0.0004298466250218123,0.5066666666666667
interaction,2,0.1,0.95,42,soft_em,0.44666666666666666,0.28231643135710033,0.0004298466250218123,0.5
interaction,2,0.1,0.95,42,mechanism_kmeans,0.45333333333333337,0.28231643135710033,0.0004298466250218123,0.48
interaction,2,0.25,0.0,42,oracle_ols,0.053333333333333344,0.045388969960042214,0.0453889699600422,1.0
interaction,2,0.25,0.0,42,oracle_gls,0.053333333333333344,0.045388969960042214,0.0453889699600422,1.0
interaction,2,0.25,0.0,42,lrdsr,0.053333333333333344,0.045388969960042214,0.0453889699600422,0.9866666666666667
interaction,2,0.25,0.0,42,soft_em,0.046666666666666634,0.045388969960042214,0.0453889699600422,0.006666666666666667
interaction,2,0.25,0.0,42,mechanism_kmeans,0.046666666666666634,0.045388969960042214,0.0453889699600422,0.006666666666666667
interaction,2,0.25,0.3,42,oracle_ols,0.06000000000000005,0.06433190531139125,0.0474326291987938,1.0
interaction,2,0.25,0.3,42,oracle_gls,0.06000000000000005,0.06433190531139125,0.0474326291987938,0.9733333333333334
interaction,2,0.25,0.3,42,lrdsr,0.046666666666666634,0.06433190531139125,0.0474326291987938,0.9866666666666667
interaction,2,0.25,0.3,42,soft_em,0.06000000000000005,0.06433190531139125,0.0474326291987938,0.02666666666666667
interaction,2,0.25,0.3,42,mechanism_kmeans,0.06666666666666665,0.06433190531139125,0.0474326291987938,0.02
interaction,2,0.25,0.6,42,oracle_ols,0.09333333333333338,0.10114741704934933,0.022714466506838882,1.0
interaction,2,0.25,0.6,42,oracle_gls,0.040000000000000036,0.10114741704934933,0.022714466506838882,0.9066666666666666
interaction,2,0.25,0.6,42,lrdsr,0.1266666666666667,0.10114741704934933,0.022714466506838882,0.04666666666666667
interaction,2,0.25,0.6,42,soft_em,0.1333333333333333,0.10114741704934933,0.022714466506838882,0.05333333333333334
interaction,2,0.25,0.6,42,mechanism_kmeans,0.1333333333333333,0.10114741704934933,0.022714466506838882,0.05333333333333334
interaction,2,0.25,0.8,42,oracle_ols,0.1333333333333333,0.14943803766682937,0.0033843221012478135,1.0
interaction,2,0.25,0.8,42,oracle_gls,0.00666666666666671,0.14943803766682937,0.0033843221012478135,0.86
interaction,2,0.25,0.8,42,lrdsr,0.2666666666666667,0.14943803766682937,0.0033843221012478135,0.14666666666666667
interaction,2,0.25,0.8,42,soft_em,0.28,0.14943803766682937,0.0033843221012478135,0.17333333333333334
interaction,2,0.25,0.8,42,mechanism_kmeans,0.28,0.14943803766682937,0.0033843221012478135,0.16
interaction,2,0.25,0.9,42,oracle_ols,0.17333333333333334,0.18126732366920514,0.00014273102100623,1.0
interaction,2,0.25,0.9,42,oracle_gls,0.0,0.18126732366920514,0.00014273102100623,0.8266666666666667
interaction,2,0.25,0.9,42,lrdsr,0.4866666666666667,0.18126732366920514,0.00014273102100623,0.5
interaction,2,0.25,0.9,42,soft_em,0.4933333333333333,0.18126732366920514,0.00014273102100623,0.52
interaction,2,0.25,0.9,42,mechanism_kmeans,0.4933333333333333,0.18126732366920514,0.00014273102100623,0.49333333333333335
interaction,2,0.25,0.95,42,oracle_ols,0.19333333333333336,0.183024847397211,9.695689053826863e-07,1.0
interaction,2,0.25,0.95,42,oracle_gls,0.0,0.183024847397211,9.695689053826863e-07,0.8066666666666666
interaction,2,0.25,0.95,42,lrdsr,0.45999999999999996,0.183024847397211,9.695689053826863e-07,0.52
interaction,2,0.25,0.95,42,soft_em,0.44666666666666666,0.183024847397211,9.695689053826863e-07,0.52
interaction,2,0.25,0.95,42,mechanism_kmeans,0.45333333333333337,0.183024847397211,9.695689053826863e-07,0.5133333333333333
interaction,2,1.0,0.0,42,oracle_ols,0.0,0.0006892737416367269,0.0006892737416367268,1.0
interaction,2,1.0,0.0,42,oracle_gls,0.0,0.0006892737416367269,0.0006892737416367268,1.0
interaction,2,1.0,0.0,42,lrdsr,0.0,0.0006892737416367269,0.0006892737416367268,1.0
interaction,2,1.0,0.0,42,soft_em,0.0,0.0006892737416367269,0.0006892737416367268,1.0
interaction,2,1.0,0.0,42,mechanism_kmeans,0.0,0.0006892737416367269,0.0006892737416367268,1.0
interaction,2,1.0,0.3,42,oracle_ols,0.0,0.0018188199895581255,0.0007627805382763332,1.0
interaction,2,1.0,0.3,42,oracle_gls,0.0,0.0018188199895581255,0.0007627805382763332,1.0
interaction,2,1.0,0.3,42,lrdsr,0.00666666666666671,0.0018188199895581255,0.0007627805382763332,0.9933333333333333
interaction,2,1.0,0.3,42,soft_em,0.00666666666666671,0.0018188199895581255,0.0007627805382763332,0.006666666666666667
interaction,2,1.0,0.3,42,mechanism_kmeans,0.013333333333333308,0.0018188199895581255,0.0007627805382763332,0.013333333333333334
interaction,2,1.0,0.6,42,oracle_ols,0.013333333333333308,0.007016097535724544,0.00011567708322810876,1.0
interaction,2,1.0,0.6,42,oracle_gls,0.0,0.007016097535724544,0.00011567708322810876,0.9866666666666667
interaction,2,1.0,0.6,42,lrdsr,0.013333333333333308,0.007016097535724544,0.00011567708322810876,0.0
interaction,2,1.0,0.6,42,soft_em,0.013333333333333308,0.007016097535724544,0.00011567708322810876,0.0
interaction,2,1.0,0.6,42,mechanism_kmeans,0.020000000000000018,0.007016097535724544,0.00011567708322810876,0.006666666666666667
interaction,2,1.0,0.8,42,oracle_ols,0.020000000000000018,0.022024318627609372,1.0205288559468022e-06,1.0
interaction,2,1.0,0.8,42,oracle_gls,0.0,0.022024318627609372,1.0205288559468022e-06,0.98
interaction,2,1.0,0.8,42,lrdsr,0.033333333333333326,0.022024318627609372,1.0205288559468022e-06,0.9866666666666667
interaction,2,1.0,0.8,42,soft_em,0.033333333333333326,0.022024318627609372,1.0205288559468022e-06,0.9866666666666667
interaction,2,1.0,0.8,42,mechanism_kmeans,0.040000000000000036,0.022024318627609372,1.0205288559468022e-06,0.98
interaction,2,1.0,0.9,42,oracle_ols,0.040000000000000036,0.038397567882043904,2.341639665691082e-10,1.0
interaction,2,1.0,0.9,42,oracle_gls,0.0,0.038397567882043904,2.341639665691082e-10,0.96
interaction,2,1.0,0.9,42,lrdsr,0.053333333333333344,0.038397567882043904,2.341639665691082e-10,0.02666666666666667
interaction,2,1.0,0.9,42,soft_em,0.046666666666666634,0.038397567882043904,2.341639665691082e-10,0.02
interaction,2,1.0,0.9,42,mechanism_kmeans,0.046666666666666634,0.038397567882043904,2.341639665691082e-10,0.02
interaction,2,1.0,0.95,42,oracle_ols,0.026666666666666616,0.04011050015226181,3.295800792442707e-17,1.0
interaction,2,1.0,0.95,42,oracle_gls,0.0,0.04011050015226181,3.295800792442707e-17,0.9733333333333334
interaction,2,1.0,0.95,42,lrdsr,0.44666666666666666,0.04011050015226181,3.295800792442707e-17,0.47333333333333333
interaction,2,1.0,0.95,42,soft_em,0.45333333333333337,0.04011050015226181,3.295800792442707e-17,0.48
interaction,2,1.0,0.95,42,mechanism_kmeans,0.43999999999999995,0.04011050015226181,3.295800792442707e-17,0.4666666666666667
damping,2,0.1,0.0,11,oracle_ols,0.1333333333333333,0.1393782965650905,0.1393782965650905,1.0
damping,2,0.1,0.0,11,oracle_gls,0.1333333333333333,0.1393782965650905,0.1393782965650905,1.0
damping,2,0.1,0.0,11,lrdsr,0.16666666666666663,0.1393782965650905,0.1393782965650905,0.94
damping,2,0.1,0.0,11,soft_em,0.16000000000000003,0.1393782965650905,0.1393782965650905,0.92
damping,2,0.1,0.0,11,mechanism_kmeans,0.16000000000000003,0.1393782965650905,0.1393782965650905,0.9733333333333334
damping,2,0.1,0.3,11,oracle_ols,0.21999999999999997,0.20688321973356097,0.20524847404379112,1.0
damping,2,0.1,0.3,11,oracle_gls,0.21999999999999997,0.20688321973356097,0.20524847404379112,0.9733333333333334
damping,2,0.1,0.3,11,lrdsr,0.2466666666666667,0.20688321973356097,0.20524847404379112,0.8666666666666667
damping,2,0.1,0.3,11,soft_em,0.24,0.20688321973356097,0.20524847404379112,0.86
damping,2,0.1,0.3,11,mechanism_kmeans,0.21333333333333337,0.20688321973356097,0.20524847404379112,0.9
damping,2,0.1,0.6,11,oracle_ols,0.30000000000000004,0.27546085413701105,0.2663528910754657,1.0
damping,2,0.1,0.6,11,oracle_gls,0.2866666666666666,0.27546085413701105,0.2663528910754657,0.8933333333333333
damping,2,0.1,0.6,11,lrdsr,0.42666666666666664,0.27546085413701105,0.2663528910754657,0.38
damping,2,0.1,0.6,11,soft_em,0.4866666666666667,0.27546085413701105,0.2663528910754657,0.4533333333333333
damping,2,0.1,0.6,11,mechanism_kmeans,0.4866666666666667,0.27546085413701105,0.2663528910754657,0.44
damping,2,0.1,0.8,11,oracle_ols,0.33333333333333337,0.3155825376778256,0.28947544010534737,1.0
damping,2,0.1,0.8,11,oracle_gls,0.28,0.3155825376778256,0.28947544010534737,0.84
damping,2,0.1,0.8,11,lrdsr,0.4666666666666667,0.3155825376778256,0.28947544010534737,0.41333333333333333
damping,2,0.1,0.8,11,soft_em,0.4866666666666667,0.3155825376778256,0.28947544010534737,0.44666666666666666
damping,2,0.1,0.8,11,mechanism_kmeans,0.4933333333333333,0.3155825376778256,0.28947544010534737,0.41333333333333333
damping,2,0.1,0.9,11,oracle_ols,0.33999999999999997,0.31793681264731455,0.26658881107030674,1.0
damping,2,0.1,0.9,11,oracle_gls,0.24,0.31793681264731455,0.26658881107030674,0.7666666666666667
damping,2,0.1,0.9,11,lrdsr,0.45333333333333337,0.31793681264731455,0.26658881107030674,0.6333333333333333
damping,2,0.1,0.9,11,soft_em,0.4933333333333333,0.31793681264731455,0.26658881107030674,0.5933333333333334
damping,2,0.1,0.9,11,mechanism_kmeans,0.4933333333333333,0.31793681264731455,0.26658881107030674,0.5933333333333334
damping,2,0.1,0.95,11,oracle_ols,0.30000000000000004,0.29297514649245293,0.2104044937576115,1.0
damping,2,0.1,0.95,11,oracle_gls,0.20666666666666667,0.29297514649245293,0.2104044937576115,0.7733333333333333
damping,2,0.1,0.95,11,lrdsr,0.42666666666666664,0.29297514649245293,0.2104044937576115,0.3933333333333333
damping,2,0.1,0.95,11,soft_em,0.43333333333333335,0.29297514649245293,0.2104044937576115,0.37333333333333335
damping,2,0.1,0.95,11,mechanism_kmeans,0.44666666666666666,0.29297514649245293,0.2104044937576115,0.38666666666666666
damping,2,0.25,0.0,11,oracle_ols,0.033333333333333326,0.04431643872846401,0.04431643872846402,1.0
damping,2,0.25,0.0,11,oracle_gls,0.033333333333333326,0.04431643872846401,0.04431643872846402,1.0
damping,2,0.25,0.0,11,lrdsr,0.06666666666666665,0.04431643872846401,0.04431643872846402,0.04666666666666667
damping,2,0.25,0.0,11,soft_em,0.040000000000000036,0.04431643872846401,0.04431643872846402,0.006666666666666667
damping,2,0.25,0.0,11,mechanism_kmeans,0.053333333333333344,0.04431643872846401,0.04431643872846402,0.02
damping,2,0.25,0.3,11,oracle_ols,0.07999999999999996,0.09881464232815519,0.09723981067257297,1.0
damping,2,0.25,0.3,11,oracle_gls,0.09333333333333338,0.09881464232815519,0.09723981067257297,0.9866666666666667
damping,2,0.25,0.3,11,lrdsr,0.11333333333333329,0.09881464232815519,0.09723981067257297,0.9533333333333334
damping,2,0.25,0.3,11,soft_em,0.09333333333333338,0.09881464232815519,0.09723981067257297,0.96
damping,2,0.25,0.3,11,mechanism_kmeans,0.10666666666666669,0.09881464232815519,0.09723981067257297,0.9466666666666667
damping,2,0.25,0.6,11,oracle_ols,0.1466666666666666,0.17318940978256414,0.16226897152385017,1.0
damping,2,0.25,0.6,11,oracle_gls,0.16666666666666663,0.17318940978256414,0.16226897152385017,0.9266666666666666
damping,2,0.25,0.6,11,lrdsr,0.21333333333333337,0.17318940978256414,0.16226897152385017,0.13333333333333333
damping,2,0.25,0.6,11,soft_em,0.20666666666666667,0.17318940978256414,0.16226897152385017,0.8333333333333334
damping,2,0.25,0.6,11,mechanism_kmeans,0.21999999999999997,0.17318940978256414,0.16226897152385017,0.8333333333333334
damping,2,0.25,0.8,11,oracle_ols,0.21999999999999997,0.224083645462871,0.19034722604276572,1.0
damping,2,0.25,0.8,11,oracle_gls,0.19333333333333336,0.224083645462871,0.19034722604276572,0.8533333333333334
damping,2,0.25,0.8,11,lrdsr,0.3666666666666667,0.224083645462871,0.19034722604276572,0.28
damping,2,0.25,0.8,11,soft_em,0.3466666666666667,0.224083645462871,0.19034722604276572,0.7266666666666667
damping,2,0.25,0.8,11,mechanism_kmeans,0.3466666666666667,0.224083645462871,0.19034722604276572,0.7666666666666667
damping,2,0.25,0.9,11,oracle_ols,0.23333333333333328,0.2272650096190074,0.16266198165723322,1.0
damping,2,0.25,0.9,11,oracle_gls,0.15333333333333332,0.2272650096190074,0.16266198165723322,0.84
damping,2,0.25,0.9,11,lrdsr,0.4066666666666666,0.2272650096190074,0.16266198165723322,0.6666666666666666
damping,2,0.25,0.9,11,soft_em,0.4733333333333334,0.2272650096190074,0.16266198165723322,0.38666666666666666
damping,2,0.25,0.9,11,mechanism_kmeans,0.48,0.2272650096190074,0.16266198165723322,0.38
damping,2,0.25,0.95,11,oracle_ols,0.19333333333333336,0.1951498425994166,0.10240467077102523,1.0
damping,2,0.25,0.95,11,oracle_gls,0.08666666666666667,0.1951498425994166,0.10240467077102523,0.8
damping,2,0.25,0.95,11,lrdsr,0.42666666666666664,0.1951498425994166,0.10240467077102523,0.6333333333333333
damping,2,0.25,0.95,11,soft_em,0.42666666666666664,0.1951498425994166,0.10240467077102523,0.6333333333333333
damping,2,0.25,0.95,11,mechanism_kmeans,0.44666666666666666,0.1951498425994166,0.10240467077102523,0.6266666666666667
damping,2,1.0,0.0,11,oracle_ols,0.0,0.00047114626516470034,0.0004711462651647006,1.0
damping,2,1.0,0.0,11,oracle_gls,0.0,0.00047114626516470034,0.0004711462651647006,1.0
damping,2,1.0,0.0,11,lrdsr,0.0,0.00047114626516470034,0.0004711462651647006,1.0
damping,2,1.0,0.0,11,soft_em,0.0,0.00047114626516470034,0.0004711462651647006,0.0
damping,2,1.0,0.0,11,mechanism_kmeans,0.0,0.00047114626516470034,0.0004711462651647006,0.0
damping,2,1.0,0.3,11,oracle_ols,0.0,0.005584933206767024,0.005295680136239075,1.0
damping,2,1.0,0.3,11,oracle_gls,0.0,0.005584933206767024,0.005295680136239075,1.0
damping,2,1.0,0.3,11,lrdsr,0.0,0.005584933206767024,0.005295680136239075,1.0
damping,2,1.0,0.3,11,soft_em,0.0,0.005584933206767024,0.005295680136239075,0.0
damping,2,1.0,0.3,11,mechanism_kmeans,0.0,0.005584933206767024,0.005295680136239075,0.0
damping,2,1.0,0.6,11,oracle_ols,0.020000000000000018,0.03074929488731508,0.025140699388293896,1.0
damping,2,1.0,0.6,11,oracle_gls,0.013333333333333308,0.03074929488731508,0.025140699388293896,0.9933333333333333
damping,2,1.0,0.6,11,lrdsr,0.020000000000000018,0.03074929488731508,0.025140699388293896,1.0
damping,2,1.0,0.6,11,soft_em,0.013333333333333308,0.03074929488731508,0.025140699388293896,0.9933333333333333
damping,2,1.0,0.6,11,mechanism_kmeans,0.013333333333333308,0.03074929488731508,0.025140699388293896,0.9933333333333333
damping,2,1.0,0.8,11,oracle_ols,0.046666666666666634,0.06542681051444026,0.04044094210273711,1.0
damping,2,1.0,0.8,11,oracle_gls,0.033333333333333326,0.06542681051444026,0.04044094210273711,0.9733333333333334
damping,2,1.0,0.8,11,lrdsr,0.046666666666666634,0.06542681051444026,0.04044094210273711,0.02666666666666667
damping,2,1.0,0.8,11,soft_em,0.033333333333333326,0.06542681051444026,0.04044094210273711,0.013333333333333334
damping,2,1.0,0.8,11,mechanism_kmeans,0.040000000000000036,0.06542681051444026,0.04044094210273711,0.02
damping,2,1.0,0.9,11,oracle_ols,0.033333333333333326,0.06835983249224768,0.025495071510318032,1.0
damping,2,1.0,0.9,11,oracle_gls,0.020000000000000018,0.06835983249224768,0.025495071510318032,0.96
damping,2,1.0,0.9,11,lrdsr,0.17333333333333334,0.06835983249224768,0.025495071510318032,0.15333333333333332
damping,2,1.0,0.9,11,soft_em,0.15333333333333332,0.06835983249224768,0.025495071510318032,0.13333333333333333
damping,2,1.0,0.9,11,mechanism_kmeans,0.16666666666666663,0.06835983249224768,0.025495071510318032,0.14666666666666667
damping,2,1.0,0.95,11,oracle_ols,0.026666666666666616,0.04500611745897248,0.006279980381435644,1.0
damping,2,1.0,0.95,11,oracle_gls,0.0,0.04500611745897248,0.006279980381435644,0.9733333333333334
damping,2,1.0,0.95,11,lrdsr,0.38,0.04500611745897248,0.006279980381435644,0.3933333333333333
damping,2,1.0,0.95,11,soft_em,0.3733333333333333,0.04500611745897248,0.006279980381435644,0.6133333333333333
damping,2,1.0,0.95,11,mechanism_kmeans,0.38,0.04500611745897248,0.006279980381435644,0.6066666666666667
damping,2,0.1,0.0,23,oracle_ols,0.1333333333333333,0.1384750529859921,0.13847505298599208,1.0
damping,2,0.1,0.0,23,oracle_gls,0.1333333333333333,0.1384750529859921,0.13847505298599208,1.0
damping,2,0.1,0.0,23,lrdsr,0.19999999999999996,0.1384750529859921,0.13847505298599208,0.9333333333333333
damping,2,0.1,0.0,23,soft_em,0.20666666666666667,0.1384750529859921,0.13847505298599208,0.12666666666666668
damping,2,0.1,0.0,23,mechanism_kmeans,0.15333333333333332,0.1384750529859921,0.13847505298599208,0.03333333333333333
damping,2,0.1,0.3,23,oracle_ols,0.20666666666666667,0.2059700112549136,0.20430888876085265,1.0
damping,2,0.1,0.3,23,oracle_gls,0.19333333333333336,0.2059700112549136,0.20430888876085265,0.9733333333333334
damping,2,0.1,0.3,23,lrdsr,0.2533333333333333,0.2059700112549136,0.20430888876085265,0.1
damping,2,0.1,0.3,23,soft_em,0.22666666666666668,0.2059700112549136,0.20430888876085265,0.9133333333333333
damping,2,0.1,0.3,23,mechanism_kmeans,0.22666666666666668,0.2059700112549136,0.20430888876085265,0.9133333333333333
damping,2,0.1,0.6,23,oracle_ols,0.29333333333333333,0.2746695196680879,0.26536653454860765,1.0
damping,2,0.1,0.6,23,oracle_gls,0.26,0.2746695196680879,0.26536653454860765,0.8866666666666667
damping,2,0.1,0.6,23,lrdsr,0.3866666666666667,0.2746695196680879,0.26536653454860765,0.37333333333333335
damping,2,0.1,0.6,23,soft_em,0.4066666666666666,0.2746695196680879,0.26536653454860765,0.42
damping,2,0.1,0.6,23,mechanism_kmeans,0.4066666666666666,0.2746695196680879,0.26536653454860765,0.4066666666666667
damping,2,0.1,0.8,23,oracle_ols,0.3533333333333334,0.3147497532736357,0.28819291679304143,1.0
damping,2,0.1,0.8,23,oracle_gls,0.30666666666666664,0.3147497532736357,0.28819291679304143,0.82
damping,2,0.1,0.8,23,lrdsr,0.4,0.3147497532736357,0.28819291679304143,0.6466666666666666
damping,2,0.1,0.8,23,soft_em,0.45333333333333337,0.3147497532736357,0.28819291679304143,0.6066666666666667
damping,2,0.1,0.8,23,mechanism_kmeans,0.4666666666666667,0.3147497532736357,0.28819291679304143,0.58
damping,2,0.1,0.9,23,oracle_ols,0.30666666666666664,0.31658912700495884,0.26481604108516893,1.0
damping,2,0.1,0.9,23,oracle_gls,0.26,0.31658912700495884,0.26481604108516893,0.7933333333333333
damping,2,0.1,0.9,23,lrdsr,0.44666666666666666,0.31658912700495884,0.26481604108516893,0.38
damping,2,0.1,0.9,23,soft_em,0.4733333333333334,0.31658912700495884,0.26481604108516893,0.62
damping,2,0.1,0.9,23,mechanism_kmeans,0.4733333333333334,0.31658912700495884,0.26481604108516893,0.62
damping,2,0.1,0.95,23,oracle_ols,0.2466666666666667,0.2908465854227574,0.2081846912181983,1.0
damping,2,0.1,0.95,23,oracle_gls,0.18666666666666665,0.2908465854227574,0.2081846912181983,0.8466666666666667
damping,2,0.1,0.95,23,lrdsr,0.43333333333333335,0.2908465854227574,0.2081846912181983,0.4
damping,2,0.1,0.95,23,soft_em,0.42666666666666664,0.2908465854227574,0.2081846912181983,0.58
damping,2,0.1,0.95,23,mechanism_kmeans,0.42666666666666664,0.2908465854227574,0.2081846912181983,0.58
damping,2,0.25,0.0,23,oracle_ols,0.046666666666666634,0.04375759334989504,0.04375759334989504,1.0
damping,2,0.25,0.0,23,oracle_gls,0.046666666666666634,0.04375759334989504,0.04375759334989504,1.0
damping,2,0.25,0.0,23,lrdsr,0.046666666666666634,0.04375759334989504,0.04375759334989504,0.02666666666666667
damping,2,0.25,0.0,23,soft_em,0.046666666666666634,0.04375759334989504,0.04375759334989504,0.02666666666666667
damping,2,0.25,0.0,23,mechanism_kmeans,0.06666666666666665,0.04375759334989504,0.04375759334989504,0.04666666666666667
damping,2,0.25,0.3,23,oracle_ols,0.08666666666666667,0.09797818311815563,0.09638526584257816,1.0
damping,2,0.25,0.3,23,oracle_gls,0.10666666666666669,0.09797818311815563,0.09638526584257816,0.98
damping,2,0.25,0.3,23,lrdsr,0.09999999999999998,0.09797818311815563,0.09638526584257816,0.02666666666666667
damping,2,0.25,0.3,23,soft_em,0.10666666666666669,0.09797818311815563,0.09638526584257816,0.03333333333333333
damping,2,0.25,0.3,23,mechanism_kmeans,0.10666666666666669,0.09797818311815563,0.09638526584257816,0.04666666666666667
damping,2,0.25,0.6,23,oracle_ols,0.17333333333333334,0.17225852693453556,0.1611310319752155,1.0
damping,2,0.25,0.6,23,oracle_gls,0.16666666666666663,0.17225852693453556,0.1611310319752155,0.94
damping,2,0.25,0.6,23,lrdsr,0.19333333333333336,0.17225852693453556,0.1611310319752155,0.9133333333333333
damping,2,0.25,0.6,23,soft_em,0.16000000000000003,0.17225852693453556,0.1611310319752155,0.05333333333333334
damping,2,0.25,0.6,23,mechanism_kmeans,0.17333333333333334,0.17225852693453556,0.1611310319752155,0.09333333333333334
damping,2,0.25,0.8,23,oracle_ols,0.21333333333333337,0.22299944873948419,0.18875726950329447,1.0
damping,2,0.25,0.8,23,oracle_gls,0.18666666666666665,0.22299944873948419,0.18875726950329447,0.8666666666666667
damping,2,0.25,0.8,23,lrdsr,0.38,0.22299944873948419,0.18875726950329447,0.6333333333333333
damping,2,0.25,0.8,23,soft_em,0.3866666666666667,0.22299944873948419,0.18875726950329447,0.6266666666666667
damping,2,0.25,0.8,23,mechanism_kmeans,0.36,0.22299944873948419,0.18875726950329447,0.6533333333333333
damping,2,0.25,0.9,23,oracle_ols,0.17333333333333334,0.22548651860669347,0.1606051322768068,1.0
damping,2,0.25,0.9,23,oracle_gls,0.15333333333333332,0.22548651860669347,0.1606051322768068,0.8733333333333333
damping,2,0.25,0.9,23,lrdsr,0.42666666666666664,0.22548651860669347,0.1606051322768068,0.64
damping,2,0.25,0.9,23,soft_em,0.45333333333333337,0.22548651860669347,0.1606051322768068,0.38666666666666666
damping,2,0.25,0.9,23,mechanism_kmeans,0.45333333333333337,0.22548651860669347,0.1606051322768068,0.38666666666666666
damping,2,0.25,0.95,23,oracle_ols,0.1466666666666666,0.19238625343909374,0.10033553228181812,1.0
damping,2,0.25,0.95,23,oracle_gls,0.10666666666666669,0.19238625343909374,0.10033553228181812,0.8533333333333334
damping,2,0.25,0.95,23,lrdsr,0.42666666666666664,0.19238625343909374,0.10033553228181812,0.6
damping,2,0.25,0.95,23,soft_em,0.42000000000000004,0.19238625343909374,0.10033553228181812,0.5933333333333334
damping,2,0.25,0.95,23,mechanism_kmeans,0.42000000000000004,0.19238625343909374,0.10033553228181812,0.5933333333333334
damping,2,1.0,0.0,23,oracle_ols,0.0,0.00045242136486401834,0.00045242136486401834,1.0
damping,2,1.0,0.0,23,oracle_gls,0.0,0.00045242136486401834,0.00045242136486401834,1.0
damping,2,1.0,0.0,23,lrdsr,0.0,0.00045242136486401834,0.00045242136486401834,0.0
damping,2,1.0,0.0,23,soft_em,0.0,0.00045242136486401834,0.00045242136486401834,0.0
damping,2,1.0,0.0,23,mechanism_kmeans,0.0,0.00045242136486401834,0.00045242136486401834,0.0
damping,2,1.0,0.3,23,oracle_ols,0.0,0.005453018364982685,0.005165958286189676,1.0
damping,2,1.0,0.3,23,oracle_gls,0.0,0.005453018364982685,0.005165958286189676,1.0
damping,2,1.0,0.3,23,lrdsr,0.0,0.005453018364982685,0.005165958286189676,0.0
damping,2,1.0,0.3,23,soft_em,0.0,0.005453018364982685,0.005165958286189676,0.0
damping,2,1.0,0.3,23,mechanism_kmeans,0.0,0.005453018364982685,0.005165958286189676,0.0
damping,2,1.0,0.6,23,oracle_ols,0.020000000000000018,0.030308147896091042,0.024650467097736026,1.0
damping,2,1.0,0.6,23,oracle_gls,0.00666666666666671,0.030308147896091042,0.024650467097736026,0.9733333333333334
damping,2,1.0,0.6,23,lrdsr,0.020000000000000018,0.030308147896091042,0.024650467097736026,0.013333333333333334
damping,2,1.0,0.6,23,soft_em,0.013333333333333308,0.030308147896091042,0.024650467097736026,0.006666666666666667
damping,2,1.0,0.6,23,mechanism_kmeans,0.020000000000000018,0.030308147896091042,0.024650467097736026,0.013333333333333334
damping,2,1.0,0.8,23,oracle_ols,0.046666666666666634,0.06460080765105396,0.03948516118433275,1.0
damping,2,1.0,0.8,23,oracle_gls,0.020000000000000018,0.06460080765105396,0.03948516118433275,0.96
damping,2,1.0,0.8,23,lrdsr,0.06666666666666665,0.06460080765105396,0.03948516118433275,0.02
damping,2,1.0,0.8,23,soft_em,0.06000000000000005,0.06460080765105396,0.03948516118433275,0.013333333333333334
damping,2,1.0,0.8,23,mechanism_kmeans,0.06000000000000005,0.06460080765105396,0.03948516118433275,0.013333333333333334
damping,2,1.0,0.9,23,oracle_ols,0.06666666666666665,0.06690971171482202,0.02461126593170876,1.0
damping,2,1.0,0.9,23,oracle_gls,0.0,0.06690971171482202,0.02461126593170876,0.9333333333333333
damping,2,1.0,0.9,23,lrdsr,0.09333333333333338,0.06690971171482202,0.02461126593170876,0.05333333333333334
damping,2,1.0,0.9,23,soft_em,0.07999999999999996,0.06690971171482202,0.02461126593170876,0.04
damping,2,1.0,0.9,23,mechanism_kmeans,0.09999999999999998,0.06690971171482202,0.02461126593170876,0.06
damping,2,1.0,0.95,23,oracle_ols,0.053333333333333344,0.04292464156023335,0.0059815768915942435,1.0
damping,2,1.0,0.95,23,oracle_gls,0.0,0.04292464156023335,0.0059815768915942435,0.9466666666666667
damping,2,1.0,0.95,23,lrdsr,0.3733333333333333,0.04292464156023335,0.0059815768915942435,0.6533333333333333
damping,2,1.0,0.95,23,soft_em,0.3733333333333333,0.04292464156023335,0.0059815768915942435,0.64
damping,2,1.0,0.95,23,mechanism_kmeans,0.3533333333333334,0.04292464156023335,0.0059815768915942435,0.6733333333333333
damping,2,0.1,0.0,42,oracle_ols,0.16000000000000003,0.13775830803312328,0.13775830803312328,1.0
damping,2,0.1,0.0,42,oracle_gls,0.16000000000000003,0.13775830803312328,0.13775830803312328,1.0
damping,2,0.1,0.0,42,lrdsr,0.18000000000000005,0.13775830803312328,0.13775830803312328,0.8733333333333333
damping,2,0.1,0.0,42,soft_em,0.17333333333333334,0.13775830803312328,0.13775830803312328,0.88
damping,2,0.1,0.0,42,mechanism_kmeans,0.17333333333333334,0.13775830803312328,0.13775830803312328,0.8666666666666667
damping,2,0.1,0.3,42,oracle_ols,0.2866666666666666,0.2051977376539505,0.2035523556745785,1.0
damping,2,0.1,0.3,42,oracle_gls,0.26,0.2051977376539505,0.2035523556745785,0.96
damping,2,0.1,0.3,42,lrdsr,0.22666666666666668,0.2051977376539505,0.2035523556745785,0.8333333333333334
damping,2,0.1,0.3,42,soft_em,0.21999999999999997,0.2051977376539505,0.2035523556745785,0.8533333333333334
damping,2,0.1,0.3,42,mechanism_kmeans,0.22666666666666668,0.2051977376539505,0.2035523556745785,0.8466666666666667
damping,2,0.1,0.6,42,oracle_ols,0.33333333333333337,0.27398174557711563,0.26471819641286737,1.0
damping,2,0.1,0.6,42,oracle_gls,0.31333333333333335,0.27398174557711563,0.26471819641286737,0.94
damping,2,0.1,0.6,42,lrdsr,0.30666666666666664,0.27398174557711563,0.26471819641286737,0.32
damping,2,0.1,0.6,42,soft_em,0.28,0.27398174557711563,0.26471819641286737,0.25333333333333335
damping,2,0.1,0.6,42,mechanism_kmeans,0.31333333333333335,0.27398174557711563,0.26471819641286737,0.34
damping,2,0.1,0.8,42,oracle_ols,0.31333333333333335,0.31422341854383573,0.2876268302226849,1.0
damping,2,0.1,0.8,42,oracle_gls,0.2866666666666666,0.31422341854383573,0.2876268302226849,0.8666666666666667
damping,2,0.1,0.8,42,lrdsr,0.31999999999999995,0.31422341854383573,0.2876268302226849,0.31333333333333335
damping,2,0.1,0.8,42,soft_em,0.31999999999999995,0.31422341854383573,0.2876268302226849,0.6866666666666666
damping,2,0.1,0.8,42,mechanism_kmeans,0.33333333333333337,0.31422341854383573,0.2876268302226849,0.6866666666666666
damping,2,0.1,0.9,42,oracle_ols,0.26,0.31599104407456385,0.26418510447019367,1.0
damping,2,0.1,0.9,42,oracle_gls,0.23333333333333328,0.31599104407456385,0.26418510447019367,0.8133333333333334
damping,2,0.1,0.9,42,lrdsr,0.38,0.31599104407456385,0.26418510447019367,0.3333333333333333
damping,2,0.1,0.9,42,soft_em,0.3933333333333333,0.31599104407456385,0.26418510447019367,0.6533333333333333
damping,2,0.1,0.9,42,mechanism_kmeans,0.3533333333333334,0.31599104407456385,0.26418510447019367,0.6666666666666666
damping,2,0.1,0.95,42,oracle_ols,0.17333333333333334,0.2890954587465369,0.2074254842910798,1.0
damping,2,0.1,0.95,42,oracle_gls,0.17333333333333334,0.2890954587465369,0.2074254842910798,0.84
damping,2,0.1,0.95,42,lrdsr,0.41333333333333333,0.2890954587465369,0.2074254842910798,0.38666666666666666
damping,2,0.1,0.95,42,soft_em,0.41333333333333333,0.2890954587465369,0.2074254842910798,0.6133333333333333
damping,2,0.1,0.95,42,mechanism_kmeans,0.41333333333333333,0.2890954587465369,0.2074254842910798,0.6133333333333333
damping,2,0.25,0.0,42,oracle_ols,0.033333333333333326,0.04349503325471589,0.043495033254715904,1.0
damping,2,0.25,0.0,42,oracle_gls,0.033333333333333326,0.04349503325471589,0.043495033254715904,1.0
damping,2,0.25,0.0,42,lrdsr,0.06000000000000005,0.04349503325471589,0.043495033254715904,0.05333333333333334
damping,2,0.25,0.0,42,soft_em,0.040000000000000036,0.04349503325471589,0.043495033254715904,0.98
damping,2,0.25,0.0,42,mechanism_kmeans,0.033333333333333326,0.04349503325471589,0.043495033254715904,0.9733333333333334
damping,2,0.25,0.3,42,oracle_ols,0.07333333333333336,0.09739739410542272,0.09582351226175491,1.0
damping,2,0.25,0.3,42,oracle_gls,0.07999999999999996,0.09739739410542272,0.09582351226175491,0.98
damping,2,0.25,0.3,42,lrdsr,0.09999999999999998,0.09739739410542272,0.09582351226175491,0.06666666666666667
damping,2,0.25,0.3,42,soft_em,0.07999999999999996,0.09739739410542272,0.09582351226175491,0.04666666666666667
damping,2,0.25,0.3,42,mechanism_kmeans,0.07999999999999996,0.09739739410542272,0.09582351226175491,0.04666666666666667
damping,2,0.25,0.6,42,oracle_ols,0.16000000000000003,0.17150394811550002,0.16044816131462258,1.0
damping,2,0.25,0.6,42,oracle_gls,0.18000000000000005,0.17150394811550002,0.16044816131462258,0.9133333333333333
damping,2,0.25,0.6,42,lrdsr,0.18000000000000005,0.17150394811550002,0.16044816131462258,0.11333333333333333
damping,2,0.25,0.6,42,soft_em,0.18666666666666665,0.17150394811550002,0.16044816131462258,0.10666666666666667
damping,2,0.25,0.6,42,mechanism_kmeans,0.16666666666666663,0.17150394811550002,0.16044816131462258,0.11333333333333333
damping,2,0.25,0.8,42,oracle_ols,0.19999999999999996,0.22233333581280404,0.1880956272868769,1.0
damping,2,0.25,0.8,42,oracle_gls,0.20666666666666667,0.22233333581280404,0.1880956272868769,0.8733333333333333
damping,2,0.25,0.8,42,lrdsr,0.2866666666666666,0.22233333581280404,0.1880956272868769,0.26
damping,2,0.25,0.8,42,soft_em,0.2866666666666666,0.22233333581280404,0.1880956272868769,0.24666666666666667
damping,2,0.25,0.8,42,mechanism_kmeans,0.2866666666666666,0.22233333581280404,0.1880956272868769,0.26
damping,2,0.25,0.9,42,oracle_ols,0.15333333333333332,0.22471745674420068,0.15991045216758357,1.0
damping,2,0.25,0.9,42,oracle_gls,0.14,0.22471745674420068,0.15991045216758357,0.8533333333333334
damping,2,0.25,0.9,42,lrdsr,0.31999999999999995,0.22471745674420068,0.15991045216758357,0.7266666666666667
damping,2,0.25,0.9,42,soft_em,0.33999999999999997,0.22471745674420068,0.15991045216758357,0.7066666666666667
damping,2,0.25,0.9,42,mechanism_kmeans,0.32666666666666666,0.22471745674420068,0.15991045216758357,0.7066666666666667
damping,2,0.25,0.95,42,oracle_ols,0.12,0.19027221192059351,0.09966435891999328,1.0
damping,2,0.25,0.95,42,oracle_gls,0.07333333333333336,0.19027221192059351,0.09966435891999328,0.8866666666666667
damping,2,0.25,0.95,42,lrdsr,0.4066666666666666,0.19027221192059351,0.09966435891999328,0.35333333333333333
damping,2,0.25,0.95,42,soft_em,0.41333333333333333,0.19027221192059351,0.09966435891999328,0.64
damping,2,0.25,0.95,42,mechanism_kmeans,0.41333333333333333,0.19027221192059351,0.09966435891999328,0.64
damping,2,1.0,0.0,42,oracle_ols,0.0,0.000475960067992737,0.00047596006799273746,1.0
damping,2,1.0,0.0,42,oracle_gls,0.0,0.000475960067992737,0.00047596006799273746,1.0
damping,2,1.0,0.0,42,lrdsr,0.0,0.000475960067992737,0.00047596006799273746,0.0
damping,2,1.0,0.0,42,soft_em,0.0,0.000475960067992737,0.00047596006799273746,0.0
damping,2,1.0,0.0,42,mechanism_kmeans,0.0,0.000475960067992737,0.00047596006799273746,0.0
damping,2,1.0,0.3,42,oracle_ols,0.0,0.0054882869108949005,0.005200829931352176,1.0
damping,2,1.0,0.3,42,oracle_gls,0.0,0.0054882869108949005,0.005200829931352176,1.0
damping,2,1.0,0.3,42,lrdsr,0.0,0.0054882869108949005,0.005200829931352176,0.0
damping,2,1.0,0.3,42,soft_em,0.0,0.0054882869108949005,0.005200829931352176,0.0
damping,2,1.0,0.3,42,mechanism_kmeans,0.0,0.0054882869108949005,0.005200829931352176,0.0
damping,2,1.0,0.6,42,oracle_ols,0.013333333333333308,0.030113526869106514,0.02451746420997992,1.0
damping,2,1.0,0.6,42,oracle_gls,0.00666666666666671,0.030113526869106514,0.02451746420997992,0.9933333333333333
damping,2,1.0,0.6,42,lrdsr,0.033333333333333326,0.030113526869106514,0.02451746420997992,0.02
damping,2,1.0,0.6,42,soft_em,0.026666666666666616,0.030113526869106514,0.02451746420997992,0.9866666666666667
damping,2,1.0,0.6,42,mechanism_kmeans,0.026666666666666616,0.030113526869106514,0.02451746420997992,0.9866666666666667
damping,2,1.0,0.8,42,oracle_ols,0.046666666666666634,0.06418453678211578,0.039214864697022914,1.0
damping,2,1.0,0.8,42,oracle_gls,0.026666666666666616,0.06418453678211578,0.039214864697022914,0.9533333333333334
damping,2,1.0,0.8,42,lrdsr,0.06000000000000005,0.06418453678211578,0.039214864697022914,0.9466666666666667
damping,2,1.0,0.8,42,soft_em,0.046666666666666634,0.06418453678211578,0.039214864697022914,0.96
damping,2,1.0,0.8,42,mechanism_kmeans,0.06000000000000005,0.06418453678211578,0.039214864697022914,0.9466666666666667
damping,2,1.0,0.9,42,oracle_ols,0.026666666666666616,0.06637948954388857,0.024392341932688383,1.0
damping,2,1.0,0.9,42,oracle_gls,0.026666666666666616,0.06637948954388857,0.024392341932688383,0.9466666666666667
damping,2,1.0,0.9,42,lrdsr,0.16000000000000003,0.06637948954388857,0.024392341932688383,0.13333333333333333
damping,2,1.0,0.9,42,soft_em,0.07333333333333336,0.06637948954388857,0.024392341932688383,0.9533333333333334
damping,2,1.0,0.9,42,mechanism_kmeans,0.08666666666666667,0.06637948954388857,0.024392341932688383,0.94
damping,2,1.0,0.95,42,oracle_ols,0.020000000000000018,0.04185030199747325,0.005908807617243154,1.0
damping,2,1.0,0.95,42,oracle_gls,0.0,0.04185030199747325,0.005908807617243154,0.98
damping,2,1.0,0.95,42,lrdsr,0.2866666666666666,0.04185030199747325,0.005908807617243154,0.26666666666666666
damping,2,1.0,0.95,42,soft_em,0.28,0.04185030199747325,0.005908807617243154,0.26
damping,2,1.0,0.95,42,mechanism_kmeans,0.28,0.04185030199747325,0.005908807617243154,0.26
power_exponent,2,0.1,0.0,11,oracle_ols,0.14,0.13842950188557404,0.13842950188557407,1.0
power_exponent,2,0.1,0.0,11,oracle_gls,0.14,0.13842950188557404,0.13842950188557407,1.0
power_exponent,2,0.1,0.0,11,lrdsr,0.14,0.13842950188557404,0.13842950188557407,0.96
power_exponent,2,0.1,0.0,11,soft_em,0.1333333333333333,0.13842950188557404,0.13842950188557407,0.9666666666666667
power_exponent,2,0.1,0.0,11,mechanism_kmeans,0.16000000000000003,0.13842950188557404,0.13842950188557407,0.9266666666666666
power_exponent,2,0.1,0.3,11,oracle_ols,0.22666666666666668,0.20725341611740902,0.20592647855822102,1.0
power_exponent,2,0.1,0.3,11,oracle_gls,0.21999999999999997,0.20725341611740902,0.20592647855822102,0.9666666666666667
power_exponent,2,0.1,0.3,11,lrdsr,0.20666666666666667,0.20725341611740902,0.20592647855822102,0.9133333333333333
power_exponent,2,0.1,0.3,11,soft_em,0.21333333333333337,0.20725341611740902,0.20592647855822102,0.09333333333333334
power_exponent,2,0.1,0.3,11,mechanism_kmeans,0.20666666666666667,0.20725341611740902,0.20592647855822102,0.1
power_exponent,2,0.1,0.6,11,oracle_ols,0.29333333333333333,0.2818287527358574,0.2755049723452528,1.0
power_exponent,2,0.1,0.6,11,oracle_gls,0.2733333333333333,0.2818287527358574,0.2755049723452528,0.9666666666666667
power_exponent,2,0.1,0.6,11,lrdsr,0.30666666666666664,0.2818287527358574,0.2755049723452528,0.09333333333333334
power_exponent,2,0.1,0.6,11,soft_em,0.2866666666666666,0.2818287527358574,0.2755049723452528,0.1
power_exponent,2,0.1,0.6,11,mechanism_kmeans,0.30000000000000004,0.2818287527358574,0.2755049723452528,0.1
power_exponent,2,0.1,0.8,11,oracle_ols,0.33999999999999997,0.3391006238405831,0.32355287678072336,1.0
power_exponent,2,0.1,0.8,11,oracle_gls,0.32666666666666666,0.3391006238405831,0.32355287678072336,0.92
power_exponent,2,0.1,0.8,11,lrdsr,0.3533333333333334,0.3391006238405831,0.32355287678072336,0.13333333333333333
power_exponent,2,0.1,0.8,11,soft_em,0.3533333333333334,0.3391006238405831,0.32355287678072336,0.12
power_exponent,2,0.1,0.8,11,mechanism_kmeans,0.3666666666666667,0.3391006238405831,0.32355287678072336,0.12
power_exponent,2,0.1,0.9,11,oracle_ols,0.4066666666666666,0.3723644883187048,0.3428486068762848,1.0
power_exponent,2,0.1,0.9,11,oracle_gls,0.36,0.3723644883187048,0.3428486068762848,0.8333333333333334
power_exponent,2,0.1,0.9,11,lrdsr,0.3666666666666667,0.3723644883187048,0.3428486068762848,0.8
power_exponent,2,0.1,0.9,11,soft_em,0.3466666666666667,0.3723644883187048,0.3428486068762848,0.19333333333333333
power_exponent,2,0.1,0.9,11,mechanism_kmeans,0.3466666666666667,0.3723644883187048,0.3428486068762848,0.19333333333333333
power_exponent,2,0.1,0.95,11,oracle_ols,0.36,0.3905210023504782,0.33855559639089244,1.0
power_exponent,2,0.1,0.95,11,oracle_gls,0.33333333333333337,0.3905210023504782,0.33855559639089244,0.7466666666666667
power_exponent,2,0.1,0.95,11,lrdsr,0.4666666666666667,0.3905210023504782,0.33855559639089244,0.7866666666666666
power_exponent,2,0.1,0.95,11,soft_em,0.45333333333333337,0.3905210023504782,0.33855559639089244,0.18666666666666668
power_exponent,2,0.1,0.95,11,mechanism_kmeans,0.45999999999999996,0.3905210023504782,0.33855559639089244,0.20666666666666667
power_exponent,2,0.25,0.0,11,oracle_ols,0.00666666666666671,0.04419243940015316,0.04419243940015316,1.0
power_exponent,2,0.25,0.0,11,oracle_gls,0.00666666666666671,0.04419243940015316,0.04419243940015316,1.0
power_exponent,2,0.25,0.0,11,lrdsr,0.020000000000000018,0.04419243940015316,0.04419243940015316,0.9866666666666667
power_exponent,2,0.25,0.0,11,soft_em,0.020000000000000018,0.04419243940015316,0.04419243940015316,0.9866666666666667
power_exponent,2,0.25,0.0,11,mechanism_kmeans,0.013333333333333308,0.04419243940015316,0.04419243940015316,0.9933333333333333
power_exponent,2,0.25,0.3,11,oracle_ols,0.08666666666666667,0.09956481981019669,0.09827951926997038,1.0
power_exponent,2,0.25,0.3,11,oracle_gls,0.06666666666666665,0.09956481981019669,0.09827951926997038,0.9666666666666667
power_exponent,2,0.25,0.3,11,lrdsr,0.12,0.09956481981019669,0.09827951926997038,0.04666666666666667
power_exponent,2,0.25,0.3,11,soft_em,0.09999999999999998,0.09956481981019669,0.09827951926997038,0.02666666666666667
power_exponent,2,0.25,0.3,11,mechanism_kmeans,0.09999999999999998,0.09956481981019669,0.09827951926997038,0.04
power_exponent,2,0.25,0.6,11,oracle_ols,0.17333333333333334,0.18114995098871725,0.17339195053143266,1.0
power_exponent,2,0.25,0.6,11,oracle_gls,0.18000000000000005,0.18114995098871725,0.17339195053143266,0.9533333333333334
power_exponent,2,0.25,0.6,11,lrdsr,0.19333333333333336,0.18114995098871725,0.17339195053143266,0.06
power_exponent,2,0.25,0.6,11,soft_em,0.20666666666666667,0.18114995098871725,0.17339195053143266,0.1
power_exponent,2,0.25,0.6,11,mechanism_kmeans,0.21999999999999997,0.18114995098871725,0.17339195053143266,0.11333333333333333
power_exponent,2,0.25,0.8,11,oracle_ols,0.24,0.25610608326356177,0.23475252177676167,1.0
power_exponent,2,0.25,0.8,11,oracle_gls,0.2533333333333333,0.25610608326356177,0.23475252177676167,0.8933333333333333
power_exponent,2,0.25,0.8,11,lrdsr,0.2866666666666666,0.25610608326356177,0.23475252177676167,0.8466666666666667
power_exponent,2,0.25,0.8,11,soft_em,0.28,0.25610608326356177,0.23475252177676167,0.8533333333333334
power_exponent,2,0.25,0.8,11,mechanism_kmeans,0.29333333333333333,0.25610608326356177,0.23475252177676167,0.8133333333333334
power_exponent,2,0.25,0.9,11,oracle_ols,0.2866666666666666,0.30344082417065754,0.26119194259840517,1.0
power_exponent,2,0.25,0.9,11,oracle_gls,0.2866666666666666,0.30344082417065754,0.26119194259840517,0.84
power_exponent,2,0.25,0.9,11,lrdsr,0.33333333333333337,0.30344082417065754,0.26119194259840517,0.20666666666666667
power_exponent,2,0.25,0.9,11,soft_em,0.31333333333333335,0.30344082417065754,0.26119194259840517,0.17333333333333334
power_exponent,2,0.25,0.9,11,mechanism_kmeans,0.31999999999999995,0.30344082417065754,0.26119194259840517,0.18
power_exponent,2,0.25,0.95,11,oracle_ols,0.30666666666666664,0.33021388838740007,0.25523142720226766,1.0
power_exponent,2,0.25,0.95,11,oracle_gls,0.2866666666666666,0.33021388838740007,0.25523142720226766,0.7266666666666667
power_exponent,2,0.25,0.95,11,lrdsr,0.45333333333333337,0.33021388838740007,0.25523142720226766,0.21333333333333335
power_exponent,2,0.25,0.95,11,soft_em,0.43999999999999995,0.33021388838740007,0.25523142720226766,0.17333333333333334
power_exponent,2,0.25,0.95,11,mechanism_kmeans,0.44666666666666666,0.33021388838740007,0.25523142720226766,0.19333333333333333
power_exponent,2,1.0,0.0,11,oracle_ols,0.0,0.0005290407816622132,0.0005290407816622132,1.0
power_exponent,2,1.0,0.0,11,oracle_gls,0.0,0.0005290407816622132,0.0005290407816622132,1.0
power_exponent,2,1.0,0.0,11,lrdsr,0.0,0.0005290407816622132,0.0005290407816622132,0.0
power_exponent,2,1.0,0.0,11,soft_em,0.0,0.0005290407816622132,0.0005290407816622132,0.0
power_exponent,2,1.0,0.0,11,mechanism_kmeans,0.0,0.0005290407816622132,0.0005290407816622132,0.0
power_exponent,2,1.0,0.3,11,oracle_ols,0.0,0.006033108265812647,0.005781062461870698,1.0
power_exponent,2,1.0,0.3,11,oracle_gls,0.0,0.006033108265812647,0.005781062461870698,1.0
power_exponent,2,1.0,0.3,11,lrdsr,0.0,0.006033108265812647,0.005781062461870698,0.0
power_exponent,2,1.0,0.3,11,soft_em,0.0,0.006033108265812647,0.005781062461870698,1.0
power_exponent,2,1.0,0.3,11,mechanism_kmeans,0.0,0.006033108265812647,0.005781062461870698,1.0
power_exponent,2,1.0,0.6,11,oracle_ols,0.013333333333333308,0.03573094480361605,0.0312315232301284,1.0
power_exponent,2,1.0,0.6,11,oracle_gls,0.0,0.03573094480361605,0.0312315232301284,0.9866666666666667
power_exponent,2,1.0,0.6,11,lrdsr,0.013333333333333308,0.03573094480361605,0.0312315232301284,1.0
power_exponent,2,1.0,0.6,11,soft_em,0.00666666666666671,0.03573094480361605,0.0312315232301284,0.9933333333333333
power_exponent,2,1.0,0.6,11,mechanism_kmeans,0.00666666666666671,0.03573094480361605,0.0312315232301284,0.9933333333333333
power_exponent,2,1.0,0.8,11,oracle_ols,0.07333333333333336,0.09605745918016813,0.0747709669072812,1.0
power_exponent,2,1.0,0.8,11,oracle_gls,0.040000000000000036,0.09605745918016813,0.0747709669072812,0.9666666666666667
power_exponent,2,1.0,0.8,11,lrdsr,0.07999999999999996,0.09605745918016813,0.0747709669072812,0.98
power_exponent,2,1.0,0.8,11,soft_em,0.07999999999999996,0.09605745918016813,0.0747709669072812,0.02
power_exponent,2,1.0,0.8,11,mechanism_kmeans,0.07999999999999996,0.09605745918016813,0.0747709669072812,0.02
power_exponent,2,1.0,0.9,11,oracle_ols,0.11333333333333329,0.1523969442449659,0.10077127972593902,1.0
power_exponent,2,1.0,0.9,11,oracle_gls,0.07999999999999996,0.1523969442449659,0.10077127972593902,0.8866666666666667
power_exponent,2,1.0,0.9,11,lrdsr,0.1466666666666666,0.1523969442449659,0.10077127972593902,0.9666666666666667
power_exponent,2,1.0,0.9,11,soft_em,0.1466666666666666,0.1523969442449659,0.10077127972593902,0.03333333333333333
power_exponent,2,1.0,0.9,11,mechanism_kmeans,0.14,0.1523969442449659,0.10077127972593902,0.02666666666666667
power_exponent,2,1.0,0.95,11,oracle_ols,0.18666666666666665,0.1902671200439985,0.09452275500996142,1.0
power_exponent,2,1.0,0.95,11,oracle_gls,0.07333333333333336,0.1902671200439985,0.09452275500996142,0.8066666666666666
power_exponent,2,1.0,0.95,11,lrdsr,0.22666666666666668,0.1902671200439985,0.09452275500996142,0.12
power_exponent,2,1.0,0.95,11,soft_em,0.21999999999999997,0.1902671200439985,0.09452275500996142,0.1
power_exponent,2,1.0,0.95,11,mechanism_kmeans,0.21999999999999997,0.1902671200439985,0.09452275500996142,0.1
power_exponent,2,0.1,0.0,23,oracle_ols,0.10666666666666669,0.14032131300169803,0.14032131300169803,1.0
power_exponent,2,0.1,0.0,23,oracle_gls,0.10666666666666669,0.14032131300169803,0.14032131300169803,1.0
power_exponent,2,0.1,0.0,23,lrdsr,0.1266666666666667,0.14032131300169803,0.14032131300169803,0.03333333333333333
power_exponent,2,0.1,0.0,23,soft_em,0.11333333333333329,0.14032131300169803,0.14032131300169803,0.03333333333333333
power_exponent,2,0.1,0.0,23,mechanism_kmeans,0.1266666666666667,0.14032131300169803,0.14032131300169803,0.02
power_exponent,2,0.1,0.3,23,oracle_ols,0.16000000000000003,0.2091139371742885,0.20779341452658495,1.0
power_exponent,2,0.1,0.3,23,oracle_gls,0.15333333333333332,0.2091139371742885,0.20779341452658495,0.9933333333333333
power_exponent,2,0.1,0.3,23,lrdsr,0.15333333333333332,0.2091139371742885,0.20779341452658495,0.02
power_exponent,2,0.1,0.3,23,soft_em,0.18666666666666665,0.2091139371742885,0.20779341452658495,0.9466666666666667
power_exponent,2,0.1,0.3,23,mechanism_kmeans,0.18000000000000005,0.2091139371742885,0.20779341452658495,0.9533333333333334
power_exponent,2,0.1,0.6,23,oracle_ols,0.24,0.28344236894813696,0.2771436048924526,1.0
power_exponent,2,0.1,0.6,23,oracle_gls,0.22666666666666668,0.28344236894813696,0.2771436048924526,0.96
power_exponent,2,0.1,0.6,23,lrdsr,0.29333333333333333,0.28344236894813696,0.2771436048924526,0.8666666666666667
power_exponent,2,0.1,0.6,23,soft_em,0.28,0.28344236894813696,0.2771436048924526,0.8933333333333333
power_exponent,2,0.1,0.6,23,mechanism_kmeans,0.28,0.28344236894813696,0.2771436048924526,0.88
power_exponent,2,0.1,0.8,23,oracle_ols,0.32666666666666666,0.34049327985764943,0.32500398816094855,1.0
power_exponent,2,0.1,0.8,23,oracle_gls,0.2733333333333333,0.34049327985764943,0.32500398816094855,0.9066666666666666
power_exponent,2,0.1,0.8,23,lrdsr,0.33333333333333337,0.34049327985764943,0.32500398816094855,0.06
power_exponent,2,0.1,0.8,23,soft_em,0.32666666666666666,0.34049327985764943,0.32500398816094855,0.9333333333333333
power_exponent,2,0.1,0.8,23,mechanism_kmeans,0.31999999999999995,0.34049327985764943,0.32500398816094855,0.9
power_exponent,2,0.1,0.9,23,oracle_ols,0.32666666666666666,0.37364550446778555,0.3443197251728314,1.0
power_exponent,2,0.1,0.9,23,oracle_gls,0.2866666666666666,0.37364550446778555,0.3443197251728314,0.84
power_exponent,2,0.1,0.9,23,lrdsr,0.3866666666666667,0.37364550446778555,0.3443197251728314,0.8066666666666666
power_exponent,2,0.1,0.9,23,soft_em,0.38,0.37364550446778555,0.3443197251728314,0.17333333333333334
power_exponent,2,0.1,0.9,23,mechanism_kmeans,0.38,0.37364550446778555,0.3443197251728314,0.17333333333333334
power_exponent,2,0.1,0.95,23,oracle_ols,0.3466666666666667,0.3917450449239686,0.3402734112798272,1.0
power_exponent,2,0.1,0.95,23,oracle_gls,0.28,0.3917450449239686,0.3402734112798272,0.7466666666666667
power_exponent,2,0.1,0.95,23,lrdsr,0.43333333333333335,0.3917450449239686,0.3402734112798272,0.18
power_exponent,2,0.1,0.95,23,soft_em,0.3933333333333333,0.3917450449239686,0.3402734112798272,0.18
power_exponent,2,0.1,0.95,23,mechanism_kmeans,0.3933333333333333,0.3917450449239686,0.3402734112798272,0.16666666666666666
power_exponent,2,0.25,0.0,23,oracle_ols,0.053333333333333344,0.045426276276015164,0.045426276276015164,1.0
power_exponent,2,0.25,0.0,23,oracle_gls,0.053333333333333344,0.045426276276015164,0.045426276276015164,1.0
power_exponent,2,0.25,0.0,23,lrdsr,0.06000000000000005,0.045426276276015164,0.045426276276015164,0.9933333333333333
power_exponent,2,0.25,0.0,23,soft_em,0.06000000000000005,0.045426276276015164,0.045426276276015164,0.006666666666666667
power_exponent,2,0.25,0.0,23,mechanism_kmeans,0.040000000000000036,0.045426276276015164,0.045426276276015164,0.013333333333333334
power_exponent,2,0.25,0.3,23,oracle_ols,0.08666666666666667,0.10134752766809837,0.10005782589738177,1.0
power_exponent,2,0.25,0.3,23,oracle_gls,0.09333333333333338,0.10134752766809837,0.10005782589738177,0.98
power_exponent,2,0.25,0.3,23,lrdsr,0.08666666666666667,0.10134752766809837,0.10005782589738177,1.0
power_exponent,2,0.25,0.3,23,soft_em,0.08666666666666667,0.10134752766809837,0.10005782589738177,0.9866666666666667
power_exponent,2,0.25,0.3,23,mechanism_kmeans,0.08666666666666667,0.10134752766809837,0.10005782589738177,1.0
power_exponent,2,0.25,0.6,23,oracle_ols,0.1333333333333333,0.18313716969303726,0.17537758528980832,1.0
power_exponent,2,0.25,0.6,23,oracle_gls,0.1333333333333333,0.18313716969303726,0.17537758528980832,0.96
power_exponent,2,0.25,0.6,23,lrdsr,0.15333333333333332,0.18313716969303726,0.17537758528980832,0.9666666666666667
power_exponent,2,0.25,0.6,23,soft_em,0.14,0.18313716969303726,0.17537758528980832,0.03333333333333333
power_exponent,2,0.25,0.6,23,mechanism_kmeans,0.15333333333333332,0.18313716969303726,0.17537758528980832,0.03333333333333333
power_exponent,2,0.25,0.8,23,oracle_ols,0.20666666666666667,0.25804205722447715,0.23671942492510434,1.0
power_exponent,2,0.25,0.8,23,oracle_gls,0.19999999999999996,0.25804205722447715,0.23671942492510434,0.9133333333333333
power_exponent,2,0.25,0.8,23,lrdsr,0.2466666666666667,0.25804205722447715,0.23671942492510434,0.08
power_exponent,2,0.25,0.8,23,soft_em,0.2533333333333333,0.25804205722447715,0.23671942492510434,0.9133333333333333
power_exponent,2,0.25,0.8,23,mechanism_kmeans,0.2533333333333333,0.25804205722447715,0.23671942492510434,0.9133333333333333
power_exponent,2,0.25,0.9,23,oracle_ols,0.28,0.3053118010715438,0.26326218538647583,1.0
power_exponent,2,0.25,0.9,23,oracle_gls,0.23333333333333328,0.3053118010715438,0.26326218538647583,0.8333333333333334
power_exponent,2,0.25,0.9,23,lrdsr,0.30666666666666664,0.3053118010715438,0.26326218538647583,0.10666666666666667
power_exponent,2,0.25,0.9,23,soft_em,0.32666666666666666,0.3053118010715438,0.26326218538647583,0.8733333333333333
power_exponent,2,0.25,0.9,23,mechanism_kmeans,0.31999999999999995,0.3053118010715438,0.26326218538647583,0.88
power_exponent,2,0.25,0.95,23,oracle_ols,0.30000000000000004,0.33204052483858887,0.2576437098148219,1.0
power_exponent,2,0.25,0.95,23,oracle_gls,0.2466666666666667,0.33204052483858887,0.2576437098148219,0.7733333333333333
power_exponent,2,0.25,0.95,23,lrdsr,0.3866666666666667,0.33204052483858887,0.2576437098148219,0.16666666666666666
power_exponent,2,0.25,0.95,23,soft_em,0.3533333333333334,0.33204052483858887,0.2576437098148219,0.13333333333333333
power_exponent,2,0.25,0.95,23,mechanism_kmeans,0.3533333333333334,0.33204052483858887,0.2576437098148219,0.13333333333333333
power_exponent,2,1.0,0.0,23,oracle_ols,0.0,0.0005898312464921227,0.0005898312464921227,1.0
power_exponent,2,1.0,0.0,23,oracle_gls,0.0,0.0005898312464921227,0.0005898312464921227,1.0
power_exponent,2,1.0,0.0,23,lrdsr,0.0,0.0005898312464921227,0.0005898312464921227,0.0
power_exponent,2,1.0,0.0,23,soft_em,0.0,0.0005898312464921227,0.0005898312464921227,0.0
power_exponent,2,1.0,0.0,23,mechanism_kmeans,0.0,0.0005898312464921227,0.0005898312464921227,0.0
power_exponent,2,1.0,0.3,23,oracle_ols,0.0,0.006369426151493427,0.0061062879986656105,1.0
power_exponent,2,1.0,0.3,23,oracle_gls,0.0,0.006369426151493427,0.0061062879986656105,1.0
power_exponent,2,1.0,0.3,23,lrdsr,0.0,0.006369426151493427,0.0061062879986656105,0.0
power_exponent,2,1.0,0.3,23,soft_em,0.0,0.006369426151493427,0.0061062879986656105,0.0
power_exponent,2,1.0,0.3,23,mechanism_kmeans,0.0,0.006369426151493427,0.0061062879986656105,0.0
power_exponent,2,1.0,0.6,23,oracle_ols,0.033333333333333326,0.036893522861740136,0.032300158778846504,1.0
power_exponent,2,1.0,0.6,23,oracle_gls,0.020000000000000018,0.036893522861740136,0.032300158778846504,0.9866666666666667
power_exponent,2,1.0,0.6,23,lrdsr,0.026666666666666616,0.036893522861740136,0.032300158778846504,0.02
power_exponent,2,1.0,0.6,23,soft_em,0.033333333333333326,0.036893522861740136,0.032300158778846504,0.0
power_exponent,2,1.0,0.6,23,mechanism_kmeans,0.033333333333333326,0.036893522861740136,0.032300158778846504,0.0
power_exponent,2,1.0,0.8,23,oracle_ols,0.07999999999999996,0.09810046306365634,0.07659758783904862,1.0
power_exponent,2,1.0,0.8,23,oracle_gls,0.07333333333333336,0.09810046306365634,0.07659758783904862,0.9533333333333334
power_exponent,2,1.0,0.8,23,lrdsr,0.08666666666666667,0.09810046306365634,0.07659758783904862,0.98
power_exponent,2,1.0,0.8,23,soft_em,0.08666666666666667,0.09810046306365634,0.07659758783904862,0.9933333333333333
power_exponent,2,1.0,0.8,23,mechanism_kmeans,0.07999999999999996,0.09810046306365634,0.07659758783904862,0.9866666666666667
power_exponent,2,1.0,0.9,23,oracle_ols,0.1466666666666666,0.15491773238382228,0.10308669572450867,1.0
power_exponent,2,1.0,0.9,23,oracle_gls,0.09333333333333338,0.15491773238382228,0.10308669572450867,0.9066666666666666
power_exponent,2,1.0,0.9,23,lrdsr,0.18000000000000005,0.15491773238382228,0.10308669572450867,0.06
power_exponent,2,1.0,0.9,23,soft_em,0.17333333333333334,0.15491773238382228,0.10308669572450867,0.9466666666666667
power_exponent,2,1.0,0.9,23,mechanism_kmeans,0.17333333333333334,0.15491773238382228,0.10308669572450867,0.9466666666666667
power_exponent,2,1.0,0.95,23,oracle_ols,0.18000000000000005,0.1930056259881019,0.09719012821479749,1.0
power_exponent,2,1.0,0.95,23,oracle_gls,0.07333333333333336,0.1930056259881019,0.09719012821479749,0.8666666666666667
power_exponent,2,1.0,0.95,23,lrdsr,0.2666666666666667,0.1930056259881019,0.09719012821479749,0.11333333333333333
power_exponent,2,1.0,0.95,23,soft_em,0.2533333333333333,0.1930056259881019,0.09719012821479749,0.11333333333333333
power_exponent,2,1.0,0.95,23,mechanism_kmeans,0.26,0.1930056259881019,0.09719012821479749,0.12
power_exponent,2,0.1,0.0,42,oracle_ols,0.11333333333333329,0.13980735622684787,0.1398073562268479,1.0
power_exponent,2,0.1,0.0,42,oracle_gls,0.11333333333333329,0.13980735622684787,0.1398073562268479,1.0
power_exponent,2,0.1,0.0,42,lrdsr,0.12,0.13980735622684787,0.1398073562268479,0.94
power_exponent,2,0.1,0.0,42,soft_em,0.15333333333333332,0.13980735622684787,0.1398073562268479,0.05333333333333334
power_exponent,2,0.1,0.0,42,mechanism_kmeans,0.1466666666666666,0.13980735622684787,0.1398073562268479,0.04666666666666667
power_exponent,2,0.1,0.3,42,oracle_ols,0.18000000000000005,0.20866877555288085,0.20733403715493268,1.0
power_exponent,2,0.1,0.3,42,oracle_gls,0.15333333333333332,0.20866877555288085,0.20733403715493268,0.9733333333333334
power_exponent,2,0.1,0.3,42,lrdsr,0.18000000000000005,0.20866877555288085,0.20733403715493268,0.08
power_exponent,2,0.1,0.3,42,soft_em,0.19333333333333336,0.20866877555288085,0.20733403715493268,0.8933333333333333
power_exponent,2,0.1,0.3,42,mechanism_kmeans,0.19333333333333336,0.20866877555288085,0.20733403715493268,0.8933333333333333
power_exponent,2,0.1,0.6,42,oracle_ols,0.26,0.2831347194241905,0.2767854672349939,1.0
power_exponent,2,0.1,0.6,42,oracle_gls,0.24,0.2831347194241905,0.2767854672349939,0.9533333333333334
power_exponent,2,0.1,0.6,42,lrdsr,0.2533333333333333,0.2831347194241905,0.2767854672349939,0.86
power_exponent,2,0.1,0.6,42,soft_em,0.2466666666666667,0.2831347194241905,0.2767854672349939,0.84
power_exponent,2,0.1,0.6,42,mechanism_kmeans,0.23333333333333328,0.2831347194241905,0.2767854672349939,0.8533333333333334
power_exponent,2,0.1,0.8,42,oracle_ols,0.33333333333333337,0.3402757855080491,0.32474942698230463,1.0
power_exponent,2,0.1,0.8,42,oracle_gls,0.28,0.3402757855080491,0.32474942698230463,0.8666666666666667
power_exponent,2,0.1,0.8,42,lrdsr,0.4733333333333334,0.3402757855080491,0.32474942698230463,0.3
power_exponent,2,0.1,0.8,42,soft_em,0.44666666666666666,0.3402757855080491,0.32474942698230463,0.74
power_exponent,2,0.1,0.8,42,mechanism_kmeans,0.45999999999999996,0.3402757855080491,0.32474942698230463,0.74
power_exponent,2,0.1,0.9,42,oracle_ols,0.38,0.3734622264066873,0.3441592682809938,1.0
power_exponent,2,0.1,0.9,42,oracle_gls,0.28,0.3734622264066873,0.3441592682809938,0.8333333333333334
power_exponent,2,0.1,0.9,42,lrdsr,0.44666666666666666,0.3734622264066873,0.3441592682809938,0.7866666666666666
power_exponent,2,0.1,0.9,42,soft_em,0.45999999999999996,0.3734622264066873,0.3441592682809938,0.7733333333333333
power_exponent,2,0.1,0.9,42,mechanism_kmeans,0.45999999999999996,0.3734622264066873,0.3441592682809938,0.7733333333333333
power_exponent,2,0.1,0.95,42,oracle_ols,0.42000000000000004,0.39157609900324103,0.3402061428075415,1.0
power_exponent,2,0.1,0.95,42,oracle_gls,0.30666666666666664,0.39157609900324103,0.3402061428075415,0.7666666666666667
power_exponent,2,0.1,0.95,42,lrdsr,0.41333333333333333,0.39157609900324103,0.3402061428075415,0.18
power_exponent,2,0.1,0.95,42,soft_em,0.43999999999999995,0.39157609900324103,0.3402061428075415,0.8066666666666666
power_exponent,2,0.1,0.95,42,mechanism_kmeans,0.43333333333333335,0.39157609900324103,0.3402061428075415,0.8
power_exponent,2,0.25,0.0,42,oracle_ols,0.046666666666666634,0.04503342008304828,0.04503342008304827,1.0
power_exponent,2,0.25,0.0,42,oracle_gls,0.046666666666666634,0.04503342008304828,0.04503342008304827,1.0
power_exponent,2,0.25,0.0,42,lrdsr,0.06000000000000005,0.04503342008304828,0.04503342008304827,0.013333333333333334
power_exponent,2,0.25,0.0,42,soft_em,0.040000000000000036,0.04503342008304828,0.04503342008304827,0.9933333333333333
power_exponent,2,0.25,0.0,42,mechanism_kmeans,0.040000000000000036,0.04503342008304828,0.04503342008304827,0.9933333333333333
power_exponent,2,0.25,0.3,42,oracle_ols,0.09333333333333338,0.10086227425717932,0.09956273334341471,1.0
power_exponent,2,0.25,0.3,42,oracle_gls,0.08666666666666667,0.10086227425717932,0.09956273334341471,0.9666666666666667
power_exponent,2,0.25,0.3,42,lrdsr,0.08666666666666667,0.10086227425717932,0.09956273334341471,0.02
power_exponent,2,0.25,0.3,42,soft_em,0.09999999999999998,0.10086227425717932,0.09956273334341471,0.02
power_exponent,2,0.25,0.3,42,mechanism_kmeans,0.09333333333333338,0.10086227425717932,0.09956273334341471,0.02666666666666667
power_exponent,2,0.25,0.6,42,oracle_ols,0.16000000000000003,0.1827247914544525,0.1749119593205141,1.0
power_exponent,2,0.25,0.6,42,oracle_gls,0.1333333333333333,0.1827247914544525,0.1749119593205141,0.96
power_exponent,2,0.25,0.6,42,lrdsr,0.18000000000000005,0.1827247914544525,0.1749119593205141,0.08666666666666667
power_exponent,2,0.25,0.6,42,soft_em,0.18000000000000005,0.1827247914544525,0.1749119593205141,0.08666666666666667
power_exponent,2,0.25,0.6,42,mechanism_kmeans,0.17333333333333334,0.1827247914544525,0.1749119593205141,0.09333333333333334
power_exponent,2,0.25,0.8,42,oracle_ols,0.24,0.25772413833165675,0.23636052818894748,1.0
power_exponent,2,0.25,0.8,42,oracle_gls,0.21333333333333337,0.25772413833165675,0.23636052818894748,0.9066666666666666
power_exponent,2,0.25,0.8,42,lrdsr,0.31999999999999995,0.25772413833165675,0.23636052818894748,0.8533333333333334
power_exponent,2,0.25,0.8,42,soft_em,0.30666666666666664,0.25772413833165675,0.23636052818894748,0.88
power_exponent,2,0.25,0.8,42,mechanism_kmeans,0.30666666666666664,0.25772413833165675,0.23636052818894748,0.88
power_exponent,2,0.25,0.9,42,oracle_ols,0.31333333333333335,0.3050336756388285,0.26302491322434973,1.0
power_exponent,2,0.25,0.9,42,oracle_gls,0.22666666666666668,0.3050336756388285,0.26302491322434973,0.8466666666666667
power_exponent,2,0.25,0.9,42,lrdsr,0.3933333333333333,0.3050336756388285,0.26302491322434973,0.24
power_exponent,2,0.25,0.9,42,soft_em,0.4066666666666666,0.3050336756388285,0.26302491322434973,0.22666666666666666
power_exponent,2,0.25,0.9,42,mechanism_kmeans,0.4,0.3050336756388285,0.26302491322434973,0.22
power_exponent,2,0.25,0.95,42,oracle_ols,0.3533333333333334,0.3317790983395336,0.2575261161345795,1.0
power_exponent,2,0.25,0.95,42,oracle_gls,0.21333333333333337,0.3317790983395336,0.2575261161345795,0.78
power_exponent,2,0.25,0.95,42,lrdsr,0.38,0.3317790983395336,0.2575261161345795,0.8266666666666667
power_exponent,2,0.25,0.95,42,soft_em,0.38,0.3317790983395336,0.2575261161345795,0.8266666666666667
power_exponent,2,0.25,0.95,42,mechanism_kmeans,0.3733333333333333,0.3317790983395336,0.2575261161345795,0.82
power_exponent,2,1.0,0.0,42,oracle_ols,0.0,0.0005728624677635483,0.0005728624677635482,1.0
power_exponent,2,1.0,0.0,42,oracle_gls,0.0,0.0005728624677635483,0.0005728624677635482,1.0
power_exponent,2,1.0,0.0,42,lrdsr,0.0,0.0005728624677635483,0.0005728624677635482,0.0
power_exponent,2,1.0,0.0,42,soft_em,0.0,0.0005728624677635483,0.0005728624677635482,0.0
power_exponent,2,1.0,0.0,42,mechanism_kmeans,0.0,0.0005728624677635483,0.0005728624677635482,0.0
power_exponent,2,1.0,0.3,42,oracle_ols,0.013333333333333308,0.00625628151022147,0.005995304478942084,1.0
power_exponent,2,1.0,0.3,42,oracle_gls,0.020000000000000018,0.00625628151022147,0.005995304478942084,0.9933333333333333
power_exponent,2,1.0,0.3,42,lrdsr,0.013333333333333308,0.00625628151022147,0.005995304478942084,0.0
power_exponent,2,1.0,0.3,42,soft_em,0.013333333333333308,0.00625628151022147,0.005995304478942084,1.0
power_exponent,2,1.0,0.3,42,mechanism_kmeans,0.013333333333333308,0.00625628151022147,0.005995304478942084,1.0
power_exponent,2,1.0,0.6,42,oracle_ols,0.033333333333333326,0.036578944048462486,0.03198524476207107,1.0
power_exponent,2,1.0,0.6,42,oracle_gls,0.033333333333333326,0.036578944048462486,0.03198524476207107,0.9866666666666667
power_exponent,2,1.0,0.6,42,lrdsr,0.033333333333333326,0.036578944048462486,0.03198524476207107,0.0
power_exponent,2,1.0,0.6,42,soft_em,0.026666666666666616,0.036578944048462486,0.03198524476207107,0.9933333333333333
power_exponent,2,1.0,0.6,42,mechanism_kmeans,0.026666666666666616,0.036578944048462486,0.03198524476207107,0.9933333333333333
power_exponent,2,1.0,0.8,42,oracle_ols,0.06666666666666665,0.09768898947787652,0.0762033847472349,1.0
power_exponent,2,1.0,0.8,42,oracle_gls,0.07999999999999996,0.09768898947787652,0.0762033847472349,0.9733333333333334
power_exponent,2,1.0,0.8,42,lrdsr,0.09999999999999998,0.09768898947787652,0.0762033847472349,0.04666666666666667
power_exponent,2,1.0,0.8,42,soft_em,0.09333333333333338,0.09768898947787652,0.0762033847472349,0.96
power_exponent,2,1.0,0.8,42,mechanism_kmeans,0.06666666666666665,0.09768898947787652,0.0762033847472349,0.9866666666666667
power_exponent,2,1.0,0.9,42,oracle_ols,0.15333333333333332,0.1544735548218508,0.10275715040032886,1.0
power_exponent,2,1.0,0.9,42,oracle_gls,0.09999999999999998,0.1544735548218508,0.10275715040032886,0.88
power_exponent,2,1.0,0.9,42,lrdsr,0.16666666666666663,0.1544735548218508,0.10275715040032886,0.05333333333333334
power_exponent,2,1.0,0.9,42,soft_em,0.15333333333333332,0.1544735548218508,0.10275715040032886,0.96
power_exponent,2,1.0,0.9,42,mechanism_kmeans,0.16000000000000003,0.1544735548218508,0.10275715040032886,0.9533333333333334
power_exponent,2,1.0,0.95,42,oracle_ols,0.16666666666666663,0.19254390593004217,0.09694169192401968,1.0
power_exponent,2,1.0,0.95,42,oracle_gls,0.09333333333333338,0.19254390593004217,0.09694169192401968,0.86
power_exponent,2,1.0,0.95,42,lrdsr,0.2866666666666666,0.19254390593004217,0.09694169192401968,0.8666666666666667
power_exponent,2,1.0,0.95,42,soft_em,0.30666666666666664,0.19254390593004217,0.09694169192401968,0.8466666666666667
power_exponent,2,1.0,0.95,42,mechanism_kmeans,0.2866666666666666,0.19254390593004217,0.09694169192401968,0.8666666666666667
three_way,3,0.1,0.0,11,oracle_ols,0.09333333333333338,,,1.0
three_way,3,0.1,0.0,11,oracle_gls,0.09333333333333338,,,1.0
three_way,3,0.1,0.0,11,lrdsr,0.12,,,0.34
three_way,3,0.1,0.0,11,soft_em,0.09999999999999998,,,0.02666666666666667
three_way,3,0.1,0.0,11,mechanism_kmeans,0.17333333333333334,,,0.08666666666666667
three_way,3,0.1,0.3,11,oracle_ols,0.1466666666666666,,,1.0
three_way,3,0.1,0.3,11,oracle_gls,0.1466666666666666,,,0.9533333333333334
three_way,3,0.1,0.3,11,lrdsr,0.18000000000000005,,,0.4666666666666667
three_way,3,0.1,0.3,11,soft_em,0.15333333333333332,,,0.86
three_way,3,0.1,0.3,11,mechanism_kmeans,0.19999999999999996,,,0.8866666666666667
three_way,3,0.1,0.6,11,oracle_ols,0.2533333333333333,,,1.0
three_way,3,0.1,0.6,11,oracle_gls,0.2666666666666667,,,0.9
three_way,3,0.1,0.6,11,lrdsr,0.26,,,0.7866666666666666
three_way,3,0.1,0.6,11,soft_em,0.2533333333333333,,,0.24
three_way,3,0.1,0.6,11,mechanism_kmeans,0.2733333333333333,,,0.21333333333333335
three_way,3,0.1,0.8,11,oracle_ols,0.33999999999999997,,,1.0
three_way,3,0.1,0.8,11,oracle_gls,0.31999999999999995,,,0.8066666666666666
three_way,3,0.1,0.8,11,lrdsr,0.3533333333333334,,,0.14666666666666667
three_way,3,0.1,0.8,11,soft_em,0.5133333333333333,,,0.37333333333333335
three_way,3,0.1,0.8,11,mechanism_kmeans,0.5266666666666666,,,0.4066666666666667
three_way,3,0.1,0.9,11,oracle_ols,0.3466666666666667,,,1.0
three_way,3,0.1,0.9,11,oracle_gls,0.30000000000000004,,,0.7266666666666667
three_way,3,0.1,0.9,11,lrdsr,0.5533333333333333,,,0.12666666666666668
three_way,3,0.1,0.9,11,soft_em,0.5466666666666666,,,0.5933333333333334
three_way,3,0.1,0.9,11,mechanism_kmeans,0.5666666666666667,,,0.56
three_way,3,0.1,0.95,11,oracle_ols,0.31999999999999995,,,1.0
three_way,3,0.1,0.95,11,oracle_gls,0.22666666666666668,,,0.7066666666666667
three_way,3,0.1,0.95,11,lrdsr,0.56,,,0.15333333333333332
three_way,3,0.1,0.95,11,soft_em,0.5866666666666667,,,0.49333333333333335
three_way,3,0.1,0.95,11,mechanism_kmeans,0.5800000000000001,,,0.47333333333333333
three_way,3,0.25,0.0,11,oracle_ols,0.040000000000000036,,,1.0
three_way,3,0.25,0.0,11,oracle_gls,0.040000000000000036,,,1.0
three_way,3,0.25,0.0,11,lrdsr,0.040000000000000036,,,0.013333333333333334
three_way,3,0.25,0.0,11,soft_em,0.053333333333333344,,,0.006666666666666667
three_way,3,0.25,0.0,11,mechanism_kmeans,0.07999999999999996,,,0.0
three_way,3,0.25,0.3,11,oracle_ols,0.06666666666666665,,,1.0
three_way,3,0.25,0.3,11,oracle_gls,0.07999999999999996,,,0.9866666666666667
three_way,3,0.25,0.3,11,lrdsr,0.07333333333333336,,,0.9666666666666667
three_way,3,0.25,0.3,11,soft_em,0.07999999999999996,,,0.96
three_way,3,0.25,0.3,11,mechanism_kmeans,0.09333333333333338,,,0.96
three_way,3,0.25,0.6,11,oracle_ols,0.14,,,1.0
three_way,3,0.25,0.6,11,oracle_gls,0.12,,,0.9533333333333334
three_way,3,0.25,0.6,11,lrdsr,0.1333333333333333,,,0.06
three_way,3,0.25,0.6,11,soft_em,0.1333333333333333,,,0.5466666666666666
three_way,3,0.25,0.6,11,mechanism_kmeans,0.14,,,0.5266666666666666
three_way,3,0.25,0.8,11,oracle_ols,0.18000000000000005,,,1.0
three_way,3,0.25,0.8,11,oracle_gls,0.15333333333333332,,,0.8533333333333334
three_way,3,0.25,0.8,11,lrdsr,0.20666666666666667,,,0.09333333333333334
three_way,3,0.25,0.8,11,soft_em,0.21333333333333337,,,0.08
three_way,3,0.25,0.8,11,mechanism_kmeans,0.20666666666666667,,,0.1
three_way,3,0.25,0.9,11,oracle_ols,0.16666666666666663,,,1.0
three_way,3,0.25,0.9,11,oracle_gls,0.15333333333333332,,,0.7866666666666666
three_way,3,0.25,0.9,11,lrdsr,0.32666666666666666,,,0.74
three_way,3,0.25,0.9,11,soft_em,0.33333333333333337,,,0.23333333333333334
three_way,3,0.25,0.9,11,mechanism_kmeans,0.32666666666666666,,,0.22666666666666666
three_way,3,0.25,0.95,11,oracle_ols,0.17333333333333334,,,1.0
three_way,3,0.25,0.95,11,oracle_gls,0.046666666666666634,,,0.7933333333333333
three_way,3,0.25,0.95,11,lrdsr,0.4666666666666667,,,0.38666666666666666
three_way,3,0.25,0.95,11,soft_em,0.42666666666666664,,,0.15333333333333332
three_way,3,0.25,0.95,11,mechanism_kmeans,0.43333333333333335,,,0.14
three_way,3,1.0,0.0,11,oracle_ols,0.0,,,1.0
three_way,3,1.0,0.0,11,oracle_gls,0.0,,,1.0
three_way,3,1.0,0.0,11,lrdsr,0.0,,,0.0
three_way,3,1.0,0.0,11,soft_em,0.0,,,0.0
three_way,3,1.0,0.0,11,mechanism_kmeans,0.046666666666666634,,,0.006666666666666667
three_way,3,1.0,0.3,11,oracle_ols,0.0,,,1.0
three_way,3,1.0,0.3,11,oracle_gls,0.0,,,1.0
three_way,3,1.0,0.3,11,lrdsr,0.0,,,0.0
three_way,3,1.0,0.3,11,soft_em,0.0,,,0.0
three_way,3,1.0,0.3,11,mechanism_kmeans,0.053333333333333344,,,0.006666666666666667
three_way,3,1.0,0.6,11,oracle_ols,0.00666666666666671,,,1.0
three_way,3,1.0,0.6,11,oracle_gls,0.00666666666666671,,,1.0
three_way,3,1.0,0.6,11,lrdsr,0.020000000000000018,,,0.44
three_way,3,1.0,0.6,11,soft_em,0.020000000000000018,,,0.44
three_way,3,1.0,0.6,11,mechanism_kmeans,0.06000000000000005,,,0.48
three_way,3,1.0,0.8,11,oracle_ols,0.026666666666666616,,,1.0
three_way,3,1.0,0.8,11,oracle_gls,0.00666666666666671,,,0.9666666666666667
three_way,3,1.0,0.8,11,lrdsr,0.033333333333333326,,,0.46
three_way,3,1.0,0.8,11,soft_em,0.033333333333333326,,,0.44666666666666666
three_way,3,1.0,0.8,11,mechanism_kmeans,0.053333333333333344,,,0.48
three_way,3,1.0,0.9,11,oracle_ols,0.020000000000000018,,,1.0
three_way,3,1.0,0.9,11,oracle_gls,0.0,,,0.98
three_way,3,1.0,0.9,11,lrdsr,0.046666666666666634,,,0.03333333333333333
three_way,3,1.0,0.9,11,soft_em,0.020000000000000018,,,0.9733333333333334
three_way,3,1.0,0.9,11,mechanism_kmeans,0.046666666666666634,,,0.9466666666666667
three_way,3,1.0,0.95,11,oracle_ols,0.00666666666666671,,,1.0
three_way,3,1.0,0.95,11,oracle_gls,0.0,,,0.9933333333333333
three_way,3,1.0,0.95,11,lrdsr,0.26,,,0.18666666666666668
three_way,3,1.0,0.95,11,soft_em,0.28,,,0.72
three_way,3,1.0,0.95,11,mechanism_kmeans,0.2733333333333333,,,0.7266666666666667
three_way,3,0.1,0.0,23,oracle_ols,0.07999999999999996,,,1.0
three_way,3,0.1,0.0,23,oracle_gls,0.07999999999999996,,,1.0
three_way,3,0.1,0.0,23,lrdsr,0.07333333333333336,,,0.29333333333333333
three_way,3,0.1,0.0,23,soft_em,0.1333333333333333,,,0.06666666666666667
three_way,3,0.1,0.0,23,mechanism_kmeans,0.1333333333333333,,,0.12
three_way,3,0.1,0.3,23,oracle_ols,0.1266666666666667,,,1.0
three_way,3,0.1,0.3,23,oracle_gls,0.1266666666666667,,,0.9466666666666667
three_way,3,0.1,0.3,23,lrdsr,0.10666666666666669,,,0.44666666666666666
three_way,3,0.1,0.3,23,soft_em,0.17333333333333334,,,0.02666666666666667
three_way,3,0.1,0.3,23,mechanism_kmeans,0.19999999999999996,,,0.03333333333333333
three_way,3,0.1,0.6,23,oracle_ols,0.21999999999999997,,,1.0
three_way,3,0.1,0.6,23,oracle_gls,0.21333333333333337,,,0.8733333333333333
three_way,3,0.1,0.6,23,lrdsr,0.30666666666666664,,,0.7933333333333333
three_way,3,0.1,0.6,23,soft_em,0.26,,,0.04
three_way,3,0.1,0.6,23,mechanism_kmeans,0.2666666666666667,,,0.04
three_way,3,0.1,0.8,23,oracle_ols,0.30000000000000004,,,1.0
three_way,3,0.1,0.8,23,oracle_gls,0.24,,,0.84
three_way,3,0.1,0.8,23,lrdsr,0.44666666666666666,,,0.24
three_way,3,0.1,0.8,23,soft_em,0.48,,,0.5933333333333334
three_way,3,0.1,0.8,23,mechanism_kmeans,0.4733333333333334,,,0.5866666666666667
three_way,3,0.1,0.9,23,oracle_ols,0.33999999999999997,,,1.0
three_way,3,0.1,0.9,23,oracle_gls,0.24,,,0.7466666666666667
three_way,3,0.1,0.9,23,lrdsr,0.5333333333333333,,,0.17333333333333334
three_way,3,0.1,0.9,23,soft_em,0.5066666666666666,,,0.15333333333333332
three_way,3,0.1,0.9,23,mechanism_kmeans,0.5066666666666666,,,0.17333333333333334
three_way,3,0.1,0.95,23,oracle_ols,0.33333333333333337,,,1.0
three_way,3,0.1,0.95,23,oracle_gls,0.16666666666666663,,,0.6933333333333334
three_way,3,0.1,0.95,23,lrdsr,0.5466666666666666,,,0.23333333333333334
three_way,3,0.1,0.95,23,soft_em,0.5333333333333333,,,0.3333333333333333
three_way,3,0.1,0.95,23,mechanism_kmeans,0.54,,,0.32666666666666666
three_way,3,0.25,0.0,23,oracle_ols,0.00666666666666671,,,1.0
three_way,3,0.25,0.0,23,oracle_gls,0.00666666666666671,,,1.0
three_way,3,0.25,0.0,23,lrdsr,0.013333333333333308,,,0.0
three_way,3,0.25,0.0,23,soft_em,0.020000000000000018,,,0.0
three_way,3,0.25,0.0,23,mechanism_kmeans,0.033333333333333326,,,0.013333333333333334
three_way,3,0.25,0.3,23,oracle_ols,0.033333333333333326,,,1.0
three_way,3,0.25,0.3,23,oracle_gls,0.020000000000000018,,,0.9733333333333334
three_way,3,0.25,0.3,23,lrdsr,0.06000000000000005,,,0.30666666666666664
three_way,3,0.25,0.3,23,soft_em,0.053333333333333344,,,0.013333333333333334
three_way,3,0.25,0.3,23,mechanism_kmeans,0.07999999999999996,,,0.02
three_way,3,0.25,0.6,23,oracle_ols,0.09999999999999998,,,1.0
three_way,3,0.25,0.6,23,oracle_gls,0.07999999999999996,,,0.94
three_way,3,0.25,0.6,23,lrdsr,0.1266666666666667,,,0.44
three_way,3,0.25,0.6,23,soft_em,0.16000000000000003,,,0.4666666666666667
three_way,3,0.25,0.6,23,mechanism_kmeans,0.14,,,0.4666666666666667
three_way,3,0.25,0.8,23,oracle_ols,0.16000000000000003,,,1.0
three_way,3,0.25,0.8,23,oracle_gls,0.10666666666666669,,,0.8666666666666667
three_way,3,0.25,0.8,23,lrdsr,0.19333333333333336,,,0.08666666666666667
three_way,3,0.25,0.8,23,soft_em,0.20666666666666667,,,0.10666666666666667
three_way,3,0.25,0.8,23,mechanism_kmeans,0.21999999999999997,,,0.09333333333333334
three_way,3,0.25,0.9,23,oracle_ols,0.23333333333333328,,,1.0
three_way,3,0.25,0.9,23,oracle_gls,0.07333333333333336,,,0.8
three_way,3,0.25,0.9,23,lrdsr,0.4066666666666666,,,0.24666666666666667
three_way,3,0.25,0.9,23,soft_em,0.4,,,0.5266666666666666
three_way,3,0.25,0.9,23,mechanism_kmeans,0.3733333333333333,,,0.5466666666666666
three_way,3,0.25,0.95,23,oracle_ols,0.23333333333333328,,,1.0
three_way,3,0.25,0.95,23,oracle_gls,0.026666666666666616,,,0.7866666666666666
three_way,3,0.25,0.95,23,lrdsr,0.44666666666666666,,,0.4
three_way,3,0.25,0.95,23,soft_em,0.4666666666666667,,,0.07333333333333333
three_way,3,0.25,0.95,23,mechanism_kmeans,0.4666666666666667,,,0.10666666666666667
three_way,3,1.0,0.0,23,oracle_ols,0.0,,,1.0
three_way,3,1.0,0.0,23,oracle_gls,0.0,,,1.0
three_way,3,1.0,0.0,23,lrdsr,0.0,,,0.0
three_way,3,1.0,0.0,23,soft_em,0.0,,,0.32666666666666666
three_way,3,1.0,0.0,23,mechanism_kmeans,0.0,,,0.32666666666666666
three_way,3,1.0,0.3,23,oracle_ols,0.0,,,1.0
three_way,3,1.0,0.3,23,oracle_gls,0.0,,,1.0
three_way,3,1.0,0.3,23,lrdsr,0.0,,,0.0
three_way,3,1.0,0.3,23,soft_em,0.0,,,0.0
three_way,3,1.0,0.3,23,mechanism_kmeans,0.00666666666666671,,,0.0
three_way,3,1.0,0.6,23,oracle_ols,0.0,,,1.0
three_way,3,1.0,0.6,23,oracle_gls,0.0,,,1.0
three_way,3,1.0,0.6,23,lrdsr,0.00666666666666671,,,0.0
three_way,3,1.0,0.6,23,soft_em,0.00666666666666671,,,0.0
three_way,3,1.0,0.6,23,mechanism_kmeans,0.013333333333333308,,,0.006666666666666667
three_way,3,1.0,0.8,23,oracle_ols,0.033333333333333326,,,1.0
three_way,3,1.0,0.8,23,oracle_gls,0.0,,,0.9666666666666667
three_way,3,1.0,0.8,23,lrdsr,0.053333333333333344,,,0.29333333333333333
three_way,3,1.0,0.8,23,soft_em,0.046666666666666634,,,0.02666666666666667
three_way,3,1.0,0.8,23,mechanism_kmeans,0.07999999999999996,,,0.04666666666666667
three_way,3,1.0,0.9,23,oracle_ols,0.053333333333333344,,,1.0
three_way,3,1.0,0.9,23,oracle_gls,0.0,,,0.9466666666666667
three_way,3,1.0,0.9,23,lrdsr,0.09333333333333338,,,0.26
three_way,3,1.0,0.9,23,soft_em,0.07999999999999996,,,0.04
three_way,3,1.0,0.9,23,mechanism_kmeans,0.08666666666666667,,,0.02666666666666667
three_way,3,1.0,0.95,23,oracle_ols,0.053333333333333344,,,1.0
three_way,3,1.0,0.95,23,oracle_gls,0.0,,,0.9466666666666667
three_way,3,1.0,0.95,23,lrdsr,0.07999999999999996,,,0.96
three_way,3,1.0,0.95,23,soft_em,0.07333333333333336,,,0.02666666666666667
three_way,3,1.0,0.95,23,mechanism_kmeans,0.07333333333333336,,,0.02666666666666667
three_way,3,0.1,0.0,42,oracle_ols,0.09333333333333338,,,1.0
three_way,3,0.1,0.0,42,oracle_gls,0.09333333333333338,,,1.0
three_way,3,0.1,0.0,42,lrdsr,0.09333333333333338,,,0.96
three_way,3,0.1,0.0,42,soft_em,0.08666666666666667,,,0.3466666666666667
three_way,3,0.1,0.0,42,mechanism_kmeans,0.1333333333333333,,,0.3466666666666667
three_way,3,0.1,0.3,42,oracle_ols,0.16000000000000003,,,1.0
three_way,3,0.1,0.3,42,oracle_gls,0.1466666666666666,,,0.9733333333333334
three_way,3,0.1,0.3,42,lrdsr,0.16000000000000003,,,0.006666666666666667
three_way,3,0.1,0.3,42,soft_em,0.18000000000000005,,,0.013333333333333334
three_way,3,0.1,0.3,42,mechanism_kmeans,0.19333333333333336,,,0.02
three_way,3,0.1,0.6,42,oracle_ols,0.21999999999999997,,,1.0
three_way,3,0.1,0.6,42,oracle_gls,0.21333333333333337,,,0.8533333333333334
three_way,3,0.1,0.6,42,lrdsr,0.3466666666666667,,,0.43333333333333335
three_way,3,0.1,0.6,42,soft_em,0.28,,,0.48
three_way,3,0.1,0.6,42,mechanism_kmeans,0.30000000000000004,,,0.41333333333333333
three_way,3,0.1,0.8,42,oracle_ols,0.32666666666666666,,,1.0
three_way,3,0.1,0.8,42,oracle_gls,0.23333333333333328,,,0.7866666666666666
three_way,3,0.1,0.8,42,lrdsr,0.5466666666666666,,,0.34
three_way,3,0.1,0.8,42,soft_em,0.5666666666666667,,,0.13333333333333333
three_way,3,0.1,0.8,42,mechanism_kmeans,0.56,,,0.14
three_way,3,0.1,0.9,42,oracle_ols,0.42666666666666664,,,1.0
three_way,3,0.1,0.9,42,oracle_gls,0.21999999999999997,,,0.7333333333333333
three_way,3,0.1,0.9,42,lrdsr,0.5800000000000001,,,0.11333333333333333
three_way,3,0.1,0.9,42,soft_em,0.5800000000000001,,,0.10666666666666667
three_way,3,0.1,0.9,42,mechanism_kmeans,0.56,,,0.10666666666666667
three_way,3,0.1,0.95,42,oracle_ols,0.42666666666666664,,,1.0
three_way,3,0.1,0.95,42,oracle_gls,0.1266666666666667,,,0.6333333333333333
three_way,3,0.1,0.95,42,lrdsr,0.5466666666666666,,,0.5466666666666666
three_way,3,0.1,0.95,42,soft_em,0.56,,,0.54
three_way,3,0.1,0.95,42,mechanism_kmeans,0.5466666666666666,,,0.54
three_way,3,0.25,0.0,42,oracle_ols,0.020000000000000018,,,1.0
three_way,3,0.25,0.0,42,oracle_gls,0.020000000000000018,,,1.0
three_way,3,0.25,0.0,42,lrdsr,0.020000000000000018,,,1.0
three_way,3,0.25,0.0,42,soft_em,0.033333333333333326,,,0.32666666666666666
three_way,3,0.25,0.0,42,mechanism_kmeans,0.040000000000000036,,,0.3333333333333333
three_way,3,0.25,0.3,42,oracle_ols,0.06000000000000005,,,1.0
three_way,3,0.25,0.3,42,oracle_gls,0.053333333333333344,,,0.9666666666666667
three_way,3,0.25,0.3,42,lrdsr,0.053333333333333344,,,0.32666666666666666
three_way,3,0.25,0.3,42,soft_em,0.053333333333333344,,,0.30666666666666664
three_way,3,0.25,0.3,42,mechanism_kmeans,0.08666666666666667,,,0.30666666666666664
three_way,3,0.25,0.6,42,oracle_ols,0.08666666666666667,,,1.0
three_way,3,0.25,0.6,42,oracle_gls,0.08666666666666667,,,0.9733333333333334
three_way,3,0.25,0.6,42,lrdsr,0.1266666666666667,,,0.3333333333333333
three_way,3,0.25,0.6,42,soft_em,0.10666666666666669,,,0.3
three_way,3,0.25,0.6,42,mechanism_kmeans,0.18666666666666665,,,0.3
three_way,3,0.25,0.8,42,oracle_ols,0.18000000000000005,,,1.0
three_way,3,0.25,0.8,42,oracle_gls,0.10666666666666669,,,0.8666666666666667
three_way,3,0.25,0.8,42,lrdsr,0.2733333333333333,,,0.8066666666666666
three_way,3,0.25,0.8,42,soft_em,0.26,,,0.4666666666666667
three_way,3,0.25,0.8,42,mechanism_kmeans,0.32666666666666666,,,0.44
three_way,3,0.25,0.9,42,oracle_ols,0.22666666666666668,,,1.0
three_way,3,0.25,0.9,42,oracle_gls,0.07333333333333336,,,0.8
three_way,3,0.25,0.9,42,lrdsr,0.5466666666666666,,,0.15333333333333332
three_way,3,0.25,0.9,42,soft_em,0.5533333333333333,,,0.36666666666666664
three_way,3,0.25,0.9,42,mechanism_kmeans,0.5666666666666667,,,0.34
three_way,3,0.25,0.95,42,oracle_ols,0.23333333333333328,,,1.0
three_way,3,0.25,0.95,42,oracle_gls,0.026666666666666616,,,0.78
three_way,3,0.25,0.95,42,lrdsr,0.56,,,0.30666666666666664
three_way,3,0.25,0.95,42,soft_em,0.5800000000000001,,,0.14666666666666667
three_way,3,0.25,0.95,42,mechanism_kmeans,0.5666666666666667,,,0.13333333333333333
three_way,3,1.0,0.0,42,oracle_ols,0.0,,,1.0
three_way,3,1.0,0.0,42,oracle_gls,0.0,,,1.0
three_way,3,1.0,0.0,42,lrdsr,0.0,,,1.0
three_way,3,1.0,0.0,42,soft_em,0.0,,,0.3466666666666667
three_way,3,1.0,0.0,42,mechanism_kmeans,0.0,,,0.3466666666666667
three_way,3,1.0,0.3,42,oracle_ols,0.0,,,1.0
three_way,3,1.0,0.3,42,oracle_gls,0.0,,,1.0
three_way,3,1.0,0.3,42,lrdsr,0.0,,,1.0
three_way,3,1.0,0.3,42,soft_em,0.0,,,0.3466666666666667
three_way,3,1.0,0.3,42,mechanism_kmeans,0.00666666666666671,,,0.3466666666666667
three_way,3,1.0,0.6,42,oracle_ols,0.013333333333333308,,,1.0
three_way,3,1.0,0.6,42,oracle_gls,0.0,,,0.9866666666666667
three_way,3,1.0,0.6,42,lrdsr,0.013333333333333308,,,0.3466666666666667
three_way,3,1.0,0.6,42,soft_em,0.013333333333333308,,,0.3466666666666667
three_way,3,1.0,0.6,42,mechanism_kmeans,0.033333333333333326,,,0.3333333333333333
three_way,3,1.0,0.8,42,oracle_ols,0.026666666666666616,,,1.0
three_way,3,1.0,0.8,42,oracle_gls,0.013333333333333308,,,0.9733333333333334
three_way,3,1.0,0.8,42,lrdsr,0.040000000000000036,,,0.9866666666666667
three_way,3,1.0,0.8,42,soft_em,0.026666666666666616,,,0.3466666666666667
three_way,3,1.0,0.8,42,mechanism_kmeans,0.06666666666666665,,,0.32666666666666666
three_way,3,1.0,0.9,42,oracle_ols,0.026666666666666616,,,1.0
three_way,3,1.0,0.9,42,oracle_gls,0.013333333333333308,,,0.9733333333333334
three_way,3,1.0,0.9,42,lrdsr,0.08666666666666667,,,0.94
three_way,3,1.0,0.9,42,soft_em,0.06666666666666665,,,0.96
three_way,3,1.0,0.9,42,mechanism_kmeans,0.053333333333333344,,,0.9466666666666667
three_way,3,1.0,0.95,42,oracle_ols,0.026666666666666616,,,1.0
three_way,3,1.0,0.95,42,oracle_gls,0.0,,,0.9733333333333334
three_way,3,1.0,0.95,42,lrdsr,0.28,,,0.5733333333333334
three_way,3,1.0,0.95,42,soft_em,0.2866666666666666,,,0.13333333333333333
three_way,3,1.0,0.95,42,mechanism_kmeans,0.30666666666666664,,,0.13333333333333333
four_way,4,0.1,0.0,11,oracle_ols,0.10666666666666669,,,1.0
four_way,4,0.1,0.0,11,oracle_gls,0.10666666666666669,,,1.0
four_way,4,0.1,0.0,11,lrdsr,0.11333333333333329,,,0.42
four_way,4,0.1,0.0,11,soft_em,0.16666666666666663,,,0.0
four_way,4,0.1,0.0,11,mechanism_kmeans,0.1266666666666667,,,0.0
four_way,4,0.1,0.3,11,oracle_ols,0.20666666666666667,,,1.0
four_way,4,0.1,0.3,11,oracle_gls,0.20666666666666667,,,0.96
four_way,4,0.1,0.3,11,lrdsr,0.31333333333333335,,,0.14
four_way,4,0.1,0.3,11,soft_em,0.29333333333333333,,,0.22666666666666666
four_way,4,0.1,0.3,11,mechanism_kmeans,0.2466666666666667,,,0.22
four_way,4,0.1,0.6,11,oracle_ols,0.36,,,1.0
four_way,4,0.1,0.6,11,oracle_gls,0.3466666666666667,,,0.92
four_way,4,0.1,0.6,11,lrdsr,0.44666666666666666,,,0.62
four_way,4,0.1,0.6,11,soft_em,0.4666666666666667,,,0.38
four_way,4,0.1,0.6,11,mechanism_kmeans,0.43999999999999995,,,0.4066666666666667
four_way,4,0.1,0.8,11,oracle_ols,0.42666666666666664,,,1.0
four_way,4,0.1,0.8,11,oracle_gls,0.3666666666666667,,,0.8266666666666667
four_way,4,0.1,0.8,11,lrdsr,0.5266666666666666,,,0.19333333333333333
four_way,4,0.1,0.8,11,soft_em,0.5133333333333333,,,0.1
four_way,4,0.1,0.8,11,mechanism_kmeans,0.5133333333333333,,,0.11333333333333333
four_way,4,0.1,0.9,11,oracle_ols,0.45333333333333337,,,1.0
four_way,4,0.1,0.9,11,oracle_gls,0.31333333333333335,,,0.76
four_way,4,0.1,0.9,11,lrdsr,0.6,,,0.3333333333333333
four_way,4,0.1,0.9,11,soft_em,0.64,,,0.4066666666666667
four_way,4,0.1,0.9,11,mechanism_kmeans,0.64,,,0.4266666666666667
four_way,4,0.1,0.95,11,oracle_ols,0.43333333333333335,,,1.0
four_way,4,0.1,0.95,11,oracle_gls,0.24,,,0.6866666666666666
four_way,4,0.1,0.95,11,lrdsr,0.64,,,0.2733333333333333
four_way,4,0.1,0.95,11,soft_em,0.6533333333333333,,,0.24
four_way,4,0.1,0.95,11,mechanism_kmeans,0.6533333333333333,,,0.24
four_way,4,0.25,0.0,11,oracle_ols,0.033333333333333326,,,1.0
four_way,4,0.25,0.0,11,oracle_gls,0.033333333333333326,,,1.0
four_way,4,0.25,0.0,11,lrdsr,0.040000000000000036,,,0.48
four_way,4,0.25,0.0,11,soft_em,0.026666666666666616,,,0.5066666666666667
four_way,4,0.25,0.0,11,mechanism_kmeans,0.06000000000000005,,,0.46
four_way,4,0.25,0.3,11,oracle_ols,0.07333333333333336,,,1.0
four_way,4,0.25,0.3,11,oracle_gls,0.06000000000000005,,,0.9733333333333334
four_way,4,0.25,0.3,11,lrdsr,0.08666666666666667,,,0.013333333333333334
four_way,4,0.25,0.3,11,soft_em,0.07999999999999996,,,0.0
four_way,4,0.25,0.3,11,mechanism_kmeans,0.09999999999999998,,,0.006666666666666667
four_way,4,0.25,0.6,11,oracle_ols,0.15333333333333332,,,1.0
four_way,4,0.25,0.6,11,oracle_gls,0.14,,,0.9333333333333333
four_way,4,0.25,0.6,11,lrdsr,0.1333333333333333,,,0.20666666666666667
four_way,4,0.25,0.6,11,soft_em,0.18666666666666665,,,0.02666666666666667
four_way,4,0.25,0.6,11,mechanism_kmeans,0.19333333333333336,,,0.03333333333333333
four_way,4,0.25,0.8,11,oracle_ols,0.2466666666666667,,,1.0
four_way,4,0.25,0.8,11,oracle_gls,0.18666666666666665,,,0.84
four_way,4,0.25,0.8,11,lrdsr,0.41333333333333333,,,0.09333333333333334
four_way,4,0.25,0.8,11,soft_em,0.3733333333333333,,,0.35333333333333333
four_way,4,0.25,0.8,11,mechanism_kmeans,0.3733333333333333,,,0.32666666666666666
four_way,4,0.25,0.9,11,oracle_ols,0.2866666666666666,,,1.0
four_way,4,0.25,0.9,11,oracle_gls,0.15333333333333332,,,0.8333333333333334
four_way,4,0.25,0.9,11,lrdsr,0.45999999999999996,,,0.22666666666666666
four_way,4,0.25,0.9,11,soft_em,0.43333333333333335,,,0.23333333333333334
four_way,4,0.25,0.9,11,mechanism_kmeans,0.43999999999999995,,,0.25333333333333335
four_way,4,0.25,0.95,11,oracle_ols,0.2533333333333333,,,1.0
four_way,4,0.25,0.95,11,oracle_gls,0.07999999999999996,,,0.7733333333333333
four_way,4,0.25,0.95,11,lrdsr,0.5933333333333333,,,0.12
four_way,4,0.25,0.95,11,soft_em,0.5733333333333333,,,0.18
four_way,4,0.25,0.95,11,mechanism_kmeans,0.5800000000000001,,,0.18
four_way,4,1.0,0.0,11,oracle_ols,0.0,,,1.0
four_way,4,1.0,0.0,11,oracle_gls,0.0,,,1.0
four_way,4,1.0,0.0,11,lrdsr,0.0,,,1.0
four_way,4,1.0,0.0,11,soft_em,0.0,,,1.0
four_way,4,1.0,0.0,11,mechanism_kmeans,0.013333333333333308,,,0.9866666666666667
four_way,4,1.0,0.3,11,oracle_ols,0.0,,,1.0
four_way,4,1.0,0.3,11,oracle_gls,0.0,,,1.0
four_way,4,1.0,0.3,11,lrdsr,0.0,,,0.0
four_way,4,1.0,0.3,11,soft_em,0.0,,,0.5066666666666667
four_way,4,1.0,0.3,11,mechanism_kmeans,0.020000000000000018,,,0.5066666666666667
four_way,4,1.0,0.6,11,oracle_ols,0.0,,,1.0
four_way,4,1.0,0.6,11,oracle_gls,0.0,,,1.0
four_way,4,1.0,0.6,11,lrdsr,0.013333333333333308,,,0.5
four_way,4,1.0,0.6,11,soft_em,0.00666666666666671,,,0.49333333333333335
four_way,4,1.0,0.6,11,mechanism_kmeans,0.040000000000000036,,,0.5266666666666666
four_way,4,1.0,0.8,11,oracle_ols,0.040000000000000036,,,1.0
four_way,4,1.0,0.8,11,oracle_gls,0.013333333333333308,,,0.96
four_way,4,1.0,0.8,11,lrdsr,0.053333333333333344,,,0.0
four_way,4,1.0,0.8,11,soft_em,0.040000000000000036,,,0.24666666666666667
four_way,4,1.0,0.8,11,mechanism_kmeans,0.053333333333333344,,,0.25333333333333335
four_way,4,1.0,0.9,11,oracle_ols,0.033333333333333326,,,1.0
four_way,4,1.0,0.9,11,oracle_gls,0.00666666666666671,,,0.9733333333333334
four_way,4,1.0,0.9,11,lrdsr,0.07333333333333336,,,0.28
four_way,4,1.0,0.9,11,soft_em,0.06000000000000005,,,0.0
four_way,4,1.0,0.9,11,mechanism_kmeans,0.06666666666666665,,,0.006666666666666667
four_way,4,1.0,0.95,11,oracle_ols,0.020000000000000018,,,1.0
four_way,4,1.0,0.95,11,oracle_gls,0.0,,,0.98
four_way,4,1.0,0.95,11,lrdsr,0.21333333333333337,,,0.16
four_way,4,1.0,0.95,11,soft_em,0.19999999999999996,,,0.006666666666666667
four_way,4,1.0,0.95,11,mechanism_kmeans,0.22666666666666668,,,0.006666666666666667
four_way,4,0.1,0.0,23,oracle_ols,0.06000000000000005,,,1.0
four_way,4,0.1,0.0,23,oracle_gls,0.06000000000000005,,,1.0
four_way,4,0.1,0.0,23,lrdsr,0.06000000000000005,,,0.5733333333333334
four_way,4,0.1,0.0,23,soft_em,0.07999999999999996,,,0.5133333333333333
four_way,4,0.1,0.0,23,mechanism_kmeans,0.08666666666666667,,,0.5066666666666667
four_way,4,0.1,0.3,23,oracle_ols,0.1266666666666667,,,1.0
four_way,4,0.1,0.3,23,oracle_gls,0.11333333333333329,,,0.9733333333333334
four_way,4,0.1,0.3,23,lrdsr,0.1466666666666666,,,0.21333333333333335
four_way,4,0.1,0.3,23,soft_em,0.16666666666666663,,,0.5066666666666667
four_way,4,0.1,0.3,23,mechanism_kmeans,0.21999999999999997,,,0.4866666666666667
four_way,4,0.1,0.6,23,oracle_ols,0.21999999999999997,,,1.0
four_way,4,0.1,0.6,23,oracle_gls,0.18000000000000005,,,0.88
four_way,4,0.1,0.6,23,lrdsr,0.29333333333333333,,,0.013333333333333334
four_way,4,0.1,0.6,23,soft_em,0.31999999999999995,,,0.8133333333333334
four_way,4,0.1,0.6,23,mechanism_kmeans,0.30000000000000004,,,0.82
four_way,4,0.1,0.8,23,oracle_ols,0.33333333333333337,,,1.0
four_way,4,0.1,0.8,23,oracle_gls,0.24,,,0.7466666666666667
four_way,4,0.1,0.8,23,lrdsr,0.5,,,0.38666666666666666
four_way,4,0.1,0.8,23,soft_em,0.43999999999999995,,,0.28
four_way,4,0.1,0.8,23,mechanism_kmeans,0.43999999999999995,,,0.25333333333333335
four_way,4,0.1,0.9,23,oracle_ols,0.3466666666666667,,,1.0
four_way,4,0.1,0.9,23,oracle_gls,0.2533333333333333,,,0.68
four_way,4,0.1,0.9,23,lrdsr,0.6,,,0.44666666666666666
four_way,4,0.1,0.9,23,soft_em,0.5866666666666667,,,0.12
four_way,4,0.1,0.9,23,mechanism_kmeans,0.5933333333333333,,,0.12
four_way,4,0.1,0.95,23,oracle_ols,0.3466666666666667,,,1.0
four_way,4,0.1,0.95,23,oracle_gls,0.19999999999999996,,,0.6333333333333333
four_way,4,0.1,0.95,23,lrdsr,0.5800000000000001,,,0.08666666666666667
four_way,4,0.1,0.95,23,soft_em,0.5933333333333333,,,0.11333333333333333
four_way,4,0.1,0.95,23,mechanism_kmeans,0.6133333333333333,,,0.08
four_way,4,0.25,0.0,23,oracle_ols,0.020000000000000018,,,1.0
four_way,4,0.25,0.0,23,oracle_gls,0.020000000000000018,,,1.0
four_way,4,0.25,0.0,23,lrdsr,0.026666666666666616,,,0.0
four_way,4,0.25,0.0,23,soft_em,0.026666666666666616,,,0.0
four_way,4,0.25,0.0,23,mechanism_kmeans,0.020000000000000018,,,0.0
four_way,4,0.25,0.3,23,oracle_ols,0.033333333333333326,,,1.0
four_way,4,0.25,0.3,23,oracle_gls,0.033333333333333326,,,1.0
four_way,4,0.25,0.3,23,lrdsr,0.040000000000000036,,,0.98
four_way,4,0.25,0.3,23,soft_em,0.040000000000000036,,,0.49333333333333335
four_way,4,0.25,0.3,23,mechanism_kmeans,0.040000000000000036,,,0.5
four_way,4,0.25,0.6,23,oracle_ols,0.08666666666666667,,,1.0
four_way,4,0.25,0.6,23,oracle_gls,0.06666666666666665,,,0.9533333333333334
four_way,4,0.25,0.6,23,lrdsr,0.14,,,0.06
four_way,4,0.25,0.6,23,soft_em,0.1333333333333333,,,0.0
four_way,4,0.25,0.6,23,mechanism_kmeans,0.19333333333333336,,,0.02
four_way,4,0.25,0.8,23,oracle_ols,0.16666666666666663,,,1.0
four_way,4,0.25,0.8,23,oracle_gls,0.1266666666666667,,,0.8466666666666667
four_way,4,0.25,0.8,23,lrdsr,0.26,,,0.23333333333333334
four_way,4,0.25,0.8,23,soft_em,0.28,,,0.35333333333333333
four_way,4,0.25,0.8,23,mechanism_kmeans,0.2666666666666667,,,0.36666666666666664
four_way,4,0.25,0.9,23,oracle_ols,0.17333333333333334,,,1.0
four_way,4,0.25,0.9,23,oracle_gls,0.10666666666666669,,,0.7933333333333333
four_way,4,0.25,0.9,23,lrdsr,0.4666666666666667,,,0.11333333333333333
four_way,4,0.25,0.9,23,soft_em,0.4,,,0.4
four_way,4,0.25,0.9,23,mechanism_kmeans,0.3733333333333333,,,0.3933333333333333
four_way,4,0.25,0.95,23,oracle_ols,0.18666666666666665,,,1.0
four_way,4,0.25,0.95,23,oracle_gls,0.053333333333333344,,,0.7933333333333333
four_way,4,0.25,0.95,23,lrdsr,0.5266666666666666,,,0.48
four_way,4,0.25,0.95,23,soft_em,0.54,,,0.46
four_way,4,0.25,0.95,23,mechanism_kmeans,0.52,,,0.46
four_way,4,1.0,0.0,23,oracle_ols,0.0,,,1.0
four_way,4,1.0,0.0,23,oracle_gls,0.0,,,1.0
four_way,4,1.0,0.0,23,lrdsr,0.0,,,0.2
four_way,4,1.0,0.0,23,soft_em,0.0,,,0.4866666666666667
four_way,4,1.0,0.0,23,mechanism_kmeans,0.0,,,0.4866666666666667
four_way,4,1.0,0.3,23,oracle_ols,0.00666666666666671,,,1.0
four_way,4,1.0,0.3,23,oracle_gls,0.0,,,0.9933333333333333
four_way,4,1.0,0.3,23,lrdsr,0.00666666666666671,,,0.0
four_way,4,1.0,0.3,23,soft_em,0.0,,,0.4866666666666667
four_way,4,1.0,0.3,23,mechanism_kmeans,0.013333333333333308,,,0.5
four_way,4,1.0,0.6,23,oracle_ols,0.013333333333333308,,,1.0
four_way,4,1.0,0.6,23,oracle_gls,0.0,,,0.9866666666666667
four_way,4,1.0,0.6,23,lrdsr,0.013333333333333308,,,0.0
four_way,4,1.0,0.6,23,soft_em,0.013333333333333308,,,0.5
four_way,4,1.0,0.6,23,mechanism_kmeans,0.020000000000000018,,,0.5066666666666667
four_way,4,1.0,0.8,23,oracle_ols,0.013333333333333308,,,1.0
four_way,4,1.0,0.8,23,oracle_gls,0.0,,,0.9866666666666667
four_way,4,1.0,0.8,23,lrdsr,0.020000000000000018,,,0.006666666666666667
four_way,4,1.0,0.8,23,soft_em,0.020000000000000018,,,0.0
four_way,4,1.0,0.8,23,mechanism_kmeans,0.026666666666666616,,,0.0
four_way,4,1.0,0.9,23,oracle_ols,0.020000000000000018,,,1.0
four_way,4,1.0,0.9,23,oracle_gls,0.0,,,0.98
four_way,4,1.0,0.9,23,lrdsr,0.06666666666666665,,,0.9533333333333334
four_way,4,1.0,0.9,23,soft_em,0.040000000000000036,,,0.29333333333333333
four_way,4,1.0,0.9,23,mechanism_kmeans,0.046666666666666634,,,0.29333333333333333
four_way,4,1.0,0.95,23,oracle_ols,0.0,,,1.0
four_way,4,1.0,0.95,23,oracle_gls,0.0,,,1.0
four_way,4,1.0,0.95,23,lrdsr,0.21999999999999997,,,0.12
four_way,4,1.0,0.95,23,soft_em,0.22666666666666668,,,0.32
four_way,4,1.0,0.95,23,mechanism_kmeans,0.19999999999999996,,,0.3333333333333333
four_way,4,0.1,0.0,42,oracle_ols,0.10666666666666669,,,1.0
four_way,4,0.1,0.0,42,oracle_gls,0.10666666666666669,,,1.0
four_way,4,0.1,0.0,42,lrdsr,0.1266666666666667,,,0.26666666666666666
four_way,4,0.1,0.0,42,soft_em,0.14,,,0.006666666666666667
four_way,4,0.1,0.0,42,mechanism_kmeans,0.14,,,0.013333333333333334
four_way,4,0.1,0.3,42,oracle_ols,0.19333333333333336,,,1.0
four_way,4,0.1,0.3,42,oracle_gls,0.21333333333333337,,,0.9466666666666667
four_way,4,0.1,0.3,42,lrdsr,0.2533333333333333,,,0.22666666666666666
four_way,4,0.1,0.3,42,soft_em,0.2666666666666667,,,0.013333333333333334
four_way,4,0.1,0.3,42,mechanism_kmeans,0.23333333333333328,,,0.013333333333333334
four_way,4,0.1,0.6,42,oracle_ols,0.31999999999999995,,,1.0
four_way,4,0.1,0.6,42,oracle_gls,0.30000000000000004,,,0.7933333333333333
four_way,4,0.1,0.6,42,lrdsr,0.36,,,0.4866666666666667
four_way,4,0.1,0.6,42,soft_em,0.4,,,0.14
four_way,4,0.1,0.6,42,mechanism_kmeans,0.43333333333333335,,,0.14
four_way,4,0.1,0.8,42,oracle_ols,0.42000000000000004,,,1.0
four_way,4,0.1,0.8,42,oracle_gls,0.29333333333333333,,,0.7466666666666667
four_way,4,0.1,0.8,42,lrdsr,0.5533333333333333,,,0.3
four_way,4,0.1,0.8,42,soft_em,0.5266666666666666,,,0.5333333333333333
four_way,4,0.1,0.8,42,mechanism_kmeans,0.54,,,0.5133333333333333
four_way,4,0.1,0.9,42,oracle_ols,0.4666666666666667,,,1.0
four_way,4,0.1,0.9,42,oracle_gls,0.24,,,0.6466666666666666
four_way,4,0.1,0.9,42,lrdsr,0.6,,,0.1
four_way,4,0.1,0.9,42,soft_em,0.5866666666666667,,,0.20666666666666667
four_way,4,0.1,0.9,42,mechanism_kmeans,0.5666666666666667,,,0.23333333333333334
four_way,4,0.1,0.95,42,oracle_ols,0.4,,,1.0
four_way,4,0.1,0.95,42,oracle_gls,0.18000000000000005,,,0.6466666666666666
four_way,4,0.1,0.95,42,lrdsr,0.62,,,0.37333333333333335
four_way,4,0.1,0.95,42,soft_em,0.6,,,0.38
four_way,4,0.1,0.95,42,mechanism_kmeans,0.6133333333333333,,,0.37333333333333335
four_way,4,0.25,0.0,42,oracle_ols,0.026666666666666616,,,1.0
four_way,4,0.25,0.0,42,oracle_gls,0.026666666666666616,,,1.0
four_way,4,0.25,0.0,42,lrdsr,0.026666666666666616,,,0.21333333333333335
four_way,4,0.25,0.0,42,soft_em,0.026666666666666616,,,0.0
four_way,4,0.25,0.0,42,mechanism_kmeans,0.033333333333333326,,,0.0
four_way,4,0.25,0.3,42,oracle_ols,0.06666666666666665,,,1.0
four_way,4,0.25,0.3,42,oracle_gls,0.06000000000000005,,,0.9933333333333333
four_way,4,0.25,0.3,42,lrdsr,0.06666666666666665,,,0.0
four_way,4,0.25,0.3,42,soft_em,0.07333333333333336,,,0.0
four_way,4,0.25,0.3,42,mechanism_kmeans,0.06666666666666665,,,0.013333333333333334
four_way,4,0.25,0.6,42,oracle_ols,0.14,,,1.0
four_way,4,0.25,0.6,42,oracle_gls,0.1266666666666667,,,0.9266666666666666
four_way,4,0.25,0.6,42,lrdsr,0.18000000000000005,,,0.0
four_way,4,0.25,0.6,42,soft_em,0.18666666666666665,,,0.02
four_way,4,0.25,0.6,42,mechanism_kmeans,0.19999999999999996,,,0.03333333333333333
four_way,4,0.25,0.8,42,oracle_ols,0.23333333333333328,,,1.0
four_way,4,0.25,0.8,42,oracle_gls,0.15333333333333332,,,0.8333333333333334
four_way,4,0.25,0.8,42,lrdsr,0.2866666666666666,,,0.24
four_way,4,0.25,0.8,42,soft_em,0.2666666666666667,,,0.25333333333333335
four_way,4,0.25,0.8,42,mechanism_kmeans,0.30000000000000004,,,0.24666666666666667
four_way,4,0.25,0.9,42,oracle_ols,0.2533333333333333,,,1.0
four_way,4,0.25,0.9,42,oracle_gls,0.09333333333333338,,,0.8066666666666666
four_way,4,0.25,0.9,42,lrdsr,0.42666666666666664,,,0.20666666666666667
four_way,4,0.25,0.9,42,soft_em,0.45333333333333337,,,0.16666666666666666
four_way,4,0.25,0.9,42,mechanism_kmeans,0.45999999999999996,,,0.14666666666666667
four_way,4,0.25,0.95,42,oracle_ols,0.21999999999999997,,,1.0
four_way,4,0.25,0.95,42,oracle_gls,0.040000000000000036,,,0.8066666666666666
four_way,4,0.25,0.95,42,lrdsr,0.48,,,0.4
four_way,4,0.25,0.95,42,soft_em,0.4866666666666667,,,0.32
four_way,4,0.25,0.95,42,mechanism_kmeans,0.45999999999999996,,,0.29333333333333333
four_way,4,1.0,0.0,42,oracle_ols,0.0,,,1.0
four_way,4,1.0,0.0,42,oracle_gls,0.0,,,1.0
four_way,4,1.0,0.0,42,lrdsr,0.0,,,0.0
four_way,4,1.0,0.0,42,soft_em,0.0,,,0.0
four_way,4,1.0,0.0,42,mechanism_kmeans,0.020000000000000018,,,0.02
four_way,4,1.0,0.3,42,oracle_ols,0.0,,,1.0
four_way,4,1.0,0.3,42,oracle_gls,0.0,,,1.0
four_way,4,1.0,0.3,42,lrdsr,0.0,,,0.31333333333333335
four_way,4,1.0,0.3,42,soft_em,0.0,,,0.0
four_way,4,1.0,0.3,42,mechanism_kmeans,0.026666666666666616,,,0.02666666666666667
four_way,4,1.0,0.6,42,oracle_ols,0.0,,,1.0
four_way,4,1.0,0.6,42,oracle_gls,0.0,,,1.0
four_way,4,1.0,0.6,42,lrdsr,0.013333333333333308,,,0.31333333333333335
four_way,4,1.0,0.6,42,soft_em,0.013333333333333308,,,0.0
four_way,4,1.0,0.6,42,mechanism_kmeans,0.033333333333333326,,,0.0
four_way,4,1.0,0.8,42,oracle_ols,0.046666666666666634,,,1.0
four_way,4,1.0,0.8,42,oracle_gls,0.0,,,0.9533333333333334
four_way,4,1.0,0.8,42,lrdsr,0.033333333333333326,,,0.26666666666666666
four_way,4,1.0,0.8,42,soft_em,0.033333333333333326,,,0.006666666666666667
four_way,4,1.0,0.8,42,mechanism_kmeans,0.06000000000000005,,,0.04666666666666667
four_way,4,1.0,0.9,42,oracle_ols,0.033333333333333326,,,1.0
four_way,4,1.0,0.9,42,oracle_gls,0.0,,,0.9666666666666667
four_way,4,1.0,0.9,42,lrdsr,0.053333333333333344,,,0.0
four_way,4,1.0,0.9,42,soft_em,0.046666666666666634,,,0.4666666666666667
four_way,4,1.0,0.9,42,mechanism_kmeans,0.06666666666666665,,,0.47333333333333333
four_way,4,1.0,0.95,42,oracle_ols,0.013333333333333308,,,1.0
four_way,4,1.0,0.95,42,oracle_gls,0.0,,,0.9866666666666667
four_way,4,1.0,0.95,42,lrdsr,0.29333333333333333,,,0.16
four_way,4,1.0,0.95,42,soft_em,0.26,,,0.7266666666666667
four_way,4,1.0,0.95,42,mechanism_kmeans,0.2866666666666666,,,0.6733333333333333
rescaled_copy,2,0.1,0.0,11,oracle_ols,0.1333333333333333,0.1409464620609142,0.1409464620609142,1.0
rescaled_copy,2,0.1,0.0,11,oracle_gls,0.1333333333333333,0.1409464620609142,0.1409464620609142,1.0
rescaled_copy,2,0.1,0.0,11,lrdsr,0.14,0.1409464620609142,0.1409464620609142,0.02
rescaled_copy,2,0.1,0.0,11,soft_em,0.1466666666666666,0.1409464620609142,0.1409464620609142,0.04
rescaled_copy,2,0.1,0.0,11,mechanism_kmeans,0.15333333333333332,0.1409464620609142,0.1409464620609142,0.03333333333333333
rescaled_copy,2,0.1,0.3,11,oracle_ols,0.19999999999999996,0.2069853091957366,0.2049551749998905,1.0
rescaled_copy,2,0.1,0.3,11,oracle_gls,0.19333333333333336,0.2069853091957366,0.2049551749998905,0.98
rescaled_copy,2,0.1,0.3,11,lrdsr,0.20666666666666667,0.2069853091957366,0.2049551749998905,0.06
rescaled_copy,2,0.1,0.3,11,soft_em,0.21999999999999997,0.2069853091957366,0.2049551749998905,0.94
rescaled_copy,2,0.1,0.3,11,mechanism_kmeans,0.21999999999999997,0.2069853091957366,0.2049551749998905,0.94
rescaled_copy,2,0.1,0.6,11,oracle_ols,0.24,0.277407315809509,0.26753152246363593,1.0
rescaled_copy,2,0.1,0.6,11,oracle_gls,0.2666666666666667,0.277407315809509,0.26753152246363593,0.92
rescaled_copy,2,0.1,0.6,11,lrdsr,0.31333333333333335,0.277407315809509,0.26753152246363593,0.82
rescaled_copy,2,0.1,0.6,11,soft_em,0.29333333333333333,0.277407315809509,0.26753152246363593,0.09333333333333334
rescaled_copy,2,0.1,0.6,11,mechanism_kmeans,0.33999999999999997,0.277407315809509,0.26753152246363593,0.18
rescaled_copy,2,0.1,0.8,11,oracle_ols,0.30000000000000004,0.3293033882172086,0.30406495382887233,1.0
rescaled_copy,2,0.1,0.8,11,oracle_gls,0.28,0.3293033882172086,0.30406495382887233,0.8733333333333333
rescaled_copy,2,0.1,0.8,11,lrdsr,0.43999999999999995,0.3293033882172086,0.30406495382887233,0.74
rescaled_copy,2,0.1,0.8,11,soft_em,0.43999999999999995,0.3293033882172086,0.30406495382887233,0.2733333333333333
rescaled_copy,2,0.1,0.8,11,mechanism_kmeans,0.44666666666666666,0.3293033882172086,0.30406495382887233,0.28
rescaled_copy,2,0.1,0.9,11,oracle_ols,0.41333333333333333,0.3587479180428453,0.30760369039753155,1.0
rescaled_copy,2,0.1,0.9,11,oracle_gls,0.2733333333333333,0.3587479180428453,0.30760369039753155,0.74
rescaled_copy,2,0.1,0.9,11,lrdsr,0.43333333333333335,0.3587479180428453,0.30760369039753155,0.8333333333333334
rescaled_copy,2,0.1,0.9,11,soft_em,0.43999999999999995,0.3587479180428453,0.30760369039753155,0.8133333333333334
rescaled_copy,2,0.1,0.9,11,mechanism_kmeans,0.45333333333333337,0.3587479180428453,0.30760369039753155,0.8133333333333334
rescaled_copy,2,0.1,0.95,11,oracle_ols,0.41333333333333333,0.37832701825092974,0.28337964802204285,1.0
rescaled_copy,2,0.1,0.95,11,oracle_gls,0.26,0.37832701825092974,0.28337964802204285,0.66
rescaled_copy,2,0.1,0.95,11,lrdsr,0.4866666666666667,0.37832701825092974,0.28337964802204285,0.22
rescaled_copy,2,0.1,0.95,11,soft_em,0.4933333333333333,0.37832701825092974,0.28337964802204285,0.21333333333333335
rescaled_copy,2,0.1,0.95,11,mechanism_kmeans,0.4933333333333333,0.37832701825092974,0.28337964802204285,0.2
rescaled_copy,2,0.25,0.0,11,oracle_ols,0.046666666666666634,0.046103091999404565,0.046103091999404565,1.0
rescaled_copy,2,0.25,0.0,11,oracle_gls,0.046666666666666634,0.046103091999404565,0.046103091999404565,1.0
rescaled_copy,2,0.25,0.0,11,lrdsr,0.040000000000000036,0.046103091999404565,0.046103091999404565,0.9933333333333333
rescaled_copy,2,0.25,0.0,11,soft_em,0.046666666666666634,0.046103091999404565,0.046103091999404565,1.0
rescaled_copy,2,0.25,0.0,11,mechanism_kmeans,0.046666666666666634,0.046103091999404565,0.046103091999404565,1.0
rescaled_copy,2,0.25,0.3,11,oracle_ols,0.08666666666666667,0.09947046960124707,0.097511931322971,1.0
rescaled_copy,2,0.25,0.3,11,oracle_gls,0.08666666666666667,0.09947046960124707,0.097511931322971,0.9866666666666667
rescaled_copy,2,0.25,0.3,11,lrdsr,0.07999999999999996,0.09947046960124707,0.097511931322971,0.02
rescaled_copy,2,0.25,0.3,11,soft_em,0.09999999999999998,0.09947046960124707,0.097511931322971,0.013333333333333334
rescaled_copy,2,0.25,0.3,11,mechanism_kmeans,0.09999999999999998,0.09947046960124707,0.097511931322971,0.013333333333333334
rescaled_copy,2,0.25,0.6,11,oracle_ols,0.16000000000000003,0.17580453555571135,0.16390327532363605,1.0
rescaled_copy,2,0.25,0.6,11,oracle_gls,0.14,0.17580453555571135,0.16390327532363605,0.9533333333333334
rescaled_copy,2,0.25,0.6,11,lrdsr,0.16000000000000003,0.17580453555571135,0.16390327532363605,0.04
rescaled_copy,2,0.25,0.6,11,soft_em,0.16666666666666663,0.17580453555571135,0.16390327532363605,0.04666666666666667
rescaled_copy,2,0.25,0.6,11,mechanism_kmeans,0.18000000000000005,0.17580453555571135,0.16390327532363605,0.07333333333333333
rescaled_copy,2,0.25,0.8,11,oracle_ols,0.23333333333333328,0.24262832924980682,0.20897147673840066,1.0
rescaled_copy,2,0.25,0.8,11,oracle_gls,0.17333333333333334,0.24262832924980682,0.20897147673840066,0.9
rescaled_copy,2,0.25,0.8,11,lrdsr,0.30000000000000004,0.24262832924980682,0.20897147673840066,0.16
rescaled_copy,2,0.25,0.8,11,soft_em,0.2866666666666666,0.24262832924980682,0.20897147673840066,0.14666666666666667
rescaled_copy,2,0.25,0.8,11,mechanism_kmeans,0.2866666666666666,0.24262832924980682,0.20897147673840066,0.14666666666666667
rescaled_copy,2,0.25,0.9,11,oracle_ols,0.31333333333333335,0.28374301030849486,0.21354487191810093,1.0
rescaled_copy,2,0.25,0.9,11,oracle_gls,0.16666666666666663,0.28374301030849486,0.21354487191810093,0.7733333333333333
rescaled_copy,2,0.25,0.9,11,lrdsr,0.41333333333333333,0.28374301030849486,0.21354487191810093,0.8333333333333334
rescaled_copy,2,0.25,0.9,11,soft_em,0.41333333333333333,0.28374301030849486,0.21354487191810093,0.18
rescaled_copy,2,0.25,0.9,11,mechanism_kmeans,0.4066666666666666,0.28374301030849486,0.21354487191810093,0.16
rescaled_copy,2,0.25,0.95,11,oracle_ols,0.31333333333333335,0.3121443314742334,0.1828919346428028,1.0
rescaled_copy,2,0.25,0.95,11,oracle_gls,0.1466666666666666,0.3121443314742334,0.1828919346428028,0.7
rescaled_copy,2,0.25,0.95,11,lrdsr,0.48,0.3121443314742334,0.1828919346428028,0.23333333333333334
rescaled_copy,2,0.25,0.95,11,soft_em,0.48,0.3121443314742334,0.1828919346428028,0.78
rescaled_copy,2,0.25,0.95,11,mechanism_kmeans,0.43999999999999995,0.3121443314742334,0.1828919346428028,0.8066666666666666
rescaled_copy,2,1.0,0.0,11,oracle_ols,0.0,0.0006352443700316766,0.0006352443700316766,1.0
rescaled_copy,2,1.0,0.0,11,oracle_gls,0.0,0.0006352443700316766,0.0006352443700316766,1.0
rescaled_copy,2,1.0,0.0,11,lrdsr,0.0,0.0006352443700316766,0.0006352443700316766,1.0
rescaled_copy,2,1.0,0.0,11,soft_em,0.0,0.0006352443700316766,0.0006352443700316766,1.0
rescaled_copy,2,1.0,0.0,11,mechanism_kmeans,0.0,0.0006352443700316766,0.0006352443700316766,1.0
rescaled_copy,2,1.0,0.3,11,oracle_ols,0.013333333333333308,0.006125653534645355,0.00574319591109834,1.0
rescaled_copy,2,1.0,0.3,11,oracle_gls,0.00666666666666671,0.006125653534645355,0.00574319591109834,0.9933333333333333
rescaled_copy,2,1.0,0.3,11,lrdsr,0.0,0.006125653534645355,0.00574319591109834,0.9866666666666667
rescaled_copy,2,1.0,0.3,11,soft_em,0.00666666666666671,0.006125653534645355,0.00574319591109834,0.9933333333333333
rescaled_copy,2,1.0,0.3,11,mechanism_kmeans,0.00666666666666671,0.006125653534645355,0.00574319591109834,0.9933333333333333
rescaled_copy,2,1.0,0.6,11,oracle_ols,0.026666666666666616,0.0328095000811804,0.026458369231936577,1.0
rescaled_copy,2,1.0,0.6,11,oracle_gls,0.020000000000000018,0.0328095000811804,0.026458369231936577,0.9933333333333333
rescaled_copy,2,1.0,0.6,11,lrdsr,0.020000000000000018,0.0328095000811804,0.026458369231936577,0.9933333333333333
rescaled_copy,2,1.0,0.6,11,soft_em,0.026666666666666616,0.0328095000811804,0.026458369231936577,0.0
rescaled_copy,2,1.0,0.6,11,mechanism_kmeans,0.033333333333333326,0.0328095000811804,0.026458369231936577,0.006666666666666667
rescaled_copy,2,1.0,0.8,11,oracle_ols,0.06000000000000005,0.08248903507336412,0.05339923585657985,1.0
rescaled_copy,2,1.0,0.8,11,oracle_gls,0.046666666666666634,0.08248903507336412,0.05339923585657985,0.9466666666666667
rescaled_copy,2,1.0,0.8,11,lrdsr,0.06666666666666665,0.08248903507336412,0.05339923585657985,0.94
rescaled_copy,2,1.0,0.8,11,soft_em,0.07333333333333336,0.08248903507336412,0.05339923585657985,0.9333333333333333
rescaled_copy,2,1.0,0.8,11,mechanism_kmeans,0.07333333333333336,0.08248903507336412,0.05339923585657985,0.9333333333333333
rescaled_copy,2,1.0,0.9,11,oracle_ols,0.09333333333333338,0.1270538674509875,0.05676501228143688,1.0
rescaled_copy,2,1.0,0.9,11,oracle_gls,0.033333333333333326,0.1270538674509875,0.05676501228143688,0.9133333333333333
rescaled_copy,2,1.0,0.9,11,lrdsr,0.15333333333333332,0.1270538674509875,0.05676501228143688,0.9
rescaled_copy,2,1.0,0.9,11,soft_em,0.15333333333333332,0.1270538674509875,0.05676501228143688,0.9133333333333333
rescaled_copy,2,1.0,0.9,11,mechanism_kmeans,0.15333333333333332,0.1270538674509875,0.05676501228143688,0.9133333333333333
rescaled_copy,2,1.0,0.95,11,oracle_ols,0.17333333333333334,0.16409094234284982,0.03623146616244795,1.0
rescaled_copy,2,1.0,0.95,11,oracle_gls,0.020000000000000018,0.16409094234284982,0.03623146616244795,0.82
rescaled_copy,2,1.0,0.95,11,lrdsr,0.30000000000000004,0.16409094234284982,0.03623146616244795,0.12666666666666668
rescaled_copy,2,1.0,0.95,11,soft_em,0.2733333333333333,0.16409094234284982,0.03623146616244795,0.9
rescaled_copy,2,1.0,0.95,11,mechanism_kmeans,0.23333333333333328,0.16409094234284982,0.03623146616244795,0.94
rescaled_copy,2,0.1,0.0,23,oracle_ols,0.11333333333333329,0.13565456016336128,0.13565456016336128,1.0
rescaled_copy,2,0.1,0.0,23,oracle_gls,0.11333333333333329,0.13565456016336128,0.13565456016336128,1.0
rescaled_copy,2,0.1,0.0,23,lrdsr,0.1333333333333333,0.13565456016336128,0.13565456016336128,0.94
rescaled_copy,2,0.1,0.0,23,soft_em,0.09999999999999998,0.13565456016336128,0.13565456016336128,0.9866666666666667
rescaled_copy,2,0.1,0.0,23,mechanism_kmeans,0.09333333333333338,0.13565456016336128,0.13565456016336128,0.9666666666666667
rescaled_copy,2,0.1,0.3,23,oracle_ols,0.16666666666666663,0.20217541196962377,0.20018323246404435,1.0
rescaled_copy,2,0.1,0.3,23,oracle_gls,0.14,0.20217541196962377,0.20018323246404435,0.96
rescaled_copy,2,0.1,0.3,23,lrdsr,0.15333333333333332,0.20217541196962377,0.20018323246404435,0.08
rescaled_copy,2,0.1,0.3,23,soft_em,0.16000000000000003,0.20217541196962377,0.20018323246404435,0.9133333333333333
rescaled_copy,2,0.1,0.3,23,mechanism_kmeans,0.16666666666666663,0.20217541196962377,0.20018323246404435,0.9066666666666666
rescaled_copy,2,0.1,0.6,23,oracle_ols,0.2533333333333333,0.27377376279280885,0.2640699736476672,1.0
rescaled_copy,2,0.1,0.6,23,oracle_gls,0.23333333333333328,0.27377376279280885,0.2640699736476672,0.9533333333333334
rescaled_copy,2,0.1,0.6,23,lrdsr,0.2866666666666666,0.27377376279280885,0.2640699736476672,0.7933333333333333
rescaled_copy,2,0.1,0.6,23,soft_em,0.2733333333333333,0.27377376279280885,0.2640699736476672,0.15333333333333332
rescaled_copy,2,0.1,0.6,23,mechanism_kmeans,0.24,0.27377376279280885,0.2640699736476672,0.12
rescaled_copy,2,0.1,0.8,23,oracle_ols,0.2866666666666666,0.3268202679546855,0.302133018986464,1.0
rescaled_copy,2,0.1,0.8,23,oracle_gls,0.2866666666666666,0.3268202679546855,0.302133018986464,0.84
rescaled_copy,2,0.1,0.8,23,lrdsr,0.3533333333333334,0.3268202679546855,0.302133018986464,0.7333333333333333
rescaled_copy,2,0.1,0.8,23,soft_em,0.36,0.3268202679546855,0.302133018986464,0.7933333333333333
rescaled_copy,2,0.1,0.8,23,mechanism_kmeans,0.3666666666666667,0.3268202679546855,0.302133018986464,0.8
rescaled_copy,2,0.1,0.9,23,oracle_ols,0.30666666666666664,0.3569450697771203,0.30694136097075536,1.0
rescaled_copy,2,0.1,0.9,23,oracle_gls,0.2866666666666666,0.3569450697771203,0.30694136097075536,0.7933333333333333
rescaled_copy,2,0.1,0.9,23,lrdsr,0.3733333333333333,0.3569450697771203,0.30694136097075536,0.26666666666666666
rescaled_copy,2,0.1,0.9,23,soft_em,0.36,0.3569450697771203,0.30694136097075536,0.26666666666666666
rescaled_copy,2,0.1,0.9,23,mechanism_kmeans,0.36,0.3569450697771203,0.30694136097075536,0.26666666666666666
rescaled_copy,2,0.1,0.95,23,oracle_ols,0.31333333333333335,0.37692782866651015,0.28370024850385944,1.0
rescaled_copy,2,0.1,0.95,23,oracle_gls,0.2666666666666667,0.37692782866651015,0.28370024850385944,0.7533333333333333
rescaled_copy,2,0.1,0.95,23,lrdsr,0.3733333333333333,0.37692782866651015,0.28370024850385944,0.82
rescaled_copy,2,0.1,0.95,23,soft_em,0.3866666666666667,0.37692782866651015,0.28370024850385944,0.16666666666666666
rescaled_copy,2,0.1,0.95,23,mechanism_kmeans,0.38,0.37692782866651015,0.28370024850385944,0.18666666666666668
rescaled_copy,2,0.25,0.0,23,oracle_ols,0.040000000000000036,0.042435865808145096,0.042435865808145096,1.0
rescaled_copy,2,0.25,0.0,23,oracle_gls,0.040000000000000036,0.042435865808145096,0.042435865808145096,1.0
rescaled_copy,2,0.25,0.0,23,lrdsr,0.033333333333333326,0.042435865808145096,0.042435865808145096,0.9933333333333333
rescaled_copy,2,0.25,0.0,23,soft_em,0.033333333333333326,0.042435865808145096,0.042435865808145096,0.006666666666666667
rescaled_copy,2,0.25,0.0,23,mechanism_kmeans,0.033333333333333326,0.042435865808145096,0.042435865808145096,0.006666666666666667
rescaled_copy,2,0.25,0.3,23,oracle_ols,0.07333333333333336,0.09477505831283553,0.09289175625767743,1.0
rescaled_copy,2,0.25,0.3,23,oracle_gls,0.06000000000000005,0.09477505831283553,0.09289175625767743,0.9866666666666667
rescaled_copy,2,0.25,0.3,23,lrdsr,0.07999999999999996,0.09477505831283553,0.09289175625767743,0.98
rescaled_copy,2,0.25,0.3,23,soft_em,0.06666666666666665,0.09477505831283553,0.09289175625767743,0.98
rescaled_copy,2,0.25,0.3,23,mechanism_kmeans,0.06000000000000005,0.09477505831283553,0.09289175625767743,0.9733333333333334
rescaled_copy,2,0.25,0.6,23,oracle_ols,0.1266666666666667,0.17135509358114953,0.1597715886066124,1.0
rescaled_copy,2,0.25,0.6,23,oracle_gls,0.11333333333333329,0.17135509358114953,0.1597715886066124,0.96
rescaled_copy,2,0.25,0.6,23,lrdsr,0.14,0.17135509358114953,0.1597715886066124,0.05333333333333334
rescaled_copy,2,0.25,0.6,23,soft_em,0.12,0.17135509358114953,0.1597715886066124,0.9666666666666667
rescaled_copy,2,0.25,0.6,23,mechanism_kmeans,0.14,0.17135509358114953,0.1597715886066124,0.9466666666666667
rescaled_copy,2,0.25,0.8,23,oracle_ols,0.22666666666666668,0.2392353704153976,0.2064517220946972,1.0
rescaled_copy,2,0.25,0.8,23,oracle_gls,0.16666666666666663,0.2392353704153976,0.2064517220946972,0.8866666666666667
rescaled_copy,2,0.25,0.8,23,lrdsr,0.2733333333333333,0.2392353704153976,0.2064517220946972,0.82
rescaled_copy,2,0.25,0.8,23,soft_em,0.2666666666666667,0.2392353704153976,0.2064517220946972,0.16
rescaled_copy,2,0.25,0.8,23,mechanism_kmeans,0.26,0.2392353704153976,0.2064517220946972,0.15333333333333332
rescaled_copy,2,0.25,0.9,23,oracle_ols,0.24,0.2811671090648453,0.21265462487559722,1.0
rescaled_copy,2,0.25,0.9,23,oracle_gls,0.18666666666666665,0.2811671090648453,0.21265462487559722,0.8133333333333334
rescaled_copy,2,0.25,0.9,23,lrdsr,0.30000000000000004,0.2811671090648453,0.21265462487559722,0.20666666666666667
rescaled_copy,2,0.25,0.9,23,soft_em,0.2733333333333333,0.2811671090648453,0.21265462487559722,0.8066666666666666
rescaled_copy,2,0.25,0.9,23,mechanism_kmeans,0.28,0.2811671090648453,0.21265462487559722,0.8133333333333334
rescaled_copy,2,0.25,0.95,23,oracle_ols,0.28,0.3100966859094577,0.18321770567483925,1.0
rescaled_copy,2,0.25,0.95,23,oracle_gls,0.16000000000000003,0.3100966859094577,0.18321770567483925,0.7866666666666666
rescaled_copy,2,0.25,0.95,23,lrdsr,0.33999999999999997,0.3100966859094577,0.18321770567483925,0.8466666666666667
rescaled_copy,2,0.25,0.95,23,soft_em,0.32666666666666666,0.3100966859094577,0.18321770567483925,0.86
rescaled_copy,2,0.25,0.95,23,mechanism_kmeans,0.31999999999999995,0.3100966859094577,0.18321770567483925,0.8533333333333334
rescaled_copy,2,1.0,0.0,23,oracle_ols,0.0,0.00046194396730930425,0.00046194396730930414,1.0
rescaled_copy,2,1.0,0.0,23,oracle_gls,0.0,0.00046194396730930425,0.00046194396730930414,1.0
rescaled_copy,2,1.0,0.0,23,lrdsr,0.0,0.00046194396730930425,0.00046194396730930414,1.0
rescaled_copy,2,1.0,0.0,23,soft_em,0.0,0.00046194396730930425,0.00046194396730930414,1.0
rescaled_copy,2,1.0,0.0,23,mechanism_kmeans,0.0,0.00046194396730930425,0.00046194396730930414,1.0
rescaled_copy,2,1.0,0.3,23,oracle_ols,0.0,0.005174854748688322,0.004845243894725023,1.0
rescaled_copy,2,1.0,0.3,23,oracle_gls,0.0,0.005174854748688322,0.004845243894725023,1.0
rescaled_copy,2,1.0,0.3,23,lrdsr,0.0,0.005174854748688322,0.004845243894725023,1.0
rescaled_copy,2,1.0,0.3,23,soft_em,0.0,0.005174854748688322,0.004845243894725023,1.0
rescaled_copy,2,1.0,0.3,23,mechanism_kmeans,0.0,0.005174854748688322,0.004845243894725023,1.0
rescaled_copy,2,1.0,0.6,23,oracle_ols,0.013333333333333308,0.030258958161679388,0.02437273233003808,1.0
rescaled_copy,2,1.0,0.6,23,oracle_gls,0.020000000000000018,0.030258958161679388,0.02437273233003808,0.9933333333333333
rescaled_copy,2,1.0,0.6,23,lrdsr,0.013333333333333308,0.030258958161679388,0.02437273233003808,0.9866666666666667
rescaled_copy,2,1.0,0.6,23,soft_em,0.020000000000000018,0.030258958161679388,0.02437273233003808,0.9933333333333333
rescaled_copy,2,1.0,0.6,23,mechanism_kmeans,0.020000000000000018,0.030258958161679388,0.02437273233003808,0.9933333333333333
rescaled_copy,2,1.0,0.8,23,oracle_ols,0.046666666666666634,0.07919500223505342,0.051456753469695186,1.0
rescaled_copy,2,1.0,0.8,23,oracle_gls,0.040000000000000036,0.07919500223505342,0.051456753469695186,0.9666666666666667
rescaled_copy,2,1.0,0.8,23,lrdsr,0.040000000000000036,0.07919500223505342,0.051456753469695186,0.9533333333333334
rescaled_copy,2,1.0,0.8,23,soft_em,0.053333333333333344,0.07919500223505342,0.051456753469695186,0.9666666666666667
rescaled_copy,2,1.0,0.8,23,mechanism_kmeans,0.046666666666666634,0.07919500223505342,0.051456753469695186,0.96
rescaled_copy,2,1.0,0.9,23,oracle_ols,0.07999999999999996,0.12394066987302504,0.055980084867645746,1.0
rescaled_copy,2,1.0,0.9,23,oracle_gls,0.033333333333333326,0.12394066987302504,0.055980084867645746,0.94
rescaled_copy,2,1.0,0.9,23,lrdsr,0.1266666666666667,0.12394066987302504,0.055980084867645746,0.8866666666666667
rescaled_copy,2,1.0,0.9,23,soft_em,0.10666666666666669,0.12394066987302504,0.055980084867645746,0.09333333333333334
rescaled_copy,2,1.0,0.9,23,mechanism_kmeans,0.15333333333333332,0.12394066987302504,0.055980084867645746,0.12666666666666668
rescaled_copy,2,1.0,0.95,23,oracle_ols,0.09333333333333338,0.16130557144653507,0.03624578427895051,1.0
rescaled_copy,2,1.0,0.95,23,oracle_gls,0.020000000000000018,0.16130557144653507,0.03624578427895051,0.9
rescaled_copy,2,1.0,0.95,23,lrdsr,0.16666666666666663,0.16130557144653507,0.03624578427895051,0.08666666666666667
rescaled_copy,2,1.0,0.95,23,soft_em,0.16666666666666663,0.16130557144653507,0.03624578427895051,0.08666666666666667
rescaled_copy,2,1.0,0.95,23,mechanism_kmeans,0.17333333333333334,0.16130557144653507,0.03624578427895051,0.08
rescaled_copy,2,0.1,0.0,42,oracle_ols,0.09999999999999998,0.1371488975773556,0.1371488975773556,1.0
rescaled_copy,2,0.1,0.0,42,oracle_gls,0.09999999999999998,0.1371488975773556,0.1371488975773556,1.0
rescaled_copy,2,0.1,0.0,42,lrdsr,0.1333333333333333,0.1371488975773556,0.1371488975773556,0.04666666666666667
rescaled_copy,2,0.1,0.0,42,soft_em,0.1266666666666667,0.1371488975773556,0.1371488975773556,0.96
rescaled_copy,2,0.1,0.0,42,mechanism_kmeans,0.1266666666666667,0.1371488975773556,0.1371488975773556,0.96
rescaled_copy,2,0.1,0.3,42,oracle_ols,0.1466666666666666,0.20342939687119885,0.20138582320086346,1.0
rescaled_copy,2,0.1,0.3,42,oracle_gls,0.16000000000000003,0.20342939687119885,0.20138582320086346,0.9733333333333334
rescaled_copy,2,0.1,0.3,42,lrdsr,0.22666666666666668,0.20342939687119885,0.20138582320086346,0.92
rescaled_copy,2,0.1,0.3,42,soft_em,0.18666666666666665,0.20342939687119885,0.20138582320086346,0.06666666666666667
rescaled_copy,2,0.1,0.3,42,mechanism_kmeans,0.19999999999999996,0.20342939687119885,0.20138582320086346,0.08
rescaled_copy,2,0.1,0.6,42,oracle_ols,0.24,0.2748708290451232,0.26482225498690865,1.0
rescaled_copy,2,0.1,0.6,42,oracle_gls,0.20666666666666667,0.2748708290451232,0.26482225498690865,0.9
rescaled_copy,2,0.1,0.6,42,lrdsr,0.26,0.2748708290451232,0.26482225498690865,0.9
rescaled_copy,2,0.1,0.6,42,soft_em,0.2666666666666667,0.2748708290451232,0.26482225498690865,0.10666666666666667
rescaled_copy,2,0.1,0.6,42,mechanism_kmeans,0.2533333333333333,0.2748708290451232,0.26482225498690865,0.09333333333333334
rescaled_copy,2,0.1,0.8,42,oracle_ols,0.2466666666666667,0.3280856192798872,0.30234587665905593,1.0
rescaled_copy,2,0.1,0.8,42,oracle_gls,0.24,0.3280856192798872,0.30234587665905593,0.8466666666666667
rescaled_copy,2,0.1,0.8,42,lrdsr,0.4866666666666667,0.3280856192798872,0.30234587665905593,0.44
rescaled_copy,2,0.1,0.8,42,soft_em,0.4866666666666667,0.3280856192798872,0.30234587665905593,0.5066666666666667
rescaled_copy,2,0.1,0.8,42,mechanism_kmeans,0.4933333333333333,0.3280856192798872,0.30234587665905593,0.46
rescaled_copy,2,0.1,0.9,42,oracle_ols,0.2866666666666666,0.358451355052518,0.30658563458152005,1.0
rescaled_copy,2,0.1,0.9,42,oracle_gls,0.23333333333333328,0.358451355052518,0.30658563458152005,0.7733333333333333
rescaled_copy,2,0.1,0.9,42,lrdsr,0.5,0.358451355052518,0.30658563458152005,0.36
rescaled_copy,2,0.1,0.9,42,soft_em,0.4933333333333333,0.358451355052518,0.30658563458152005,0.6466666666666666
rescaled_copy,2,0.1,0.9,42,mechanism_kmeans,0.5,0.358451355052518,0.30658563458152005,0.64
rescaled_copy,2,0.1,0.95,42,oracle_ols,0.32666666666666666,0.3782658769723112,0.28276568201776214,1.0
rescaled_copy,2,0.1,0.95,42,oracle_gls,0.23333333333333328,0.3782658769723112,0.28276568201776214,0.7066666666666667
rescaled_copy,2,0.1,0.95,42,lrdsr,0.4933333333333333,0.3782658769723112,0.28276568201776214,0.2733333333333333
rescaled_copy,2,0.1,0.95,42,soft_em,0.48,0.3782658769723112,0.28276568201776214,0.7533333333333333
rescaled_copy,2,0.1,0.95,42,mechanism_kmeans,0.48,0.3782658769723112,0.28276568201776214,0.7533333333333333
rescaled_copy,2,0.25,0.0,42,oracle_ols,0.033333333333333326,0.04384273613394749,0.04384273613394749,1.0
rescaled_copy,2,0.25,0.0,42,oracle_gls,0.033333333333333326,0.04384273613394749,0.04384273613394749,1.0
rescaled_copy,2,0.25,0.0,42,lrdsr,0.033333333333333326,0.04384273613394749,0.04384273613394749,0.9733333333333334
rescaled_copy,2,0.25,0.0,42,soft_em,0.046666666666666634,0.04384273613394749,0.04384273613394749,0.013333333333333334
rescaled_copy,2,0.25,0.0,42,mechanism_kmeans,0.040000000000000036,0.04384273613394749,0.04384273613394749,0.02
rescaled_copy,2,0.25,0.3,42,oracle_ols,0.08666666666666667,0.0962426011214996,0.09429704112450757,1.0
rescaled_copy,2,0.25,0.3,42,oracle_gls,0.07999999999999996,0.0962426011214996,0.09429704112450757,0.98
rescaled_copy,2,0.25,0.3,42,lrdsr,0.08666666666666667,0.0962426011214996,0.09429704112450757,0.02666666666666667
rescaled_copy,2,0.25,0.3,42,soft_em,0.09999999999999998,0.0962426011214996,0.09429704112450757,0.9866666666666667
rescaled_copy,2,0.25,0.3,42,mechanism_kmeans,0.09333333333333338,0.0962426011214996,0.09429704112450757,0.98
rescaled_copy,2,0.25,0.6,42,oracle_ols,0.1333333333333333,0.17280724737241962,0.16077674408544032,1.0
rescaled_copy,2,0.25,0.6,42,oracle_gls,0.1266666666666667,0.17280724737241962,0.16077674408544032,0.94
rescaled_copy,2,0.25,0.6,42,lrdsr,0.19333333333333336,0.17280724737241962,0.16077674408544032,0.07333333333333333
rescaled_copy,2,0.25,0.6,42,soft_em,0.18000000000000005,0.17280724737241962,0.16077674408544032,0.06
rescaled_copy,2,0.25,0.6,42,mechanism_kmeans,0.17333333333333334,0.17280724737241962,0.16077674408544032,0.05333333333333334
rescaled_copy,2,0.25,0.8,42,oracle_ols,0.19333333333333336,0.24100762609514428,0.2067784767686953,1.0
rescaled_copy,2,0.25,0.8,42,oracle_gls,0.16666666666666663,0.24100762609514428,0.2067784767686953,0.88
rescaled_copy,2,0.25,0.8,42,lrdsr,0.21333333333333337,0.24100762609514428,0.2067784767686953,0.02
rescaled_copy,2,0.25,0.8,42,soft_em,0.20666666666666667,0.24100762609514428,0.2067784767686953,0.02666666666666667
rescaled_copy,2,0.25,0.8,42,mechanism_kmeans,0.20666666666666667,0.24100762609514428,0.2067784767686953,0.02666666666666667
rescaled_copy,2,0.25,0.9,42,oracle_ols,0.21333333333333337,0.2833459591118453,0.21224354445254429,1.0
rescaled_copy,2,0.25,0.9,42,oracle_gls,0.18000000000000005,0.2833459591118453,0.21224354445254429,0.8466666666666667
rescaled_copy,2,0.25,0.9,42,lrdsr,0.48,0.2833459591118453,0.21224354445254429,0.37333333333333335
rescaled_copy,2,0.25,0.9,42,soft_em,0.4666666666666667,0.2833459591118453,0.21224354445254429,0.64
rescaled_copy,2,0.25,0.9,42,mechanism_kmeans,0.4733333333333334,0.2833459591118453,0.21224354445254429,0.6333333333333333
rescaled_copy,2,0.25,0.95,42,oracle_ols,0.26,0.31207732588248804,0.18217497490355622,1.0
rescaled_copy,2,0.25,0.95,42,oracle_gls,0.1466666666666666,0.31207732588248804,0.18217497490355622,0.78
rescaled_copy,2,0.25,0.95,42,lrdsr,0.48,0.31207732588248804,0.18217497490355622,0.2866666666666667
rescaled_copy,2,0.25,0.95,42,soft_em,0.48,0.31207732588248804,0.18217497490355622,0.2866666666666667
rescaled_copy,2,0.25,0.95,42,mechanism_kmeans,0.48,0.31207732588248804,0.18217497490355622,0.2866666666666667
rescaled_copy,2,1.0,0.0,42,oracle_ols,0.0,0.0006694737851638802,0.0006694737851638802,1.0
rescaled_copy,2,1.0,0.0,42,oracle_gls,0.0,0.0006694737851638802,0.0006694737851638802,1.0
rescaled_copy,2,1.0,0.0,42,lrdsr,0.0,0.0006694737851638802,0.0006694737851638802,1.0
rescaled_copy,2,1.0,0.0,42,soft_em,0.0,0.0006694737851638802,0.0006694737851638802,1.0
rescaled_copy,2,1.0,0.0,42,mechanism_kmeans,0.0,0.0006694737851638802,0.0006694737851638802,1.0
rescaled_copy,2,1.0,0.3,42,oracle_ols,0.00666666666666671,0.00580545679818308,0.005437114710389285,1.0
rescaled_copy,2,1.0,0.3,42,oracle_gls,0.00666666666666671,0.00580545679818308,0.005437114710389285,1.0
rescaled_copy,2,1.0,0.3,42,lrdsr,0.013333333333333308,0.00580545679818308,0.005437114710389285,0.9933333333333333
rescaled_copy,2,1.0,0.3,42,soft_em,0.00666666666666671,0.00580545679818308,0.005437114710389285,0.0
rescaled_copy,2,1.0,0.3,42,mechanism_kmeans,0.013333333333333308,0.00580545679818308,0.005437114710389285,0.006666666666666667
rescaled_copy,2,1.0,0.6,42,oracle_ols,0.020000000000000018,0.0314620656736249,0.025206386936349558,1.0
rescaled_copy,2,1.0,0.6,42,oracle_gls,0.020000000000000018,0.0314620656736249,0.025206386936349558,0.9866666666666667
rescaled_copy,2,1.0,0.6,42,lrdsr,0.033333333333333326,0.0314620656736249,0.025206386936349558,0.013333333333333334
rescaled_copy,2,1.0,0.6,42,soft_em,0.033333333333333326,0.0314620656736249,0.025206386936349558,0.013333333333333334
rescaled_copy,2,1.0,0.6,42,mechanism_kmeans,0.033333333333333326,0.0314620656736249,0.025206386936349558,0.013333333333333334
rescaled_copy,2,1.0,0.8,42,oracle_ols,0.08666666666666667,0.08114734277629819,0.05191496460016963,1.0
rescaled_copy,2,1.0,0.8,42,oracle_gls,0.046666666666666634,0.08114734277629819,0.05191496460016963,0.9333333333333333
rescaled_copy,2,1.0,0.8,42,lrdsr,0.07333333333333336,0.08114734277629819,0.05191496460016963,0.02666666666666667
rescaled_copy,2,1.0,0.8,42,soft_em,0.07999999999999996,0.08114734277629819,0.05191496460016963,0.02
rescaled_copy,2,1.0,0.8,42,mechanism_kmeans,0.07999999999999996,0.08114734277629819,0.05191496460016963,0.02
rescaled_copy,2,1.0,0.9,42,oracle_ols,0.11333333333333329,0.126742737970149,0.05586964270664403,1.0
rescaled_copy,2,1.0,0.9,42,oracle_gls,0.040000000000000036,0.126742737970149,0.05586964270664403,0.9
rescaled_copy,2,1.0,0.9,42,lrdsr,0.1333333333333333,0.126742737970149,0.05586964270664403,0.03333333333333333
rescaled_copy,2,1.0,0.9,42,soft_em,0.1266666666666667,0.126742737970149,0.05586964270664403,0.02666666666666667
rescaled_copy,2,1.0,0.9,42,mechanism_kmeans,0.1266666666666667,0.126742737970149,0.05586964270664403,0.02666666666666667
rescaled_copy,2,1.0,0.95,42,oracle_ols,0.14,0.16415703335416837,0.035927144011144406,1.0
rescaled_copy,2,1.0,0.95,42,oracle_gls,0.026666666666666616,0.16415703335416837,0.035927144011144406,0.8733333333333333
rescaled_copy,2,1.0,0.95,42,lrdsr,0.2466666666666667,0.16415703335416837,0.035927144011144406,0.13333333333333333
rescaled_copy,2,1.0,0.95,42,soft_em,0.2533333333333333,0.16415703335416837,0.035927144011144406,0.86
rescaled_copy,2,1.0,0.95,42,mechanism_kmeans,0.24,0.16415703335416837,0.035927144011144406,0.8733333333333333
moment_matched,2,0.1,0.0,11,oracle_ols,0.11333333333333329,0.1408787207618252,0.14087872076182525,1.0
moment_matched,2,0.1,0.0,11,oracle_gls,0.11333333333333329,0.1408787207618252,0.14087872076182525,1.0
moment_matched,2,0.1,0.0,11,lrdsr,0.1333333333333333,0.1408787207618252,0.14087872076182525,0.07333333333333333
moment_matched,2,0.1,0.0,11,soft_em,0.15333333333333332,0.1408787207618252,0.14087872076182525,0.06666666666666667
moment_matched,2,0.1,0.0,11,mechanism_kmeans,0.14,0.1408787207618252,0.14087872076182525,0.08
moment_matched,2,0.1,0.3,11,oracle_ols,0.21333333333333337,0.20716169341636614,0.20509111512386283,1.0
moment_matched,2,0.1,0.3,11,oracle_gls,0.20666666666666667,0.20716169341636614,0.20509111512386283,0.98
moment_matched,2,0.1,0.3,11,lrdsr,0.18666666666666665,0.20716169341636614,0.20509111512386283,0.08
moment_matched,2,0.1,0.3,11,soft_em,0.21999999999999997,0.20716169341636614,0.20509111512386283,0.04666666666666667
moment_matched,2,0.1,0.3,11,mechanism_kmeans,0.23333333333333328,0.20716169341636614,0.20509111512386283,0.06
moment_matched,2,0.1,0.6,11,oracle_ols,0.2666666666666667,0.2776556246891335,0.26693768384645095,1.0
moment_matched,2,0.1,0.6,11,oracle_gls,0.26,0.2776556246891335,0.26693768384645095,0.94
moment_matched,2,0.1,0.6,11,lrdsr,0.28,0.2776556246891335,0.26693768384645095,0.08
moment_matched,2,0.1,0.6,11,soft_em,0.2733333333333333,0.2776556246891335,0.26693768384645095,0.06
moment_matched,2,0.1,0.6,11,mechanism_kmeans,0.2733333333333333,0.2776556246891335,0.26693768384645095,0.07333333333333333
moment_matched,2,0.1,0.8,11,oracle_ols,0.30000000000000004,0.32761448094519846,0.2991549737271043,1.0
moment_matched,2,0.1,0.8,11,oracle_gls,0.28,0.32761448094519846,0.2991549737271043,0.8866666666666667
moment_matched,2,0.1,0.8,11,lrdsr,0.33999999999999997,0.32761448094519846,0.2991549737271043,0.8666666666666667
moment_matched,2,0.1,0.8,11,soft_em,0.33999999999999997,0.32761448094519846,0.2991549737271043,0.8666666666666667
moment_matched,2,0.1,0.8,11,mechanism_kmeans,0.30000000000000004,0.32761448094519846,0.2991549737271043,0.8933333333333333
moment_matched,2,0.1,0.9,11,oracle_ols,0.33999999999999997,0.3475629705779265,0.29371399218282246,1.0
moment_matched,2,0.1,0.9,11,oracle_gls,0.2733333333333333,0.3475629705779265,0.29371399218282246,0.8
moment_matched,2,0.1,0.9,11,lrdsr,0.45333333333333337,0.3475629705779265,0.29371399218282246,0.66
moment_matched,2,0.1,0.9,11,soft_em,0.48,0.3475629705779265,0.29371399218282246,0.4066666666666667
moment_matched,2,0.1,0.9,11,mechanism_kmeans,0.45999999999999996,0.3475629705779265,0.29371399218282246,0.3333333333333333
moment_matched,2,0.1,0.95,11,oracle_ols,0.36,0.3436678961184117,0.2572742915516565,1.0
moment_matched,2,0.1,0.95,11,oracle_gls,0.2466666666666667,0.3436678961184117,0.2572742915516565,0.78
moment_matched,2,0.1,0.95,11,lrdsr,0.45999999999999996,0.3436678961184117,0.2572742915516565,0.42
moment_matched,2,0.1,0.95,11,soft_em,0.45999999999999996,0.3436678961184117,0.2572742915516565,0.42
moment_matched,2,0.1,0.95,11,mechanism_kmeans,0.44666666666666666,0.3436678961184117,0.2572742915516565,0.46
moment_matched,2,0.25,0.0,11,oracle_ols,0.033333333333333326,0.04644017269353579,0.04644017269353579,1.0
moment_matched,2,0.25,0.0,11,oracle_gls,0.033333333333333326,0.04644017269353579,0.04644017269353579,1.0
moment_matched,2,0.25,0.0,11,lrdsr,0.040000000000000036,0.04644017269353579,0.04644017269353579,0.9933333333333333
moment_matched,2,0.25,0.0,11,soft_em,0.026666666666666616,0.04644017269353579,0.04644017269353579,0.9933333333333333
moment_matched,2,0.25,0.0,11,mechanism_kmeans,0.033333333333333326,0.04644017269353579,0.04644017269353579,1.0
moment_matched,2,0.25,0.3,11,oracle_ols,0.10666666666666669,0.09996842873255399,0.09795617086650857,1.0
moment_matched,2,0.25,0.3,11,oracle_gls,0.10666666666666669,0.09996842873255399,0.09795617086650857,1.0
moment_matched,2,0.25,0.3,11,lrdsr,0.07999999999999996,0.09996842873255399,0.09795617086650857,0.04
moment_matched,2,0.25,0.3,11,soft_em,0.09999999999999998,0.09996842873255399,0.09795617086650857,0.9666666666666667
moment_matched,2,0.25,0.3,11,mechanism_kmeans,0.09999999999999998,0.09996842873255399,0.09795617086650857,0.9666666666666667
moment_matched,2,0.25,0.6,11,oracle_ols,0.17333333333333334,0.17634582795757547,0.16338515536484224,1.0
moment_matched,2,0.25,0.6,11,oracle_gls,0.18000000000000005,0.17634582795757547,0.16338515536484224,0.9533333333333334
moment_matched,2,0.25,0.6,11,lrdsr,0.18666666666666665,0.17634582795757547,0.16338515536484224,0.8933333333333333
moment_matched,2,0.25,0.6,11,soft_em,0.19999999999999996,0.17634582795757547,0.16338515536484224,0.92
moment_matched,2,0.25,0.6,11,mechanism_kmeans,0.19999999999999996,0.17634582795757547,0.16338515536484224,0.92
moment_matched,2,0.25,0.8,11,oracle_ols,0.21999999999999997,0.24052951870214098,0.20274858467861206,1.0
moment_matched,2,0.25,0.8,11,oracle_gls,0.21333333333333337,0.24052951870214098,0.20274858467861206,0.9266666666666666
moment_matched,2,0.25,0.8,11,lrdsr,0.23333333333333328,0.24052951870214098,0.20274858467861206,0.92
moment_matched,2,0.25,0.8,11,soft_em,0.2466666666666667,0.24052951870214098,0.20274858467861206,0.9333333333333333
moment_matched,2,0.25,0.8,11,mechanism_kmeans,0.2466666666666667,0.24052951870214098,0.20274858467861206,0.92
moment_matched,2,0.25,0.9,11,oracle_ols,0.2533333333333333,0.2680827884658322,0.195795579731145,1.0
moment_matched,2,0.25,0.9,11,oracle_gls,0.21333333333333337,0.2680827884658322,0.195795579731145,0.8533333333333334
moment_matched,2,0.25,0.9,11,lrdsr,0.4066666666666666,0.2680827884658322,0.195795579731145,0.7133333333333334
moment_matched,2,0.25,0.9,11,soft_em,0.41333333333333333,0.2680827884658322,0.195795579731145,0.6933333333333334
moment_matched,2,0.25,0.9,11,mechanism_kmeans,0.4,0.2680827884658322,0.195795579731145,0.72
moment_matched,2,0.25,0.95,11,oracle_ols,0.2666666666666667,0.2627069750165107,0.1519795617321275,1.0
moment_matched,2,0.25,0.95,11,oracle_gls,0.16000000000000003,0.2627069750165107,0.1519795617321275,0.8
moment_matched,2,0.25,0.95,11,lrdsr,0.43333333333333335,0.2627069750165107,0.1519795617321275,0.5266666666666666
moment_matched,2,0.25,0.95,11,soft_em,0.45999999999999996,0.2627069750165107,0.1519795617321275,0.47333333333333333
moment_matched,2,0.25,0.95,11,mechanism_kmeans,0.43333333333333335,0.2627069750165107,0.1519795617321275,0.47333333333333333
moment_matched,2,1.0,0.0,11,oracle_ols,0.0,0.0007276829215713613,0.0007276829215713617,1.0
moment_matched,2,1.0,0.0,11,oracle_gls,0.0,0.0007276829215713613,0.0007276829215713617,1.0
moment_matched,2,1.0,0.0,11,lrdsr,0.0,0.0007276829215713613,0.0007276829215713617,0.0
moment_matched,2,1.0,0.0,11,soft_em,0.0,0.0007276829215713613,0.0007276829215713617,0.0
moment_matched,2,1.0,0.0,11,mechanism_kmeans,0.0,0.0007276829215713613,0.0007276829215713617,0.0
moment_matched,2,1.0,0.3,11,oracle_ols,0.0,0.006541742745607832,0.006118836601734749,1.0
moment_matched,2,1.0,0.3,11,oracle_gls,0.0,0.006541742745607832,0.006118836601734749,1.0
moment_matched,2,1.0,0.3,11,lrdsr,0.013333333333333308,0.006541742745607832,0.006118836601734749,0.013333333333333334
moment_matched,2,1.0,0.3,11,soft_em,0.00666666666666671,0.006541742745607832,0.006118836601734749,0.006666666666666667
moment_matched,2,1.0,0.3,11,mechanism_kmeans,0.00666666666666671,0.006541742745607832,0.006118836601734749,0.006666666666666667
moment_matched,2,1.0,0.6,11,oracle_ols,0.040000000000000036,0.03380294087812357,0.02667194239737689,1.0
moment_matched,2,1.0,0.6,11,oracle_gls,0.020000000000000018,0.03380294087812357,0.02667194239737689,0.9533333333333334
moment_matched,2,1.0,0.6,11,lrdsr,0.040000000000000036,0.03380294087812357,0.02667194239737689,0.02666666666666667
moment_matched,2,1.0,0.6,11,soft_em,0.033333333333333326,0.03380294087812357,0.02667194239737689,0.04666666666666667
moment_matched,2,1.0,0.6,11,mechanism_kmeans,0.033333333333333326,0.03380294087812357,0.02667194239737689,0.04666666666666667
moment_matched,2,1.0,0.8,11,oracle_ols,0.09999999999999998,0.08145908302847021,0.049268560155003756,1.0
moment_matched,2,1.0,0.8,11,oracle_gls,0.06666666666666665,0.08145908302847021,0.049268560155003756,0.9133333333333333
moment_matched,2,1.0,0.8,11,lrdsr,0.11333333333333329,0.08145908302847021,0.049268560155003756,0.96
moment_matched,2,1.0,0.8,11,soft_em,0.09999999999999998,0.08145908302847021,0.049268560155003756,0.9866666666666667
moment_matched,2,1.0,0.8,11,mechanism_kmeans,0.10666666666666669,0.08145908302847021,0.049268560155003756,0.98
moment_matched,2,1.0,0.9,11,oracle_ols,0.11333333333333329,0.10995098451078225,0.04437760430832669,1.0
moment_matched,2,1.0,0.9,11,oracle_gls,0.07333333333333336,0.10995098451078225,0.04437760430832669,0.9066666666666666
moment_matched,2,1.0,0.9,11,lrdsr,0.14,0.10995098451078225,0.04437760430832669,0.9333333333333333
moment_matched,2,1.0,0.9,11,soft_em,0.1333333333333333,0.10995098451078225,0.04437760430832669,0.94
moment_matched,2,1.0,0.9,11,mechanism_kmeans,0.1266666666666667,0.10995098451078225,0.04437760430832669,0.9466666666666667
moment_matched,2,1.0,0.95,11,oracle_ols,0.09999999999999998,0.10449023075985511,0.02109560034404105,1.0
moment_matched,2,1.0,0.95,11,oracle_gls,0.033333333333333326,0.10449023075985511,0.02109560034404105,0.9333333333333333
moment_matched,2,1.0,0.95,11,lrdsr,0.2733333333333333,0.10449023075985511,0.02109560034404105,0.7466666666666667
moment_matched,2,1.0,0.95,11,soft_em,0.16000000000000003,0.10449023075985511,0.02109560034404105,0.08666666666666667
moment_matched,2,1.0,0.95,11,mechanism_kmeans,0.12,0.10449023075985511,0.02109560034404105,0.04666666666666667
moment_matched,2,0.1,0.0,23,oracle_ols,0.1333333333333333,0.1423470271511554,0.1423470271511554,1.0
moment_matched,2,0.1,0.0,23,oracle_gls,0.1333333333333333,0.1423470271511554,0.1423470271511554,1.0
moment_matched,2,0.1,0.0,23,lrdsr,0.1333333333333333,0.1423470271511554,0.1423470271511554,0.04
moment_matched,2,0.1,0.0,23,soft_em,0.16000000000000003,0.1423470271511554,0.1423470271511554,0.10666666666666667
moment_matched,2,0.1,0.0,23,mechanism_kmeans,0.1466666666666666,0.1423470271511554,0.1423470271511554,0.02666666666666667
moment_matched,2,0.1,0.3,23,oracle_ols,0.19333333333333336,0.20871865677304371,0.20661891618533526,1.0
moment_matched,2,0.1,0.3,23,oracle_gls,0.17333333333333334,0.20871865677304371,0.20661891618533526,0.9666666666666667
moment_matched,2,0.1,0.3,23,lrdsr,0.21333333333333337,0.20871865677304371,0.20661891618533526,0.07333333333333333
moment_matched,2,0.1,0.3,23,soft_em,0.21333333333333337,0.20871865677304371,0.20661891618533526,0.8866666666666667
moment_matched,2,0.1,0.3,23,mechanism_kmeans,0.21333333333333337,0.20871865677304371,0.20661891618533526,0.9266666666666666
moment_matched,2,0.1,0.6,23,oracle_ols,0.2666666666666667,0.2790319363983309,0.26821890493976736,1.0
moment_matched,2,0.1,0.6,23,oracle_gls,0.24,0.2790319363983309,0.26821890493976736,0.8933333333333333
moment_matched,2,0.1,0.6,23,lrdsr,0.33999999999999997,0.2790319363983309,0.26821890493976736,0.22
moment_matched,2,0.1,0.6,23,soft_em,0.3666666666666667,0.2790319363983309,0.26821890493976736,0.20666666666666667
moment_matched,2,0.1,0.6,23,mechanism_kmeans,0.3533333333333334,0.2790319363983309,0.26821890493976736,0.23333333333333334
moment_matched,2,0.1,0.8,23,oracle_ols,0.31333333333333335,0.32878842188337065,0.3002268740492019,1.0
moment_matched,2,0.1,0.8,23,oracle_gls,0.33333333333333337,0.32878842188337065,0.3002268740492019,0.8333333333333334
moment_matched,2,0.1,0.8,23,lrdsr,0.3933333333333333,0.32878842188337065,0.3002268740492019,0.7333333333333333
moment_matched,2,0.1,0.8,23,soft_em,0.4,0.32878842188337065,0.3002268740492019,0.74
moment_matched,2,0.1,0.8,23,mechanism_kmeans,0.4,0.32878842188337065,0.3002268740492019,0.74
moment_matched,2,0.1,0.9,23,oracle_ols,0.3466666666666667,0.3487062600306609,0.29492040745087555,1.0
moment_matched,2,0.1,0.9,23,oracle_gls,0.31333333333333335,0.3487062600306609,0.29492040745087555,0.7666666666666667
moment_matched,2,0.1,0.9,23,lrdsr,0.4866666666666667,0.3487062600306609,0.29492040745087555,0.5266666666666666
moment_matched,2,0.1,0.9,23,soft_em,0.4733333333333334,0.3487062600306609,0.29492040745087555,0.5133333333333333
moment_matched,2,0.1,0.9,23,mechanism_kmeans,0.45999999999999996,0.3487062600306609,0.29492040745087555,0.5
moment_matched,2,0.1,0.95,23,oracle_ols,0.33999999999999997,0.34487224941093375,0.2589368291264345,1.0
moment_matched,2,0.1,0.95,23,oracle_gls,0.23333333333333328,0.34487224941093375,0.2589368291264345,0.72
moment_matched,2,0.1,0.95,23,lrdsr,0.48,0.34487224941093375,0.2589368291264345,0.46
moment_matched,2,0.1,0.95,23,soft_em,0.4733333333333334,0.34487224941093375,0.2589368291264345,0.5466666666666666
moment_matched,2,0.1,0.95,23,mechanism_kmeans,0.48,0.34487224941093375,0.2589368291264345,0.5266666666666666
moment_matched,2,0.25,0.0,23,oracle_ols,0.040000000000000036,0.047017655588618854,0.04701765558861887,1.0
moment_matched,2,0.25,0.0,23,oracle_gls,0.040000000000000036,0.047017655588618854,0.04701765558861887,1.0
moment_matched,2,0.25,0.0,23,lrdsr,0.046666666666666634,0.047017655588618854,0.04701765558861887,0.98
moment_matched,2,0.25,0.0,23,soft_em,0.040000000000000036,0.047017655588618854,0.04701765558861887,0.9866666666666667
moment_matched,2,0.25,0.0,23,mechanism_kmeans,0.033333333333333326,0.047017655588618854,0.04701765558861887,0.9933333333333333
moment_matched,2,0.25,0.3,23,oracle_ols,0.07999999999999996,0.10113548545597527,0.09908952708250869,1.0
moment_matched,2,0.25,0.3,23,oracle_gls,0.09333333333333338,0.10113548545597527,0.09908952708250869,0.9733333333333334
moment_matched,2,0.25,0.3,23,lrdsr,0.07999999999999996,0.10113548545597527,0.09908952708250869,0.013333333333333334
moment_matched,2,0.25,0.3,23,soft_em,0.07999999999999996,0.10113548545597527,0.09908952708250869,0.96
moment_matched,2,0.25,0.3,23,mechanism_kmeans,0.10666666666666669,0.10113548545597527,0.09908952708250869,0.9733333333333334
moment_matched,2,0.25,0.6,23,oracle_ols,0.1333333333333333,0.1778418444220291,0.1647465997876643,1.0
moment_matched,2,0.25,0.6,23,oracle_gls,0.15333333333333332,0.1778418444220291,0.1647465997876643,0.98
moment_matched,2,0.25,0.6,23,lrdsr,0.18000000000000005,0.1778418444220291,0.1647465997876643,0.94
moment_matched,2,0.25,0.6,23,soft_em,0.19333333333333336,0.1778418444220291,0.1647465997876643,0.9266666666666666
moment_matched,2,0.25,0.6,23,mechanism_kmeans,0.17333333333333334,0.1778418444220291,0.1647465997876643,0.9466666666666667
moment_matched,2,0.25,0.8,23,oracle_ols,0.21999999999999997,0.24203044730093987,0.20408572639536596,1.0
moment_matched,2,0.25,0.8,23,oracle_gls,0.19999999999999996,0.24203044730093987,0.20408572639536596,0.8466666666666667
moment_matched,2,0.25,0.8,23,lrdsr,0.29333333333333333,0.24203044730093987,0.20408572639536596,0.82
moment_matched,2,0.25,0.8,23,soft_em,0.33333333333333337,0.24203044730093987,0.20408572639536596,0.22
moment_matched,2,0.25,0.8,23,mechanism_kmeans,0.32666666666666666,0.24203044730093987,0.20408572639536596,0.21333333333333335
moment_matched,2,0.25,0.9,23,oracle_ols,0.2466666666666667,0.26961661825786154,0.1973633059741908,1.0
moment_matched,2,0.25,0.9,23,oracle_gls,0.19333333333333336,0.26961661825786154,0.1973633059741908,0.8266666666666667
moment_matched,2,0.25,0.9,23,lrdsr,0.4733333333333334,0.26961661825786154,0.1973633059741908,0.49333333333333335
moment_matched,2,0.25,0.9,23,soft_em,0.48,0.26961661825786154,0.1973633059741908,0.4866666666666667
moment_matched,2,0.25,0.9,23,mechanism_kmeans,0.45999999999999996,0.26961661825786154,0.1973633059741908,0.48
moment_matched,2,0.25,0.95,23,oracle_ols,0.28,0.2643053124554653,0.15403235091912937,1.0
moment_matched,2,0.25,0.95,23,oracle_gls,0.14,0.2643053124554653,0.15403235091912937,0.7666666666666667
moment_matched,2,0.25,0.95,23,lrdsr,0.48,0.2643053124554653,0.15403235091912937,0.5333333333333333
moment_matched,2,0.25,0.95,23,soft_em,0.48,0.2643053124554653,0.15403235091912937,0.5466666666666666
moment_matched,2,0.25,0.95,23,mechanism_kmeans,0.4866666666666667,0.2643053124554653,0.15403235091912937,0.5266666666666666
moment_matched,2,1.0,0.0,23,oracle_ols,0.0,0.0007073847573911938,0.0007073847573911941,1.0
moment_matched,2,1.0,0.0,23,oracle_gls,0.0,0.0007073847573911938,0.0007073847573911941,1.0
moment_matched,2,1.0,0.0,23,lrdsr,0.0,0.0007073847573911938,0.0007073847573911941,1.0
moment_matched,2,1.0,0.0,23,soft_em,0.0,0.0007073847573911938,0.0007073847573911941,1.0
moment_matched,2,1.0,0.0,23,mechanism_kmeans,0.0,0.0007073847573911938,0.0007073847573911941,1.0
moment_matched,2,1.0,0.3,23,oracle_ols,0.00666666666666671,0.0065351048926137216,0.006114291483987286,1.0
moment_matched,2,1.0,0.3,23,oracle_gls,0.00666666666666671,0.0065351048926137216,0.006114291483987286,1.0
moment_matched,2,1.0,0.3,23,lrdsr,0.00666666666666671,0.0065351048926137216,0.006114291483987286,1.0
moment_matched,2,1.0,0.3,23,soft_em,0.00666666666666671,0.0065351048926137216,0.006114291483987286,1.0
moment_matched,2,1.0,0.3,23,mechanism_kmeans,0.00666666666666671,0.0065351048926137216,0.006114291483987286,1.0
moment_matched,2,1.0,0.6,23,oracle_ols,0.026666666666666616,0.034201351165384836,0.027021227532302988,1.0
moment_matched,2,1.0,0.6,23,oracle_gls,0.020000000000000018,0.034201351165384836,0.027021227532302988,0.9933333333333333
moment_matched,2,1.0,0.6,23,lrdsr,0.020000000000000018,0.034201351165384836,0.027021227532302988,0.9933333333333333
moment_matched,2,1.0,0.6,23,soft_em,0.026666666666666616,0.034201351165384836,0.027021227532302988,1.0
moment_matched,2,1.0,0.6,23,mechanism_kmeans,0.026666666666666616,0.034201351165384836,0.027021227532302988,1.0
moment_matched,2,1.0,0.8,23,oracle_ols,0.07333333333333336,0.0824554052405966,0.050106285553540575,1.0
moment_matched,2,1.0,0.8,23,oracle_gls,0.040000000000000036,0.0824554052405966,0.050106285553540575,0.9266666666666666
moment_matched,2,1.0,0.8,23,lrdsr,0.06000000000000005,0.0824554052405966,0.050106285553540575,0.013333333333333334
moment_matched,2,1.0,0.8,23,soft_em,0.06666666666666665,0.0824554052405966,0.050106285553540575,0.9933333333333333
moment_matched,2,1.0,0.8,23,mechanism_kmeans,0.08666666666666667,0.0824554052405966,0.050106285553540575,0.96
moment_matched,2,1.0,0.9,23,oracle_ols,0.07999999999999996,0.11126369272404181,0.045546300964737926,1.0
moment_matched,2,1.0,0.9,23,oracle_gls,0.040000000000000036,0.11126369272404181,0.045546300964737926,0.9066666666666666
moment_matched,2,1.0,0.9,23,lrdsr,0.1466666666666666,0.11126369272404181,0.045546300964737926,0.08
moment_matched,2,1.0,0.9,23,soft_em,0.09333333333333338,0.11126369272404181,0.045546300964737926,0.013333333333333334
moment_matched,2,1.0,0.9,23,mechanism_kmeans,0.09999999999999998,0.11126369272404181,0.045546300964737926,0.02
moment_matched,2,1.0,0.95,23,oracle_ols,0.09333333333333338,0.10577470520427729,0.022199310051756,1.0
moment_matched,2,1.0,0.95,23,oracle_gls,0.040000000000000036,0.10577470520427729,0.022199310051756,0.9066666666666666
moment_matched,2,1.0,0.95,23,lrdsr,0.45999999999999996,0.10577470520427729,0.022199310051756,0.5533333333333333
moment_matched,2,1.0,0.95,23,soft_em,0.43999999999999995,0.10577470520427729,0.022199310051756,0.5733333333333334
moment_matched,2,1.0,0.95,23,mechanism_kmeans,0.43999999999999995,0.10577470520427729,0.022199310051756,0.5733333333333334
moment_matched,2,0.1,0.0,42,oracle_ols,0.1266666666666667,0.13981545909621,0.13981545909621,1.0
moment_matched,2,0.1,0.0,42,oracle_gls,0.1266666666666667,0.13981545909621,0.13981545909621,1.0
moment_matched,2,0.1,0.0,42,lrdsr,0.1466666666666666,0.13981545909621,0.13981545909621,0.94
moment_matched,2,0.1,0.0,42,soft_em,0.16000000000000003,0.13981545909621,0.13981545909621,0.9266666666666666
moment_matched,2,0.1,0.0,42,mechanism_kmeans,0.1466666666666666,0.13981545909621,0.13981545909621,0.9266666666666666
moment_matched,2,0.1,0.3,42,oracle_ols,0.24,0.20630182150168272,0.2042373043385462,1.0
moment_matched,2,0.1,0.3,42,oracle_gls,0.21999999999999997,0.20630182150168272,0.2042373043385462,0.94
moment_matched,2,0.1,0.3,42,lrdsr,0.2733333333333333,0.20630182150168272,0.2042373043385462,0.8733333333333333
moment_matched,2,0.1,0.3,42,soft_em,0.2466666666666667,0.20630182150168272,0.2042373043385462,0.8733333333333333
moment_matched,2,0.1,0.3,42,mechanism_kmeans,0.23333333333333328,0.20630182150168272,0.2042373043385462,0.8866666666666667
moment_matched,2,0.1,0.6,42,oracle_ols,0.31333333333333335,0.2770540007684704,0.2665299402243885,1.0
moment_matched,2,0.1,0.6,42,oracle_gls,0.26,0.2770540007684704,0.2665299402243885,0.8933333333333333
moment_matched,2,0.1,0.6,42,lrdsr,0.30666666666666664,0.2770540007684704,0.2665299402243885,0.08666666666666667
moment_matched,2,0.1,0.6,42,soft_em,0.33999999999999997,0.2770540007684704,0.2665299402243885,0.8666666666666667
moment_matched,2,0.1,0.6,42,mechanism_kmeans,0.31333333333333335,0.2770540007684704,0.2665299402243885,0.88
moment_matched,2,0.1,0.8,42,oracle_ols,0.3533333333333334,0.3271198625187541,0.29957018415829695,1.0
moment_matched,2,0.1,0.8,42,oracle_gls,0.30666666666666664,0.3271198625187541,0.29957018415829695,0.8333333333333334
moment_matched,2,0.1,0.8,42,lrdsr,0.45999999999999996,0.3271198625187541,0.29957018415829695,0.3333333333333333
moment_matched,2,0.1,0.8,42,soft_em,0.4,0.3271198625187541,0.29957018415829695,0.18
moment_matched,2,0.1,0.8,42,mechanism_kmeans,0.38,0.3271198625187541,0.29957018415829695,0.16
moment_matched,2,0.1,0.9,42,oracle_ols,0.3533333333333334,0.34687791255739986,0.295299879301705,1.0
moment_matched,2,0.1,0.9,42,oracle_gls,0.2866666666666666,0.34687791255739986,0.295299879301705,0.7333333333333333
moment_matched,2,0.1,0.9,42,lrdsr,0.4933333333333333,0.34687791255739986,0.295299879301705,0.6066666666666667
moment_matched,2,0.1,0.9,42,soft_em,0.5,0.34687791255739986,0.295299879301705,0.4
moment_matched,2,0.1,0.9,42,mechanism_kmeans,0.4933333333333333,0.34687791255739986,0.295299879301705,0.3933333333333333
moment_matched,2,0.1,0.95,42,oracle_ols,0.33333333333333337,0.3424664423376452,0.2601956414712772,1.0
moment_matched,2,0.1,0.95,42,oracle_gls,0.29333333333333333,0.3424664423376452,0.2601956414712772,0.7333333333333333
moment_matched,2,0.1,0.95,42,lrdsr,0.4933333333333333,0.3424664423376452,0.2601956414712772,0.56
moment_matched,2,0.1,0.95,42,soft_em,0.4933333333333333,0.3424664423376452,0.2601956414712772,0.4266666666666667
moment_matched,2,0.1,0.95,42,mechanism_kmeans,0.45999999999999996,0.3424664423376452,0.2601956414712772,0.46
moment_matched,2,0.25,0.0,42,oracle_ols,0.046666666666666634,0.04550400292589774,0.04550400292589774,1.0
moment_matched,2,0.25,0.0,42,oracle_gls,0.046666666666666634,0.04550400292589774,0.04550400292589774,1.0
moment_matched,2,0.25,0.0,42,lrdsr,0.053333333333333344,0.04550400292589774,0.04550400292589774,0.98
moment_matched,2,0.25,0.0,42,soft_em,0.033333333333333326,0.04550400292589774,0.04550400292589774,0.9733333333333334
moment_matched,2,0.25,0.0,42,mechanism_kmeans,0.020000000000000018,0.04550400292589774,0.04550400292589774,0.96
moment_matched,2,0.25,0.3,42,oracle_ols,0.10666666666666669,0.09895362354199039,0.09695480790540656,1.0
moment_matched,2,0.25,0.3,42,oracle_gls,0.10666666666666669,0.09895362354199039,0.09695480790540656,0.9733333333333334
moment_matched,2,0.25,0.3,42,lrdsr,0.09999999999999998,0.09895362354199039,0.09695480790540656,0.04666666666666667
moment_matched,2,0.25,0.3,42,soft_em,0.09333333333333338,0.09895362354199039,0.09695480790540656,0.06666666666666667
moment_matched,2,0.25,0.3,42,mechanism_kmeans,0.09999999999999998,0.09895362354199039,0.09695480790540656,0.07333333333333333
moment_matched,2,0.25,0.6,42,oracle_ols,0.19333333333333336,0.17550680473567748,0.1628032331256326,1.0
moment_matched,2,0.25,0.6,42,oracle_gls,0.16000000000000003,0.17550680473567748,0.1628032331256326,0.9133333333333333
moment_matched,2,0.25,0.6,42,lrdsr,0.22666666666666668,0.17550680473567748,0.1628032331256326,0.94
moment_matched,2,0.25,0.6,42,soft_em,0.22666666666666668,0.17550680473567748,0.1628032331256326,0.08666666666666667
moment_matched,2,0.25,0.6,42,mechanism_kmeans,0.19999999999999996,0.17550680473567748,0.1628032331256326,0.08666666666666667
moment_matched,2,0.25,0.8,42,oracle_ols,0.2866666666666666,0.239794924824723,0.20324904273326694,1.0
moment_matched,2,0.25,0.8,42,oracle_gls,0.22666666666666668,0.239794924824723,0.20324904273326694,0.8733333333333333
moment_matched,2,0.25,0.8,42,lrdsr,0.29333333333333333,0.239794924824723,0.20324904273326694,0.9133333333333333
moment_matched,2,0.25,0.8,42,soft_em,0.2866666666666666,0.239794924824723,0.20324904273326694,0.08
moment_matched,2,0.25,0.8,42,mechanism_kmeans,0.2866666666666666,0.239794924824723,0.20324904273326694,0.10666666666666667
moment_matched,2,0.25,0.9,42,oracle_ols,0.28,0.26706377754277233,0.19782440509706725,1.0
moment_matched,2,0.25,0.9,42,oracle_gls,0.22666666666666668,0.26706377754277233,0.19782440509706725,0.8133333333333334
moment_matched,2,0.25,0.9,42,lrdsr,0.4733333333333334,0.26706377754277233,0.19782440509706725,0.62
moment_matched,2,0.25,0.9,42,soft_em,0.4733333333333334,0.26706377754277233,0.19782440509706725,0.62
moment_matched,2,0.25,0.9,42,mechanism_kmeans,0.4733333333333334,0.26706377754277233,0.19782440509706725,0.62
moment_matched,2,0.25,0.95,42,oracle_ols,0.2733333333333333,0.2609554236744286,0.1554250676746683,1.0
moment_matched,2,0.25,0.95,42,oracle_gls,0.16000000000000003,0.2609554236744286,0.1554250676746683,0.78
moment_matched,2,0.25,0.95,42,lrdsr,0.5,0.2609554236744286,0.1554250676746683,0.4533333333333333
moment_matched,2,0.25,0.95,42,soft_em,0.4666666666666667,0.2609554236744286,0.1554250676746683,0.5533333333333333
moment_matched,2,0.25,0.95,42,mechanism_kmeans,0.4933333333333333,0.2609554236744286,0.1554250676746683,0.5533333333333333
moment_matched,2,1.0,0.0,42,oracle_ols,0.0,0.0006789309905590504,0.0006789309905590505,1.0
moment_matched,2,1.0,0.0,42,oracle_gls,0.0,0.0006789309905590504,0.0006789309905590505,1.0
moment_matched,2,1.0,0.0,42,lrdsr,0.0,0.0006789309905590504,0.0006789309905590505,0.0
moment_matched,2,1.0,0.0,42,soft_em,0.0,0.0006789309905590504,0.0006789309905590505,0.0
moment_matched,2,1.0,0.0,42,mechanism_kmeans,0.0,0.0006789309905590504,0.0006789309905590505,0.0
moment_matched,2,1.0,0.3,42,oracle_ols,0.0,0.006236316259285456,0.005829780055588558,1.0
moment_matched,2,1.0,0.3,42,oracle_gls,0.0,0.006236316259285456,0.005829780055588558,1.0
moment_matched,2,1.0,0.3,42,lrdsr,0.0,0.006236316259285456,0.005829780055588558,0.0
moment_matched,2,1.0,0.3,42,soft_em,0.0,0.006236316259285456,0.005829780055588558,0.0
moment_matched,2,1.0,0.3,42,mechanism_kmeans,0.0,0.006236316259285456,0.005829780055588558,0.0
moment_matched,2,1.0,0.6,42,oracle_ols,0.026666666666666616,0.03308176568627803,0.02619404576330912,1.0
moment_matched,2,1.0,0.6,42,oracle_gls,0.020000000000000018,0.03308176568627803,0.02619404576330912,0.9666666666666667
moment_matched,2,1.0,0.6,42,lrdsr,0.020000000000000018,0.03308176568627803,0.02619404576330912,0.02
moment_matched,2,1.0,0.6,42,soft_em,0.020000000000000018,0.03308176568627803,0.02619404576330912,0.03333333333333333
moment_matched,2,1.0,0.6,42,mechanism_kmeans,0.020000000000000018,0.03308176568627803,0.02619404576330912,0.02
moment_matched,2,1.0,0.8,42,oracle_ols,0.09333333333333338,0.08048751046507654,0.04953328831997812,1.0
moment_matched,2,1.0,0.8,42,oracle_gls,0.046666666666666634,0.08048751046507654,0.04953328831997812,0.94
moment_matched,2,1.0,0.8,42,lrdsr,0.1266666666666667,0.08048751046507654,0.04953328831997812,0.04666666666666667
moment_matched,2,1.0,0.8,42,soft_em,0.10666666666666669,0.08048751046507654,0.04953328831997812,0.9333333333333333
moment_matched,2,1.0,0.8,42,mechanism_kmeans,0.12,0.08048751046507654,0.04953328831997812,0.92
moment_matched,2,1.0,0.9,42,oracle_ols,0.14,0.10850946510400745,0.04580583252820775,1.0
moment_matched,2,1.0,0.9,42,oracle_gls,0.026666666666666616,0.10850946510400745,0.04580583252820775,0.8733333333333333
moment_matched,2,1.0,0.9,42,lrdsr,0.17333333333333334,0.10850946510400745,0.04580583252820775,0.04666666666666667
moment_matched,2,1.0,0.9,42,soft_em,0.16666666666666663,0.10850946510400745,0.04580583252820775,0.96
moment_matched,2,1.0,0.9,42,mechanism_kmeans,0.16666666666666663,0.10850946510400745,0.04580583252820775,0.96
moment_matched,2,1.0,0.95,42,oracle_ols,0.14,0.10219555326852467,0.02270909896705092,1.0
moment_matched,2,1.0,0.95,42,oracle_gls,0.0,0.10219555326852467,0.02270909896705092,0.86
moment_matched,2,1.0,0.95,42,lrdsr,0.44666666666666666,0.10219555326852467,0.02270909896705092,0.5733333333333334
moment_matched,2,1.0,0.95,42,soft_em,0.44666666666666666,0.10219555326852467,0.02270909896705092,0.4266666666666667
moment_matched,2,1.0,0.95,42,mechanism_kmeans,0.43333333333333335,0.10219555326852467,0.02270909896705092,0.41333333333333333
high_frequency,2,0.1,0.0,11,oracle_ols,0.11333333333333329,0.13957034215811207,0.13957034215811207,1.0
high_frequency,2,0.1,0.0,11,oracle_gls,0.11333333333333329,0.13957034215811207,0.13957034215811207,1.0
high_frequency,2,0.1,0.0,11,lrdsr,0.29333333333333333,0.13957034215811207,0.13957034215811207,0.26
high_frequency,2,0.1,0.0,11,soft_em,0.33333333333333337,0.13957034215811207,0.13957034215811207,0.6466666666666666
high_frequency,2,0.1,0.0,11,mechanism_kmeans,0.21333333333333337,0.13957034215811207,0.13957034215811207,0.8466666666666667
high_frequency,2,0.1,0.3,11,oracle_ols,0.17333333333333334,0.18760487271336915,0.18128240425458,1.0
high_frequency,2,0.1,0.3,11,oracle_gls,0.15333333333333332,0.18760487271336915,0.18128240425458,0.94
high_frequency,2,0.1,0.3,11,lrdsr,0.5,0.18760487271336915,0.18128240425458,0.46
high_frequency,2,0.1,0.3,11,soft_em,0.43333333333333335,0.18760487271336915,0.18128240425458,0.5666666666666667
high_frequency,2,0.1,0.3,11,mechanism_kmeans,0.3666666666666667,0.18760487271336915,0.18128240425458,0.62
high_frequency,2,0.1,0.6,11,oracle_ols,0.21333333333333337,0.2201219589403328,0.1865915145457242,1.0
high_frequency,2,0.1,0.6,11,oracle_gls,0.19999999999999996,0.2201219589403328,0.1865915145457242,0.8933333333333333
high_frequency,2,0.1,0.6,11,lrdsr,0.45333333333333337,0.2201219589403328,0.1865915145457242,0.48
high_frequency,2,0.1,0.6,11,soft_em,0.4066666666666666,0.2201219589403328,0.1865915145457242,0.58
high_frequency,2,0.1,0.6,11,mechanism_kmeans,0.4,0.2201219589403328,0.1865915145457242,0.5866666666666667
high_frequency,2,0.1,0.8,11,oracle_ols,0.21333333333333337,0.21422930971586032,0.13513310399558756,1.0
high_frequency,2,0.1,0.8,11,oracle_gls,0.16000000000000003,0.21422930971586032,0.13513310399558756,0.84
high_frequency,2,0.1,0.8,11,lrdsr,0.41333333333333333,0.21422930971586032,0.13513310399558756,0.44
high_frequency,2,0.1,0.8,11,soft_em,0.41333333333333333,0.21422930971586032,0.13513310399558756,0.4533333333333333
high_frequency,2,0.1,0.8,11,mechanism_kmeans,0.4,0.21422930971586032,0.13513310399558756,0.44
high_frequency,2,0.1,0.9,11,oracle_ols,0.19999999999999996,0.18662906726273945,0.06666313817311807,1.0
high_frequency,2,0.1,0.9,11,oracle_gls,0.07333333333333336,0.18662906726273945,0.06666313817311807,0.8066666666666666
high_frequency,2,0.1,0.9,11,lrdsr,0.43333333333333335,0.18662906726273945,0.06666313817311807,0.46
high_frequency,2,0.1,0.9,11,soft_em,0.42000000000000004,0.18662906726273945,0.06666313817311807,0.46
high_frequency,2,0.1,0.9,11,mechanism_kmeans,0.45333333333333337,0.18662906726273945,0.06666313817311807,0.4666666666666667
high_frequency,2,0.1,0.95,11,oracle_ols,0.16666666666666663,0.15657419672099432,0.01852432955304045,1.0
high_frequency,2,0.1,0.95,11,oracle_gls,0.0,0.15657419672099432,0.01852432955304045,0.8333333333333334
high_frequency,2,0.1,0.95,11,lrdsr,0.4866666666666667,0.15657419672099432,0.01852432955304045,0.49333333333333335
high_frequency,2,0.1,0.95,11,soft_em,0.4866666666666667,0.15657419672099432,0.01852432955304045,0.5066666666666667
high_frequency,2,0.1,0.95,11,mechanism_kmeans,0.4866666666666667,0.15657419672099432,0.01852432955304045,0.5066666666666667
high_frequency,2,0.25,0.0,11,oracle_ols,0.020000000000000018,0.04463181108799639,0.04463181108799638,1.0
high_frequency,2,0.25,0.0,11,oracle_gls,0.020000000000000018,0.04463181108799639,0.04463181108799638,1.0
high_frequency,2,0.25,0.0,11,lrdsr,0.18666666666666665,0.04463181108799639,0.04463181108799638,0.16666666666666666
high_frequency,2,0.25,0.0,11,soft_em,0.08666666666666667,0.04463181108799639,0.04463181108799638,0.92
high_frequency,2,0.25,0.0,11,mechanism_kmeans,0.08666666666666667,0.04463181108799639,0.04463181108799638,0.92
high_frequency,2,0.25,0.3,11,oracle_ols,0.053333333333333344,0.0812833179325302,0.07579283732280104,1.0
high_frequency,2,0.25,0.3,11,oracle_gls,0.053333333333333344,0.0812833179325302,0.07579283732280104,0.9866666666666667
high_frequency,2,0.25,0.3,11,lrdsr,0.16000000000000003,0.0812833179325302,0.07579283732280104,0.12
high_frequency,2,0.25,0.3,11,soft_em,0.17333333333333334,0.0812833179325302,0.07579283732280104,0.13333333333333333
high_frequency,2,0.25,0.3,11,mechanism_kmeans,0.18666666666666665,0.0812833179325302,0.07579283732280104,0.14666666666666667
high_frequency,2,0.25,0.6,11,oracle_ols,0.07999999999999996,0.11194501041876868,0.08031514523276015,1.0
high_frequency,2,0.25,0.6,11,oracle_gls,0.07333333333333336,0.11194501041876868,0.08031514523276015,0.94
high_frequency,2,0.25,0.6,11,lrdsr,0.4666666666666667,0.11194501041876868,0.08031514523276015,0.49333333333333335
high_frequency,2,0.25,0.6,11,soft_em,0.2466666666666667,0.11194501041876868,0.08031514523276015,0.7533333333333333
high_frequency,2,0.25,0.6,11,mechanism_kmeans,0.22666666666666668,0.11194501041876868,0.08031514523276015,0.7733333333333333
high_frequency,2,0.25,0.8,11,oracle_ols,0.09333333333333338,0.1067986687005012,0.04177887495962237,1.0
high_frequency,2,0.25,0.8,11,oracle_gls,0.033333333333333326,0.1067986687005012,0.04177887495962237,0.9
high_frequency,2,0.25,0.8,11,lrdsr,0.4,0.1067986687005012,0.04177887495962237,0.41333333333333333
high_frequency,2,0.25,0.8,11,soft_em,0.42000000000000004,0.1067986687005012,0.04177887495962237,0.5533333333333333
high_frequency,2,0.25,0.8,11,mechanism_kmeans,0.3866666666666667,0.1067986687005012,0.04177887495962237,0.5866666666666667
high_frequency,2,0.25,0.9,11,oracle_ols,0.07999999999999996,0.08332005384261514,0.009683515862964481,1.0
high_frequency,2,0.25,0.9,11,oracle_gls,0.0,0.08332005384261514,0.009683515862964481,0.92
high_frequency,2,0.25,0.9,11,lrdsr,0.43333333333333335,0.08332005384261514,0.009683515862964481,0.46
high_frequency,2,0.25,0.9,11,soft_em,0.4066666666666666,0.08332005384261514,0.009683515862964481,0.43333333333333335
high_frequency,2,0.25,0.9,11,mechanism_kmeans,0.44666666666666666,0.08332005384261514,0.009683515862964481,0.46
high_frequency,2,0.25,0.95,11,oracle_ols,0.06000000000000005,0.06328327215547863,0.0006696200099704494,1.0
high_frequency,2,0.25,0.95,11,oracle_gls,0.0,0.06328327215547863,0.0006696200099704494,0.94
high_frequency,2,0.25,0.95,11,lrdsr,0.4866666666666667,0.06328327215547863,0.0006696200099704494,0.52
high_frequency,2,0.25,0.95,11,soft_em,0.4866666666666667,0.06328327215547863,0.0006696200099704494,0.4666666666666667
high_frequency,2,0.25,0.95,11,mechanism_kmeans,0.4933333333333333,0.06328327215547863,0.0006696200099704494,0.47333333333333333
high_frequency,2,1.0,0.0,11,oracle_ols,0.0,0.0005050753185535271,0.0005050753185535273,1.0
high_frequency,2,1.0,0.0,11,oracle_gls,0.0,0.0005050753185535271,0.0005050753185535273,1.0
high_frequency,2,1.0,0.0,11,lrdsr,0.08666666666666667,0.0005050753185535271,0.0005050753185535273,0.9133333333333333
high_frequency,2,1.0,0.0,11,soft_em,0.020000000000000018,0.0005050753185535271,0.0005050753185535273,0.98
high_frequency,2,1.0,0.0,11,mechanism_kmeans,0.020000000000000018,0.0005050753185535271,0.0005050753185535273,0.98
high_frequency,2,1.0,0.3,11,oracle_ols,0.0,0.00309271156504908,0.0024650393702421633,1.0
high_frequency,2,1.0,0.3,11,oracle_gls,0.0,0.00309271156504908,0.0024650393702421633,1.0
high_frequency,2,1.0,0.3,11,lrdsr,0.026666666666666616,0.00309271156504908,0.0024650393702421633,0.9733333333333334
high_frequency,2,1.0,0.3,11,soft_em,0.020000000000000018,0.00309271156504908,0.0024650393702421633,0.98
high_frequency,2,1.0,0.3,11,mechanism_kmeans,0.020000000000000018,0.00309271156504908,0.0024650393702421633,0.98
high_frequency,2,1.0,0.6,11,oracle_ols,0.0,0.008372914770890496,0.002932399767827065,1.0
high_frequency,2,1.0,0.6,11,oracle_gls,0.0,0.008372914770890496,0.002932399767827065,1.0
high_frequency,2,1.0,0.6,11,lrdsr,0.040000000000000036,0.008372914770890496,0.002932399767827065,0.96
high_frequency,2,1.0,0.6,11,soft_em,0.040000000000000036,0.008372914770890496,0.002932399767827065,0.96
high_frequency,2,1.0,0.6,11,mechanism_kmeans,0.040000000000000036,0.008372914770890496,0.002932399767827065,0.96
high_frequency,2,1.0,0.8,11,oracle_ols,0.0,0.008026649810152447,0.00040935498179087403,1.0
high_frequency,2,1.0,0.8,11,oracle_gls,0.0,0.008026649810152447,0.00040935498179087403,1.0
high_frequency,2,1.0,0.8,11,lrdsr,0.06666666666666665,0.008026649810152447,0.00040935498179087403,0.06666666666666667
high_frequency,2,1.0,0.8,11,soft_em,0.06666666666666665,0.008026649810152447,0.00040935498179087403,0.06666666666666667
high_frequency,2,1.0,0.8,11,mechanism_kmeans,0.053333333333333344,0.008026649810152447,0.00040935498179087403,0.05333333333333334
high_frequency,2,1.0,0.9,11,oracle_ols,0.0,0.005344939356970239,5.268235391452179e-06,1.0
high_frequency,2,1.0,0.9,11,oracle_gls,0.0,0.005344939356970239,5.268235391452179e-06,1.0
high_frequency,2,1.0,0.9,11,lrdsr,0.45999999999999996,0.005344939356970239,5.268235391452179e-06,0.46
high_frequency,2,1.0,0.9,11,soft_em,0.4066666666666666,0.005344939356970239,5.268235391452179e-06,0.4066666666666667
high_frequency,2,1.0,0.9,11,mechanism_kmeans,0.41333333333333333,0.005344939356970239,5.268235391452179e-06,0.41333333333333333
high_frequency,2,1.0,0.95,11,oracle_ols,0.0,0.004426414077104946,1.8737590644420173e-09,1.0
high_frequency,2,1.0,0.95,11,oracle_gls,0.0,0.004426414077104946,1.8737590644420173e-09,1.0
high_frequency,2,1.0,0.95,11,lrdsr,0.4866666666666667,0.004426414077104946,1.8737590644420173e-09,0.4866666666666667
high_frequency,2,1.0,0.95,11,soft_em,0.4733333333333334,0.004426414077104946,1.8737590644420173e-09,0.47333333333333333
high_frequency,2,1.0,0.95,11,mechanism_kmeans,0.4866666666666667,0.004426414077104946,1.8737590644420173e-09,0.4866666666666667
high_frequency,2,0.1,0.0,23,oracle_ols,0.08666666666666667,0.13965686701281688,0.13965686701281688,1.0
high_frequency,2,0.1,0.0,23,oracle_gls,0.08666666666666667,0.13965686701281688,0.13965686701281688,1.0
high_frequency,2,0.1,0.0,23,lrdsr,0.33333333333333337,0.13965686701281688,0.13965686701281688,0.3
high_frequency,2,0.1,0.0,23,soft_em,0.30000000000000004,0.13965686701281688,0.13965686701281688,0.7333333333333333
high_frequency,2,0.1,0.0,23,mechanism_kmeans,0.19333333333333336,0.13965686701281688,0.13965686701281688,0.8533333333333334
high_frequency,2,0.1,0.3,23,oracle_ols,0.14,0.18785847944537915,0.18167221313041643,1.0
high_frequency,2,0.1,0.3,23,oracle_gls,0.1466666666666666,0.18785847944537915,0.18167221313041643,0.9666666666666667
high_frequency,2,0.1,0.3,23,lrdsr,0.4933333333333333,0.18785847944537915,0.18167221313041643,0.47333333333333333
high_frequency,2,0.1,0.3,23,soft_em,0.44666666666666666,0.18785847944537915,0.18167221313041643,0.5333333333333333
high_frequency,2,0.1,0.3,23,mechanism_kmeans,0.4,0.18785847944537915,0.18167221313041643,0.5666666666666667
high_frequency,2,0.1,0.6,23,oracle_ols,0.16666666666666663,0.22050597242531988,0.1875397493604528,1.0
high_frequency,2,0.1,0.6,23,oracle_gls,0.15333333333333332,0.22050597242531988,0.1875397493604528,0.8933333333333333
high_frequency,2,0.1,0.6,23,lrdsr,0.4866666666666667,0.22050597242531988,0.1875397493604528,0.48
high_frequency,2,0.1,0.6,23,soft_em,0.44666666666666666,0.22050597242531988,0.1875397493604528,0.52
high_frequency,2,0.1,0.6,23,mechanism_kmeans,0.45333333333333337,0.22050597242531988,0.1875397493604528,0.5666666666666667
high_frequency,2,0.1,0.8,23,oracle_ols,0.18666666666666665,0.21510139041719717,0.13650175216517876,1.0
high_frequency,2,0.1,0.8,23,oracle_gls,0.09999999999999998,0.21510139041719717,0.13650175216517876,0.86
high_frequency,2,0.1,0.8,23,lrdsr,0.4866666666666667,0.21510139041719717,0.13650175216517876,0.4866666666666667
high_frequency,2,0.1,0.8,23,soft_em,0.4866666666666667,0.21510139041719717,0.13650175216517876,0.5
high_frequency,2,0.1,0.8,23,mechanism_kmeans,0.5,0.21510139041719717,0.13650175216517876,0.5133333333333333
high_frequency,2,0.1,0.9,23,oracle_ols,0.16000000000000003,0.18843965938429452,0.06794214235028577,1.0
high_frequency,2,0.1,0.9,23,oracle_gls,0.06000000000000005,0.18843965938429452,0.06794214235028577,0.86
high_frequency,2,0.1,0.9,23,lrdsr,0.4666666666666667,0.18843965938429452,0.06794214235028577,0.52
high_frequency,2,0.1,0.9,23,soft_em,0.5,0.18843965938429452,0.06794214235028577,0.5
high_frequency,2,0.1,0.9,23,mechanism_kmeans,0.4733333333333334,0.18843965938429452,0.06794214235028577,0.5266666666666666
high_frequency,2,0.1,0.95,23,oracle_ols,0.15333333333333332,0.15920535375543313,0.019292974821440025,1.0
high_frequency,2,0.1,0.95,23,oracle_gls,0.013333333333333308,0.15920535375543313,0.019292974821440025,0.8333333333333334
high_frequency,2,0.1,0.95,23,lrdsr,0.45999999999999996,0.15920535375543313,0.019292974821440025,0.5066666666666667
high_frequency,2,0.1,0.95,23,soft_em,0.45999999999999996,0.15920535375543313,0.019292974821440025,0.5066666666666667
high_frequency,2,0.1,0.95,23,mechanism_kmeans,0.4666666666666667,0.15920535375543313,0.019292974821440025,0.5133333333333333
high_frequency,2,0.25,0.0,23,oracle_ols,0.026666666666666616,0.04472295506608051,0.044722955066080525,1.0
high_frequency,2,0.25,0.0,23,oracle_gls,0.026666666666666616,0.04472295506608051,0.044722955066080525,1.0
high_frequency,2,0.25,0.0,23,lrdsr,0.21999999999999997,0.04472295506608051,0.044722955066080525,0.19333333333333333
high_frequency,2,0.25,0.0,23,soft_em,0.07333333333333336,0.04472295506608051,0.044722955066080525,0.94
high_frequency,2,0.25,0.0,23,mechanism_kmeans,0.07999999999999996,0.04472295506608051,0.044722955066080525,0.9333333333333333
high_frequency,2,0.25,0.3,23,oracle_ols,0.053333333333333344,0.08153567809168688,0.07617274383253907,1.0
high_frequency,2,0.25,0.3,23,oracle_gls,0.046666666666666634,0.08153567809168688,0.07617274383253907,0.98
high_frequency,2,0.25,0.3,23,lrdsr,0.26,0.08153567809168688,0.07617274383253907,0.22
high_frequency,2,0.25,0.3,23,soft_em,0.11333333333333329,0.08153567809168688,0.07617274383253907,0.9
high_frequency,2,0.25,0.3,23,mechanism_kmeans,0.12,0.08153567809168688,0.07617274383253907,0.8933333333333333
high_frequency,2,0.25,0.6,23,oracle_ols,0.07333333333333336,0.11229721709815084,0.08121659198510334,1.0
high_frequency,2,0.25,0.6,23,oracle_gls,0.06000000000000005,0.11229721709815084,0.08121659198510334,0.9466666666666667
high_frequency,2,0.25,0.6,23,lrdsr,0.4866666666666667,0.11229721709815084,0.08121659198510334,0.4666666666666667
high_frequency,2,0.25,0.6,23,soft_em,0.43333333333333335,0.11229721709815084,0.08121659198510334,0.56
high_frequency,2,0.25,0.6,23,mechanism_kmeans,0.42666666666666664,0.11229721709815084,0.08121659198510334,0.5666666666666667
high_frequency,2,0.25,0.8,23,oracle_ols,0.08666666666666667,0.10753219286370429,0.04278579493051969,1.0
high_frequency,2,0.25,0.8,23,oracle_gls,0.033333333333333326,0.10753219286370429,0.04278579493051969,0.92
high_frequency,2,0.25,0.8,23,lrdsr,0.4733333333333334,0.10753219286370429,0.04278579493051969,0.5066666666666667
high_frequency,2,0.25,0.8,23,soft_em,0.4933333333333333,0.10753219286370429,0.04278579493051969,0.5133333333333333
high_frequency,2,0.25,0.8,23,mechanism_kmeans,0.48,0.10753219286370429,0.04278579493051969,0.5266666666666666
high_frequency,2,0.25,0.9,23,oracle_ols,0.06000000000000005,0.08471426775708513,0.010238856782422355,1.0
high_frequency,2,0.25,0.9,23,oracle_gls,0.013333333333333308,0.08471426775708513,0.010238856782422355,0.9266666666666666
high_frequency,2,0.25,0.9,23,lrdsr,0.4866666666666667,0.08471426775708513,0.010238856782422355,0.5066666666666667
high_frequency,2,0.25,0.9,23,soft_em,0.4866666666666667,0.08471426775708513,0.010238856782422355,0.48
high_frequency,2,0.25,0.9,23,mechanism_kmeans,0.5,0.08471426775708513,0.010238856782422355,0.49333333333333335
high_frequency,2,0.25,0.95,23,oracle_ols,0.046666666666666634,0.0650583815797165,0.0008045875353060055,1.0
high_frequency,2,0.25,0.95,23,oracle_gls,0.0,0.0650583815797165,0.0008045875353060055,0.9533333333333334
high_frequency,2,0.25,0.95,23,lrdsr,0.4733333333333334,0.0650583815797165,0.0008045875353060055,0.49333333333333335
high_frequency,2,0.25,0.95,23,soft_em,0.4666666666666667,0.0650583815797165,0.0008045875353060055,0.4866666666666667
high_frequency,2,0.25,0.95,23,mechanism_kmeans,0.4666666666666667,0.0650583815797165,0.0008045875353060055,0.4866666666666667
high_frequency,2,1.0,0.0,23,oracle_ols,0.0,0.0005071779298042927,0.000507177929804293,1.0
high_frequency,2,1.0,0.0,23,oracle_gls,0.0,0.0005071779298042927,0.000507177929804293,1.0
high_frequency,2,1.0,0.0,23,lrdsr,0.1266666666666667,0.0005071779298042927,0.000507177929804293,0.8733333333333333
high_frequency,2,1.0,0.0,23,soft_em,0.0,0.0005071779298042927,0.000507177929804293,0.0
high_frequency,2,1.0,0.0,23,mechanism_kmeans,0.00666666666666671,0.0005071779298042927,0.000507177929804293,0.006666666666666667
high_frequency,2,1.0,0.3,23,oracle_ols,0.0,0.0031257742740594275,0.0025156937983501827,1.0
high_frequency,2,1.0,0.3,23,oracle_gls,0.0,0.0031257742740594275,0.0025156937983501827,1.0
high_frequency,2,1.0,0.3,23,lrdsr,0.1266666666666667,0.0031257742740594275,0.0025156937983501827,0.12666666666666668
high_frequency,2,1.0,0.3,23,soft_em,0.013333333333333308,0.0031257742740594275,0.0025156937983501827,0.013333333333333334
high_frequency,2,1.0,0.3,23,mechanism_kmeans,0.013333333333333308,0.0031257742740594275,0.0025156937983501827,0.013333333333333334
high_frequency,2,1.0,0.6,23,oracle_ols,0.0,0.0084130326102815,0.003095005522085873,1.0
high_frequency,2,1.0,0.6,23,oracle_gls,0.0,0.0084130326102815,0.003095005522085873,1.0
high_frequency,2,1.0,0.6,23,lrdsr,0.1333333333333333,0.0084130326102815,0.003095005522085873,0.13333333333333333
high_frequency,2,1.0,0.6,23,soft_em,0.020000000000000018,0.0084130326102815,0.003095005522085873,0.02
high_frequency,2,1.0,0.6,23,mechanism_kmeans,0.020000000000000018,0.0084130326102815,0.003095005522085873,0.02
high_frequency,2,1.0,0.8,23,oracle_ols,0.0,0.00803728202347573,0.0004902729893066266,1.0
high_frequency,2,1.0,0.8,23,oracle_gls,0.0,0.00803728202347573,0.0004902729893066266,1.0
high_frequency,2,1.0,0.8,23,lrdsr,0.42000000000000004,0.00803728202347573,0.0004902729893066266,0.42
high_frequency,2,1.0,0.8,23,soft_em,0.033333333333333326,0.00803728202347573,0.0004902729893066266,0.03333333333333333
high_frequency,2,1.0,0.8,23,mechanism_kmeans,0.033333333333333326,0.00803728202347573,0.0004902729893066266,0.03333333333333333
high_frequency,2,1.0,0.9,23,oracle_ols,0.0,0.005359220174089055,1.1985638139402514e-05,1.0
high_frequency,2,1.0,0.9,23,oracle_gls,0.0,0.005359220174089055,1.1985638139402514e-05,1.0
high_frequency,2,1.0,0.9,23,lrdsr,0.5,0.005359220174089055,1.1985638139402514e-05,0.5
high_frequency,2,1.0,0.9,23,soft_em,0.45333333333333337,0.005359220174089055,1.1985638139402514e-05,0.4533333333333333
high_frequency,2,1.0,0.9,23,mechanism_kmeans,0.48,0.005359220174089055,1.1985638139402514e-05,0.48
high_frequency,2,1.0,0.95,23,oracle_ols,0.0,0.004356000875701687,4.705285222329135e-08,1.0
high_frequency,2,1.0,0.95,23,oracle_gls,0.0,0.004356000875701687,4.705285222329135e-08,1.0
high_frequency,2,1.0,0.95,23,lrdsr,0.4666666666666667,0.004356000875701687,4.705285222329135e-08,0.4666666666666667
high_frequency,2,1.0,0.95,23,soft_em,0.4733333333333334,0.004356000875701687,4.705285222329135e-08,0.47333333333333333
high_frequency,2,1.0,0.95,23,mechanism_kmeans,0.4733333333333334,0.004356000875701687,4.705285222329135e-08,0.47333333333333333
high_frequency,2,0.1,0.0,42,oracle_ols,0.1266666666666667,0.1373356974664209,0.1373356974664209,1.0
high_frequency,2,0.1,0.0,42,oracle_gls,0.1266666666666667,0.1373356974664209,0.1373356974664209,1.0
high_frequency,2,0.1,0.0,42,lrdsr,0.3733333333333333,0.1373356974664209,0.1373356974664209,0.6733333333333333
high_frequency,2,0.1,0.0,42,soft_em,0.28,0.1373356974664209,0.1373356974664209,0.24666666666666667
high_frequency,2,0.1,0.0,42,mechanism_kmeans,0.28,0.1373356974664209,0.1373356974664209,0.24666666666666667
high_frequency,2,0.1,0.3,42,oracle_ols,0.15333333333333332,0.18538584054329807,0.1792032532353442,1.0
high_frequency,2,0.1,0.3,42,oracle_gls,0.19333333333333336,0.18538584054329807,0.1792032532353442,0.92
high_frequency,2,0.1,0.3,42,lrdsr,0.4866666666666667,0.18538584054329807,0.1792032532353442,0.4666666666666667
high_frequency,2,0.1,0.3,42,soft_em,0.31999999999999995,0.18538584054329807,0.1792032532353442,0.32666666666666666
high_frequency,2,0.1,0.3,42,mechanism_kmeans,0.31333333333333335,0.18538584054329807,0.1792032532353442,0.30666666666666664
high_frequency,2,0.1,0.6,42,oracle_ols,0.21333333333333337,0.21832099078474182,0.18492292785964518,1.0
high_frequency,2,0.1,0.6,42,oracle_gls,0.15333333333333332,0.21832099078474182,0.18492292785964518,0.8333333333333334
high_frequency,2,0.1,0.6,42,lrdsr,0.4866666666666667,0.21832099078474182,0.18492292785964518,0.5
high_frequency,2,0.1,0.6,42,soft_em,0.4733333333333334,0.21832099078474182,0.18492292785964518,0.5266666666666666
high_frequency,2,0.1,0.6,42,mechanism_kmeans,0.5,0.21832099078474182,0.18492292785964518,0.5
high_frequency,2,0.1,0.8,42,oracle_ols,0.21333333333333337,0.21489795051687124,0.13387175748122895,1.0
high_frequency,2,0.1,0.8,42,oracle_gls,0.09333333333333338,0.21489795051687124,0.13387175748122895,0.84
high_frequency,2,0.1,0.8,42,lrdsr,0.4866666666666667,0.21489795051687124,0.13387175748122895,0.5
high_frequency,2,0.1,0.8,42,soft_em,0.4866666666666667,0.21489795051687124,0.13387175748122895,0.5133333333333333
high_frequency,2,0.1,0.8,42,mechanism_kmeans,0.4933333333333333,0.21489795051687124,0.13387175748122895,0.5066666666666667
high_frequency,2,0.1,0.9,42,oracle_ols,0.23333333333333328,0.19240585527162934,0.06583254989410174,1.0
high_frequency,2,0.1,0.9,42,oracle_gls,0.07333333333333336,0.19240585527162934,0.06583254989410174,0.8266666666666667
high_frequency,2,0.1,0.9,42,lrdsr,0.4866666666666667,0.19240585527162934,0.06583254989410174,0.4666666666666667
high_frequency,2,0.1,0.9,42,soft_em,0.4866666666666667,0.19240585527162934,0.06583254989410174,0.56
high_frequency,2,0.1,0.9,42,mechanism_kmeans,0.5,0.19240585527162934,0.06583254989410174,0.5466666666666666
high_frequency,2,0.1,0.95,42,oracle_ols,0.20666666666666667,0.16805318274539302,0.01818977507596323,1.0
high_frequency,2,0.1,0.95,42,oracle_gls,0.013333333333333308,0.16805318274539302,0.01818977507596323,0.7933333333333333
high_frequency,2,0.1,0.95,42,lrdsr,0.5,0.16805318274539302,0.01818977507596323,0.52
high_frequency,2,0.1,0.95,42,soft_em,0.5,0.16805318274539302,0.01818977507596323,0.52
high_frequency,2,0.1,0.95,42,mechanism_kmeans,0.4933333333333333,0.16805318274539302,0.01818977507596323,0.5133333333333333
high_frequency,2,0.25,0.0,42,oracle_ols,0.026666666666666616,0.043101579685064804,0.043101579685064804,1.0
high_frequency,2,0.25,0.0,42,oracle_gls,0.026666666666666616,0.043101579685064804,0.043101579685064804,1.0
high_frequency,2,0.25,0.0,42,lrdsr,0.2733333333333333,0.043101579685064804,0.043101579685064804,0.2866666666666667
high_frequency,2,0.25,0.0,42,soft_em,0.14,0.043101579685064804,0.043101579685064804,0.12666666666666668
high_frequency,2,0.25,0.0,42,mechanism_kmeans,0.1466666666666666,0.043101579685064804,0.043101579685064804,0.13333333333333333
high_frequency,2,0.25,0.3,42,oracle_ols,0.053333333333333344,0.0792802257386464,0.07398370415263497,1.0
high_frequency,2,0.25,0.3,42,oracle_gls,0.053333333333333344,0.0792802257386464,0.07398370415263497,0.9866666666666667
high_frequency,2,0.25,0.3,42,lrdsr,0.26,0.0792802257386464,0.07398370415263497,0.26
high_frequency,2,0.25,0.3,42,soft_em,0.21333333333333337,0.0792802257386464,0.07398370415263497,0.21333333333333335
high_frequency,2,0.25,0.3,42,mechanism_kmeans,0.19999999999999996,0.0792802257386464,0.07398370415263497,0.2
high_frequency,2,0.25,0.6,42,oracle_ols,0.09999999999999998,0.1100288929184463,0.0788504932792676,1.0
high_frequency,2,0.25,0.6,42,oracle_gls,0.06000000000000005,0.1100288929184463,0.0788504932792676,0.9466666666666667
high_frequency,2,0.25,0.6,42,lrdsr,0.42000000000000004,0.1100288929184463,0.0788504932792676,0.5866666666666667
high_frequency,2,0.25,0.6,42,soft_em,0.4733333333333334,0.1100288929184463,0.0788504932792676,0.4666666666666667
high_frequency,2,0.25,0.6,42,mechanism_kmeans,0.4933333333333333,0.1100288929184463,0.0788504932792676,0.4866666666666667
high_frequency,2,0.25,0.8,42,oracle_ols,0.12,0.10729056319433515,0.041000214951014205,1.0
high_frequency,2,0.25,0.8,42,oracle_gls,0.046666666666666634,0.10729056319433515,0.041000214951014205,0.9266666666666666
high_frequency,2,0.25,0.8,42,lrdsr,0.4733333333333334,0.10729056319433515,0.041000214951014205,0.43333333333333335
high_frequency,2,0.25,0.8,42,soft_em,0.4866666666666667,0.10729056319433515,0.041000214951014205,0.44666666666666666
high_frequency,2,0.25,0.8,42,mechanism_kmeans,0.4933333333333333,0.10729056319433515,0.041000214951014205,0.4533333333333333
high_frequency,2,0.25,0.9,42,oracle_ols,0.09999999999999998,0.08823447027437956,0.009451867282382755,1.0
high_frequency,2,0.25,0.9,42,oracle_gls,0.00666666666666671,0.08823447027437956,0.009451867282382755,0.8933333333333333
high_frequency,2,0.25,0.9,42,lrdsr,0.4933333333333333,0.08823447027437956,0.009451867282382755,0.47333333333333333
high_frequency,2,0.25,0.9,42,soft_em,0.4866666666666667,0.08823447027437956,0.009451867282382755,0.49333333333333335
high_frequency,2,0.25,0.9,42,mechanism_kmeans,0.5,0.08823447027437956,0.009451867282382755,0.48
high_frequency,2,0.25,0.95,42,oracle_ols,0.06000000000000005,0.07185382344946922,0.0006441682978513566,1.0
high_frequency,2,0.25,0.95,42,oracle_gls,0.0,0.07185382344946922,0.0006441682978513566,0.94
high_frequency,2,0.25,0.95,42,lrdsr,0.48,0.07185382344946922,0.0006441682978513566,0.4866666666666667
high_frequency,2,0.25,0.95,42,soft_em,0.4933333333333333,0.07185382344946922,0.0006441682978513566,0.5133333333333333
high_frequency,2,0.25,0.95,42,mechanism_kmeans,0.5,0.07185382344946922,0.0006441682978513566,0.5066666666666667
high_frequency,2,1.0,0.0,42,oracle_ols,0.0,0.00043820520664541025,0.00043820520664541036,1.0
high_frequency,2,1.0,0.0,42,oracle_gls,0.0,0.00043820520664541025,0.00043820520664541036,1.0
high_frequency,2,1.0,0.0,42,lrdsr,0.10666666666666669,0.00043820520664541025,0.00043820520664541036,0.10666666666666667
high_frequency,2,1.0,0.0,42,soft_em,0.020000000000000018,0.00043820520664541025,0.00043820520664541036,0.02
high_frequency,2,1.0,0.0,42,mechanism_kmeans,0.00666666666666671,0.00043820520664541025,0.00043820520664541036,0.006666666666666667
high_frequency,2,1.0,0.3,42,oracle_ols,0.0,0.002809466643949851,0.0022456909808174436,1.0
high_frequency,2,1.0,0.3,42,oracle_gls,0.0,0.002809466643949851,0.0022456909808174436,1.0
high_frequency,2,1.0,0.3,42,lrdsr,0.15333333333333332,0.002809466643949851,0.0022456909808174436,0.8466666666666667
high_frequency,2,1.0,0.3,42,soft_em,0.040000000000000036,0.002809466643949851,0.0022456909808174436,0.04
high_frequency,2,1.0,0.3,42,mechanism_kmeans,0.040000000000000036,0.002809466643949851,0.0022456909808174436,0.04
high_frequency,2,1.0,0.6,42,oracle_ols,0.0,0.007815468084107886,0.00274357545488873,1.0
high_frequency,2,1.0,0.6,42,oracle_gls,0.0,0.007815468084107886,0.00274357545488873,1.0
high_frequency,2,1.0,0.6,42,lrdsr,0.046666666666666634,0.007815468084107886,0.00274357545488873,0.04666666666666667
high_frequency,2,1.0,0.6,42,soft_em,0.06000000000000005,0.007815468084107886,0.00274357545488873,0.06
high_frequency,2,1.0,0.6,42,mechanism_kmeans,0.06666666666666665,0.007815468084107886,0.00274357545488873,0.06666666666666667
high_frequency,2,1.0,0.8,42,oracle_ols,0.0,0.007901391142403751,0.0003799023933373375,1.0
high_frequency,2,1.0,0.8,42,oracle_gls,0.0,0.007901391142403751,0.0003799023933373375,1.0
high_frequency,2,1.0,0.8,42,lrdsr,0.2533333333333333,0.007901391142403751,0.0003799023933373375,0.7466666666666667
high_frequency,2,1.0,0.8,42,soft_em,0.07999999999999996,0.007901391142403751,0.0003799023933373375,0.08
high_frequency,2,1.0,0.8,42,mechanism_kmeans,0.06666666666666665,0.007901391142403751,0.0003799023933373375,0.06666666666666667
high_frequency,2,1.0,0.9,42,oracle_ols,0.0,0.005837484209537106,4.477846189006931e-06,1.0
high_frequency,2,1.0,0.9,42,oracle_gls,0.0,0.005837484209537106,4.477846189006931e-06,1.0
high_frequency,2,1.0,0.9,42,lrdsr,0.4933333333333333,0.005837484209537106,4.477846189006931e-06,0.5066666666666667
high_frequency,2,1.0,0.9,42,soft_em,0.45999999999999996,0.005837484209537106,4.477846189006931e-06,0.54
high_frequency,2,1.0,0.9,42,mechanism_kmeans,0.45999999999999996,0.005837484209537106,4.477846189006931e-06,0.54
high_frequency,2,1.0,0.95,42,oracle_ols,0.00666666666666671,0.005204299215844356,1.2177118038570196e-09,1.0
high_frequency,2,1.0,0.95,42,oracle_gls,0.0,0.005204299215844356,1.2177118038570196e-09,0.9933333333333333
high_frequency,2,1.0,0.95,42,lrdsr,0.48,0.005204299215844356,1.2177118038570196e-09,0.5133333333333333
high_frequency,2,1.0,0.95,42,soft_em,0.4733333333333334,0.005204299215844356,1.2177118038570196e-09,0.52
high_frequency,2,1.0,0.95,42,mechanism_kmeans,0.4866666666666667,0.005204299215844356,1.2177118038570196e-09,0.5066666666666667
moving_step,2,0.1,0.0,11,oracle_ols,0.09999999999999998,0.14548845956198928,0.14548845956198928,1.0
moving_step,2,0.1,0.0,11,oracle_gls,0.09999999999999998,0.14548845956198928,0.14548845956198928,1.0
moving_step,2,0.1,0.0,11,lrdsr,0.21333333333333337,0.14548845956198928,0.14548845956198928,0.86
moving_step,2,0.1,0.0,11,soft_em,0.17333333333333334,0.14548845956198928,0.14548845956198928,0.9
moving_step,2,0.1,0.0,11,mechanism_kmeans,0.18666666666666665,0.14548845956198928,0.14548845956198928,0.9
moving_step,2,0.1,0.3,11,oracle_ols,0.20666666666666667,0.20461979699266555,0.197256675661461,1.0
moving_step,2,0.1,0.3,11,oracle_gls,0.15333333333333332,0.20461979699266555,0.197256675661461,0.92
moving_step,2,0.1,0.3,11,lrdsr,0.2733333333333333,0.20461979699266555,0.197256675661461,0.84
moving_step,2,0.1,0.3,11,soft_em,0.26,0.20461979699266555,0.197256675661461,0.8933333333333333
moving_step,2,0.1,0.3,11,mechanism_kmeans,0.26,0.20461979699266555,0.197256675661461,0.8933333333333333
moving_step,2,0.1,0.6,11,oracle_ols,0.2533333333333333,0.2648340788303103,0.21850978894988074,1.0
moving_step,2,0.1,0.6,11,oracle_gls,0.19999999999999996,0.2648340788303103,0.21850978894988074,0.8
moving_step,2,0.1,0.6,11,lrdsr,0.44666666666666666,0.2648340788303103,0.21850978894988074,0.6066666666666667
moving_step,2,0.1,0.6,11,soft_em,0.44666666666666666,0.2648340788303103,0.21850978894988074,0.34
moving_step,2,0.1,0.6,11,mechanism_kmeans,0.45999999999999996,0.2648340788303103,0.21850978894988074,0.3933333333333333
moving_step,2,0.1,0.8,11,oracle_ols,0.31333333333333335,0.30452939212681124,0.175488715018018,1.0
moving_step,2,0.1,0.8,11,oracle_gls,0.15333333333333332,0.30452939212681124,0.175488715018018,0.6933333333333334
moving_step,2,0.1,0.8,11,lrdsr,0.43999999999999995,0.30452939212681124,0.175488715018018,0.31333333333333335
moving_step,2,0.1,0.8,11,soft_em,0.4,0.30452939212681124,0.175488715018018,0.3
moving_step,2,0.1,0.8,11,mechanism_kmeans,0.41333333333333333,0.30452939212681124,0.175488715018018,0.2733333333333333
moving_step,2,0.1,0.9,11,oracle_ols,0.30000000000000004,0.32365040100285863,0.1004854760471807,1.0
moving_step,2,0.1,0.9,11,oracle_gls,0.07333333333333336,0.32365040100285863,0.1004854760471807,0.68
moving_step,2,0.1,0.9,11,lrdsr,0.42666666666666664,0.32365040100285863,0.1004854760471807,0.2866666666666667
moving_step,2,0.1,0.9,11,soft_em,0.43333333333333335,0.32365040100285863,0.1004854760471807,0.7466666666666667
moving_step,2,0.1,0.9,11,mechanism_kmeans,0.43999999999999995,0.32365040100285863,0.1004854760471807,0.74
moving_step,2,0.1,0.95,11,oracle_ols,0.2866666666666666,0.3328921153801328,0.0353889106075866,1.0
moving_step,2,0.1,0.95,11,oracle_gls,0.033333333333333326,0.3328921153801328,0.0353889106075866,0.7066666666666667
moving_step,2,0.1,0.95,11,lrdsr,0.44666666666666666,0.3328921153801328,0.0353889106075866,0.26666666666666666
moving_step,2,0.1,0.95,11,soft_em,0.43999999999999995,0.3328921153801328,0.0353889106075866,0.7266666666666667
moving_step,2,0.1,0.95,11,mechanism_kmeans,0.43999999999999995,0.3328921153801328,0.0353889106075866,0.7266666666666667
moving_step,2,0.25,0.0,11,oracle_ols,0.046666666666666634,0.05261996033126438,0.05261996033126438,1.0
moving_step,2,0.25,0.0,11,oracle_gls,0.046666666666666634,0.05261996033126438,0.05261996033126438,1.0
moving_step,2,0.25,0.0,11,lrdsr,0.09999999999999998,0.05261996033126438,0.05261996033126438,0.9333333333333333
moving_step,2,0.25,0.0,11,soft_em,0.07999999999999996,0.05261996033126438,0.05261996033126438,0.9666666666666667
moving_step,2,0.25,0.0,11,mechanism_kmeans,0.07999999999999996,0.05261996033126438,0.05261996033126438,0.9666666666666667
moving_step,2,0.25,0.3,11,oracle_ols,0.07333333333333336,0.09911227760205736,0.09206289587236509,1.0
moving_step,2,0.25,0.3,11,oracle_gls,0.06666666666666665,0.09911227760205736,0.09206289587236509,0.9933333333333333
moving_step,2,0.25,0.3,11,lrdsr,0.16666666666666663,0.09911227760205736,0.09206289587236509,0.9066666666666666
moving_step,2,0.25,0.3,11,soft_em,0.15333333333333332,0.09911227760205736,0.09206289587236509,0.08
moving_step,2,0.25,0.3,11,mechanism_kmeans,0.14,0.09911227760205736,0.09206289587236509,0.06666666666666667
moving_step,2,0.25,0.6,11,oracle_ols,0.1466666666666666,0.1612692533603135,0.11035333067011152,1.0
moving_step,2,0.25,0.6,11,oracle_gls,0.08666666666666667,0.1612692533603135,0.11035333067011152,0.8733333333333333
moving_step,2,0.25,0.6,11,lrdsr,0.22666666666666668,0.1612692533603135,0.11035333067011152,0.08
moving_step,2,0.25,0.6,11,soft_em,0.20666666666666667,0.1612692533603135,0.11035333067011152,0.9133333333333333
moving_step,2,0.25,0.6,11,mechanism_kmeans,0.21333333333333337,0.1612692533603135,0.11035333067011152,0.92
moving_step,2,0.25,0.8,11,oracle_ols,0.19333333333333336,0.2096207202682476,0.07023853427393133,1.0
moving_step,2,0.25,0.8,11,oracle_gls,0.053333333333333344,0.2096207202682476,0.07023853427393133,0.78
moving_step,2,0.25,0.8,11,lrdsr,0.3933333333333333,0.2096207202682476,0.07023853427393133,0.6933333333333334
moving_step,2,0.25,0.8,11,soft_em,0.3866666666666667,0.2096207202682476,0.07023853427393133,0.31333333333333335
moving_step,2,0.25,0.8,11,mechanism_kmeans,0.3733333333333333,0.2096207202682476,0.07023853427393133,0.2866666666666667
moving_step,2,0.25,0.9,11,oracle_ols,0.19333333333333336,0.23477628588223998,0.02159699253715711,1.0
moving_step,2,0.25,0.9,11,oracle_gls,0.013333333333333308,0.23477628588223998,0.02159699253715711,0.8066666666666666
moving_step,2,0.25,0.9,11,lrdsr,0.3933333333333333,0.23477628588223998,0.02159699253715711,0.72
moving_step,2,0.25,0.9,11,soft_em,0.41333333333333333,0.23477628588223998,0.02159699253715711,0.74
moving_step,2,0.25,0.9,11,mechanism_kmeans,0.42000000000000004,0.23477628588223998,0.02159699253715711,0.7466666666666667
moving_step,2,0.25,0.95,11,oracle_ols,0.21999999999999997,0.24732991931445553,0.002138727690853186,1.0
moving_step,2,0.25,0.95,11,oracle_gls,0.0,0.24732991931445553,0.002138727690853186,0.78
moving_step,2,0.25,0.95,11,lrdsr,0.42666666666666664,0.24732991931445553,0.002138727690853186,0.24666666666666667
moving_step,2,0.25,0.95,11,soft_em,0.42666666666666664,0.24732991931445553,0.002138727690853186,0.7533333333333333
moving_step,2,0.25,0.95,11,mechanism_kmeans,0.42666666666666664,0.24732991931445553,0.002138727690853186,0.7533333333333333
moving_step,2,1.0,0.0,11,oracle_ols,0.00666666666666671,0.002300899829732927,0.002300899829732927,1.0
moving_step,2,1.0,0.0,11,oracle_gls,0.00666666666666671,0.002300899829732927,0.002300899829732927,1.0
moving_step,2,1.0,0.0,11,lrdsr,0.0,0.002300899829732927,0.002300899829732927,0.006666666666666667
moving_step,2,1.0,0.0,11,soft_em,0.0,0.002300899829732927,0.002300899829732927,0.9933333333333333
moving_step,2,1.0,0.0,11,mechanism_kmeans,0.0,0.002300899829732927,0.002300899829732927,0.9933333333333333
moving_step,2,1.0,0.3,11,oracle_ols,0.013333333333333308,0.008077310613362565,0.006416048111701021,1.0
moving_step,2,1.0,0.3,11,oracle_gls,0.013333333333333308,0.008077310613362565,0.006416048111701021,1.0
moving_step,2,1.0,0.3,11,lrdsr,0.033333333333333326,0.008077310613362565,0.006416048111701021,0.9666666666666667
moving_step,2,1.0,0.3,11,soft_em,0.020000000000000018,0.008077310613362565,0.006416048111701021,0.98
moving_step,2,1.0,0.3,11,mechanism_kmeans,0.020000000000000018,0.008077310613362565,0.006416048111701021,0.98
moving_step,2,1.0,0.6,11,oracle_ols,0.020000000000000018,0.026509741368615895,0.008026428765549107,1.0
moving_step,2,1.0,0.6,11,oracle_gls,0.0,0.026509741368615895,0.008026428765549107,0.98
moving_step,2,1.0,0.6,11,lrdsr,0.07999999999999996,0.026509741368615895,0.008026428765549107,0.94
moving_step,2,1.0,0.6,11,soft_em,0.06666666666666665,0.026509741368615895,0.008026428765549107,0.9533333333333334
moving_step,2,1.0,0.6,11,mechanism_kmeans,0.06666666666666665,0.026509741368615895,0.008026428765549107,0.9533333333333334
moving_step,2,1.0,0.8,11,oracle_ols,0.040000000000000036,0.054056471409417085,0.0016354094600576265,1.0
moving_step,2,1.0,0.8,11,oracle_gls,0.0,0.054056471409417085,0.0016354094600576265,0.96
moving_step,2,1.0,0.8,11,lrdsr,0.09999999999999998,0.054056471409417085,0.0016354094600576265,0.94
moving_step,2,1.0,0.8,11,soft_em,0.11333333333333329,0.054056471409417085,0.0016354094600576265,0.9266666666666666
moving_step,2,1.0,0.8,11,mechanism_kmeans,0.10666666666666669,0.054056471409417085,0.0016354094600576265,0.9333333333333333
moving_step,2,1.0,0.9,11,oracle_ols,0.046666666666666634,0.07429299906086781,2.6441108266434358e-05,1.0
moving_step,2,1.0,0.9,11,oracle_gls,0.0,0.07429299906086781,2.6441108266434358e-05,0.9533333333333334
moving_step,2,1.0,0.9,11,lrdsr,0.2466666666666667,0.07429299906086781,2.6441108266434358e-05,0.7866666666666666
moving_step,2,1.0,0.9,11,soft_em,0.18000000000000005,0.07429299906086781,2.6441108266434358e-05,0.8666666666666667
moving_step,2,1.0,0.9,11,mechanism_kmeans,0.17333333333333334,0.07429299906086781,2.6441108266434358e-05,0.8733333333333333
moving_step,2,1.0,0.95,11,oracle_ols,0.046666666666666634,0.08606275154831791,5.527683026867377e-09,1.0
moving_step,2,1.0,0.95,11,oracle_gls,0.0,0.08606275154831791,5.527683026867377e-09,0.9533333333333334
moving_step,2,1.0,0.95,11,lrdsr,0.3466666666666667,0.08606275154831791,5.527683026867377e-09,0.3
moving_step,2,1.0,0.95,11,soft_em,0.31999999999999995,0.08606275154831791,5.527683026867377e-09,0.7266666666666667
moving_step,2,1.0,0.95,11,mechanism_kmeans,0.30666666666666664,0.08606275154831791,5.527683026867377e-09,0.74
moving_step,2,0.1,0.0,23,oracle_ols,0.14,0.15208746399049014,0.15208746399049014,1.0
moving_step,2,0.1,0.0,23,oracle_gls,0.14,0.15208746399049014,0.15208746399049014,1.0
moving_step,2,0.1,0.0,23,lrdsr,0.19999999999999996,0.15208746399049014,0.15208746399049014,0.12666666666666668
moving_step,2,0.1,0.0,23,soft_em,0.17333333333333334,0.15208746399049014,0.15208746399049014,0.9
moving_step,2,0.1,0.0,23,mechanism_kmeans,0.18000000000000005,0.15208746399049014,0.15208746399049014,0.8933333333333333
moving_step,2,0.1,0.3,23,oracle_ols,0.18666666666666665,0.2101820410442983,0.2027109106352094,1.0
moving_step,2,0.1,0.3,23,oracle_gls,0.18666666666666665,0.2101820410442983,0.2027109106352094,0.9733333333333334
moving_step,2,0.1,0.3,23,lrdsr,0.2666666666666667,0.2101820410442983,0.2027109106352094,0.16
moving_step,2,0.1,0.3,23,soft_em,0.22666666666666668,0.2101820410442983,0.2027109106352094,0.8666666666666667
moving_step,2,0.1,0.3,23,mechanism_kmeans,0.20666666666666667,0.2101820410442983,0.2027109106352094,0.86
moving_step,2,0.1,0.6,23,oracle_ols,0.2466666666666667,0.26878762145008545,0.22224444139166408,1.0
moving_step,2,0.1,0.6,23,oracle_gls,0.21333333333333337,0.26878762145008545,0.22224444139166408,0.9
moving_step,2,0.1,0.6,23,lrdsr,0.30000000000000004,0.26878762145008545,0.22224444139166408,0.16
moving_step,2,0.1,0.6,23,soft_em,0.29333333333333333,0.26878762145008545,0.22224444139166408,0.15333333333333332
moving_step,2,0.1,0.6,23,mechanism_kmeans,0.31333333333333335,0.26878762145008545,0.22224444139166408,0.2
moving_step,2,0.1,0.8,23,oracle_ols,0.2533333333333333,0.307087190733445,0.17825800541463754,1.0
moving_step,2,0.1,0.8,23,oracle_gls,0.19333333333333336,0.307087190733445,0.17825800541463754,0.7933333333333333
moving_step,2,0.1,0.8,23,lrdsr,0.43999999999999995,0.307087190733445,0.17825800541463754,0.37333333333333335
moving_step,2,0.1,0.8,23,soft_em,0.41333333333333333,0.307087190733445,0.17825800541463754,0.6533333333333333
moving_step,2,0.1,0.8,23,mechanism_kmeans,0.4066666666666666,0.307087190733445,0.17825800541463754,0.6866666666666666
moving_step,2,0.1,0.9,23,oracle_ols,0.29333333333333333,0.3254537838224024,0.10329207055875204,1.0
moving_step,2,0.1,0.9,23,oracle_gls,0.10666666666666669,0.3254537838224024,0.10329207055875204,0.7066666666666667
moving_step,2,0.1,0.9,23,lrdsr,0.4666666666666667,0.3254537838224024,0.10329207055875204,0.24
moving_step,2,0.1,0.9,23,soft_em,0.48,0.3254537838224024,0.10329207055875204,0.25333333333333335
moving_step,2,0.1,0.9,23,mechanism_kmeans,0.48,0.3254537838224024,0.10329207055875204,0.25333333333333335
moving_step,2,0.1,0.95,23,oracle_ols,0.30666666666666664,0.3343178343613286,0.038508193268938874,1.0
moving_step,2,0.1,0.95,23,oracle_gls,0.020000000000000018,0.3343178343613286,0.038508193268938874,0.6866666666666666
moving_step,2,0.1,0.95,23,lrdsr,0.48,0.3343178343613286,0.038508193268938874,0.7733333333333333
moving_step,2,0.1,0.95,23,soft_em,0.48,0.3343178343613286,0.038508193268938874,0.7733333333333333
moving_step,2,0.1,0.95,23,mechanism_kmeans,0.4866666666666667,0.3343178343613286,0.038508193268938874,0.7666666666666667
moving_step,2,0.25,0.0,23,oracle_ols,0.06000000000000005,0.05871299396964875,0.05871299396964875,1.0
moving_step,2,0.25,0.0,23,oracle_gls,0.06000000000000005,0.05871299396964875,0.05871299396964875,1.0
moving_step,2,0.25,0.0,23,lrdsr,0.09999999999999998,0.05871299396964875,0.05871299396964875,0.05333333333333334
moving_step,2,0.25,0.0,23,soft_em,0.08666666666666667,0.05871299396964875,0.05871299396964875,0.96
moving_step,2,0.25,0.0,23,mechanism_kmeans,0.08666666666666667,0.05871299396964875,0.05871299396964875,0.96
moving_step,2,0.25,0.3,23,oracle_ols,0.10666666666666669,0.10522976885673399,0.09796922969674027,1.0
moving_step,2,0.25,0.3,23,oracle_gls,0.12,0.10522976885673399,0.09796922969674027,0.96
moving_step,2,0.25,0.3,23,lrdsr,0.14,0.10522976885673399,0.09796922969674027,0.9133333333333333
moving_step,2,0.25,0.3,23,soft_em,0.10666666666666669,0.10522976885673399,0.09796922969674027,0.05333333333333334
moving_step,2,0.25,0.3,23,mechanism_kmeans,0.09999999999999998,0.10522976885673399,0.09796922969674027,0.04666666666666667
moving_step,2,0.25,0.6,23,oracle_ols,0.15333333333333332,0.16632800487119523,0.11481360346236026,1.0
moving_step,2,0.25,0.6,23,oracle_gls,0.12,0.16632800487119523,0.11481360346236026,0.94
moving_step,2,0.25,0.6,23,lrdsr,0.2466666666666667,0.16632800487119523,0.11481360346236026,0.8533333333333334
moving_step,2,0.25,0.6,23,soft_em,0.21333333333333337,0.16632800487119523,0.11481360346236026,0.8733333333333333
moving_step,2,0.25,0.6,23,mechanism_kmeans,0.20666666666666667,0.16632800487119523,0.11481360346236026,0.88
moving_step,2,0.25,0.8,23,oracle_ols,0.17333333333333334,0.21318474609508534,0.07360129931690564,1.0
moving_step,2,0.25,0.8,23,oracle_gls,0.06666666666666665,0.21318474609508534,0.07360129931690564,0.8666666666666667
moving_step,2,0.25,0.8,23,lrdsr,0.33333333333333337,0.21318474609508534,0.07360129931690564,0.8
moving_step,2,0.25,0.8,23,soft_em,0.33999999999999997,0.21318474609508534,0.07360129931690564,0.22
moving_step,2,0.25,0.8,23,mechanism_kmeans,0.33999999999999997,0.21318474609508534,0.07360129931690564,0.23333333333333334
moving_step,2,0.25,0.9,23,oracle_ols,0.22666666666666668,0.23739220814266976,0.024852654364337104,1.0
moving_step,2,0.25,0.9,23,oracle_gls,0.00666666666666671,0.23739220814266976,0.024852654364337104,0.78
moving_step,2,0.25,0.9,23,lrdsr,0.45333333333333337,0.23739220814266976,0.024852654364337104,0.29333333333333333
moving_step,2,0.25,0.9,23,soft_em,0.42666666666666664,0.23739220814266976,0.024852654364337104,0.7333333333333333
moving_step,2,0.25,0.9,23,mechanism_kmeans,0.45333333333333337,0.23739220814266976,0.024852654364337104,0.72
moving_step,2,0.25,0.95,23,oracle_ols,0.28,0.2494427029238878,0.005460789478986991,1.0
moving_step,2,0.25,0.95,23,oracle_gls,0.00666666666666671,0.2494427029238878,0.005460789478986991,0.7266666666666667
moving_step,2,0.25,0.95,23,lrdsr,0.44666666666666666,0.2494427029238878,0.005460789478986991,0.7666666666666667
moving_step,2,0.25,0.95,23,soft_em,0.45999999999999996,0.2494427029238878,0.005460789478986991,0.24666666666666667
moving_step,2,0.25,0.95,23,mechanism_kmeans,0.45999999999999996,0.2494427029238878,0.005460789478986991,0.23333333333333334
moving_step,2,1.0,0.0,23,oracle_ols,0.0,0.00626379047430394,0.00626379047430394,1.0
moving_step,2,1.0,0.0,23,oracle_gls,0.0,0.00626379047430394,0.00626379047430394,1.0
moving_step,2,1.0,0.0,23,lrdsr,0.026666666666666616,0.00626379047430394,0.00626379047430394,0.02666666666666667
moving_step,2,1.0,0.0,23,soft_em,0.026666666666666616,0.00626379047430394,0.00626379047430394,0.02666666666666667
moving_step,2,1.0,0.0,23,mechanism_kmeans,0.026666666666666616,0.00626379047430394,0.00626379047430394,0.02666666666666667
moving_step,2,1.0,0.3,23,oracle_ols,0.013333333333333308,0.012219210051640944,0.010391923152487024,1.0
moving_step,2,1.0,0.3,23,oracle_gls,0.00666666666666671,0.012219210051640944,0.010391923152487024,0.9933333333333333
moving_step,2,1.0,0.3,23,lrdsr,0.033333333333333326,0.012219210051640944,0.010391923152487024,0.02
moving_step,2,1.0,0.3,23,soft_em,0.033333333333333326,0.012219210051640944,0.010391923152487024,0.02
moving_step,2,1.0,0.3,23,mechanism_kmeans,0.033333333333333326,0.012219210051640944,0.010391923152487024,0.02
moving_step,2,1.0,0.6,23,oracle_ols,0.040000000000000036,0.031013463037034103,0.011716691477880993,1.0
moving_step,2,1.0,0.6,23,oracle_gls,0.00666666666666671,0.031013463037034103,0.011716691477880993,0.9533333333333334
moving_step,2,1.0,0.6,23,lrdsr,0.07333333333333336,0.031013463037034103,0.011716691477880993,0.04666666666666667
moving_step,2,1.0,0.6,23,soft_em,0.07333333333333336,0.031013463037034103,0.011716691477880993,0.9533333333333334
moving_step,2,1.0,0.6,23,mechanism_kmeans,0.06666666666666665,0.031013463037034103,0.011716691477880993,0.9733333333333334
moving_step,2,1.0,0.8,23,oracle_ols,0.07999999999999996,0.058253943516015226,0.0049959954482182425,1.0
moving_step,2,1.0,0.8,23,oracle_gls,0.00666666666666671,0.058253943516015226,0.0049959954482182425,0.9266666666666666
moving_step,2,1.0,0.8,23,lrdsr,0.1333333333333333,0.058253943516015226,0.0049959954482182425,0.06666666666666667
moving_step,2,1.0,0.8,23,soft_em,0.1266666666666667,0.058253943516015226,0.0049959954482182425,0.06
moving_step,2,1.0,0.8,23,mechanism_kmeans,0.11333333333333329,0.058253943516015226,0.0049959954482182425,0.04666666666666667
moving_step,2,1.0,0.9,23,oracle_ols,0.09999999999999998,0.07790339318310906,0.003359885009730419,1.0
moving_step,2,1.0,0.9,23,oracle_gls,0.0,0.07790339318310906,0.003359885009730419,0.9
moving_step,2,1.0,0.9,23,lrdsr,0.26,0.07790339318310906,0.003359885009730419,0.8133333333333334
moving_step,2,1.0,0.9,23,soft_em,0.21333333333333337,0.07790339318310906,0.003359885009730419,0.14
moving_step,2,1.0,0.9,23,mechanism_kmeans,0.21333333333333337,0.07790339318310906,0.003359885009730419,0.14
moving_step,2,1.0,0.95,23,oracle_ols,0.09999999999999998,0.08924743457795467,0.0033333388528588317,1.0
moving_step,2,1.0,0.95,23,oracle_gls,0.0,0.08924743457795467,0.0033333388528588317,0.9
moving_step,2,1.0,0.95,23,lrdsr,0.38,0.08924743457795467,0.0033333388528588317,0.72
moving_step,2,1.0,0.95,23,soft_em,0.33999999999999997,0.08924743457795467,0.0033333388528588317,0.24
moving_step,2,1.0,0.95,23,mechanism_kmeans,0.33999999999999997,0.08924743457795467,0.0033333388528588317,0.24
moving_step,2,0.1,0.0,42,oracle_ols,0.12,0.14243544982071576,0.14243544982071576,1.0
moving_step,2,0.1,0.0,42,oracle_gls,0.12,0.14243544982071576,0.14243544982071576,1.0
moving_step,2,0.1,0.0,42,lrdsr,0.17333333333333334,0.14243544982071576,0.14243544982071576,0.8666666666666667
moving_step,2,0.1,0.0,42,soft_em,0.19333333333333336,0.14243544982071576,0.14243544982071576,0.86
moving_step,2,0.1,0.0,42,mechanism_kmeans,0.19333333333333336,0.14243544982071576,0.14243544982071576,0.8866666666666667
moving_step,2,0.1,0.3,42,oracle_ols,0.19999999999999996,0.20234552815292678,0.19506188999684582,1.0
moving_step,2,0.1,0.3,42,oracle_gls,0.16000000000000003,0.20234552815292678,0.19506188999684582,0.9466666666666667
moving_step,2,0.1,0.3,42,lrdsr,0.26,0.20234552815292678,0.19506188999684582,0.8866666666666667
moving_step,2,0.1,0.3,42,soft_em,0.23333333333333328,0.20234552815292678,0.19506188999684582,0.12666666666666668
moving_step,2,0.1,0.3,42,mechanism_kmeans,0.2733333333333333,0.20234552815292678,0.19506188999684582,0.12666666666666668
moving_step,2,0.1,0.6,42,oracle_ols,0.2666666666666667,0.2635393042032321,0.21748490525263967,1.0
moving_step,2,0.1,0.6,42,oracle_gls,0.19333333333333336,0.2635393042032321,0.21748490525263967,0.8066666666666666
moving_step,2,0.1,0.6,42,lrdsr,0.32666666666666666,0.2635393042032321,0.21748490525263967,0.8733333333333333
moving_step,2,0.1,0.6,42,soft_em,0.33333333333333337,0.2635393042032321,0.21748490525263967,0.14666666666666667
moving_step,2,0.1,0.6,42,mechanism_kmeans,0.33999999999999997,0.2635393042032321,0.21748490525263967,0.15333333333333332
moving_step,2,0.1,0.8,42,oracle_ols,0.3466666666666667,0.30390157720732414,0.17518640681662864,1.0
moving_step,2,0.1,0.8,42,oracle_gls,0.17333333333333334,0.30390157720732414,0.17518640681662864,0.6933333333333334
moving_step,2,0.1,0.8,42,lrdsr,0.3733333333333333,0.30390157720732414,0.17518640681662864,0.14666666666666667
moving_step,2,0.1,0.8,42,soft_em,0.3866666666666667,0.30390157720732414,0.17518640681662864,0.10666666666666667
moving_step,2,0.1,0.8,42,mechanism_kmeans,0.3933333333333333,0.30390157720732414,0.17518640681662864,0.11333333333333333
moving_step,2,0.1,0.9,42,oracle_ols,0.3866666666666667,0.32334311964102597,0.10041629811546333,1.0
moving_step,2,0.1,0.9,42,oracle_gls,0.11333333333333329,0.32334311964102597,0.10041629811546333,0.6466666666666666
moving_step,2,0.1,0.9,42,lrdsr,0.4066666666666666,0.32334311964102597,0.10041629811546333,0.16666666666666666
moving_step,2,0.1,0.9,42,soft_em,0.4733333333333334,0.32334311964102597,0.10041629811546333,0.78
moving_step,2,0.1,0.9,42,mechanism_kmeans,0.45999999999999996,0.32334311964102597,0.10041629811546333,0.7933333333333333
moving_step,2,0.1,0.95,42,oracle_ols,0.3533333333333334,0.3327405319828004,0.03537844512284985,1.0
moving_step,2,0.1,0.95,42,oracle_gls,0.033333333333333326,0.3327405319828004,0.03537844512284985,0.64
moving_step,2,0.1,0.95,42,lrdsr,0.4733333333333334,0.3327405319828004,0.03537844512284985,0.8
moving_step,2,0.1,0.95,42,soft_em,0.4666666666666667,0.3327405319828004,0.03537844512284985,0.20666666666666667
moving_step,2,0.1,0.95,42,mechanism_kmeans,0.4866666666666667,0.3327405319828004,0.03537844512284985,0.2
moving_step,2,0.25,0.0,42,oracle_ols,0.046666666666666634,0.04973514598176119,0.04973514598176119,1.0
moving_step,2,0.25,0.0,42,oracle_gls,0.046666666666666634,0.04973514598176119,0.04973514598176119,1.0
moving_step,2,0.25,0.0,42,lrdsr,0.08666666666666667,0.04973514598176119,0.04973514598176119,0.09333333333333334
moving_step,2,0.25,0.0,42,soft_em,0.09999999999999998,0.04973514598176119,0.04973514598176119,0.10666666666666667
moving_step,2,0.25,0.0,42,mechanism_kmeans,0.10666666666666669,0.04973514598176119,0.04973514598176119,0.11333333333333333
moving_step,2,0.25,0.3,42,oracle_ols,0.09999999999999998,0.09654277716482954,0.08965655723700322,1.0
moving_step,2,0.25,0.3,42,oracle_gls,0.07999999999999996,0.09654277716482954,0.08965655723700322,0.98
moving_step,2,0.25,0.3,42,lrdsr,0.15333333333333332,0.09654277716482954,0.08965655723700322,0.8933333333333333
moving_step,2,0.25,0.3,42,soft_em,0.15333333333333332,0.09654277716482954,0.08965655723700322,0.8933333333333333
moving_step,2,0.25,0.3,42,mechanism_kmeans,0.15333333333333332,0.09654277716482954,0.08965655723700322,0.88
moving_step,2,0.25,0.6,42,oracle_ols,0.17333333333333334,0.15963367428069744,0.10923756300971614,1.0
moving_step,2,0.25,0.6,42,oracle_gls,0.09999999999999998,0.15963367428069744,0.10923756300971614,0.8866666666666667
moving_step,2,0.25,0.6,42,lrdsr,0.2466666666666667,0.15963367428069744,0.10923756300971614,0.1
moving_step,2,0.25,0.6,42,soft_em,0.22666666666666668,0.15963367428069744,0.10923756300971614,0.88
moving_step,2,0.25,0.6,42,mechanism_kmeans,0.26,0.15963367428069744,0.10923756300971614,0.8866666666666667
moving_step,2,0.25,0.8,42,oracle_ols,0.2466666666666667,0.20878383633100664,0.06998144594881635,1.0
moving_step,2,0.25,0.8,42,oracle_gls,0.07333333333333336,0.20878383633100664,0.06998144594881635,0.76
moving_step,2,0.25,0.8,42,lrdsr,0.33999999999999997,0.20878383633100664,0.06998144594881635,0.16
moving_step,2,0.25,0.8,42,soft_em,0.32666666666666666,0.20878383633100664,0.06998144594881635,0.8666666666666667
moving_step,2,0.25,0.8,42,mechanism_kmeans,0.33333333333333337,0.20878383633100664,0.06998144594881635,0.8333333333333334
moving_step,2,0.25,0.9,42,oracle_ols,0.2666666666666667,0.2343566525933221,0.021564449754255824,1.0
moving_step,2,0.25,0.9,42,oracle_gls,0.026666666666666616,0.2343566525933221,0.021564449754255824,0.7333333333333333
moving_step,2,0.25,0.9,42,lrdsr,0.3866666666666667,0.2343566525933221,0.021564449754255824,0.7866666666666666
moving_step,2,0.25,0.9,42,soft_em,0.4066666666666666,0.2343566525933221,0.021564449754255824,0.22
moving_step,2,0.25,0.9,42,mechanism_kmeans,0.41333333333333333,0.2343566525933221,0.021564449754255824,0.21333333333333335
moving_step,2,0.25,0.95,42,oracle_ols,0.2666666666666667,0.24712053929320135,0.002137288262581639,1.0
moving_step,2,0.25,0.95,42,oracle_gls,0.0,0.24712053929320135,0.002137288262581639,0.7333333333333333
moving_step,2,0.25,0.95,42,lrdsr,0.45999999999999996,0.24712053929320135,0.002137288262581639,0.23333333333333334
moving_step,2,0.25,0.95,42,soft_em,0.44666666666666666,0.24712053929320135,0.002137288262581639,0.22
moving_step,2,0.25,0.95,42,mechanism_kmeans,0.45999999999999996,0.24712053929320135,0.002137288262581639,0.23333333333333334
moving_step,2,1.0,0.0,42,oracle_ols,0.0,0.0018626603421221543,0.0018626603421221543,1.0
moving_step,2,1.0,0.0,42,oracle_gls,0.0,0.0018626603421221543,0.0018626603421221543,1.0
moving_step,2,1.0,0.0,42,lrdsr,0.013333333333333308,0.0018626603421221543,0.0018626603421221543,0.013333333333333334
moving_step,2,1.0,0.0,42,soft_em,0.020000000000000018,0.0018626603421221543,0.0018626603421221543,0.02
moving_step,2,1.0,0.0,42,mechanism_kmeans,0.020000000000000018,0.0018626603421221543,0.0018626603421221543,0.02
moving_step,2,1.0,0.3,42,oracle_ols,0.0,0.007085855957412638,0.005616761769729161,1.0
moving_step,2,1.0,0.3,42,oracle_gls,0.00666666666666671,0.007085855957412638,0.005616761769729161,0.9933333333333333
moving_step,2,1.0,0.3,42,lrdsr,0.040000000000000036,0.007085855957412638,0.005616761769729161,0.04
moving_step,2,1.0,0.3,42,soft_em,0.026666666666666616,0.007085855957412638,0.005616761769729161,0.9733333333333334
moving_step,2,1.0,0.3,42,mechanism_kmeans,0.026666666666666616,0.007085855957412638,0.005616761769729161,0.9733333333333334
moving_step,2,1.0,0.6,42,oracle_ols,0.033333333333333326,0.025393722241647515,0.007663662955514882,1.0
moving_step,2,1.0,0.6,42,oracle_gls,0.00666666666666671,0.025393722241647515,0.007663662955514882,0.96
moving_step,2,1.0,0.6,42,lrdsr,0.09333333333333338,0.025393722241647515,0.007663662955514882,0.08666666666666667
moving_step,2,1.0,0.6,42,soft_em,0.09333333333333338,0.025393722241647515,0.007663662955514882,0.9133333333333333
moving_step,2,1.0,0.6,42,mechanism_kmeans,0.08666666666666667,0.025393722241647515,0.007663662955514882,0.9066666666666666
moving_step,2,1.0,0.8,42,oracle_ols,0.053333333333333344,0.05332961797558652,0.0016116773429142768,1.0
moving_step,2,1.0,0.8,42,oracle_gls,0.0,0.05332961797558652,0.0016116773429142768,0.9466666666666667
moving_step,2,1.0,0.8,42,lrdsr,0.15333333333333332,0.05332961797558652,0.0016116773429142768,0.12666666666666668
moving_step,2,1.0,0.8,42,soft_em,0.1466666666666666,0.05332961797558652,0.0016116773429142768,0.88
moving_step,2,1.0,0.8,42,mechanism_kmeans,0.1466666666666666,0.05332961797558652,0.0016116773429142768,0.88
moving_step,2,1.0,0.9,42,oracle_ols,0.07333333333333336,0.07388759964988166,2.6288145514095456e-05,1.0
moving_step,2,1.0,0.9,42,oracle_gls,0.0,0.07388759964988166,2.6288145514095456e-05,0.9266666666666666
moving_step,2,1.0,0.9,42,lrdsr,0.22666666666666668,0.07388759964988166,2.6288145514095456e-05,0.16666666666666666
moving_step,2,1.0,0.9,42,soft_em,0.22666666666666668,0.07388759964988166,2.6288145514095456e-05,0.16666666666666666
moving_step,2,1.0,0.9,42,mechanism_kmeans,0.22666666666666668,0.07388759964988166,2.6288145514095456e-05,0.15333333333333332
moving_step,2,1.0,0.95,42,oracle_ols,0.09999999999999998,0.08584942769150795,5.513312083544637e-09,1.0
moving_step,2,1.0,0.95,42,oracle_gls,0.0,0.08584942769150795,5.513312083544637e-09,0.9
moving_step,2,1.0,0.95,42,lrdsr,0.38,0.08584942769150795,5.513312083544637e-09,0.28
moving_step,2,1.0,0.95,42,soft_em,0.3733333333333333,0.08584942769150795,5.513312083544637e-09,0.2733333333333333
moving_step,2,1.0,0.95,42,mechanism_kmeans,0.38,0.08584942769150795,5.513312083544637e-09,0.28
