arm,route,date,n_hours,reference,holiday,predicted,correct
assign,law,2012-10-02,15,1,,1,True
assign,law,2012-10-03,20,1,,1,True
assign,law,2012-10-05,22,1,,1,True
assign,law,2012-10-06,23,0,,0,True
assign,law,2012-10-07,22,0,,0,True
assign,law,2012-10-09,23,1,,1,True
assign,law,2012-10-10,21,1,,1,True
assign,law,2012-10-11,19,1,,1,True
assign,law,2012-10-12,20,1,,1,True
assign,law,2012-10-21,6,0,,0,True
assign,law,2012-10-22,21,1,,1,True
assign,law,2012-10-25,23,1,,1,True
assign,law,2012-11-04,23,0,,0,True
assign,law,2012-11-05,22,1,,1,True
assign,law,2012-11-06,23,1,,1,True
assign,law,2012-11-11,23,0,,0,True
assign,law,2012-11-15,23,1,,1,True
assign,law,2012-11-17,23,0,,0,True
assign,law,2012-11-24,21,0,,0,True
assign,law,2012-11-25,23,0,,0,True
assign,law,2012-11-26,23,1,,1,True
assign,law,2012-11-29,23,1,,1,True
assign,law,2012-11-30,23,1,,1,True
assign,law,2012-12-02,23,0,,0,True
assign,law,2012-12-04,23,1,,1,True
assign,law,2012-12-05,23,1,,1,True
assign,law,2012-12-07,23,1,,1,True
assign,law,2012-12-08,23,0,,0,True
assign,law,2012-12-09,23,0,,0,True
assign,law,2012-12-12,23,1,,1,True
assign,law,2012-12-15,23,0,,0,True
assign,law,2012-12-20,23,1,,1,True
assign,law,2012-12-21,23,1,,1,True
assign,law,2012-12-23,23,0,,0,True
assign,law,2012-12-28,23,1,,1,True
assign,law,2012-12-30,23,0,,0,True
assign,law,2012-12-31,23,1,,1,True
assign,law,2013-01-03,21,1,,1,True
assign,law,2013-01-05,19,0,,0,True
assign,law,2013-01-08,22,1,,1,True
assign,law,2013-01-09,19,1,,1,True
assign,law,2013-01-10,9,1,,1,True
assign,law,2013-01-11,21,1,,1,True
assign,law,2013-01-13,19,0,,0,True
assign,law,2013-01-15,22,1,,1,True
assign,law,2013-01-16,22,1,,1,True
assign,law,2013-01-18,23,1,,1,True
assign,law,2013-01-19,23,0,,0,True
assign,law,2013-01-20,18,0,,0,True
assign,law,2013-01-21,20,1,,1,True
assign,law,2013-01-22,17,1,,1,True
assign,law,2013-01-23,22,1,,1,True
assign,law,2013-01-24,17,1,,1,True
assign,law,2013-01-25,18,1,,1,True
assign,law,2013-01-26,8,0,,0,True
assign,law,2013-01-27,15,0,,0,True
assign,law,2013-01-28,13,1,,1,True
assign,law,2013-01-30,22,1,,1,True
assign,law,2013-01-31,22,1,,1,True
assign,law,2013-02-03,23,0,,0,True
assign,law,2013-02-05,22,1,,1,True
assign,law,2013-02-06,18,1,,1,True
assign,law,2013-02-07,18,1,,1,True
assign,law,2013-02-08,21,1,,1,True
assign,law,2013-02-09,19,0,,0,True
assign,law,2013-02-10,19,0,,0,True
assign,law,2013-02-11,19,1,,1,True
assign,law,2013-02-12,20,1,,1,True
assign,law,2013-02-13,20,1,,1,True
assign,law,2013-02-14,23,1,,1,True
assign,law,2013-02-15,21,1,,1,True
assign,law,2013-02-16,23,0,,0,True
assign,law,2013-02-17,20,0,,0,True
assign,law,2013-02-19,18,1,,1,True
assign,law,2013-02-20,16,1,,1,True
assign,law,2013-02-21,20,1,,1,True
assign,law,2013-02-25,21,1,,1,True
assign,law,2013-02-26,23,1,,1,True
assign,law,2013-02-27,23,1,,1,True
assign,law,2013-02-28,19,1,,1,True
assign,law,2013-03-01,23,1,,1,True
assign,law,2013-03-02,23,0,,0,True
assign,law,2013-03-03,22,0,,0,True
assign,law,2013-03-04,20,1,,1,True
assign,law,2013-03-05,17,1,,1,True
assign,law,2013-03-06,15,1,,1,True
assign,law,2013-03-07,16,1,,1,True
assign,law,2013-03-08,21,1,,1,True
assign,law,2013-03-09,16,0,,0,True
assign,law,2013-03-10,15,0,,0,True
assign,law,2013-03-11,17,1,,1,True
assign,law,2013-03-12,13,1,,1,True
assign,law,2013-03-13,14,1,,1,True
assign,law,2013-03-14,15,1,,1,True
assign,law,2013-03-15,14,1,,1,True
assign,law,2013-03-16,16,0,,0,True
assign,law,2013-03-17,14,0,,0,True
assign,law,2013-03-18,13,1,,1,True
assign,law,2013-03-19,17,1,,1,True
assign,law,2013-03-20,22,1,,1,True
assign,law,2013-03-27,23,1,,1,True
assign,law,2013-04-01,19,1,,1,True
assign,law,2013-04-04,23,1,,1,True
assign,law,2013-04-05,23,1,,1,True
assign,law,2013-04-06,23,0,,0,True
assign,law,2013-04-17,23,1,,1,True
assign,law,2013-04-19,23,1,,1,True
assign,law,2013-04-20,23,0,,0,True
assign,law,2013-04-24,23,1,,1,True
assign,law,2013-04-26,23,1,,1,True
assign,law,2013-05-01,23,1,,1,True
assign,law,2013-05-17,23,1,,1,True
assign,law,2013-05-20,23,1,,1,True
assign,law,2013-05-28,23,1,,1,True
assign,law,2013-05-29,23,1,,1,True
assign,law,2013-06-11,23,1,,1,True
assign,law,2013-06-13,22,1,,1,True
assign,law,2013-06-19,12,1,,1,True
assign,law,2013-06-20,10,1,,1,True
assign,law,2013-06-21,8,1,,1,True
assign,law,2013-06-22,12,0,,0,True
assign,law,2013-06-23,15,0,,0,True
assign,law,2013-06-24,23,1,,1,True
assign,law,2013-06-27,23,1,,1,True
assign,law,2013-06-28,23,1,,1,True
assign,law,2013-06-29,23,0,,0,True
assign,law,2013-07-03,23,1,,1,True
assign,law,2013-07-05,23,1,,1,True
assign,law,2013-07-06,23,0,,0,True
assign,law,2013-07-11,23,1,,1,True
assign,law,2013-07-12,23,1,,1,True
assign,law,2013-07-15,15,1,,1,True
assign,law,2013-07-16,21,1,,1,True
assign,law,2013-07-17,22,1,,1,True
assign,law,2013-07-18,22,1,,1,True
assign,law,2013-07-19,23,1,,1,True
assign,law,2013-07-20,23,0,,0,True
assign,law,2013-07-22,22,1,,1,True
assign,law,2013-07-23,23,1,,1,True
assign,law,2013-07-24,21,1,,1,True
assign,law,2013-07-26,22,1,,1,True
assign,law,2013-07-29,23,1,,1,True
assign,law,2013-07-30,22,1,,1,True
assign,law,2013-07-31,23,1,,1,True
assign,law,2013-08-01,22,1,,1,True
assign,law,2013-08-03,22,0,,0,True
assign,law,2013-08-05,23,1,,1,True
assign,law,2013-08-07,16,1,,1,True
assign,law,2013-08-08,22,1,,1,True
assign,law,2013-08-09,22,1,,1,True
assign,law,2013-08-10,22,0,,0,True
assign,law,2013-08-11,23,0,,0,True
assign,law,2013-08-14,19,1,,1,True
assign,law,2013-08-15,16,1,,1,True
assign,law,2013-08-16,20,1,,1,True
assign,law,2013-08-18,23,0,,0,True
assign,law,2013-08-21,23,1,,1,True
assign,law,2013-08-23,23,1,,1,True
assign,law,2013-08-24,14,0,,0,True
assign,law,2013-08-25,22,0,,0,True
assign,law,2013-08-26,22,1,,1,True
assign,law,2013-08-27,6,1,,1,True
assign,law,2013-08-28,12,1,,1,True
assign,law,2013-08-29,14,1,,1,True
assign,law,2013-08-30,23,1,,1,True
assign,law,2013-09-02,22,0,Labor Day,0,True
assign,law,2013-09-04,15,1,,1,True
assign,law,2013-09-05,15,1,,1,True
assign,law,2013-09-06,15,1,,1,True
assign,law,2013-09-07,9,0,,0,True
assign,law,2013-09-08,12,0,,0,True
assign,law,2013-09-09,22,1,,1,True
assign,law,2013-09-10,17,1,,1,True
assign,law,2013-09-11,18,1,,1,True
assign,law,2013-09-12,6,1,,1,True
assign,law,2013-09-13,17,1,,1,True
assign,law,2013-09-14,16,0,,0,True
assign,law,2013-09-15,17,0,,0,True
assign,law,2013-09-16,15,1,,1,True
assign,law,2013-09-17,17,1,,1,True
assign,law,2013-09-18,14,1,,1,True
assign,law,2013-09-19,14,1,,1,True
assign,law,2013-09-20,15,1,,1,True
assign,law,2013-09-21,10,0,,0,True
assign,law,2013-09-22,11,0,,0,True
assign,law,2013-09-23,7,1,,1,True
assign,law,2013-09-24,12,1,,1,True
assign,law,2013-09-25,15,1,,1,True
assign,law,2013-09-26,22,1,,1,True
assign,law,2013-09-27,22,1,,1,True
assign,law,2013-09-28,20,0,,0,True
assign,law,2013-09-29,22,0,,0,True
assign,law,2013-09-30,11,1,,1,True
assign,law,2013-10-03,17,1,,1,True
assign,law,2013-10-04,18,1,,1,True
assign,law,2013-10-05,22,0,,0,True
assign,law,2013-10-06,21,0,,0,True
assign,law,2013-10-07,16,1,,1,True
assign,law,2013-10-08,12,1,,1,True
assign,law,2013-10-11,17,1,,1,True
assign,law,2013-10-12,12,0,,0,True
assign,law,2013-10-13,9,0,,0,True
assign,law,2013-10-14,12,0,Columbus Day,1,False
assign,law,2013-10-15,11,1,,1,True
assign,law,2013-10-16,13,1,,1,True
assign,law,2013-10-17,18,1,,1,True
assign,law,2013-10-18,21,1,,1,True
assign,law,2013-10-19,16,0,,0,True
assign,law,2013-10-20,12,0,,0,True
assign,law,2013-10-21,15,1,,1,True
assign,law,2013-10-22,11,1,,1,True
assign,law,2013-10-23,11,1,,1,True
assign,law,2013-10-24,6,1,,1,True
assign,law,2013-10-25,10,1,,1,True
assign,law,2013-10-26,8,0,,0,True
assign,law,2013-11-06,17,1,,1,True
assign,law,2013-11-07,18,1,,1,True
assign,law,2013-11-08,23,1,,1,True
assign,law,2013-11-09,23,0,,0,True
assign,law,2013-11-11,23,0,Veterans Day,1,False
assign,law,2013-11-14,23,1,,1,True
assign,law,2013-11-16,20,0,,0,True
assign,law,2013-11-17,22,0,,0,True
assign,law,2013-11-18,21,1,,1,True
assign,law,2013-11-25,21,1,,1,True
assign,law,2013-11-26,21,1,,1,True
assign,law,2013-11-28,23,0,Thanksgiving Day,0,True
assign,law,2013-11-29,23,1,,0,False
assign,law,2013-12-03,23,1,,1,True
assign,law,2013-12-05,22,1,,1,True
assign,law,2013-12-06,23,1,,1,True
assign,law,2013-12-07,22,0,,0,True
assign,law,2013-12-08,22,0,,0,True
assign,law,2013-12-09,21,1,,1,True
assign,law,2013-12-10,22,1,,1,True
assign,law,2013-12-11,21,1,,1,True
assign,law,2013-12-16,20,1,,1,True
assign,law,2013-12-17,22,1,,1,True
assign,law,2013-12-18,22,1,,1,True
assign,law,2013-12-19,23,1,,1,True
assign,law,2013-12-20,22,1,,1,True
assign,law,2013-12-21,23,0,,0,True
assign,law,2013-12-22,21,0,,0,True
assign,law,2013-12-23,23,1,,1,True
assign,law,2013-12-24,21,1,,1,True
assign,law,2013-12-25,22,0,Christmas Day,0,True
assign,law,2013-12-26,23,1,,1,True
assign,law,2013-12-27,21,1,,1,True
assign,law,2013-12-28,23,0,,0,True
assign,law,2013-12-29,23,0,,0,True
assign,law,2013-12-31,23,1,,1,True
assign,law,2014-01-01,22,0,New Years Day,0,True
assign,law,2014-01-02,22,1,,1,True
assign,law,2014-01-03,21,1,,1,True
assign,law,2014-01-04,23,0,,0,True
assign,law,2014-01-05,23,0,,0,True
assign,law,2014-01-06,23,1,,1,True
assign,law,2014-01-07,22,1,,1,True
assign,law,2014-01-08,23,1,,1,True
assign,law,2014-01-09,22,1,,1,True
assign,law,2014-01-10,22,1,,1,True
assign,law,2014-01-11,22,0,,0,True
assign,law,2014-01-12,23,0,,0,True
assign,law,2014-01-13,23,1,,1,True
assign,law,2014-01-14,23,1,,1,True
assign,law,2014-01-15,21,1,,1,True
assign,law,2014-01-16,23,1,,1,True
assign,law,2014-01-17,20,1,,1,True
assign,law,2014-01-19,22,0,,0,True
assign,law,2014-01-20,21,0,Martin Luther King Jr Day,1,False
assign,law,2014-01-21,22,1,,1,True
assign,law,2014-01-23,22,1,,1,True
assign,law,2014-01-24,23,1,,1,True
assign,law,2014-01-26,23,0,,0,True
assign,law,2014-03-04,19,1,,1,True
assign,law,2014-03-09,23,0,,0,True
assign,law,2014-04-02,23,1,,1,True
assign,law,2014-04-20,22,0,,0,True
assign,law,2014-04-29,9,1,,1,True
assign,law,2014-05-04,19,0,,0,True
assign,law,2014-05-06,20,1,,1,True
assign,law,2014-05-21,23,1,,1,True
assign,law,2014-06-03,21,1,,1,True
assign,law,2014-06-04,20,1,,1,True
assign,law,2014-06-09,22,1,,1,True
assign,law,2014-06-10,13,1,,1,True
assign,law,2014-06-11,9,1,,1,True
assign,law,2014-06-13,6,1,,1,True
assign,law,2014-06-14,6,0,,0,True
assign,law,2014-06-15,8,0,,0,True
assign,law,2014-06-18,6,1,,1,True
assign,law,2014-06-20,6,1,,1,True
assign,law,2014-06-26,8,1,,1,True
assign,law,2014-07-01,11,1,,1,True
assign,law,2014-07-02,19,1,,1,True
assign,law,2014-07-03,8,1,,1,True
assign,law,2014-07-04,20,1,,0,False
assign,law,2014-07-05,21,0,,0,True
assign,law,2014-07-08,23,1,,1,True
assign,law,2014-07-11,23,1,,1,True
assign,law,2014-07-14,22,1,,1,True
assign,law,2014-07-25,23,1,,1,True
assign,law,2014-07-27,16,0,,0,True
assign,law,2014-07-30,15,1,,1,True
assign,law,2014-07-31,23,1,,1,True
assign,law,2014-08-01,22,1,,1,True
assign,law,2014-08-03,13,0,,1,False
assign,law,2014-08-04,21,1,,1,True
assign,law,2014-08-07,14,1,,1,True
assign,law,2015-06-24,16,1,,1,True
assign,law,2015-06-25,13,1,,1,True
assign,law,2015-06-26,20,1,,1,True
assign,law,2015-06-27,23,0,,0,True
assign,law,2015-06-29,23,1,,1,True
assign,law,2015-06-30,19,1,,1,True
assign,law,2015-07-01,23,1,,1,True
assign,law,2015-07-12,23,0,,0,True
assign,law,2015-07-29,23,1,,1,True
assign,law,2015-07-30,23,1,,1,True
assign,law,2015-08-05,23,1,,1,True
assign,law,2015-08-10,23,1,,1,True
assign,law,2015-08-17,23,1,,1,True
assign,law,2015-08-22,23,0,,0,True
assign,law,2015-08-25,23,1,,1,True
assign,law,2015-08-29,17,0,,0,True
assign,law,2015-08-30,22,0,,0,True
assign,law,2015-09-01,10,1,,1,True
assign,law,2015-09-02,20,1,,1,True
assign,law,2015-09-14,23,1,,1,True
assign,law,2015-09-16,20,1,,1,True
assign,law,2015-09-20,21,0,,0,True
assign,law,2015-09-21,21,1,,1,True
assign,law,2015-09-22,19,1,,1,True
assign,law,2015-09-23,23,1,,1,True
assign,law,2015-09-24,22,1,,1,True
assign,law,2015-09-25,16,1,,1,True
assign,law,2015-09-26,14,0,,0,True
assign,law,2015-09-27,21,0,,0,True
assign,law,2015-09-28,20,1,,1,True
assign,law,2015-09-29,21,1,,1,True
assign,law,2015-09-30,21,1,,1,True
assign,law,2015-10-01,20,1,,1,True
assign,law,2015-10-02,20,1,,1,True
assign,law,2015-10-03,21,0,,0,True
assign,law,2015-10-04,21,0,,0,True
assign,law,2015-10-05,21,1,,1,True
assign,law,2015-10-06,20,1,,1,True
assign,law,2015-10-07,23,1,,1,True
assign,law,2015-10-08,21,1,,1,True
assign,law,2015-10-09,16,1,,0,False
assign,law,2015-10-10,20,0,,0,True
assign,law,2015-10-11,23,0,,0,True
assign,law,2015-10-12,22,0,Columbus Day,1,False
assign,law,2015-10-14,15,1,,1,True
assign,law,2015-10-15,21,1,,1,True
assign,law,2015-10-16,9,1,,1,True
assign,law,2015-10-17,11,0,,0,True
assign,law,2015-10-18,17,0,,0,True
assign,law,2015-10-19,19,1,,1,True
assign,law,2015-10-20,13,1,,1,True
assign,law,2015-10-21,20,1,,1,True
assign,law,2015-10-22,20,1,,1,True
assign,law,2015-10-23,10,1,,1,True
assign,law,2015-10-27,9,1,,1,True
assign,law,2015-10-28,13,1,,1,True
assign,law,2015-10-29,13,1,,1,True
assign,law,2015-10-30,13,1,,1,True
assign,law,2015-10-31,12,0,,0,True
assign,law,2015-11-01,13,0,,0,True
assign,law,2015-11-02,13,1,,1,True
assign,law,2015-11-03,14,1,,1,True
assign,law,2015-11-04,13,1,,1,True
assign,law,2015-11-05,13,1,,1,True
assign,law,2015-11-06,13,1,,1,True
assign,law,2015-11-07,13,0,,0,True
assign,law,2015-11-08,13,0,,0,True
assign,law,2015-11-09,14,1,,1,True
assign,law,2015-11-10,13,1,,1,True
assign,law,2015-11-11,13,0,Veterans Day,1,False
assign,law,2015-11-12,12,1,,1,True
assign,law,2015-11-13,13,1,,1,True
assign,law,2015-11-14,14,0,,0,True
assign,law,2015-11-15,16,0,,0,True
assign,law,2015-11-16,12,1,,1,True
assign,law,2015-11-17,13,1,,1,True
assign,law,2015-11-18,12,1,,1,True
assign,law,2015-11-19,13,1,,1,True
assign,law,2015-11-20,14,1,,1,True
assign,law,2015-11-21,13,0,,0,True
assign,law,2015-11-22,14,0,,0,True
assign,law,2015-11-23,13,1,,1,True
assign,law,2015-11-24,13,1,,1,True
assign,law,2015-11-25,13,1,,1,True
assign,law,2015-11-26,14,0,Thanksgiving Day,0,True
assign,law,2015-11-27,13,1,,0,False
assign,law,2015-11-28,14,0,,0,True
assign,law,2015-11-29,13,0,,0,True
assign,law,2015-11-30,12,1,,1,True
assign,law,2015-12-01,12,1,,1,True
assign,law,2015-12-02,13,1,,1,True
assign,law,2015-12-03,12,1,,1,True
assign,law,2015-12-04,13,1,,1,True
assign,law,2015-12-05,13,0,,0,True
assign,law,2015-12-06,12,0,,0,True
assign,law,2015-12-07,13,1,,1,True
assign,law,2015-12-08,12,1,,1,True
assign,law,2015-12-09,13,1,,1,True
assign,law,2015-12-10,12,1,,1,True
assign,law,2015-12-11,14,1,,1,True
assign,law,2015-12-12,13,0,,0,True
assign,law,2015-12-13,14,0,,0,True
assign,law,2015-12-14,13,1,,1,True
assign,law,2015-12-15,13,1,,1,True
assign,law,2015-12-16,13,1,,1,True
assign,law,2015-12-17,14,1,,1,True
assign,law,2015-12-18,13,1,,1,True
assign,law,2015-12-19,15,0,,0,True
assign,law,2015-12-20,17,0,,0,True
assign,law,2015-12-21,13,1,,1,True
assign,law,2015-12-22,11,1,,1,True
assign,law,2015-12-23,12,1,,1,True
assign,law,2015-12-24,14,1,,0,False
assign,law,2015-12-25,19,0,Christmas Day,0,True
assign,law,2015-12-26,19,0,,0,True
assign,law,2015-12-27,19,0,,0,True
assign,law,2015-12-28,18,1,,1,True
assign,law,2015-12-29,17,1,,1,True
assign,law,2015-12-30,16,1,,1,True
assign,law,2015-12-31,17,1,,1,True
assign,law,2016-01-01,18,0,New Years Day,0,True
assign,law,2016-01-02,18,0,,0,True
assign,law,2016-01-03,13,0,,0,True
assign,law,2016-01-04,16,1,,1,True
assign,law,2016-01-05,17,1,,1,True
assign,law,2016-01-06,17,1,,1,True
assign,law,2016-01-07,16,1,,1,True
assign,law,2016-01-08,15,1,,1,True
assign,law,2016-01-09,13,0,,0,True
assign,law,2016-01-10,15,0,,0,True
assign,law,2016-01-11,14,1,,1,True
assign,law,2016-01-12,15,1,,1,True
assign,law,2016-01-13,13,1,,1,True
assign,law,2016-01-14,11,1,,1,True
assign,law,2016-01-15,13,1,,1,True
assign,law,2016-01-16,16,0,,0,True
assign,law,2016-01-17,17,0,,0,True
assign,law,2016-01-18,14,1,,1,True
assign,law,2016-01-19,13,1,,1,True
assign,law,2016-01-20,14,1,,1,True
assign,law,2016-01-21,13,1,,1,True
assign,law,2016-01-22,13,1,,1,True
assign,law,2016-01-23,14,0,,0,True
assign,law,2016-01-24,15,0,,0,True
assign,law,2016-01-25,14,1,,1,True
assign,law,2016-01-26,14,1,,1,True
assign,law,2016-01-27,16,1,,1,True
assign,law,2016-01-28,17,1,,1,True
assign,law,2016-01-29,21,1,,1,True
assign,law,2016-01-30,11,0,,0,True
assign,law,2016-01-31,15,0,,0,True
assign,law,2016-02-01,15,1,,1,True
assign,law,2016-02-02,19,1,,1,True
assign,law,2016-02-03,18,1,,1,True
assign,law,2016-02-04,17,1,,1,True
assign,law,2016-02-05,23,1,,1,True
assign,law,2016-02-09,22,1,,1,True
assign,law,2016-02-10,18,1,,1,True
assign,law,2016-02-11,18,1,,1,True
assign,law,2016-02-12,18,1,,1,True
assign,law,2016-02-13,20,0,,0,True
assign,law,2016-02-14,19,0,,0,True
assign,law,2016-02-15,19,0,Washingtons Birthday,1,False
assign,law,2016-02-16,17,1,,1,True
assign,law,2016-02-17,18,1,,1,True
assign,law,2016-02-18,14,1,,1,True
assign,law,2016-02-19,12,1,,1,True
assign,law,2016-02-20,14,0,,0,True
assign,law,2016-02-21,15,0,,0,True
assign,law,2016-02-22,18,1,,1,True
assign,law,2016-02-23,18,1,,1,True
assign,law,2016-02-24,15,1,,1,True
assign,law,2016-02-25,16,1,,1,True
assign,law,2016-02-26,15,1,,1,True
assign,law,2016-02-27,14,0,,0,True
assign,law,2016-02-28,12,0,,0,True
assign,law,2016-02-29,13,1,,1,True
assign,law,2016-03-01,14,1,,1,True
assign,law,2016-03-02,13,1,,1,True
assign,law,2016-03-03,11,1,,1,True
assign,law,2016-03-04,12,1,,1,True
assign,law,2016-03-05,12,0,,0,True
assign,law,2016-03-06,15,0,,0,True
assign,law,2016-03-07,13,1,,1,True
assign,law,2016-03-08,12,1,,1,True
assign,law,2016-03-09,12,1,,1,True
assign,law,2016-03-10,14,1,,1,True
assign,law,2016-03-11,15,1,,1,True
assign,law,2016-03-12,16,0,,0,True
assign,law,2016-03-13,16,0,,0,True
assign,law,2016-03-14,14,1,,1,True
assign,law,2016-03-15,17,1,,1,True
assign,law,2016-03-16,18,1,,1,True
assign,law,2016-03-17,22,1,,1,True
assign,law,2016-03-18,19,1,,1,True
assign,law,2016-03-19,18,0,,0,True
assign,law,2016-03-20,14,0,,0,True
assign,law,2016-03-21,18,1,,1,True
assign,law,2016-03-22,16,1,,1,True
assign,law,2016-03-23,17,1,,1,True
assign,law,2016-03-24,16,1,,1,True
assign,law,2016-03-25,17,1,,1,True
assign,law,2016-03-26,13,0,,0,True
assign,law,2016-03-27,16,0,,0,True
assign,law,2016-03-28,16,1,,1,True
assign,law,2016-03-29,17,1,,1,True
assign,law,2016-03-30,14,1,,1,True
assign,law,2016-03-31,15,1,,1,True
assign,law,2016-04-01,14,1,,1,True
assign,law,2016-04-02,15,0,,0,True
assign,law,2016-04-03,14,0,,0,True
assign,law,2016-04-04,17,1,,1,True
assign,law,2016-04-05,21,1,,1,True
assign,law,2016-04-06,22,1,,1,True
assign,law,2016-04-07,20,1,,1,True
assign,law,2016-04-08,22,1,,1,True
assign,law,2016-04-09,21,0,,0,True
assign,law,2016-04-10,18,0,,0,True
assign,law,2016-04-11,17,1,,1,True
assign,law,2016-04-12,17,1,,1,True
assign,law,2016-04-13,19,1,,1,True
assign,law,2016-04-14,22,1,,1,True
assign,law,2016-04-15,21,1,,1,True
assign,law,2016-04-16,22,0,,0,True
assign,law,2016-04-17,20,0,,0,True
assign,law,2016-04-18,23,1,,1,True
assign,law,2016-04-19,23,1,,1,True
assign,law,2016-04-20,23,1,,1,True
assign,law,2016-04-22,21,1,,1,True
assign,law,2016-04-23,21,0,,0,True
assign,law,2016-04-24,23,0,,0,True
assign,law,2016-04-25,22,1,,1,True
assign,law,2016-04-26,14,1,,1,True
assign,law,2016-04-27,13,1,,1,True
assign,law,2016-05-16,23,1,,1,True
assign,law,2016-05-24,21,1,,1,True
assign,law,2016-05-25,21,1,,1,True
assign,law,2016-05-26,21,1,,1,True
assign,law,2016-05-27,21,1,,1,True
assign,law,2016-05-28,21,0,,0,True
assign,law,2016-05-29,22,0,,0,True
assign,law,2016-05-30,21,0,Memorial Day,0,True
assign,law,2016-05-31,21,1,,1,True
assign,law,2016-06-01,21,1,,1,True
assign,law,2016-06-02,21,1,,1,True
assign,law,2016-06-29,23,1,,1,True
assign,law,2016-07-12,21,1,,1,True
assign,law,2016-07-13,21,1,,1,True
assign,law,2016-08-24,23,1,,1,True
assign,law,2016-09-01,21,1,,1,True
assign,law,2016-09-18,22,0,,0,True
assign,law,2016-09-20,23,1,,1,True
assign,law,2016-09-21,23,1,,1,True
assign,law,2016-09-25,23,0,,0,True
assign,law,2016-09-27,23,1,,1,True
assign,law,2016-10-07,23,1,,1,True
assign,law,2016-10-08,23,0,,0,True
assign,law,2016-10-09,23,0,,0,True
assign,law,2016-10-10,23,0,Columbus Day,1,False
assign,law,2016-10-14,23,1,,1,True
assign,law,2016-10-15,20,0,,0,True
assign,law,2016-10-16,22,0,,0,True
assign,law,2016-10-19,22,1,,1,True
assign,law,2016-10-20,19,1,,1,True
assign,law,2016-10-21,23,1,,1,True
assign,law,2016-10-22,23,0,,0,True
assign,law,2016-11-24,22,0,Thanksgiving Day,0,True
assign,law,2016-12-02,23,1,,1,True
assign,law,2016-12-04,21,0,,0,True
assign,law,2016-12-05,23,1,,1,True
assign,law,2016-12-06,22,1,,1,True
assign,law,2016-12-07,21,1,,1,True
assign,law,2016-12-16,21,1,,1,True
assign,law,2016-12-18,21,0,,0,True
assign,law,2017-02-13,16,1,,1,True
assign,law,2017-02-14,23,1,,1,True
assign,law,2017-02-21,18,1,,1,True
assign,law,2017-03-12,23,0,,0,True
assign,law,2017-03-13,23,1,,1,True
assign,law,2017-03-15,23,1,,1,True
assign,law,2017-03-21,23,1,,1,True
assign,law,2017-04-06,23,1,,1,True
assign,law,2017-04-07,23,1,,1,True
assign,law,2017-04-13,17,1,,0,False
assign,law,2017-07-02,20,0,,0,True
assign,law,2017-07-10,22,1,,1,True
assign,law,2017-08-16,23,1,,1,True
assign,law,2017-09-21,21,1,,1,True
assign,law,2017-09-27,23,1,,1,True
assign,law,2017-11-08,23,1,,1,True
assign,law,2017-11-09,23,1,,1,True
assign,law,2017-11-11,23,0,,0,True
assign,law,2017-11-15,23,1,,1,True
assign,law,2017-12-05,21,1,,1,True
assign,law,2017-12-23,23,0,,0,True
assign,law,2018-01-18,23,1,,1,True
assign,law,2018-01-31,23,1,,1,True
assign,law,2018-03-10,23,0,,0,True
assign,law,2018-03-11,23,0,,0,True
assign,law,2018-03-15,23,1,,1,True
assign,law,2018-03-16,23,1,,1,True
assign,law,2018-03-24,18,0,,0,True
assign,law,2018-03-29,23,1,,1,True
assign,law,2018-05-05,23,0,,0,True
assign,law,2018-06-02,23,0,,0,True
assign,law,2018-08-07,21,1,,1,True
assign,law,2018-08-23,23,0,State Fair,1,False
assign,profile_linear,2012-10-02,15,1,,0,False
assign,profile_linear,2012-10-03,20,1,,1,True
assign,profile_linear,2012-10-05,22,1,,1,True
assign,profile_linear,2012-10-06,23,0,,0,True
assign,profile_linear,2012-10-07,22,0,,0,True
assign,profile_linear,2012-10-09,23,1,,1,True
assign,profile_linear,2012-10-10,21,1,,1,True
assign,profile_linear,2012-10-11,19,1,,1,True
assign,profile_linear,2012-10-12,20,1,,1,True
assign,profile_linear,2012-10-21,6,0,,0,True
assign,profile_linear,2012-10-22,21,1,,1,True
assign,profile_linear,2012-10-25,23,1,,1,True
assign,profile_linear,2012-11-04,23,0,,0,True
assign,profile_linear,2012-11-05,22,1,,1,True
assign,profile_linear,2012-11-06,23,1,,1,True
assign,profile_linear,2012-11-11,23,0,,0,True
assign,profile_linear,2012-11-15,23,1,,1,True
assign,profile_linear,2012-11-17,23,0,,0,True
assign,profile_linear,2012-11-24,21,0,,0,True
assign,profile_linear,2012-11-25,23,0,,0,True
assign,profile_linear,2012-11-26,23,1,,1,True
assign,profile_linear,2012-11-29,23,1,,1,True
assign,profile_linear,2012-11-30,23,1,,1,True
assign,profile_linear,2012-12-02,23,0,,0,True
assign,profile_linear,2012-12-04,23,1,,1,True
assign,profile_linear,2012-12-05,23,1,,1,True
assign,profile_linear,2012-12-07,23,1,,1,True
assign,profile_linear,2012-12-08,23,0,,0,True
assign,profile_linear,2012-12-09,23,0,,0,True
assign,profile_linear,2012-12-12,23,1,,1,True
assign,profile_linear,2012-12-15,23,0,,0,True
assign,profile_linear,2012-12-20,23,1,,1,True
assign,profile_linear,2012-12-21,23,1,,1,True
assign,profile_linear,2012-12-23,23,0,,0,True
assign,profile_linear,2012-12-28,23,1,,1,True
assign,profile_linear,2012-12-30,23,0,,0,True
assign,profile_linear,2012-12-31,23,1,,1,True
assign,profile_linear,2013-01-03,21,1,,1,True
assign,profile_linear,2013-01-05,19,0,,0,True
assign,profile_linear,2013-01-08,22,1,,1,True
assign,profile_linear,2013-01-09,19,1,,1,True
assign,profile_linear,2013-01-10,9,1,,0,False
assign,profile_linear,2013-01-11,21,1,,1,True
assign,profile_linear,2013-01-13,19,0,,0,True
assign,profile_linear,2013-01-15,22,1,,1,True
assign,profile_linear,2013-01-16,22,1,,1,True
assign,profile_linear,2013-01-18,23,1,,1,True
assign,profile_linear,2013-01-19,23,0,,0,True
assign,profile_linear,2013-01-20,18,0,,0,True
assign,profile_linear,2013-01-21,20,1,,1,True
assign,profile_linear,2013-01-22,17,1,,1,True
assign,profile_linear,2013-01-23,22,1,,1,True
assign,profile_linear,2013-01-24,17,1,,1,True
assign,profile_linear,2013-01-25,18,1,,1,True
assign,profile_linear,2013-01-26,8,0,,0,True
assign,profile_linear,2013-01-27,15,0,,0,True
assign,profile_linear,2013-01-28,13,1,,1,True
assign,profile_linear,2013-01-30,22,1,,1,True
assign,profile_linear,2013-01-31,22,1,,1,True
assign,profile_linear,2013-02-03,23,0,,0,True
assign,profile_linear,2013-02-05,22,1,,1,True
assign,profile_linear,2013-02-06,18,1,,1,True
assign,profile_linear,2013-02-07,18,1,,1,True
assign,profile_linear,2013-02-08,21,1,,1,True
assign,profile_linear,2013-02-09,19,0,,0,True
assign,profile_linear,2013-02-10,19,0,,0,True
assign,profile_linear,2013-02-11,19,1,,1,True
assign,profile_linear,2013-02-12,20,1,,1,True
assign,profile_linear,2013-02-13,20,1,,1,True
assign,profile_linear,2013-02-14,23,1,,1,True
assign,profile_linear,2013-02-15,21,1,,1,True
assign,profile_linear,2013-02-16,23,0,,0,True
assign,profile_linear,2013-02-17,20,0,,0,True
assign,profile_linear,2013-02-19,18,1,,1,True
assign,profile_linear,2013-02-20,16,1,,1,True
assign,profile_linear,2013-02-21,20,1,,1,True
assign,profile_linear,2013-02-25,21,1,,1,True
assign,profile_linear,2013-02-26,23,1,,1,True
assign,profile_linear,2013-02-27,23,1,,1,True
assign,profile_linear,2013-02-28,19,1,,1,True
assign,profile_linear,2013-03-01,23,1,,1,True
assign,profile_linear,2013-03-02,23,0,,0,True
assign,profile_linear,2013-03-03,22,0,,0,True
assign,profile_linear,2013-03-04,20,1,,1,True
assign,profile_linear,2013-03-05,17,1,,1,True
assign,profile_linear,2013-03-06,15,1,,1,True
assign,profile_linear,2013-03-07,16,1,,1,True
assign,profile_linear,2013-03-08,21,1,,1,True
assign,profile_linear,2013-03-09,16,0,,0,True
assign,profile_linear,2013-03-10,15,0,,0,True
assign,profile_linear,2013-03-11,17,1,,1,True
assign,profile_linear,2013-03-12,13,1,,1,True
assign,profile_linear,2013-03-13,14,1,,1,True
assign,profile_linear,2013-03-14,15,1,,1,True
assign,profile_linear,2013-03-15,14,1,,1,True
assign,profile_linear,2013-03-16,16,0,,0,True
assign,profile_linear,2013-03-17,14,0,,0,True
assign,profile_linear,2013-03-18,13,1,,1,True
assign,profile_linear,2013-03-19,17,1,,1,True
assign,profile_linear,2013-03-20,22,1,,1,True
assign,profile_linear,2013-03-27,23,1,,1,True
assign,profile_linear,2013-04-01,19,1,,1,True
assign,profile_linear,2013-04-04,23,1,,1,True
assign,profile_linear,2013-04-05,23,1,,1,True
assign,profile_linear,2013-04-06,23,0,,0,True
assign,profile_linear,2013-04-17,23,1,,1,True
assign,profile_linear,2013-04-19,23,1,,1,True
assign,profile_linear,2013-04-20,23,0,,0,True
assign,profile_linear,2013-04-24,23,1,,1,True
assign,profile_linear,2013-04-26,23,1,,1,True
assign,profile_linear,2013-05-01,23,1,,1,True
assign,profile_linear,2013-05-17,23,1,,1,True
assign,profile_linear,2013-05-20,23,1,,1,True
assign,profile_linear,2013-05-28,23,1,,1,True
assign,profile_linear,2013-05-29,23,1,,1,True
assign,profile_linear,2013-06-11,23,1,,1,True
assign,profile_linear,2013-06-13,22,1,,1,True
assign,profile_linear,2013-06-19,12,1,,1,True
assign,profile_linear,2013-06-20,10,1,,0,False
assign,profile_linear,2013-06-21,8,1,,0,False
assign,profile_linear,2013-06-22,12,0,,0,True
assign,profile_linear,2013-06-23,15,0,,0,True
assign,profile_linear,2013-06-24,23,1,,1,True
assign,profile_linear,2013-06-27,23,1,,1,True
assign,profile_linear,2013-06-28,23,1,,1,True
assign,profile_linear,2013-06-29,23,0,,0,True
assign,profile_linear,2013-07-03,23,1,,1,True
assign,profile_linear,2013-07-05,23,1,,1,True
assign,profile_linear,2013-07-06,23,0,,0,True
assign,profile_linear,2013-07-11,23,1,,1,True
assign,profile_linear,2013-07-12,23,1,,1,True
assign,profile_linear,2013-07-15,15,1,,1,True
assign,profile_linear,2013-07-16,21,1,,1,True
assign,profile_linear,2013-07-17,22,1,,1,True
assign,profile_linear,2013-07-18,22,1,,1,True
assign,profile_linear,2013-07-19,23,1,,1,True
assign,profile_linear,2013-07-20,23,0,,0,True
assign,profile_linear,2013-07-22,22,1,,1,True
assign,profile_linear,2013-07-23,23,1,,1,True
assign,profile_linear,2013-07-24,21,1,,1,True
assign,profile_linear,2013-07-26,22,1,,1,True
assign,profile_linear,2013-07-29,23,1,,1,True
assign,profile_linear,2013-07-30,22,1,,1,True
assign,profile_linear,2013-07-31,23,1,,1,True
assign,profile_linear,2013-08-01,22,1,,1,True
assign,profile_linear,2013-08-03,22,0,,0,True
assign,profile_linear,2013-08-05,23,1,,1,True
assign,profile_linear,2013-08-07,16,1,,1,True
assign,profile_linear,2013-08-08,22,1,,1,True
assign,profile_linear,2013-08-09,22,1,,1,True
assign,profile_linear,2013-08-10,22,0,,0,True
assign,profile_linear,2013-08-11,23,0,,0,True
assign,profile_linear,2013-08-14,19,1,,1,True
assign,profile_linear,2013-08-15,16,1,,1,True
assign,profile_linear,2013-08-16,20,1,,1,True
assign,profile_linear,2013-08-18,23,0,,0,True
assign,profile_linear,2013-08-21,23,1,,1,True
assign,profile_linear,2013-08-23,23,1,,1,True
assign,profile_linear,2013-08-24,14,0,,0,True
assign,profile_linear,2013-08-25,22,0,,0,True
assign,profile_linear,2013-08-26,22,1,,1,True
assign,profile_linear,2013-08-27,6,1,,0,False
assign,profile_linear,2013-08-28,12,1,,0,False
assign,profile_linear,2013-08-29,14,1,,1,True
assign,profile_linear,2013-08-30,23,1,,1,True
assign,profile_linear,2013-09-02,22,0,Labor Day,0,True
assign,profile_linear,2013-09-04,15,1,,0,False
assign,profile_linear,2013-09-05,15,1,,1,True
assign,profile_linear,2013-09-06,15,1,,0,False
assign,profile_linear,2013-09-07,9,0,,0,True
assign,profile_linear,2013-09-08,12,0,,0,True
assign,profile_linear,2013-09-09,22,1,,1,True
assign,profile_linear,2013-09-10,17,1,,1,True
assign,profile_linear,2013-09-11,18,1,,1,True
assign,profile_linear,2013-09-12,6,1,,1,True
assign,profile_linear,2013-09-13,17,1,,1,True
assign,profile_linear,2013-09-14,16,0,,0,True
assign,profile_linear,2013-09-15,17,0,,0,True
assign,profile_linear,2013-09-16,15,1,,1,True
assign,profile_linear,2013-09-17,17,1,,1,True
assign,profile_linear,2013-09-18,14,1,,1,True
assign,profile_linear,2013-09-19,14,1,,1,True
assign,profile_linear,2013-09-20,15,1,,1,True
assign,profile_linear,2013-09-21,10,0,,0,True
assign,profile_linear,2013-09-22,11,0,,0,True
assign,profile_linear,2013-09-23,7,1,,1,True
assign,profile_linear,2013-09-24,12,1,,1,True
assign,profile_linear,2013-09-25,15,1,,1,True
assign,profile_linear,2013-09-26,22,1,,1,True
assign,profile_linear,2013-09-27,22,1,,1,True
assign,profile_linear,2013-09-28,20,0,,0,True
assign,profile_linear,2013-09-29,22,0,,0,True
assign,profile_linear,2013-09-30,11,1,,1,True
assign,profile_linear,2013-10-03,17,1,,1,True
assign,profile_linear,2013-10-04,18,1,,1,True
assign,profile_linear,2013-10-05,22,0,,0,True
assign,profile_linear,2013-10-06,21,0,,0,True
assign,profile_linear,2013-10-07,16,1,,1,True
assign,profile_linear,2013-10-08,12,1,,1,True
assign,profile_linear,2013-10-11,17,1,,1,True
assign,profile_linear,2013-10-12,12,0,,0,True
assign,profile_linear,2013-10-13,9,0,,0,True
assign,profile_linear,2013-10-14,12,0,Columbus Day,1,False
assign,profile_linear,2013-10-15,11,1,,1,True
assign,profile_linear,2013-10-16,13,1,,1,True
assign,profile_linear,2013-10-17,18,1,,1,True
assign,profile_linear,2013-10-18,21,1,,1,True
assign,profile_linear,2013-10-19,16,0,,0,True
assign,profile_linear,2013-10-20,12,0,,0,True
assign,profile_linear,2013-10-21,15,1,,1,True
assign,profile_linear,2013-10-22,11,1,,1,True
assign,profile_linear,2013-10-23,11,1,,0,False
assign,profile_linear,2013-10-24,6,1,,0,False
assign,profile_linear,2013-10-25,10,1,,0,False
assign,profile_linear,2013-10-26,8,0,,0,True
assign,profile_linear,2013-11-06,17,1,,1,True
assign,profile_linear,2013-11-07,18,1,,1,True
assign,profile_linear,2013-11-08,23,1,,1,True
assign,profile_linear,2013-11-09,23,0,,0,True
assign,profile_linear,2013-11-11,23,0,Veterans Day,1,False
assign,profile_linear,2013-11-14,23,1,,1,True
assign,profile_linear,2013-11-16,20,0,,0,True
assign,profile_linear,2013-11-17,22,0,,0,True
assign,profile_linear,2013-11-18,21,1,,1,True
assign,profile_linear,2013-11-25,21,1,,1,True
assign,profile_linear,2013-11-26,21,1,,1,True
assign,profile_linear,2013-11-28,23,0,Thanksgiving Day,0,True
assign,profile_linear,2013-11-29,23,1,,0,False
assign,profile_linear,2013-12-03,23,1,,1,True
assign,profile_linear,2013-12-05,22,1,,1,True
assign,profile_linear,2013-12-06,23,1,,1,True
assign,profile_linear,2013-12-07,22,0,,0,True
assign,profile_linear,2013-12-08,22,0,,0,True
assign,profile_linear,2013-12-09,21,1,,1,True
assign,profile_linear,2013-12-10,22,1,,1,True
assign,profile_linear,2013-12-11,21,1,,1,True
assign,profile_linear,2013-12-16,20,1,,1,True
assign,profile_linear,2013-12-17,22,1,,1,True
assign,profile_linear,2013-12-18,22,1,,1,True
assign,profile_linear,2013-12-19,23,1,,1,True
assign,profile_linear,2013-12-20,22,1,,1,True
assign,profile_linear,2013-12-21,23,0,,0,True
assign,profile_linear,2013-12-22,21,0,,0,True
assign,profile_linear,2013-12-23,23,1,,1,True
assign,profile_linear,2013-12-24,21,1,,1,True
assign,profile_linear,2013-12-25,22,0,Christmas Day,0,True
assign,profile_linear,2013-12-26,23,1,,1,True
assign,profile_linear,2013-12-27,21,1,,1,True
assign,profile_linear,2013-12-28,23,0,,0,True
assign,profile_linear,2013-12-29,23,0,,0,True
assign,profile_linear,2013-12-31,23,1,,1,True
assign,profile_linear,2014-01-01,22,0,New Years Day,0,True
assign,profile_linear,2014-01-02,22,1,,1,True
assign,profile_linear,2014-01-03,21,1,,1,True
assign,profile_linear,2014-01-04,23,0,,0,True
assign,profile_linear,2014-01-05,23,0,,0,True
assign,profile_linear,2014-01-06,23,1,,1,True
assign,profile_linear,2014-01-07,22,1,,1,True
assign,profile_linear,2014-01-08,23,1,,1,True
assign,profile_linear,2014-01-09,22,1,,1,True
assign,profile_linear,2014-01-10,22,1,,1,True
assign,profile_linear,2014-01-11,22,0,,0,True
assign,profile_linear,2014-01-12,23,0,,0,True
assign,profile_linear,2014-01-13,23,1,,1,True
assign,profile_linear,2014-01-14,23,1,,1,True
assign,profile_linear,2014-01-15,21,1,,1,True
assign,profile_linear,2014-01-16,23,1,,1,True
assign,profile_linear,2014-01-17,20,1,,1,True
assign,profile_linear,2014-01-19,22,0,,0,True
assign,profile_linear,2014-01-20,21,0,Martin Luther King Jr Day,1,False
assign,profile_linear,2014-01-21,22,1,,1,True
assign,profile_linear,2014-01-23,22,1,,1,True
assign,profile_linear,2014-01-24,23,1,,1,True
assign,profile_linear,2014-01-26,23,0,,0,True
assign,profile_linear,2014-03-04,19,1,,1,True
assign,profile_linear,2014-03-09,23,0,,0,True
assign,profile_linear,2014-04-02,23,1,,1,True
assign,profile_linear,2014-04-20,22,0,,0,True
assign,profile_linear,2014-04-29,9,1,,1,True
assign,profile_linear,2014-05-04,19,0,,0,True
assign,profile_linear,2014-05-06,20,1,,1,True
assign,profile_linear,2014-05-21,23,1,,1,True
assign,profile_linear,2014-06-03,21,1,,1,True
assign,profile_linear,2014-06-04,20,1,,1,True
assign,profile_linear,2014-06-09,22,1,,1,True
assign,profile_linear,2014-06-10,13,1,,0,False
assign,profile_linear,2014-06-11,9,1,,1,True
assign,profile_linear,2014-06-13,6,1,,1,True
assign,profile_linear,2014-06-14,6,0,,0,True
assign,profile_linear,2014-06-15,8,0,,0,True
assign,profile_linear,2014-06-18,6,1,,0,False
assign,profile_linear,2014-06-20,6,1,,0,False
assign,profile_linear,2014-06-26,8,1,,1,True
assign,profile_linear,2014-07-01,11,1,,0,False
assign,profile_linear,2014-07-02,19,1,,1,True
assign,profile_linear,2014-07-03,8,1,,0,False
assign,profile_linear,2014-07-04,20,1,,0,False
assign,profile_linear,2014-07-05,21,0,,0,True
assign,profile_linear,2014-07-08,23,1,,1,True
assign,profile_linear,2014-07-11,23,1,,1,True
assign,profile_linear,2014-07-14,22,1,,1,True
assign,profile_linear,2014-07-25,23,1,,1,True
assign,profile_linear,2014-07-27,16,0,,0,True
assign,profile_linear,2014-07-30,15,1,,0,False
assign,profile_linear,2014-07-31,23,1,,1,True
assign,profile_linear,2014-08-01,22,1,,1,True
assign,profile_linear,2014-08-03,13,0,,0,True
assign,profile_linear,2014-08-04,21,1,,1,True
assign,profile_linear,2014-08-07,14,1,,0,False
assign,profile_linear,2015-06-24,16,1,,1,True
assign,profile_linear,2015-06-25,13,1,,0,False
assign,profile_linear,2015-06-26,20,1,,1,True
assign,profile_linear,2015-06-27,23,0,,0,True
assign,profile_linear,2015-06-29,23,1,,1,True
assign,profile_linear,2015-06-30,19,1,,1,True
assign,profile_linear,2015-07-01,23,1,,1,True
assign,profile_linear,2015-07-12,23,0,,0,True
assign,profile_linear,2015-07-29,23,1,,1,True
assign,profile_linear,2015-07-30,23,1,,1,True
assign,profile_linear,2015-08-05,23,1,,1,True
assign,profile_linear,2015-08-10,23,1,,1,True
assign,profile_linear,2015-08-17,23,1,,1,True
assign,profile_linear,2015-08-22,23,0,,0,True
assign,profile_linear,2015-08-25,23,1,,1,True
assign,profile_linear,2015-08-29,17,0,,0,True
assign,profile_linear,2015-08-30,22,0,,0,True
assign,profile_linear,2015-09-01,10,1,,1,True
assign,profile_linear,2015-09-02,20,1,,1,True
assign,profile_linear,2015-09-14,23,1,,1,True
assign,profile_linear,2015-09-16,20,1,,1,True
assign,profile_linear,2015-09-20,21,0,,0,True
assign,profile_linear,2015-09-21,21,1,,1,True
assign,profile_linear,2015-09-22,19,1,,1,True
assign,profile_linear,2015-09-23,23,1,,1,True
assign,profile_linear,2015-09-24,22,1,,1,True
assign,profile_linear,2015-09-25,16,1,,1,True
assign,profile_linear,2015-09-26,14,0,,0,True
assign,profile_linear,2015-09-27,21,0,,0,True
assign,profile_linear,2015-09-28,20,1,,1,True
assign,profile_linear,2015-09-29,21,1,,1,True
assign,profile_linear,2015-09-30,21,1,,1,True
assign,profile_linear,2015-10-01,20,1,,1,True
assign,profile_linear,2015-10-02,20,1,,1,True
assign,profile_linear,2015-10-03,21,0,,0,True
assign,profile_linear,2015-10-04,21,0,,0,True
assign,profile_linear,2015-10-05,21,1,,1,True
assign,profile_linear,2015-10-06,20,1,,1,True
assign,profile_linear,2015-10-07,23,1,,1,True
assign,profile_linear,2015-10-08,21,1,,1,True
assign,profile_linear,2015-10-09,16,1,,0,False
assign,profile_linear,2015-10-10,20,0,,0,True
assign,profile_linear,2015-10-11,23,0,,0,True
assign,profile_linear,2015-10-12,22,0,Columbus Day,1,False
assign,profile_linear,2015-10-14,15,1,,0,False
assign,profile_linear,2015-10-15,21,1,,1,True
assign,profile_linear,2015-10-16,9,1,,1,True
assign,profile_linear,2015-10-17,11,0,,0,True
assign,profile_linear,2015-10-18,17,0,,0,True
assign,profile_linear,2015-10-19,19,1,,1,True
assign,profile_linear,2015-10-20,13,1,,0,False
assign,profile_linear,2015-10-21,20,1,,1,True
assign,profile_linear,2015-10-22,20,1,,1,True
assign,profile_linear,2015-10-23,10,1,,1,True
assign,profile_linear,2015-10-27,9,1,,1,True
assign,profile_linear,2015-10-28,13,1,,1,True
assign,profile_linear,2015-10-29,13,1,,1,True
assign,profile_linear,2015-10-30,13,1,,1,True
assign,profile_linear,2015-10-31,12,0,,0,True
assign,profile_linear,2015-11-01,13,0,,0,True
assign,profile_linear,2015-11-02,13,1,,1,True
assign,profile_linear,2015-11-03,14,1,,1,True
assign,profile_linear,2015-11-04,13,1,,1,True
assign,profile_linear,2015-11-05,13,1,,1,True
assign,profile_linear,2015-11-06,13,1,,1,True
assign,profile_linear,2015-11-07,13,0,,0,True
assign,profile_linear,2015-11-08,13,0,,0,True
assign,profile_linear,2015-11-09,14,1,,1,True
assign,profile_linear,2015-11-10,13,1,,1,True
assign,profile_linear,2015-11-11,13,0,Veterans Day,1,False
assign,profile_linear,2015-11-12,12,1,,1,True
assign,profile_linear,2015-11-13,13,1,,1,True
assign,profile_linear,2015-11-14,14,0,,0,True
assign,profile_linear,2015-11-15,16,0,,0,True
assign,profile_linear,2015-11-16,12,1,,1,True
assign,profile_linear,2015-11-17,13,1,,1,True
assign,profile_linear,2015-11-18,12,1,,1,True
assign,profile_linear,2015-11-19,13,1,,1,True
assign,profile_linear,2015-11-20,14,1,,1,True
assign,profile_linear,2015-11-21,13,0,,0,True
assign,profile_linear,2015-11-22,14,0,,0,True
assign,profile_linear,2015-11-23,13,1,,1,True
assign,profile_linear,2015-11-24,13,1,,1,True
assign,profile_linear,2015-11-25,13,1,,1,True
assign,profile_linear,2015-11-26,14,0,Thanksgiving Day,0,True
assign,profile_linear,2015-11-27,13,1,,0,False
assign,profile_linear,2015-11-28,14,0,,0,True
assign,profile_linear,2015-11-29,13,0,,0,True
assign,profile_linear,2015-11-30,12,1,,1,True
assign,profile_linear,2015-12-01,12,1,,1,True
assign,profile_linear,2015-12-02,13,1,,1,True
assign,profile_linear,2015-12-03,12,1,,1,True
assign,profile_linear,2015-12-04,13,1,,1,True
assign,profile_linear,2015-12-05,13,0,,0,True
assign,profile_linear,2015-12-06,12,0,,0,True
assign,profile_linear,2015-12-07,13,1,,1,True
assign,profile_linear,2015-12-08,12,1,,1,True
assign,profile_linear,2015-12-09,13,1,,1,True
assign,profile_linear,2015-12-10,12,1,,1,True
assign,profile_linear,2015-12-11,14,1,,1,True
assign,profile_linear,2015-12-12,13,0,,0,True
assign,profile_linear,2015-12-13,14,0,,0,True
assign,profile_linear,2015-12-14,13,1,,1,True
assign,profile_linear,2015-12-15,13,1,,1,True
assign,profile_linear,2015-12-16,13,1,,1,True
assign,profile_linear,2015-12-17,14,1,,1,True
assign,profile_linear,2015-12-18,13,1,,1,True
assign,profile_linear,2015-12-19,15,0,,0,True
assign,profile_linear,2015-12-20,17,0,,0,True
assign,profile_linear,2015-12-21,13,1,,1,True
assign,profile_linear,2015-12-22,11,1,,1,True
assign,profile_linear,2015-12-23,12,1,,1,True
assign,profile_linear,2015-12-24,14,1,,0,False
assign,profile_linear,2015-12-25,19,0,Christmas Day,0,True
assign,profile_linear,2015-12-26,19,0,,0,True
assign,profile_linear,2015-12-27,19,0,,0,True
assign,profile_linear,2015-12-28,18,1,,1,True
assign,profile_linear,2015-12-29,17,1,,1,True
assign,profile_linear,2015-12-30,16,1,,1,True
assign,profile_linear,2015-12-31,17,1,,1,True
assign,profile_linear,2016-01-01,18,0,New Years Day,0,True
assign,profile_linear,2016-01-02,18,0,,0,True
assign,profile_linear,2016-01-03,13,0,,0,True
assign,profile_linear,2016-01-04,16,1,,1,True
assign,profile_linear,2016-01-05,17,1,,1,True
assign,profile_linear,2016-01-06,17,1,,1,True
assign,profile_linear,2016-01-07,16,1,,1,True
assign,profile_linear,2016-01-08,15,1,,1,True
assign,profile_linear,2016-01-09,13,0,,0,True
assign,profile_linear,2016-01-10,15,0,,0,True
assign,profile_linear,2016-01-11,14,1,,1,True
assign,profile_linear,2016-01-12,15,1,,1,True
assign,profile_linear,2016-01-13,13,1,,1,True
assign,profile_linear,2016-01-14,11,1,,1,True
assign,profile_linear,2016-01-15,13,1,,1,True
assign,profile_linear,2016-01-16,16,0,,0,True
assign,profile_linear,2016-01-17,17,0,,0,True
assign,profile_linear,2016-01-18,14,1,,1,True
assign,profile_linear,2016-01-19,13,1,,1,True
assign,profile_linear,2016-01-20,14,1,,1,True
assign,profile_linear,2016-01-21,13,1,,1,True
assign,profile_linear,2016-01-22,13,1,,1,True
assign,profile_linear,2016-01-23,14,0,,0,True
assign,profile_linear,2016-01-24,15,0,,0,True
assign,profile_linear,2016-01-25,14,1,,1,True
assign,profile_linear,2016-01-26,14,1,,1,True
assign,profile_linear,2016-01-27,16,1,,1,True
assign,profile_linear,2016-01-28,17,1,,1,True
assign,profile_linear,2016-01-29,21,1,,1,True
assign,profile_linear,2016-01-30,11,0,,0,True
assign,profile_linear,2016-01-31,15,0,,0,True
assign,profile_linear,2016-02-01,15,1,,1,True
assign,profile_linear,2016-02-02,19,1,,1,True
assign,profile_linear,2016-02-03,18,1,,1,True
assign,profile_linear,2016-02-04,17,1,,1,True
assign,profile_linear,2016-02-05,23,1,,1,True
assign,profile_linear,2016-02-09,22,1,,1,True
assign,profile_linear,2016-02-10,18,1,,1,True
assign,profile_linear,2016-02-11,18,1,,1,True
assign,profile_linear,2016-02-12,18,1,,1,True
assign,profile_linear,2016-02-13,20,0,,0,True
assign,profile_linear,2016-02-14,19,0,,0,True
assign,profile_linear,2016-02-15,19,0,Washingtons Birthday,1,False
assign,profile_linear,2016-02-16,17,1,,1,True
assign,profile_linear,2016-02-17,18,1,,1,True
assign,profile_linear,2016-02-18,14,1,,1,True
assign,profile_linear,2016-02-19,12,1,,1,True
assign,profile_linear,2016-02-20,14,0,,0,True
assign,profile_linear,2016-02-21,15,0,,0,True
assign,profile_linear,2016-02-22,18,1,,1,True
assign,profile_linear,2016-02-23,18,1,,1,True
assign,profile_linear,2016-02-24,15,1,,1,True
assign,profile_linear,2016-02-25,16,1,,1,True
assign,profile_linear,2016-02-26,15,1,,1,True
assign,profile_linear,2016-02-27,14,0,,0,True
assign,profile_linear,2016-02-28,12,0,,0,True
assign,profile_linear,2016-02-29,13,1,,1,True
assign,profile_linear,2016-03-01,14,1,,1,True
assign,profile_linear,2016-03-02,13,1,,1,True
assign,profile_linear,2016-03-03,11,1,,1,True
assign,profile_linear,2016-03-04,12,1,,1,True
assign,profile_linear,2016-03-05,12,0,,0,True
assign,profile_linear,2016-03-06,15,0,,0,True
assign,profile_linear,2016-03-07,13,1,,1,True
assign,profile_linear,2016-03-08,12,1,,1,True
assign,profile_linear,2016-03-09,12,1,,1,True
assign,profile_linear,2016-03-10,14,1,,1,True
assign,profile_linear,2016-03-11,15,1,,1,True
assign,profile_linear,2016-03-12,16,0,,0,True
assign,profile_linear,2016-03-13,16,0,,0,True
assign,profile_linear,2016-03-14,14,1,,1,True
assign,profile_linear,2016-03-15,17,1,,1,True
assign,profile_linear,2016-03-16,18,1,,1,True
assign,profile_linear,2016-03-17,22,1,,1,True
assign,profile_linear,2016-03-18,19,1,,1,True
assign,profile_linear,2016-03-19,18,0,,0,True
assign,profile_linear,2016-03-20,14,0,,0,True
assign,profile_linear,2016-03-21,18,1,,1,True
assign,profile_linear,2016-03-22,16,1,,1,True
assign,profile_linear,2016-03-23,17,1,,1,True
assign,profile_linear,2016-03-24,16,1,,1,True
assign,profile_linear,2016-03-25,17,1,,1,True
assign,profile_linear,2016-03-26,13,0,,0,True
assign,profile_linear,2016-03-27,16,0,,0,True
assign,profile_linear,2016-03-28,16,1,,1,True
assign,profile_linear,2016-03-29,17,1,,1,True
assign,profile_linear,2016-03-30,14,1,,1,True
assign,profile_linear,2016-03-31,15,1,,1,True
assign,profile_linear,2016-04-01,14,1,,1,True
assign,profile_linear,2016-04-02,15,0,,0,True
assign,profile_linear,2016-04-03,14,0,,0,True
assign,profile_linear,2016-04-04,17,1,,1,True
assign,profile_linear,2016-04-05,21,1,,1,True
assign,profile_linear,2016-04-06,22,1,,1,True
assign,profile_linear,2016-04-07,20,1,,1,True
assign,profile_linear,2016-04-08,22,1,,1,True
assign,profile_linear,2016-04-09,21,0,,0,True
assign,profile_linear,2016-04-10,18,0,,0,True
assign,profile_linear,2016-04-11,17,1,,1,True
assign,profile_linear,2016-04-12,17,1,,1,True
assign,profile_linear,2016-04-13,19,1,,1,True
assign,profile_linear,2016-04-14,22,1,,1,True
assign,profile_linear,2016-04-15,21,1,,1,True
assign,profile_linear,2016-04-16,22,0,,0,True
assign,profile_linear,2016-04-17,20,0,,0,True
assign,profile_linear,2016-04-18,23,1,,1,True
assign,profile_linear,2016-04-19,23,1,,1,True
assign,profile_linear,2016-04-20,23,1,,1,True
assign,profile_linear,2016-04-22,21,1,,1,True
assign,profile_linear,2016-04-23,21,0,,0,True
assign,profile_linear,2016-04-24,23,0,,0,True
assign,profile_linear,2016-04-25,22,1,,1,True
assign,profile_linear,2016-04-26,14,1,,1,True
assign,profile_linear,2016-04-27,13,1,,1,True
assign,profile_linear,2016-05-16,23,1,,1,True
assign,profile_linear,2016-05-24,21,1,,1,True
assign,profile_linear,2016-05-25,21,1,,1,True
assign,profile_linear,2016-05-26,21,1,,1,True
assign,profile_linear,2016-05-27,21,1,,1,True
assign,profile_linear,2016-05-28,21,0,,0,True
assign,profile_linear,2016-05-29,22,0,,0,True
assign,profile_linear,2016-05-30,21,0,Memorial Day,0,True
assign,profile_linear,2016-05-31,21,1,,1,True
assign,profile_linear,2016-06-01,21,1,,1,True
assign,profile_linear,2016-06-02,21,1,,1,True
assign,profile_linear,2016-06-29,23,1,,1,True
assign,profile_linear,2016-07-12,21,1,,1,True
assign,profile_linear,2016-07-13,21,1,,1,True
assign,profile_linear,2016-08-24,23,1,,1,True
assign,profile_linear,2016-09-01,21,1,,1,True
assign,profile_linear,2016-09-18,22,0,,0,True
assign,profile_linear,2016-09-20,23,1,,1,True
assign,profile_linear,2016-09-21,23,1,,1,True
assign,profile_linear,2016-09-25,23,0,,0,True
assign,profile_linear,2016-09-27,23,1,,1,True
assign,profile_linear,2016-10-07,23,1,,1,True
assign,profile_linear,2016-10-08,23,0,,0,True
assign,profile_linear,2016-10-09,23,0,,0,True
assign,profile_linear,2016-10-10,23,0,Columbus Day,1,False
assign,profile_linear,2016-10-14,23,1,,1,True
assign,profile_linear,2016-10-15,20,0,,0,True
assign,profile_linear,2016-10-16,22,0,,0,True
assign,profile_linear,2016-10-19,22,1,,1,True
assign,profile_linear,2016-10-20,19,1,,1,True
assign,profile_linear,2016-10-21,23,1,,1,True
assign,profile_linear,2016-10-22,23,0,,0,True
assign,profile_linear,2016-11-24,22,0,Thanksgiving Day,0,True
assign,profile_linear,2016-12-02,23,1,,1,True
assign,profile_linear,2016-12-04,21,0,,0,True
assign,profile_linear,2016-12-05,23,1,,1,True
assign,profile_linear,2016-12-06,22,1,,1,True
assign,profile_linear,2016-12-07,21,1,,1,True
assign,profile_linear,2016-12-16,21,1,,1,True
assign,profile_linear,2016-12-18,21,0,,0,True
assign,profile_linear,2017-02-13,16,1,,1,True
assign,profile_linear,2017-02-14,23,1,,1,True
assign,profile_linear,2017-02-21,18,1,,1,True
assign,profile_linear,2017-03-12,23,0,,0,True
assign,profile_linear,2017-03-13,23,1,,1,True
assign,profile_linear,2017-03-15,23,1,,1,True
assign,profile_linear,2017-03-21,23,1,,1,True
assign,profile_linear,2017-04-06,23,1,,1,True
assign,profile_linear,2017-04-07,23,1,,1,True
assign,profile_linear,2017-04-13,17,1,,0,False
assign,profile_linear,2017-07-02,20,0,,0,True
assign,profile_linear,2017-07-10,22,1,,1,True
assign,profile_linear,2017-08-16,23,1,,1,True
assign,profile_linear,2017-09-21,21,1,,1,True
assign,profile_linear,2017-09-27,23,1,,1,True
assign,profile_linear,2017-11-08,23,1,,1,True
assign,profile_linear,2017-11-09,23,1,,1,True
assign,profile_linear,2017-11-11,23,0,,0,True
assign,profile_linear,2017-11-15,23,1,,1,True
assign,profile_linear,2017-12-05,21,1,,1,True
assign,profile_linear,2017-12-23,23,0,,0,True
assign,profile_linear,2018-01-18,23,1,,1,True
assign,profile_linear,2018-01-31,23,1,,1,True
assign,profile_linear,2018-03-10,23,0,,0,True
assign,profile_linear,2018-03-11,23,0,,0,True
assign,profile_linear,2018-03-15,23,1,,1,True
assign,profile_linear,2018-03-16,23,1,,1,True
assign,profile_linear,2018-03-24,18,0,,0,True
assign,profile_linear,2018-03-29,23,1,,1,True
assign,profile_linear,2018-05-05,23,0,,0,True
assign,profile_linear,2018-06-02,23,0,,0,True
assign,profile_linear,2018-08-07,21,1,,1,True
assign,profile_linear,2018-08-23,23,0,State Fair,1,False
assign,profile_mean,2012-10-02,15,1,,1,True
assign,profile_mean,2012-10-03,20,1,,1,True
assign,profile_mean,2012-10-05,22,1,,1,True
assign,profile_mean,2012-10-06,23,0,,0,True
assign,profile_mean,2012-10-07,22,0,,0,True
assign,profile_mean,2012-10-09,23,1,,1,True
assign,profile_mean,2012-10-10,21,1,,1,True
assign,profile_mean,2012-10-11,19,1,,1,True
assign,profile_mean,2012-10-12,20,1,,1,True
assign,profile_mean,2012-10-21,6,0,,1,False
assign,profile_mean,2012-10-22,21,1,,1,True
assign,profile_mean,2012-10-25,23,1,,1,True
assign,profile_mean,2012-11-04,23,0,,0,True
assign,profile_mean,2012-11-05,22,1,,1,True
assign,profile_mean,2012-11-06,23,1,,1,True
assign,profile_mean,2012-11-11,23,0,,0,True
assign,profile_mean,2012-11-15,23,1,,1,True
assign,profile_mean,2012-11-17,23,0,,0,True
assign,profile_mean,2012-11-24,21,0,,0,True
assign,profile_mean,2012-11-25,23,0,,0,True
assign,profile_mean,2012-11-26,23,1,,1,True
assign,profile_mean,2012-11-29,23,1,,1,True
assign,profile_mean,2012-11-30,23,1,,1,True
assign,profile_mean,2012-12-02,23,0,,0,True
assign,profile_mean,2012-12-04,23,1,,1,True
assign,profile_mean,2012-12-05,23,1,,1,True
assign,profile_mean,2012-12-07,23,1,,1,True
assign,profile_mean,2012-12-08,23,0,,0,True
assign,profile_mean,2012-12-09,23,0,,0,True
assign,profile_mean,2012-12-12,23,1,,1,True
assign,profile_mean,2012-12-15,23,0,,0,True
assign,profile_mean,2012-12-20,23,1,,1,True
assign,profile_mean,2012-12-21,23,1,,1,True
assign,profile_mean,2012-12-23,23,0,,0,True
assign,profile_mean,2012-12-28,23,1,,1,True
assign,profile_mean,2012-12-30,23,0,,0,True
assign,profile_mean,2012-12-31,23,1,,1,True
assign,profile_mean,2013-01-03,21,1,,1,True
assign,profile_mean,2013-01-05,19,0,,0,True
assign,profile_mean,2013-01-08,22,1,,1,True
assign,profile_mean,2013-01-09,19,1,,1,True
assign,profile_mean,2013-01-10,9,1,,1,True
assign,profile_mean,2013-01-11,21,1,,1,True
assign,profile_mean,2013-01-13,19,0,,0,True
assign,profile_mean,2013-01-15,22,1,,1,True
assign,profile_mean,2013-01-16,22,1,,1,True
assign,profile_mean,2013-01-18,23,1,,1,True
assign,profile_mean,2013-01-19,23,0,,0,True
assign,profile_mean,2013-01-20,18,0,,0,True
assign,profile_mean,2013-01-21,20,1,,1,True
assign,profile_mean,2013-01-22,17,1,,1,True
assign,profile_mean,2013-01-23,22,1,,1,True
assign,profile_mean,2013-01-24,17,1,,1,True
assign,profile_mean,2013-01-25,18,1,,1,True
assign,profile_mean,2013-01-26,8,0,,0,True
assign,profile_mean,2013-01-27,15,0,,0,True
assign,profile_mean,2013-01-28,13,1,,1,True
assign,profile_mean,2013-01-30,22,1,,1,True
assign,profile_mean,2013-01-31,22,1,,1,True
assign,profile_mean,2013-02-03,23,0,,0,True
assign,profile_mean,2013-02-05,22,1,,1,True
assign,profile_mean,2013-02-06,18,1,,1,True
assign,profile_mean,2013-02-07,18,1,,1,True
assign,profile_mean,2013-02-08,21,1,,1,True
assign,profile_mean,2013-02-09,19,0,,0,True
assign,profile_mean,2013-02-10,19,0,,0,True
assign,profile_mean,2013-02-11,19,1,,1,True
assign,profile_mean,2013-02-12,20,1,,1,True
assign,profile_mean,2013-02-13,20,1,,1,True
assign,profile_mean,2013-02-14,23,1,,1,True
assign,profile_mean,2013-02-15,21,1,,1,True
assign,profile_mean,2013-02-16,23,0,,0,True
assign,profile_mean,2013-02-17,20,0,,0,True
assign,profile_mean,2013-02-19,18,1,,1,True
assign,profile_mean,2013-02-20,16,1,,1,True
assign,profile_mean,2013-02-21,20,1,,1,True
assign,profile_mean,2013-02-25,21,1,,1,True
assign,profile_mean,2013-02-26,23,1,,1,True
assign,profile_mean,2013-02-27,23,1,,1,True
assign,profile_mean,2013-02-28,19,1,,1,True
assign,profile_mean,2013-03-01,23,1,,1,True
assign,profile_mean,2013-03-02,23,0,,0,True
assign,profile_mean,2013-03-03,22,0,,0,True
assign,profile_mean,2013-03-04,20,1,,1,True
assign,profile_mean,2013-03-05,17,1,,1,True
assign,profile_mean,2013-03-06,15,1,,1,True
assign,profile_mean,2013-03-07,16,1,,1,True
assign,profile_mean,2013-03-08,21,1,,1,True
assign,profile_mean,2013-03-09,16,0,,0,True
assign,profile_mean,2013-03-10,15,0,,0,True
assign,profile_mean,2013-03-11,17,1,,1,True
assign,profile_mean,2013-03-12,13,1,,1,True
assign,profile_mean,2013-03-13,14,1,,1,True
assign,profile_mean,2013-03-14,15,1,,1,True
assign,profile_mean,2013-03-15,14,1,,1,True
assign,profile_mean,2013-03-16,16,0,,0,True
assign,profile_mean,2013-03-17,14,0,,0,True
assign,profile_mean,2013-03-18,13,1,,1,True
assign,profile_mean,2013-03-19,17,1,,1,True
assign,profile_mean,2013-03-20,22,1,,1,True
assign,profile_mean,2013-03-27,23,1,,1,True
assign,profile_mean,2013-04-01,19,1,,1,True
assign,profile_mean,2013-04-04,23,1,,1,True
assign,profile_mean,2013-04-05,23,1,,1,True
assign,profile_mean,2013-04-06,23,0,,0,True
assign,profile_mean,2013-04-17,23,1,,1,True
assign,profile_mean,2013-04-19,23,1,,1,True
assign,profile_mean,2013-04-20,23,0,,0,True
assign,profile_mean,2013-04-24,23,1,,1,True
assign,profile_mean,2013-04-26,23,1,,1,True
assign,profile_mean,2013-05-01,23,1,,1,True
assign,profile_mean,2013-05-17,23,1,,1,True
assign,profile_mean,2013-05-20,23,1,,1,True
assign,profile_mean,2013-05-28,23,1,,1,True
assign,profile_mean,2013-05-29,23,1,,1,True
assign,profile_mean,2013-06-11,23,1,,1,True
assign,profile_mean,2013-06-13,22,1,,1,True
assign,profile_mean,2013-06-19,12,1,,1,True
assign,profile_mean,2013-06-20,10,1,,1,True
assign,profile_mean,2013-06-21,8,1,,1,True
assign,profile_mean,2013-06-22,12,0,,0,True
assign,profile_mean,2013-06-23,15,0,,0,True
assign,profile_mean,2013-06-24,23,1,,1,True
assign,profile_mean,2013-06-27,23,1,,1,True
assign,profile_mean,2013-06-28,23,1,,1,True
assign,profile_mean,2013-06-29,23,0,,0,True
assign,profile_mean,2013-07-03,23,1,,1,True
assign,profile_mean,2013-07-05,23,1,,1,True
assign,profile_mean,2013-07-06,23,0,,0,True
assign,profile_mean,2013-07-11,23,1,,1,True
assign,profile_mean,2013-07-12,23,1,,1,True
assign,profile_mean,2013-07-15,15,1,,1,True
assign,profile_mean,2013-07-16,21,1,,1,True
assign,profile_mean,2013-07-17,22,1,,1,True
assign,profile_mean,2013-07-18,22,1,,1,True
assign,profile_mean,2013-07-19,23,1,,1,True
assign,profile_mean,2013-07-20,23,0,,0,True
assign,profile_mean,2013-07-22,22,1,,1,True
assign,profile_mean,2013-07-23,23,1,,1,True
assign,profile_mean,2013-07-24,21,1,,1,True
assign,profile_mean,2013-07-26,22,1,,1,True
assign,profile_mean,2013-07-29,23,1,,1,True
assign,profile_mean,2013-07-30,22,1,,1,True
assign,profile_mean,2013-07-31,23,1,,1,True
assign,profile_mean,2013-08-01,22,1,,1,True
assign,profile_mean,2013-08-03,22,0,,0,True
assign,profile_mean,2013-08-05,23,1,,1,True
assign,profile_mean,2013-08-07,16,1,,1,True
assign,profile_mean,2013-08-08,22,1,,1,True
assign,profile_mean,2013-08-09,22,1,,1,True
assign,profile_mean,2013-08-10,22,0,,0,True
assign,profile_mean,2013-08-11,23,0,,0,True
assign,profile_mean,2013-08-14,19,1,,1,True
assign,profile_mean,2013-08-15,16,1,,1,True
assign,profile_mean,2013-08-16,20,1,,1,True
assign,profile_mean,2013-08-18,23,0,,0,True
assign,profile_mean,2013-08-21,23,1,,1,True
assign,profile_mean,2013-08-23,23,1,,1,True
assign,profile_mean,2013-08-24,14,0,,0,True
assign,profile_mean,2013-08-25,22,0,,0,True
assign,profile_mean,2013-08-26,22,1,,1,True
assign,profile_mean,2013-08-27,6,1,,1,True
assign,profile_mean,2013-08-28,12,1,,1,True
assign,profile_mean,2013-08-29,14,1,,1,True
assign,profile_mean,2013-08-30,23,1,,1,True
assign,profile_mean,2013-09-02,22,0,Labor Day,0,True
assign,profile_mean,2013-09-04,15,1,,1,True
assign,profile_mean,2013-09-05,15,1,,1,True
assign,profile_mean,2013-09-06,15,1,,1,True
assign,profile_mean,2013-09-07,9,0,,0,True
assign,profile_mean,2013-09-08,12,0,,1,False
assign,profile_mean,2013-09-09,22,1,,1,True
assign,profile_mean,2013-09-10,17,1,,1,True
assign,profile_mean,2013-09-11,18,1,,1,True
assign,profile_mean,2013-09-12,6,1,,1,True
assign,profile_mean,2013-09-13,17,1,,1,True
assign,profile_mean,2013-09-14,16,0,,0,True
assign,profile_mean,2013-09-15,17,0,,0,True
assign,profile_mean,2013-09-16,15,1,,1,True
assign,profile_mean,2013-09-17,17,1,,1,True
assign,profile_mean,2013-09-18,14,1,,1,True
assign,profile_mean,2013-09-19,14,1,,1,True
assign,profile_mean,2013-09-20,15,1,,1,True
assign,profile_mean,2013-09-21,10,0,,0,True
assign,profile_mean,2013-09-22,11,0,,1,False
assign,profile_mean,2013-09-23,7,1,,1,True
assign,profile_mean,2013-09-24,12,1,,1,True
assign,profile_mean,2013-09-25,15,1,,1,True
assign,profile_mean,2013-09-26,22,1,,1,True
assign,profile_mean,2013-09-27,22,1,,1,True
assign,profile_mean,2013-09-28,20,0,,0,True
assign,profile_mean,2013-09-29,22,0,,0,True
assign,profile_mean,2013-09-30,11,1,,1,True
assign,profile_mean,2013-10-03,17,1,,1,True
assign,profile_mean,2013-10-04,18,1,,1,True
assign,profile_mean,2013-10-05,22,0,,0,True
assign,profile_mean,2013-10-06,21,0,,0,True
assign,profile_mean,2013-10-07,16,1,,1,True
assign,profile_mean,2013-10-08,12,1,,1,True
assign,profile_mean,2013-10-11,17,1,,1,True
assign,profile_mean,2013-10-12,12,0,,0,True
assign,profile_mean,2013-10-13,9,0,,1,False
assign,profile_mean,2013-10-14,12,0,Columbus Day,1,False
assign,profile_mean,2013-10-15,11,1,,1,True
assign,profile_mean,2013-10-16,13,1,,1,True
assign,profile_mean,2013-10-17,18,1,,1,True
assign,profile_mean,2013-10-18,21,1,,1,True
assign,profile_mean,2013-10-19,16,0,,0,True
assign,profile_mean,2013-10-20,12,0,,0,True
assign,profile_mean,2013-10-21,15,1,,1,True
assign,profile_mean,2013-10-22,11,1,,1,True
assign,profile_mean,2013-10-23,11,1,,1,True
assign,profile_mean,2013-10-24,6,1,,1,True
assign,profile_mean,2013-10-25,10,1,,1,True
assign,profile_mean,2013-10-26,8,0,,1,False
assign,profile_mean,2013-11-06,17,1,,1,True
assign,profile_mean,2013-11-07,18,1,,1,True
assign,profile_mean,2013-11-08,23,1,,1,True
assign,profile_mean,2013-11-09,23,0,,0,True
assign,profile_mean,2013-11-11,23,0,Veterans Day,1,False
assign,profile_mean,2013-11-14,23,1,,1,True
assign,profile_mean,2013-11-16,20,0,,0,True
assign,profile_mean,2013-11-17,22,0,,0,True
assign,profile_mean,2013-11-18,21,1,,1,True
assign,profile_mean,2013-11-25,21,1,,1,True
assign,profile_mean,2013-11-26,21,1,,1,True
assign,profile_mean,2013-11-28,23,0,Thanksgiving Day,0,True
assign,profile_mean,2013-11-29,23,1,,0,False
assign,profile_mean,2013-12-03,23,1,,1,True
assign,profile_mean,2013-12-05,22,1,,1,True
assign,profile_mean,2013-12-06,23,1,,1,True
assign,profile_mean,2013-12-07,22,0,,0,True
assign,profile_mean,2013-12-08,22,0,,0,True
assign,profile_mean,2013-12-09,21,1,,1,True
assign,profile_mean,2013-12-10,22,1,,1,True
assign,profile_mean,2013-12-11,21,1,,1,True
assign,profile_mean,2013-12-16,20,1,,1,True
assign,profile_mean,2013-12-17,22,1,,1,True
assign,profile_mean,2013-12-18,22,1,,1,True
assign,profile_mean,2013-12-19,23,1,,1,True
assign,profile_mean,2013-12-20,22,1,,1,True
assign,profile_mean,2013-12-21,23,0,,0,True
assign,profile_mean,2013-12-22,21,0,,0,True
assign,profile_mean,2013-12-23,23,1,,1,True
assign,profile_mean,2013-12-24,21,1,,1,True
assign,profile_mean,2013-12-25,22,0,Christmas Day,0,True
assign,profile_mean,2013-12-26,23,1,,1,True
assign,profile_mean,2013-12-27,21,1,,1,True
assign,profile_mean,2013-12-28,23,0,,0,True
assign,profile_mean,2013-12-29,23,0,,0,True
assign,profile_mean,2013-12-31,23,1,,1,True
assign,profile_mean,2014-01-01,22,0,New Years Day,0,True
assign,profile_mean,2014-01-02,22,1,,1,True
assign,profile_mean,2014-01-03,21,1,,1,True
assign,profile_mean,2014-01-04,23,0,,0,True
assign,profile_mean,2014-01-05,23,0,,0,True
assign,profile_mean,2014-01-06,23,1,,1,True
assign,profile_mean,2014-01-07,22,1,,1,True
assign,profile_mean,2014-01-08,23,1,,1,True
assign,profile_mean,2014-01-09,22,1,,1,True
assign,profile_mean,2014-01-10,22,1,,1,True
assign,profile_mean,2014-01-11,22,0,,0,True
assign,profile_mean,2014-01-12,23,0,,0,True
assign,profile_mean,2014-01-13,23,1,,1,True
assign,profile_mean,2014-01-14,23,1,,1,True
assign,profile_mean,2014-01-15,21,1,,1,True
assign,profile_mean,2014-01-16,23,1,,1,True
assign,profile_mean,2014-01-17,20,1,,1,True
assign,profile_mean,2014-01-19,22,0,,0,True
assign,profile_mean,2014-01-20,21,0,Martin Luther King Jr Day,1,False
assign,profile_mean,2014-01-21,22,1,,1,True
assign,profile_mean,2014-01-23,22,1,,1,True
assign,profile_mean,2014-01-24,23,1,,1,True
assign,profile_mean,2014-01-26,23,0,,0,True
assign,profile_mean,2014-03-04,19,1,,1,True
assign,profile_mean,2014-03-09,23,0,,0,True
assign,profile_mean,2014-04-02,23,1,,1,True
assign,profile_mean,2014-04-20,22,0,,0,True
assign,profile_mean,2014-04-29,9,1,,1,True
assign,profile_mean,2014-05-04,19,0,,0,True
assign,profile_mean,2014-05-06,20,1,,1,True
assign,profile_mean,2014-05-21,23,1,,1,True
assign,profile_mean,2014-06-03,21,1,,1,True
assign,profile_mean,2014-06-04,20,1,,1,True
assign,profile_mean,2014-06-09,22,1,,1,True
assign,profile_mean,2014-06-10,13,1,,1,True
assign,profile_mean,2014-06-11,9,1,,1,True
assign,profile_mean,2014-06-13,6,1,,1,True
assign,profile_mean,2014-06-14,6,0,,1,False
assign,profile_mean,2014-06-15,8,0,,0,True
assign,profile_mean,2014-06-18,6,1,,1,True
assign,profile_mean,2014-06-20,6,1,,1,True
assign,profile_mean,2014-06-26,8,1,,1,True
assign,profile_mean,2014-07-01,11,1,,1,True
assign,profile_mean,2014-07-02,19,1,,1,True
assign,profile_mean,2014-07-03,8,1,,1,True
assign,profile_mean,2014-07-04,20,1,,0,False
assign,profile_mean,2014-07-05,21,0,,0,True
assign,profile_mean,2014-07-08,23,1,,1,True
assign,profile_mean,2014-07-11,23,1,,1,True
assign,profile_mean,2014-07-14,22,1,,1,True
assign,profile_mean,2014-07-25,23,1,,1,True
assign,profile_mean,2014-07-27,16,0,,0,True
assign,profile_mean,2014-07-30,15,1,,1,True
assign,profile_mean,2014-07-31,23,1,,1,True
assign,profile_mean,2014-08-01,22,1,,1,True
assign,profile_mean,2014-08-03,13,0,,1,False
assign,profile_mean,2014-08-04,21,1,,1,True
assign,profile_mean,2014-08-07,14,1,,1,True
assign,profile_mean,2015-06-24,16,1,,1,True
assign,profile_mean,2015-06-25,13,1,,1,True
assign,profile_mean,2015-06-26,20,1,,1,True
assign,profile_mean,2015-06-27,23,0,,0,True
assign,profile_mean,2015-06-29,23,1,,1,True
assign,profile_mean,2015-06-30,19,1,,1,True
assign,profile_mean,2015-07-01,23,1,,1,True
assign,profile_mean,2015-07-12,23,0,,0,True
assign,profile_mean,2015-07-29,23,1,,1,True
assign,profile_mean,2015-07-30,23,1,,1,True
assign,profile_mean,2015-08-05,23,1,,1,True
assign,profile_mean,2015-08-10,23,1,,1,True
assign,profile_mean,2015-08-17,23,1,,1,True
assign,profile_mean,2015-08-22,23,0,,0,True
assign,profile_mean,2015-08-25,23,1,,1,True
assign,profile_mean,2015-08-29,17,0,,0,True
assign,profile_mean,2015-08-30,22,0,,0,True
assign,profile_mean,2015-09-01,10,1,,1,True
assign,profile_mean,2015-09-02,20,1,,1,True
assign,profile_mean,2015-09-14,23,1,,1,True
assign,profile_mean,2015-09-16,20,1,,1,True
assign,profile_mean,2015-09-20,21,0,,0,True
assign,profile_mean,2015-09-21,21,1,,1,True
assign,profile_mean,2015-09-22,19,1,,1,True
assign,profile_mean,2015-09-23,23,1,,1,True
assign,profile_mean,2015-09-24,22,1,,1,True
assign,profile_mean,2015-09-25,16,1,,1,True
assign,profile_mean,2015-09-26,14,0,,0,True
assign,profile_mean,2015-09-27,21,0,,0,True
assign,profile_mean,2015-09-28,20,1,,1,True
assign,profile_mean,2015-09-29,21,1,,1,True
assign,profile_mean,2015-09-30,21,1,,1,True
assign,profile_mean,2015-10-01,20,1,,1,True
assign,profile_mean,2015-10-02,20,1,,1,True
assign,profile_mean,2015-10-03,21,0,,0,True
assign,profile_mean,2015-10-04,21,0,,0,True
assign,profile_mean,2015-10-05,21,1,,1,True
assign,profile_mean,2015-10-06,20,1,,1,True
assign,profile_mean,2015-10-07,23,1,,1,True
assign,profile_mean,2015-10-08,21,1,,1,True
assign,profile_mean,2015-10-09,16,1,,1,True
assign,profile_mean,2015-10-10,20,0,,0,True
assign,profile_mean,2015-10-11,23,0,,0,True
assign,profile_mean,2015-10-12,22,0,Columbus Day,1,False
assign,profile_mean,2015-10-14,15,1,,1,True
assign,profile_mean,2015-10-15,21,1,,1,True
assign,profile_mean,2015-10-16,9,1,,1,True
assign,profile_mean,2015-10-17,11,0,,0,True
assign,profile_mean,2015-10-18,17,0,,0,True
assign,profile_mean,2015-10-19,19,1,,1,True
assign,profile_mean,2015-10-20,13,1,,1,True
assign,profile_mean,2015-10-21,20,1,,1,True
assign,profile_mean,2015-10-22,20,1,,1,True
assign,profile_mean,2015-10-23,10,1,,1,True
assign,profile_mean,2015-10-27,9,1,,1,True
assign,profile_mean,2015-10-28,13,1,,1,True
assign,profile_mean,2015-10-29,13,1,,1,True
assign,profile_mean,2015-10-30,13,1,,1,True
assign,profile_mean,2015-10-31,12,0,,0,True
assign,profile_mean,2015-11-01,13,0,,0,True
assign,profile_mean,2015-11-02,13,1,,1,True
assign,profile_mean,2015-11-03,14,1,,1,True
assign,profile_mean,2015-11-04,13,1,,1,True
assign,profile_mean,2015-11-05,13,1,,1,True
assign,profile_mean,2015-11-06,13,1,,1,True
assign,profile_mean,2015-11-07,13,0,,0,True
assign,profile_mean,2015-11-08,13,0,,0,True
assign,profile_mean,2015-11-09,14,1,,1,True
assign,profile_mean,2015-11-10,13,1,,1,True
assign,profile_mean,2015-11-11,13,0,Veterans Day,1,False
assign,profile_mean,2015-11-12,12,1,,1,True
assign,profile_mean,2015-11-13,13,1,,1,True
assign,profile_mean,2015-11-14,14,0,,0,True
assign,profile_mean,2015-11-15,16,0,,0,True
assign,profile_mean,2015-11-16,12,1,,1,True
assign,profile_mean,2015-11-17,13,1,,1,True
assign,profile_mean,2015-11-18,12,1,,1,True
assign,profile_mean,2015-11-19,13,1,,1,True
assign,profile_mean,2015-11-20,14,1,,1,True
assign,profile_mean,2015-11-21,13,0,,0,True
assign,profile_mean,2015-11-22,14,0,,0,True
assign,profile_mean,2015-11-23,13,1,,1,True
assign,profile_mean,2015-11-24,13,1,,1,True
assign,profile_mean,2015-11-25,13,1,,1,True
assign,profile_mean,2015-11-26,14,0,Thanksgiving Day,0,True
assign,profile_mean,2015-11-27,13,1,,1,True
assign,profile_mean,2015-11-28,14,0,,0,True
assign,profile_mean,2015-11-29,13,0,,0,True
assign,profile_mean,2015-11-30,12,1,,1,True
assign,profile_mean,2015-12-01,12,1,,1,True
assign,profile_mean,2015-12-02,13,1,,1,True
assign,profile_mean,2015-12-03,12,1,,1,True
assign,profile_mean,2015-12-04,13,1,,1,True
assign,profile_mean,2015-12-05,13,0,,0,True
assign,profile_mean,2015-12-06,12,0,,0,True
assign,profile_mean,2015-12-07,13,1,,1,True
assign,profile_mean,2015-12-08,12,1,,1,True
assign,profile_mean,2015-12-09,13,1,,1,True
assign,profile_mean,2015-12-10,12,1,,1,True
assign,profile_mean,2015-12-11,14,1,,1,True
assign,profile_mean,2015-12-12,13,0,,0,True
assign,profile_mean,2015-12-13,14,0,,0,True
assign,profile_mean,2015-12-14,13,1,,1,True
assign,profile_mean,2015-12-15,13,1,,1,True
assign,profile_mean,2015-12-16,13,1,,1,True
assign,profile_mean,2015-12-17,14,1,,1,True
assign,profile_mean,2015-12-18,13,1,,1,True
assign,profile_mean,2015-12-19,15,0,,0,True
assign,profile_mean,2015-12-20,17,0,,0,True
assign,profile_mean,2015-12-21,13,1,,1,True
assign,profile_mean,2015-12-22,11,1,,1,True
assign,profile_mean,2015-12-23,12,1,,1,True
assign,profile_mean,2015-12-24,14,1,,1,True
assign,profile_mean,2015-12-25,19,0,Christmas Day,0,True
assign,profile_mean,2015-12-26,19,0,,0,True
assign,profile_mean,2015-12-27,19,0,,0,True
assign,profile_mean,2015-12-28,18,1,,1,True
assign,profile_mean,2015-12-29,17,1,,1,True
assign,profile_mean,2015-12-30,16,1,,1,True
assign,profile_mean,2015-12-31,17,1,,1,True
assign,profile_mean,2016-01-01,18,0,New Years Day,0,True
assign,profile_mean,2016-01-02,18,0,,0,True
assign,profile_mean,2016-01-03,13,0,,0,True
assign,profile_mean,2016-01-04,16,1,,1,True
assign,profile_mean,2016-01-05,17,1,,1,True
assign,profile_mean,2016-01-06,17,1,,1,True
assign,profile_mean,2016-01-07,16,1,,1,True
assign,profile_mean,2016-01-08,15,1,,1,True
assign,profile_mean,2016-01-09,13,0,,0,True
assign,profile_mean,2016-01-10,15,0,,0,True
assign,profile_mean,2016-01-11,14,1,,1,True
assign,profile_mean,2016-01-12,15,1,,1,True
assign,profile_mean,2016-01-13,13,1,,1,True
assign,profile_mean,2016-01-14,11,1,,1,True
assign,profile_mean,2016-01-15,13,1,,1,True
assign,profile_mean,2016-01-16,16,0,,0,True
assign,profile_mean,2016-01-17,17,0,,0,True
assign,profile_mean,2016-01-18,14,1,,1,True
assign,profile_mean,2016-01-19,13,1,,1,True
assign,profile_mean,2016-01-20,14,1,,1,True
assign,profile_mean,2016-01-21,13,1,,1,True
assign,profile_mean,2016-01-22,13,1,,1,True
assign,profile_mean,2016-01-23,14,0,,0,True
assign,profile_mean,2016-01-24,15,0,,0,True
assign,profile_mean,2016-01-25,14,1,,1,True
assign,profile_mean,2016-01-26,14,1,,1,True
assign,profile_mean,2016-01-27,16,1,,1,True
assign,profile_mean,2016-01-28,17,1,,1,True
assign,profile_mean,2016-01-29,21,1,,1,True
assign,profile_mean,2016-01-30,11,0,,0,True
assign,profile_mean,2016-01-31,15,0,,0,True
assign,profile_mean,2016-02-01,15,1,,1,True
assign,profile_mean,2016-02-02,19,1,,1,True
assign,profile_mean,2016-02-03,18,1,,1,True
assign,profile_mean,2016-02-04,17,1,,1,True
assign,profile_mean,2016-02-05,23,1,,1,True
assign,profile_mean,2016-02-09,22,1,,1,True
assign,profile_mean,2016-02-10,18,1,,1,True
assign,profile_mean,2016-02-11,18,1,,1,True
assign,profile_mean,2016-02-12,18,1,,1,True
assign,profile_mean,2016-02-13,20,0,,0,True
assign,profile_mean,2016-02-14,19,0,,0,True
assign,profile_mean,2016-02-15,19,0,Washingtons Birthday,1,False
assign,profile_mean,2016-02-16,17,1,,1,True
assign,profile_mean,2016-02-17,18,1,,1,True
assign,profile_mean,2016-02-18,14,1,,1,True
assign,profile_mean,2016-02-19,12,1,,1,True
assign,profile_mean,2016-02-20,14,0,,0,True
assign,profile_mean,2016-02-21,15,0,,0,True
assign,profile_mean,2016-02-22,18,1,,1,True
assign,profile_mean,2016-02-23,18,1,,1,True
assign,profile_mean,2016-02-24,15,1,,1,True
assign,profile_mean,2016-02-25,16,1,,1,True
assign,profile_mean,2016-02-26,15,1,,1,True
assign,profile_mean,2016-02-27,14,0,,0,True
assign,profile_mean,2016-02-28,12,0,,0,True
assign,profile_mean,2016-02-29,13,1,,1,True
assign,profile_mean,2016-03-01,14,1,,1,True
assign,profile_mean,2016-03-02,13,1,,1,True
assign,profile_mean,2016-03-03,11,1,,1,True
assign,profile_mean,2016-03-04,12,1,,1,True
assign,profile_mean,2016-03-05,12,0,,0,True
assign,profile_mean,2016-03-06,15,0,,0,True
assign,profile_mean,2016-03-07,13,1,,1,True
assign,profile_mean,2016-03-08,12,1,,1,True
assign,profile_mean,2016-03-09,12,1,,1,True
assign,profile_mean,2016-03-10,14,1,,1,True
assign,profile_mean,2016-03-11,15,1,,1,True
assign,profile_mean,2016-03-12,16,0,,0,True
assign,profile_mean,2016-03-13,16,0,,0,True
assign,profile_mean,2016-03-14,14,1,,1,True
assign,profile_mean,2016-03-15,17,1,,1,True
assign,profile_mean,2016-03-16,18,1,,1,True
assign,profile_mean,2016-03-17,22,1,,1,True
assign,profile_mean,2016-03-18,19,1,,1,True
assign,profile_mean,2016-03-19,18,0,,0,True
assign,profile_mean,2016-03-20,14,0,,0,True
assign,profile_mean,2016-03-21,18,1,,1,True
assign,profile_mean,2016-03-22,16,1,,1,True
assign,profile_mean,2016-03-23,17,1,,1,True
assign,profile_mean,2016-03-24,16,1,,1,True
assign,profile_mean,2016-03-25,17,1,,1,True
assign,profile_mean,2016-03-26,13,0,,0,True
assign,profile_mean,2016-03-27,16,0,,0,True
assign,profile_mean,2016-03-28,16,1,,1,True
assign,profile_mean,2016-03-29,17,1,,1,True
assign,profile_mean,2016-03-30,14,1,,1,True
assign,profile_mean,2016-03-31,15,1,,1,True
assign,profile_mean,2016-04-01,14,1,,1,True
assign,profile_mean,2016-04-02,15,0,,0,True
assign,profile_mean,2016-04-03,14,0,,0,True
assign,profile_mean,2016-04-04,17,1,,1,True
assign,profile_mean,2016-04-05,21,1,,1,True
assign,profile_mean,2016-04-06,22,1,,1,True
assign,profile_mean,2016-04-07,20,1,,1,True
assign,profile_mean,2016-04-08,22,1,,1,True
assign,profile_mean,2016-04-09,21,0,,0,True
assign,profile_mean,2016-04-10,18,0,,0,True
assign,profile_mean,2016-04-11,17,1,,1,True
assign,profile_mean,2016-04-12,17,1,,1,True
assign,profile_mean,2016-04-13,19,1,,1,True
assign,profile_mean,2016-04-14,22,1,,1,True
assign,profile_mean,2016-04-15,21,1,,1,True
assign,profile_mean,2016-04-16,22,0,,0,True
assign,profile_mean,2016-04-17,20,0,,0,True
assign,profile_mean,2016-04-18,23,1,,1,True
assign,profile_mean,2016-04-19,23,1,,1,True
assign,profile_mean,2016-04-20,23,1,,1,True
assign,profile_mean,2016-04-22,21,1,,1,True
assign,profile_mean,2016-04-23,21,0,,0,True
assign,profile_mean,2016-04-24,23,0,,0,True
assign,profile_mean,2016-04-25,22,1,,1,True
assign,profile_mean,2016-04-26,14,1,,1,True
assign,profile_mean,2016-04-27,13,1,,1,True
assign,profile_mean,2016-05-16,23,1,,1,True
assign,profile_mean,2016-05-24,21,1,,1,True
assign,profile_mean,2016-05-25,21,1,,1,True
assign,profile_mean,2016-05-26,21,1,,1,True
assign,profile_mean,2016-05-27,21,1,,1,True
assign,profile_mean,2016-05-28,21,0,,0,True
assign,profile_mean,2016-05-29,22,0,,0,True
assign,profile_mean,2016-05-30,21,0,Memorial Day,0,True
assign,profile_mean,2016-05-31,21,1,,1,True
assign,profile_mean,2016-06-01,21,1,,1,True
assign,profile_mean,2016-06-02,21,1,,1,True
assign,profile_mean,2016-06-29,23,1,,1,True
assign,profile_mean,2016-07-12,21,1,,1,True
assign,profile_mean,2016-07-13,21,1,,1,True
assign,profile_mean,2016-08-24,23,1,,1,True
assign,profile_mean,2016-09-01,21,1,,1,True
assign,profile_mean,2016-09-18,22,0,,0,True
assign,profile_mean,2016-09-20,23,1,,1,True
assign,profile_mean,2016-09-21,23,1,,1,True
assign,profile_mean,2016-09-25,23,0,,0,True
assign,profile_mean,2016-09-27,23,1,,1,True
assign,profile_mean,2016-10-07,23,1,,1,True
assign,profile_mean,2016-10-08,23,0,,0,True
assign,profile_mean,2016-10-09,23,0,,0,True
assign,profile_mean,2016-10-10,23,0,Columbus Day,1,False
assign,profile_mean,2016-10-14,23,1,,1,True
assign,profile_mean,2016-10-15,20,0,,0,True
assign,profile_mean,2016-10-16,22,0,,0,True
assign,profile_mean,2016-10-19,22,1,,1,True
assign,profile_mean,2016-10-20,19,1,,1,True
assign,profile_mean,2016-10-21,23,1,,1,True
assign,profile_mean,2016-10-22,23,0,,0,True
assign,profile_mean,2016-11-24,22,0,Thanksgiving Day,0,True
assign,profile_mean,2016-12-02,23,1,,1,True
assign,profile_mean,2016-12-04,21,0,,0,True
assign,profile_mean,2016-12-05,23,1,,1,True
assign,profile_mean,2016-12-06,22,1,,1,True
assign,profile_mean,2016-12-07,21,1,,1,True
assign,profile_mean,2016-12-16,21,1,,1,True
assign,profile_mean,2016-12-18,21,0,,0,True
assign,profile_mean,2017-02-13,16,1,,1,True
assign,profile_mean,2017-02-14,23,1,,1,True
assign,profile_mean,2017-02-21,18,1,,1,True
assign,profile_mean,2017-03-12,23,0,,0,True
assign,profile_mean,2017-03-13,23,1,,1,True
assign,profile_mean,2017-03-15,23,1,,1,True
assign,profile_mean,2017-03-21,23,1,,1,True
assign,profile_mean,2017-04-06,23,1,,1,True
assign,profile_mean,2017-04-07,23,1,,1,True
assign,profile_mean,2017-04-13,17,1,,1,True
assign,profile_mean,2017-07-02,20,0,,0,True
assign,profile_mean,2017-07-10,22,1,,1,True
assign,profile_mean,2017-08-16,23,1,,1,True
assign,profile_mean,2017-09-21,21,1,,1,True
assign,profile_mean,2017-09-27,23,1,,1,True
assign,profile_mean,2017-11-08,23,1,,1,True
assign,profile_mean,2017-11-09,23,1,,1,True
assign,profile_mean,2017-11-11,23,0,,0,True
assign,profile_mean,2017-11-15,23,1,,1,True
assign,profile_mean,2017-12-05,21,1,,1,True
assign,profile_mean,2017-12-23,23,0,,0,True
assign,profile_mean,2018-01-18,23,1,,1,True
assign,profile_mean,2018-01-31,23,1,,1,True
assign,profile_mean,2018-03-10,23,0,,0,True
assign,profile_mean,2018-03-11,23,0,,0,True
assign,profile_mean,2018-03-15,23,1,,1,True
assign,profile_mean,2018-03-16,23,1,,1,True
assign,profile_mean,2018-03-24,18,0,,1,False
assign,profile_mean,2018-03-29,23,1,,1,True
assign,profile_mean,2018-05-05,23,0,,0,True
assign,profile_mean,2018-06-02,23,0,,0,True
assign,profile_mean,2018-08-07,21,1,,1,True
assign,profile_mean,2018-08-23,23,0,State Fair,1,False
supervised,law,2012-10-02,15,1,,1,True
supervised,law,2012-10-03,20,1,,1,True
supervised,law,2012-10-05,22,1,,1,True
supervised,law,2012-10-06,23,0,,0,True
supervised,law,2012-10-07,22,0,,0,True
supervised,law,2012-10-09,23,1,,1,True
supervised,law,2012-10-10,21,1,,1,True
supervised,law,2012-10-11,19,1,,1,True
supervised,law,2012-10-12,20,1,,1,True
supervised,law,2012-10-21,6,0,,0,True
supervised,law,2012-10-22,21,1,,1,True
supervised,law,2012-10-25,23,1,,1,True
supervised,law,2012-11-04,23,0,,0,True
supervised,law,2012-11-05,22,1,,1,True
supervised,law,2012-11-06,23,1,,1,True
supervised,law,2012-11-11,23,0,,0,True
supervised,law,2012-11-15,23,1,,1,True
supervised,law,2012-11-17,23,0,,0,True
supervised,law,2012-11-24,21,0,,0,True
supervised,law,2012-11-25,23,0,,0,True
supervised,law,2012-11-26,23,1,,1,True
supervised,law,2012-11-29,23,1,,1,True
supervised,law,2012-11-30,23,1,,1,True
supervised,law,2012-12-02,23,0,,0,True
supervised,law,2012-12-04,23,1,,1,True
supervised,law,2012-12-05,23,1,,1,True
supervised,law,2012-12-07,23,1,,1,True
supervised,law,2012-12-08,23,0,,0,True
supervised,law,2012-12-09,23,0,,0,True
supervised,law,2012-12-12,23,1,,1,True
supervised,law,2012-12-15,23,0,,0,True
supervised,law,2012-12-20,23,1,,1,True
supervised,law,2012-12-21,23,1,,1,True
supervised,law,2012-12-23,23,0,,0,True
supervised,law,2012-12-28,23,1,,1,True
supervised,law,2012-12-30,23,0,,0,True
supervised,law,2012-12-31,23,1,,1,True
supervised,law,2013-01-03,21,1,,1,True
supervised,law,2013-01-05,19,0,,0,True
supervised,law,2013-01-08,22,1,,1,True
supervised,law,2013-01-09,19,1,,1,True
supervised,law,2013-01-10,9,1,,1,True
supervised,law,2013-01-11,21,1,,1,True
supervised,law,2013-01-13,19,0,,0,True
supervised,law,2013-01-15,22,1,,1,True
supervised,law,2013-01-16,22,1,,1,True
supervised,law,2013-01-18,23,1,,1,True
supervised,law,2013-01-19,23,0,,0,True
supervised,law,2013-01-20,18,0,,0,True
supervised,law,2013-01-21,20,1,,1,True
supervised,law,2013-01-22,17,1,,1,True
supervised,law,2013-01-23,22,1,,1,True
supervised,law,2013-01-24,17,1,,1,True
supervised,law,2013-01-25,18,1,,1,True
supervised,law,2013-01-26,8,0,,0,True
supervised,law,2013-01-27,15,0,,0,True
supervised,law,2013-01-28,13,1,,1,True
supervised,law,2013-01-30,22,1,,1,True
supervised,law,2013-01-31,22,1,,1,True
supervised,law,2013-02-03,23,0,,0,True
supervised,law,2013-02-05,22,1,,1,True
supervised,law,2013-02-06,18,1,,1,True
supervised,law,2013-02-07,18,1,,1,True
supervised,law,2013-02-08,21,1,,1,True
supervised,law,2013-02-09,19,0,,0,True
supervised,law,2013-02-10,19,0,,0,True
supervised,law,2013-02-11,19,1,,1,True
supervised,law,2013-02-12,20,1,,1,True
supervised,law,2013-02-13,20,1,,1,True
supervised,law,2013-02-14,23,1,,1,True
supervised,law,2013-02-15,21,1,,1,True
supervised,law,2013-02-16,23,0,,0,True
supervised,law,2013-02-17,20,0,,0,True
supervised,law,2013-02-19,18,1,,1,True
supervised,law,2013-02-20,16,1,,1,True
supervised,law,2013-02-21,20,1,,1,True
supervised,law,2013-02-25,21,1,,1,True
supervised,law,2013-02-26,23,1,,1,True
supervised,law,2013-02-27,23,1,,1,True
supervised,law,2013-02-28,19,1,,1,True
supervised,law,2013-03-01,23,1,,1,True
supervised,law,2013-03-02,23,0,,0,True
supervised,law,2013-03-03,22,0,,0,True
supervised,law,2013-03-04,20,1,,1,True
supervised,law,2013-03-05,17,1,,1,True
supervised,law,2013-03-06,15,1,,1,True
supervised,law,2013-03-07,16,1,,1,True
supervised,law,2013-03-08,21,1,,1,True
supervised,law,2013-03-09,16,0,,0,True
supervised,law,2013-03-10,15,0,,0,True
supervised,law,2013-03-11,17,1,,1,True
supervised,law,2013-03-12,13,1,,1,True
supervised,law,2013-03-13,14,1,,1,True
supervised,law,2013-03-14,15,1,,1,True
supervised,law,2013-03-15,14,1,,1,True
supervised,law,2013-03-16,16,0,,0,True
supervised,law,2013-03-17,14,0,,0,True
supervised,law,2013-03-18,13,1,,1,True
supervised,law,2013-03-19,17,1,,1,True
supervised,law,2013-03-20,22,1,,1,True
supervised,law,2013-03-27,23,1,,1,True
supervised,law,2013-04-01,19,1,,1,True
supervised,law,2013-04-04,23,1,,1,True
supervised,law,2013-04-05,23,1,,1,True
supervised,law,2013-04-06,23,0,,0,True
supervised,law,2013-04-17,23,1,,1,True
supervised,law,2013-04-19,23,1,,1,True
supervised,law,2013-04-20,23,0,,0,True
supervised,law,2013-04-24,23,1,,1,True
supervised,law,2013-04-26,23,1,,1,True
supervised,law,2013-05-01,23,1,,1,True
supervised,law,2013-05-17,23,1,,1,True
supervised,law,2013-05-20,23,1,,1,True
supervised,law,2013-05-28,23,1,,1,True
supervised,law,2013-05-29,23,1,,1,True
supervised,law,2013-06-11,23,1,,1,True
supervised,law,2013-06-13,22,1,,1,True
supervised,law,2013-06-19,12,1,,1,True
supervised,law,2013-06-20,10,1,,1,True
supervised,law,2013-06-21,8,1,,1,True
supervised,law,2013-06-22,12,0,,0,True
supervised,law,2013-06-23,15,0,,0,True
supervised,law,2013-06-24,23,1,,1,True
supervised,law,2013-06-27,23,1,,1,True
supervised,law,2013-06-28,23,1,,1,True
supervised,law,2013-06-29,23,0,,0,True
supervised,law,2013-07-03,23,1,,1,True
supervised,law,2013-07-05,23,1,,1,True
supervised,law,2013-07-06,23,0,,0,True
supervised,law,2013-07-11,23,1,,1,True
supervised,law,2013-07-12,23,1,,1,True
supervised,law,2013-07-15,15,1,,1,True
supervised,law,2013-07-16,21,1,,1,True
supervised,law,2013-07-17,22,1,,1,True
supervised,law,2013-07-18,22,1,,1,True
supervised,law,2013-07-19,23,1,,1,True
supervised,law,2013-07-20,23,0,,0,True
supervised,law,2013-07-22,22,1,,1,True
supervised,law,2013-07-23,23,1,,1,True
supervised,law,2013-07-24,21,1,,1,True
supervised,law,2013-07-26,22,1,,1,True
supervised,law,2013-07-29,23,1,,1,True
supervised,law,2013-07-30,22,1,,1,True
supervised,law,2013-07-31,23,1,,1,True
supervised,law,2013-08-01,22,1,,1,True
supervised,law,2013-08-03,22,0,,0,True
supervised,law,2013-08-05,23,1,,1,True
supervised,law,2013-08-07,16,1,,1,True
supervised,law,2013-08-08,22,1,,1,True
supervised,law,2013-08-09,22,1,,1,True
supervised,law,2013-08-10,22,0,,0,True
supervised,law,2013-08-11,23,0,,0,True
supervised,law,2013-08-14,19,1,,1,True
supervised,law,2013-08-15,16,1,,1,True
supervised,law,2013-08-16,20,1,,1,True
supervised,law,2013-08-18,23,0,,0,True
supervised,law,2013-08-21,23,1,,1,True
supervised,law,2013-08-23,23,1,,1,True
supervised,law,2013-08-24,14,0,,0,True
supervised,law,2013-08-25,22,0,,0,True
supervised,law,2013-08-26,22,1,,1,True
supervised,law,2013-08-27,6,1,,1,True
supervised,law,2013-08-28,12,1,,1,True
supervised,law,2013-08-29,14,1,,1,True
supervised,law,2013-08-30,23,1,,1,True
supervised,law,2013-09-02,22,0,Labor Day,0,True
supervised,law,2013-09-04,15,1,,1,True
supervised,law,2013-09-05,15,1,,1,True
supervised,law,2013-09-06,15,1,,1,True
supervised,law,2013-09-07,9,0,,0,True
supervised,law,2013-09-08,12,0,,0,True
supervised,law,2013-09-09,22,1,,1,True
supervised,law,2013-09-10,17,1,,1,True
supervised,law,2013-09-11,18,1,,1,True
supervised,law,2013-09-12,6,1,,1,True
supervised,law,2013-09-13,17,1,,1,True
supervised,law,2013-09-14,16,0,,0,True
supervised,law,2013-09-15,17,0,,0,True
supervised,law,2013-09-16,15,1,,1,True
supervised,law,2013-09-17,17,1,,1,True
supervised,law,2013-09-18,14,1,,1,True
supervised,law,2013-09-19,14,1,,1,True
supervised,law,2013-09-20,15,1,,1,True
supervised,law,2013-09-21,10,0,,0,True
supervised,law,2013-09-22,11,0,,0,True
supervised,law,2013-09-23,7,1,,1,True
supervised,law,2013-09-24,12,1,,1,True
supervised,law,2013-09-25,15,1,,1,True
supervised,law,2013-09-26,22,1,,1,True
supervised,law,2013-09-27,22,1,,1,True
supervised,law,2013-09-28,20,0,,0,True
supervised,law,2013-09-29,22,0,,0,True
supervised,law,2013-09-30,11,1,,1,True
supervised,law,2013-10-03,17,1,,1,True
supervised,law,2013-10-04,18,1,,1,True
supervised,law,2013-10-05,22,0,,0,True
supervised,law,2013-10-06,21,0,,0,True
supervised,law,2013-10-07,16,1,,1,True
supervised,law,2013-10-08,12,1,,1,True
supervised,law,2013-10-11,17,1,,1,True
supervised,law,2013-10-12,12,0,,0,True
supervised,law,2013-10-13,9,0,,0,True
supervised,law,2013-10-14,12,0,Columbus Day,1,False
supervised,law,2013-10-15,11,1,,1,True
supervised,law,2013-10-16,13,1,,1,True
supervised,law,2013-10-17,18,1,,1,True
supervised,law,2013-10-18,21,1,,1,True
supervised,law,2013-10-19,16,0,,0,True
supervised,law,2013-10-20,12,0,,0,True
supervised,law,2013-10-21,15,1,,1,True
supervised,law,2013-10-22,11,1,,1,True
supervised,law,2013-10-23,11,1,,1,True
supervised,law,2013-10-24,6,1,,1,True
supervised,law,2013-10-25,10,1,,1,True
supervised,law,2013-10-26,8,0,,0,True
supervised,law,2013-11-06,17,1,,1,True
supervised,law,2013-11-07,18,1,,1,True
supervised,law,2013-11-08,23,1,,1,True
supervised,law,2013-11-09,23,0,,0,True
supervised,law,2013-11-11,23,0,Veterans Day,1,False
supervised,law,2013-11-14,23,1,,1,True
supervised,law,2013-11-16,20,0,,0,True
supervised,law,2013-11-17,22,0,,0,True
supervised,law,2013-11-18,21,1,,1,True
supervised,law,2013-11-25,21,1,,1,True
supervised,law,2013-11-26,21,1,,1,True
supervised,law,2013-11-28,23,0,Thanksgiving Day,0,True
supervised,law,2013-11-29,23,1,,0,False
supervised,law,2013-12-03,23,1,,1,True
supervised,law,2013-12-05,22,1,,1,True
supervised,law,2013-12-06,23,1,,1,True
supervised,law,2013-12-07,22,0,,0,True
supervised,law,2013-12-08,22,0,,0,True
supervised,law,2013-12-09,21,1,,1,True
supervised,law,2013-12-10,22,1,,1,True
supervised,law,2013-12-11,21,1,,1,True
supervised,law,2013-12-16,20,1,,1,True
supervised,law,2013-12-17,22,1,,1,True
supervised,law,2013-12-18,22,1,,1,True
supervised,law,2013-12-19,23,1,,1,True
supervised,law,2013-12-20,22,1,,1,True
supervised,law,2013-12-21,23,0,,0,True
supervised,law,2013-12-22,21,0,,0,True
supervised,law,2013-12-23,23,1,,1,True
supervised,law,2013-12-24,21,1,,1,True
supervised,law,2013-12-25,22,0,Christmas Day,0,True
supervised,law,2013-12-26,23,1,,1,True
supervised,law,2013-12-27,21,1,,1,True
supervised,law,2013-12-28,23,0,,0,True
supervised,law,2013-12-29,23,0,,0,True
supervised,law,2013-12-31,23,1,,1,True
supervised,law,2014-01-01,22,0,New Years Day,0,True
supervised,law,2014-01-02,22,1,,1,True
supervised,law,2014-01-03,21,1,,1,True
supervised,law,2014-01-04,23,0,,0,True
supervised,law,2014-01-05,23,0,,0,True
supervised,law,2014-01-06,23,1,,1,True
supervised,law,2014-01-07,22,1,,1,True
supervised,law,2014-01-08,23,1,,1,True
supervised,law,2014-01-09,22,1,,1,True
supervised,law,2014-01-10,22,1,,1,True
supervised,law,2014-01-11,22,0,,0,True
supervised,law,2014-01-12,23,0,,0,True
supervised,law,2014-01-13,23,1,,1,True
supervised,law,2014-01-14,23,1,,1,True
supervised,law,2014-01-15,21,1,,1,True
supervised,law,2014-01-16,23,1,,1,True
supervised,law,2014-01-17,20,1,,1,True
supervised,law,2014-01-19,22,0,,0,True
supervised,law,2014-01-20,21,0,Martin Luther King Jr Day,1,False
supervised,law,2014-01-21,22,1,,1,True
supervised,law,2014-01-23,22,1,,1,True
supervised,law,2014-01-24,23,1,,1,True
supervised,law,2014-01-26,23,0,,0,True
supervised,law,2014-03-04,19,1,,1,True
supervised,law,2014-03-09,23,0,,0,True
supervised,law,2014-04-02,23,1,,1,True
supervised,law,2014-04-20,22,0,,0,True
supervised,law,2014-04-29,9,1,,1,True
supervised,law,2014-05-04,19,0,,0,True
supervised,law,2014-05-06,20,1,,1,True
supervised,law,2014-05-21,23,1,,1,True
supervised,law,2014-06-03,21,1,,1,True
supervised,law,2014-06-04,20,1,,1,True
supervised,law,2014-06-09,22,1,,1,True
supervised,law,2014-06-10,13,1,,1,True
supervised,law,2014-06-11,9,1,,1,True
supervised,law,2014-06-13,6,1,,1,True
supervised,law,2014-06-14,6,0,,0,True
supervised,law,2014-06-15,8,0,,0,True
supervised,law,2014-06-18,6,1,,1,True
supervised,law,2014-06-20,6,1,,1,True
supervised,law,2014-06-26,8,1,,1,True
supervised,law,2014-07-01,11,1,,1,True
supervised,law,2014-07-02,19,1,,1,True
supervised,law,2014-07-03,8,1,,1,True
supervised,law,2014-07-04,20,1,,0,False
supervised,law,2014-07-05,21,0,,0,True
supervised,law,2014-07-08,23,1,,1,True
supervised,law,2014-07-11,23,1,,1,True
supervised,law,2014-07-14,22,1,,1,True
supervised,law,2014-07-25,23,1,,1,True
supervised,law,2014-07-27,16,0,,0,True
supervised,law,2014-07-30,15,1,,1,True
supervised,law,2014-07-31,23,1,,1,True
supervised,law,2014-08-01,22,1,,1,True
supervised,law,2014-08-03,13,0,,1,False
supervised,law,2014-08-04,21,1,,1,True
supervised,law,2014-08-07,14,1,,1,True
supervised,law,2015-06-24,16,1,,1,True
supervised,law,2015-06-25,13,1,,1,True
supervised,law,2015-06-26,20,1,,1,True
supervised,law,2015-06-27,23,0,,0,True
supervised,law,2015-06-29,23,1,,1,True
supervised,law,2015-06-30,19,1,,1,True
supervised,law,2015-07-01,23,1,,1,True
supervised,law,2015-07-12,23,0,,0,True
supervised,law,2015-07-29,23,1,,1,True
supervised,law,2015-07-30,23,1,,1,True
supervised,law,2015-08-05,23,1,,1,True
supervised,law,2015-08-10,23,1,,1,True
supervised,law,2015-08-17,23,1,,1,True
supervised,law,2015-08-22,23,0,,0,True
supervised,law,2015-08-25,23,1,,1,True
supervised,law,2015-08-29,17,0,,0,True
supervised,law,2015-08-30,22,0,,0,True
supervised,law,2015-09-01,10,1,,1,True
supervised,law,2015-09-02,20,1,,1,True
supervised,law,2015-09-14,23,1,,1,True
supervised,law,2015-09-16,20,1,,1,True
supervised,law,2015-09-20,21,0,,0,True
supervised,law,2015-09-21,21,1,,1,True
supervised,law,2015-09-22,19,1,,1,True
supervised,law,2015-09-23,23,1,,1,True
supervised,law,2015-09-24,22,1,,1,True
supervised,law,2015-09-25,16,1,,1,True
supervised,law,2015-09-26,14,0,,0,True
supervised,law,2015-09-27,21,0,,0,True
supervised,law,2015-09-28,20,1,,1,True
supervised,law,2015-09-29,21,1,,1,True
supervised,law,2015-09-30,21,1,,1,True
supervised,law,2015-10-01,20,1,,1,True
supervised,law,2015-10-02,20,1,,1,True
supervised,law,2015-10-03,21,0,,0,True
supervised,law,2015-10-04,21,0,,0,True
supervised,law,2015-10-05,21,1,,1,True
supervised,law,2015-10-06,20,1,,1,True
supervised,law,2015-10-07,23,1,,1,True
supervised,law,2015-10-08,21,1,,1,True
supervised,law,2015-10-09,16,1,,0,False
supervised,law,2015-10-10,20,0,,0,True
supervised,law,2015-10-11,23,0,,0,True
supervised,law,2015-10-12,22,0,Columbus Day,1,False
supervised,law,2015-10-14,15,1,,1,True
supervised,law,2015-10-15,21,1,,1,True
supervised,law,2015-10-16,9,1,,1,True
supervised,law,2015-10-17,11,0,,0,True
supervised,law,2015-10-18,17,0,,0,True
supervised,law,2015-10-19,19,1,,1,True
supervised,law,2015-10-20,13,1,,1,True
supervised,law,2015-10-21,20,1,,1,True
supervised,law,2015-10-22,20,1,,1,True
supervised,law,2015-10-23,10,1,,1,True
supervised,law,2015-10-27,9,1,,1,True
supervised,law,2015-10-28,13,1,,1,True
supervised,law,2015-10-29,13,1,,1,True
supervised,law,2015-10-30,13,1,,1,True
supervised,law,2015-10-31,12,0,,0,True
supervised,law,2015-11-01,13,0,,0,True
supervised,law,2015-11-02,13,1,,1,True
supervised,law,2015-11-03,14,1,,1,True
supervised,law,2015-11-04,13,1,,1,True
supervised,law,2015-11-05,13,1,,1,True
supervised,law,2015-11-06,13,1,,1,True
supervised,law,2015-11-07,13,0,,0,True
supervised,law,2015-11-08,13,0,,0,True
supervised,law,2015-11-09,14,1,,1,True
supervised,law,2015-11-10,13,1,,1,True
supervised,law,2015-11-11,13,0,Veterans Day,1,False
supervised,law,2015-11-12,12,1,,1,True
supervised,law,2015-11-13,13,1,,1,True
supervised,law,2015-11-14,14,0,,0,True
supervised,law,2015-11-15,16,0,,0,True
supervised,law,2015-11-16,12,1,,1,True
supervised,law,2015-11-17,13,1,,1,True
supervised,law,2015-11-18,12,1,,1,True
supervised,law,2015-11-19,13,1,,1,True
supervised,law,2015-11-20,14,1,,1,True
supervised,law,2015-11-21,13,0,,0,True
supervised,law,2015-11-22,14,0,,0,True
supervised,law,2015-11-23,13,1,,1,True
supervised,law,2015-11-24,13,1,,1,True
supervised,law,2015-11-25,13,1,,1,True
supervised,law,2015-11-26,14,0,Thanksgiving Day,0,True
supervised,law,2015-11-27,13,1,,0,False
supervised,law,2015-11-28,14,0,,0,True
supervised,law,2015-11-29,13,0,,0,True
supervised,law,2015-11-30,12,1,,1,True
supervised,law,2015-12-01,12,1,,1,True
supervised,law,2015-12-02,13,1,,1,True
supervised,law,2015-12-03,12,1,,1,True
supervised,law,2015-12-04,13,1,,1,True
supervised,law,2015-12-05,13,0,,0,True
supervised,law,2015-12-06,12,0,,0,True
supervised,law,2015-12-07,13,1,,1,True
supervised,law,2015-12-08,12,1,,1,True
supervised,law,2015-12-09,13,1,,1,True
supervised,law,2015-12-10,12,1,,1,True
supervised,law,2015-12-11,14,1,,1,True
supervised,law,2015-12-12,13,0,,0,True
supervised,law,2015-12-13,14,0,,0,True
supervised,law,2015-12-14,13,1,,1,True
supervised,law,2015-12-15,13,1,,1,True
supervised,law,2015-12-16,13,1,,1,True
supervised,law,2015-12-17,14,1,,1,True
supervised,law,2015-12-18,13,1,,1,True
supervised,law,2015-12-19,15,0,,0,True
supervised,law,2015-12-20,17,0,,0,True
supervised,law,2015-12-21,13,1,,1,True
supervised,law,2015-12-22,11,1,,1,True
supervised,law,2015-12-23,12,1,,1,True
supervised,law,2015-12-24,14,1,,0,False
supervised,law,2015-12-25,19,0,Christmas Day,0,True
supervised,law,2015-12-26,19,0,,0,True
supervised,law,2015-12-27,19,0,,0,True
supervised,law,2015-12-28,18,1,,1,True
supervised,law,2015-12-29,17,1,,1,True
supervised,law,2015-12-30,16,1,,1,True
supervised,law,2015-12-31,17,1,,1,True
supervised,law,2016-01-01,18,0,New Years Day,0,True
supervised,law,2016-01-02,18,0,,0,True
supervised,law,2016-01-03,13,0,,0,True
supervised,law,2016-01-04,16,1,,1,True
supervised,law,2016-01-05,17,1,,1,True
supervised,law,2016-01-06,17,1,,1,True
supervised,law,2016-01-07,16,1,,1,True
supervised,law,2016-01-08,15,1,,1,True
supervised,law,2016-01-09,13,0,,0,True
supervised,law,2016-01-10,15,0,,0,True
supervised,law,2016-01-11,14,1,,1,True
supervised,law,2016-01-12,15,1,,1,True
supervised,law,2016-01-13,13,1,,1,True
supervised,law,2016-01-14,11,1,,1,True
supervised,law,2016-01-15,13,1,,1,True
supervised,law,2016-01-16,16,0,,0,True
supervised,law,2016-01-17,17,0,,0,True
supervised,law,2016-01-18,14,1,,1,True
supervised,law,2016-01-19,13,1,,1,True
supervised,law,2016-01-20,14,1,,1,True
supervised,law,2016-01-21,13,1,,1,True
supervised,law,2016-01-22,13,1,,1,True
supervised,law,2016-01-23,14,0,,0,True
supervised,law,2016-01-24,15,0,,0,True
supervised,law,2016-01-25,14,1,,1,True
supervised,law,2016-01-26,14,1,,1,True
supervised,law,2016-01-27,16,1,,1,True
supervised,law,2016-01-28,17,1,,1,True
supervised,law,2016-01-29,21,1,,1,True
supervised,law,2016-01-30,11,0,,0,True
supervised,law,2016-01-31,15,0,,0,True
supervised,law,2016-02-01,15,1,,1,True
supervised,law,2016-02-02,19,1,,1,True
supervised,law,2016-02-03,18,1,,1,True
supervised,law,2016-02-04,17,1,,1,True
supervised,law,2016-02-05,23,1,,1,True
supervised,law,2016-02-09,22,1,,1,True
supervised,law,2016-02-10,18,1,,1,True
supervised,law,2016-02-11,18,1,,1,True
supervised,law,2016-02-12,18,1,,1,True
supervised,law,2016-02-13,20,0,,0,True
supervised,law,2016-02-14,19,0,,0,True
supervised,law,2016-02-15,19,0,Washingtons Birthday,1,False
supervised,law,2016-02-16,17,1,,1,True
supervised,law,2016-02-17,18,1,,1,True
supervised,law,2016-02-18,14,1,,1,True
supervised,law,2016-02-19,12,1,,1,True
supervised,law,2016-02-20,14,0,,0,True
supervised,law,2016-02-21,15,0,,0,True
supervised,law,2016-02-22,18,1,,1,True
supervised,law,2016-02-23,18,1,,1,True
supervised,law,2016-02-24,15,1,,1,True
supervised,law,2016-02-25,16,1,,1,True
supervised,law,2016-02-26,15,1,,1,True
supervised,law,2016-02-27,14,0,,0,True
supervised,law,2016-02-28,12,0,,0,True
supervised,law,2016-02-29,13,1,,1,True
supervised,law,2016-03-01,14,1,,1,True
supervised,law,2016-03-02,13,1,,1,True
supervised,law,2016-03-03,11,1,,1,True
supervised,law,2016-03-04,12,1,,1,True
supervised,law,2016-03-05,12,0,,0,True
supervised,law,2016-03-06,15,0,,0,True
supervised,law,2016-03-07,13,1,,1,True
supervised,law,2016-03-08,12,1,,1,True
supervised,law,2016-03-09,12,1,,1,True
supervised,law,2016-03-10,14,1,,1,True
supervised,law,2016-03-11,15,1,,1,True
supervised,law,2016-03-12,16,0,,0,True
supervised,law,2016-03-13,16,0,,0,True
supervised,law,2016-03-14,14,1,,1,True
supervised,law,2016-03-15,17,1,,1,True
supervised,law,2016-03-16,18,1,,1,True
supervised,law,2016-03-17,22,1,,1,True
supervised,law,2016-03-18,19,1,,1,True
supervised,law,2016-03-19,18,0,,0,True
supervised,law,2016-03-20,14,0,,0,True
supervised,law,2016-03-21,18,1,,1,True
supervised,law,2016-03-22,16,1,,1,True
supervised,law,2016-03-23,17,1,,1,True
supervised,law,2016-03-24,16,1,,1,True
supervised,law,2016-03-25,17,1,,1,True
supervised,law,2016-03-26,13,0,,0,True
supervised,law,2016-03-27,16,0,,0,True
supervised,law,2016-03-28,16,1,,1,True
supervised,law,2016-03-29,17,1,,1,True
supervised,law,2016-03-30,14,1,,1,True
supervised,law,2016-03-31,15,1,,1,True
supervised,law,2016-04-01,14,1,,1,True
supervised,law,2016-04-02,15,0,,0,True
supervised,law,2016-04-03,14,0,,0,True
supervised,law,2016-04-04,17,1,,1,True
supervised,law,2016-04-05,21,1,,1,True
supervised,law,2016-04-06,22,1,,1,True
supervised,law,2016-04-07,20,1,,1,True
supervised,law,2016-04-08,22,1,,1,True
supervised,law,2016-04-09,21,0,,0,True
supervised,law,2016-04-10,18,0,,0,True
supervised,law,2016-04-11,17,1,,1,True
supervised,law,2016-04-12,17,1,,1,True
supervised,law,2016-04-13,19,1,,1,True
supervised,law,2016-04-14,22,1,,1,True
supervised,law,2016-04-15,21,1,,1,True
supervised,law,2016-04-16,22,0,,0,True
supervised,law,2016-04-17,20,0,,0,True
supervised,law,2016-04-18,23,1,,1,True
supervised,law,2016-04-19,23,1,,1,True
supervised,law,2016-04-20,23,1,,1,True
supervised,law,2016-04-22,21,1,,1,True
supervised,law,2016-04-23,21,0,,0,True
supervised,law,2016-04-24,23,0,,0,True
supervised,law,2016-04-25,22,1,,1,True
supervised,law,2016-04-26,14,1,,1,True
supervised,law,2016-04-27,13,1,,1,True
supervised,law,2016-05-16,23,1,,1,True
supervised,law,2016-05-24,21,1,,1,True
supervised,law,2016-05-25,21,1,,1,True
supervised,law,2016-05-26,21,1,,1,True
supervised,law,2016-05-27,21,1,,1,True
supervised,law,2016-05-28,21,0,,0,True
supervised,law,2016-05-29,22,0,,0,True
supervised,law,2016-05-30,21,0,Memorial Day,0,True
supervised,law,2016-05-31,21,1,,1,True
supervised,law,2016-06-01,21,1,,1,True
supervised,law,2016-06-02,21,1,,1,True
supervised,law,2016-06-29,23,1,,1,True
supervised,law,2016-07-12,21,1,,1,True
supervised,law,2016-07-13,21,1,,1,True
supervised,law,2016-08-24,23,1,,1,True
supervised,law,2016-09-01,21,1,,1,True
supervised,law,2016-09-18,22,0,,0,True
supervised,law,2016-09-20,23,1,,1,True
supervised,law,2016-09-21,23,1,,1,True
supervised,law,2016-09-25,23,0,,0,True
supervised,law,2016-09-27,23,1,,1,True
supervised,law,2016-10-07,23,1,,1,True
supervised,law,2016-10-08,23,0,,0,True
supervised,law,2016-10-09,23,0,,0,True
supervised,law,2016-10-10,23,0,Columbus Day,1,False
supervised,law,2016-10-14,23,1,,1,True
supervised,law,2016-10-15,20,0,,0,True
supervised,law,2016-10-16,22,0,,0,True
supervised,law,2016-10-19,22,1,,1,True
supervised,law,2016-10-20,19,1,,1,True
supervised,law,2016-10-21,23,1,,1,True
supervised,law,2016-10-22,23,0,,0,True
supervised,law,2016-11-24,22,0,Thanksgiving Day,0,True
supervised,law,2016-12-02,23,1,,1,True
supervised,law,2016-12-04,21,0,,0,True
supervised,law,2016-12-05,23,1,,1,True
supervised,law,2016-12-06,22,1,,1,True
supervised,law,2016-12-07,21,1,,1,True
supervised,law,2016-12-16,21,1,,1,True
supervised,law,2016-12-18,21,0,,0,True
supervised,law,2017-02-13,16,1,,1,True
supervised,law,2017-02-14,23,1,,1,True
supervised,law,2017-02-21,18,1,,1,True
supervised,law,2017-03-12,23,0,,0,True
supervised,law,2017-03-13,23,1,,1,True
supervised,law,2017-03-15,23,1,,1,True
supervised,law,2017-03-21,23,1,,1,True
supervised,law,2017-04-06,23,1,,1,True
supervised,law,2017-04-07,23,1,,1,True
supervised,law,2017-04-13,17,1,,0,False
supervised,law,2017-07-02,20,0,,0,True
supervised,law,2017-07-10,22,1,,1,True
supervised,law,2017-08-16,23,1,,1,True
supervised,law,2017-09-21,21,1,,1,True
supervised,law,2017-09-27,23,1,,1,True
supervised,law,2017-11-08,23,1,,1,True
supervised,law,2017-11-09,23,1,,1,True
supervised,law,2017-11-11,23,0,,0,True
supervised,law,2017-11-15,23,1,,1,True
supervised,law,2017-12-05,21,1,,1,True
supervised,law,2017-12-23,23,0,,0,True
supervised,law,2018-01-18,23,1,,1,True
supervised,law,2018-01-31,23,1,,1,True
supervised,law,2018-03-10,23,0,,0,True
supervised,law,2018-03-11,23,0,,0,True
supervised,law,2018-03-15,23,1,,1,True
supervised,law,2018-03-16,23,1,,1,True
supervised,law,2018-03-24,18,0,,0,True
supervised,law,2018-03-29,23,1,,1,True
supervised,law,2018-05-05,23,0,,0,True
supervised,law,2018-06-02,23,0,,0,True
supervised,law,2018-08-07,21,1,,1,True
supervised,law,2018-08-23,23,0,State Fair,1,False
supervised,profile_linear,2012-10-02,15,1,,0,False
supervised,profile_linear,2012-10-03,20,1,,1,True
supervised,profile_linear,2012-10-05,22,1,,1,True
supervised,profile_linear,2012-10-06,23,0,,0,True
supervised,profile_linear,2012-10-07,22,0,,0,True
supervised,profile_linear,2012-10-09,23,1,,1,True
supervised,profile_linear,2012-10-10,21,1,,1,True
supervised,profile_linear,2012-10-11,19,1,,1,True
supervised,profile_linear,2012-10-12,20,1,,1,True
supervised,profile_linear,2012-10-21,6,0,,0,True
supervised,profile_linear,2012-10-22,21,1,,1,True
supervised,profile_linear,2012-10-25,23,1,,1,True
supervised,profile_linear,2012-11-04,23,0,,0,True
supervised,profile_linear,2012-11-05,22,1,,1,True
supervised,profile_linear,2012-11-06,23,1,,1,True
supervised,profile_linear,2012-11-11,23,0,,0,True
supervised,profile_linear,2012-11-15,23,1,,1,True
supervised,profile_linear,2012-11-17,23,0,,0,True
supervised,profile_linear,2012-11-24,21,0,,0,True
supervised,profile_linear,2012-11-25,23,0,,0,True
supervised,profile_linear,2012-11-26,23,1,,1,True
supervised,profile_linear,2012-11-29,23,1,,1,True
supervised,profile_linear,2012-11-30,23,1,,1,True
supervised,profile_linear,2012-12-02,23,0,,0,True
supervised,profile_linear,2012-12-04,23,1,,1,True
supervised,profile_linear,2012-12-05,23,1,,1,True
supervised,profile_linear,2012-12-07,23,1,,1,True
supervised,profile_linear,2012-12-08,23,0,,0,True
supervised,profile_linear,2012-12-09,23,0,,0,True
supervised,profile_linear,2012-12-12,23,1,,1,True
supervised,profile_linear,2012-12-15,23,0,,0,True
supervised,profile_linear,2012-12-20,23,1,,1,True
supervised,profile_linear,2012-12-21,23,1,,1,True
supervised,profile_linear,2012-12-23,23,0,,0,True
supervised,profile_linear,2012-12-28,23,1,,1,True
supervised,profile_linear,2012-12-30,23,0,,0,True
supervised,profile_linear,2012-12-31,23,1,,1,True
supervised,profile_linear,2013-01-03,21,1,,1,True
supervised,profile_linear,2013-01-05,19,0,,0,True
supervised,profile_linear,2013-01-08,22,1,,1,True
supervised,profile_linear,2013-01-09,19,1,,1,True
supervised,profile_linear,2013-01-10,9,1,,0,False
supervised,profile_linear,2013-01-11,21,1,,1,True
supervised,profile_linear,2013-01-13,19,0,,0,True
supervised,profile_linear,2013-01-15,22,1,,1,True
supervised,profile_linear,2013-01-16,22,1,,1,True
supervised,profile_linear,2013-01-18,23,1,,1,True
supervised,profile_linear,2013-01-19,23,0,,0,True
supervised,profile_linear,2013-01-20,18,0,,0,True
supervised,profile_linear,2013-01-21,20,1,,1,True
supervised,profile_linear,2013-01-22,17,1,,1,True
supervised,profile_linear,2013-01-23,22,1,,1,True
supervised,profile_linear,2013-01-24,17,1,,1,True
supervised,profile_linear,2013-01-25,18,1,,1,True
supervised,profile_linear,2013-01-26,8,0,,0,True
supervised,profile_linear,2013-01-27,15,0,,0,True
supervised,profile_linear,2013-01-28,13,1,,1,True
supervised,profile_linear,2013-01-30,22,1,,1,True
supervised,profile_linear,2013-01-31,22,1,,1,True
supervised,profile_linear,2013-02-03,23,0,,0,True
supervised,profile_linear,2013-02-05,22,1,,1,True
supervised,profile_linear,2013-02-06,18,1,,1,True
supervised,profile_linear,2013-02-07,18,1,,1,True
supervised,profile_linear,2013-02-08,21,1,,1,True
supervised,profile_linear,2013-02-09,19,0,,0,True
supervised,profile_linear,2013-02-10,19,0,,0,True
supervised,profile_linear,2013-02-11,19,1,,1,True
supervised,profile_linear,2013-02-12,20,1,,1,True
supervised,profile_linear,2013-02-13,20,1,,1,True
supervised,profile_linear,2013-02-14,23,1,,1,True
supervised,profile_linear,2013-02-15,21,1,,1,True
supervised,profile_linear,2013-02-16,23,0,,0,True
supervised,profile_linear,2013-02-17,20,0,,0,True
supervised,profile_linear,2013-02-19,18,1,,1,True
supervised,profile_linear,2013-02-20,16,1,,1,True
supervised,profile_linear,2013-02-21,20,1,,1,True
supervised,profile_linear,2013-02-25,21,1,,1,True
supervised,profile_linear,2013-02-26,23,1,,1,True
supervised,profile_linear,2013-02-27,23,1,,1,True
supervised,profile_linear,2013-02-28,19,1,,1,True
supervised,profile_linear,2013-03-01,23,1,,1,True
supervised,profile_linear,2013-03-02,23,0,,0,True
supervised,profile_linear,2013-03-03,22,0,,0,True
supervised,profile_linear,2013-03-04,20,1,,1,True
supervised,profile_linear,2013-03-05,17,1,,1,True
supervised,profile_linear,2013-03-06,15,1,,1,True
supervised,profile_linear,2013-03-07,16,1,,1,True
supervised,profile_linear,2013-03-08,21,1,,1,True
supervised,profile_linear,2013-03-09,16,0,,0,True
supervised,profile_linear,2013-03-10,15,0,,0,True
supervised,profile_linear,2013-03-11,17,1,,1,True
supervised,profile_linear,2013-03-12,13,1,,1,True
supervised,profile_linear,2013-03-13,14,1,,1,True
supervised,profile_linear,2013-03-14,15,1,,1,True
supervised,profile_linear,2013-03-15,14,1,,1,True
supervised,profile_linear,2013-03-16,16,0,,0,True
supervised,profile_linear,2013-03-17,14,0,,0,True
supervised,profile_linear,2013-03-18,13,1,,1,True
supervised,profile_linear,2013-03-19,17,1,,1,True
supervised,profile_linear,2013-03-20,22,1,,1,True
supervised,profile_linear,2013-03-27,23,1,,1,True
supervised,profile_linear,2013-04-01,19,1,,1,True
supervised,profile_linear,2013-04-04,23,1,,1,True
supervised,profile_linear,2013-04-05,23,1,,1,True
supervised,profile_linear,2013-04-06,23,0,,0,True
supervised,profile_linear,2013-04-17,23,1,,1,True
supervised,profile_linear,2013-04-19,23,1,,1,True
supervised,profile_linear,2013-04-20,23,0,,0,True
supervised,profile_linear,2013-04-24,23,1,,1,True
supervised,profile_linear,2013-04-26,23,1,,1,True
supervised,profile_linear,2013-05-01,23,1,,1,True
supervised,profile_linear,2013-05-17,23,1,,1,True
supervised,profile_linear,2013-05-20,23,1,,1,True
supervised,profile_linear,2013-05-28,23,1,,1,True
supervised,profile_linear,2013-05-29,23,1,,1,True
supervised,profile_linear,2013-06-11,23,1,,1,True
supervised,profile_linear,2013-06-13,22,1,,1,True
supervised,profile_linear,2013-06-19,12,1,,1,True
supervised,profile_linear,2013-06-20,10,1,,0,False
supervised,profile_linear,2013-06-21,8,1,,0,False
supervised,profile_linear,2013-06-22,12,0,,0,True
supervised,profile_linear,2013-06-23,15,0,,0,True
supervised,profile_linear,2013-06-24,23,1,,1,True
supervised,profile_linear,2013-06-27,23,1,,1,True
supervised,profile_linear,2013-06-28,23,1,,1,True
supervised,profile_linear,2013-06-29,23,0,,0,True
supervised,profile_linear,2013-07-03,23,1,,1,True
supervised,profile_linear,2013-07-05,23,1,,0,False
supervised,profile_linear,2013-07-06,23,0,,0,True
supervised,profile_linear,2013-07-11,23,1,,1,True
supervised,profile_linear,2013-07-12,23,1,,1,True
supervised,profile_linear,2013-07-15,15,1,,1,True
supervised,profile_linear,2013-07-16,21,1,,1,True
supervised,profile_linear,2013-07-17,22,1,,1,True
supervised,profile_linear,2013-07-18,22,1,,1,True
supervised,profile_linear,2013-07-19,23,1,,1,True
supervised,profile_linear,2013-07-20,23,0,,0,True
supervised,profile_linear,2013-07-22,22,1,,1,True
supervised,profile_linear,2013-07-23,23,1,,1,True
supervised,profile_linear,2013-07-24,21,1,,1,True
supervised,profile_linear,2013-07-26,22,1,,1,True
supervised,profile_linear,2013-07-29,23,1,,1,True
supervised,profile_linear,2013-07-30,22,1,,1,True
supervised,profile_linear,2013-07-31,23,1,,1,True
supervised,profile_linear,2013-08-01,22,1,,1,True
supervised,profile_linear,2013-08-03,22,0,,0,True
supervised,profile_linear,2013-08-05,23,1,,1,True
supervised,profile_linear,2013-08-07,16,1,,1,True
supervised,profile_linear,2013-08-08,22,1,,1,True
supervised,profile_linear,2013-08-09,22,1,,1,True
supervised,profile_linear,2013-08-10,22,0,,0,True
supervised,profile_linear,2013-08-11,23,0,,0,True
supervised,profile_linear,2013-08-14,19,1,,1,True
supervised,profile_linear,2013-08-15,16,1,,1,True
supervised,profile_linear,2013-08-16,20,1,,1,True
supervised,profile_linear,2013-08-18,23,0,,0,True
supervised,profile_linear,2013-08-21,23,1,,1,True
supervised,profile_linear,2013-08-23,23,1,,1,True
supervised,profile_linear,2013-08-24,14,0,,0,True
supervised,profile_linear,2013-08-25,22,0,,0,True
supervised,profile_linear,2013-08-26,22,1,,1,True
supervised,profile_linear,2013-08-27,6,1,,0,False
supervised,profile_linear,2013-08-28,12,1,,1,True
supervised,profile_linear,2013-08-29,14,1,,0,False
supervised,profile_linear,2013-08-30,23,1,,1,True
supervised,profile_linear,2013-09-02,22,0,Labor Day,0,True
supervised,profile_linear,2013-09-04,15,1,,0,False
supervised,profile_linear,2013-09-05,15,1,,1,True
supervised,profile_linear,2013-09-06,15,1,,1,True
supervised,profile_linear,2013-09-07,9,0,,0,True
supervised,profile_linear,2013-09-08,12,0,,0,True
supervised,profile_linear,2013-09-09,22,1,,1,True
supervised,profile_linear,2013-09-10,17,1,,1,True
supervised,profile_linear,2013-09-11,18,1,,1,True
supervised,profile_linear,2013-09-12,6,1,,1,True
supervised,profile_linear,2013-09-13,17,1,,1,True
supervised,profile_linear,2013-09-14,16,0,,0,True
supervised,profile_linear,2013-09-15,17,0,,0,True
supervised,profile_linear,2013-09-16,15,1,,1,True
supervised,profile_linear,2013-09-17,17,1,,1,True
supervised,profile_linear,2013-09-18,14,1,,1,True
supervised,profile_linear,2013-09-19,14,1,,1,True
supervised,profile_linear,2013-09-20,15,1,,1,True
supervised,profile_linear,2013-09-21,10,0,,0,True
supervised,profile_linear,2013-09-22,11,0,,0,True
supervised,profile_linear,2013-09-23,7,1,,1,True
supervised,profile_linear,2013-09-24,12,1,,1,True
supervised,profile_linear,2013-09-25,15,1,,1,True
supervised,profile_linear,2013-09-26,22,1,,1,True
supervised,profile_linear,2013-09-27,22,1,,1,True
supervised,profile_linear,2013-09-28,20,0,,0,True
supervised,profile_linear,2013-09-29,22,0,,0,True
supervised,profile_linear,2013-09-30,11,1,,1,True
supervised,profile_linear,2013-10-03,17,1,,1,True
supervised,profile_linear,2013-10-04,18,1,,1,True
supervised,profile_linear,2013-10-05,22,0,,0,True
supervised,profile_linear,2013-10-06,21,0,,0,True
supervised,profile_linear,2013-10-07,16,1,,1,True
supervised,profile_linear,2013-10-08,12,1,,1,True
supervised,profile_linear,2013-10-11,17,1,,1,True
supervised,profile_linear,2013-10-12,12,0,,0,True
supervised,profile_linear,2013-10-13,9,0,,0,True
supervised,profile_linear,2013-10-14,12,0,Columbus Day,1,False
supervised,profile_linear,2013-10-15,11,1,,1,True
supervised,profile_linear,2013-10-16,13,1,,1,True
supervised,profile_linear,2013-10-17,18,1,,1,True
supervised,profile_linear,2013-10-18,21,1,,1,True
supervised,profile_linear,2013-10-19,16,0,,0,True
supervised,profile_linear,2013-10-20,12,0,,0,True
supervised,profile_linear,2013-10-21,15,1,,0,False
supervised,profile_linear,2013-10-22,11,1,,1,True
supervised,profile_linear,2013-10-23,11,1,,0,False
supervised,profile_linear,2013-10-24,6,1,,0,False
supervised,profile_linear,2013-10-25,10,1,,0,False
supervised,profile_linear,2013-10-26,8,0,,0,True
supervised,profile_linear,2013-11-06,17,1,,0,False
supervised,profile_linear,2013-11-07,18,1,,1,True
supervised,profile_linear,2013-11-08,23,1,,1,True
supervised,profile_linear,2013-11-09,23,0,,0,True
supervised,profile_linear,2013-11-11,23,0,Veterans Day,1,False
supervised,profile_linear,2013-11-14,23,1,,1,True
supervised,profile_linear,2013-11-16,20,0,,0,True
supervised,profile_linear,2013-11-17,22,0,,0,True
supervised,profile_linear,2013-11-18,21,1,,1,True
supervised,profile_linear,2013-11-25,21,1,,1,True
supervised,profile_linear,2013-11-26,21,1,,1,True
supervised,profile_linear,2013-11-28,23,0,Thanksgiving Day,0,True
supervised,profile_linear,2013-11-29,23,1,,0,False
supervised,profile_linear,2013-12-03,23,1,,1,True
supervised,profile_linear,2013-12-05,22,1,,1,True
supervised,profile_linear,2013-12-06,23,1,,1,True
supervised,profile_linear,2013-12-07,22,0,,0,True
supervised,profile_linear,2013-12-08,22,0,,0,True
supervised,profile_linear,2013-12-09,21,1,,1,True
supervised,profile_linear,2013-12-10,22,1,,1,True
supervised,profile_linear,2013-12-11,21,1,,1,True
supervised,profile_linear,2013-12-16,20,1,,1,True
supervised,profile_linear,2013-12-17,22,1,,1,True
supervised,profile_linear,2013-12-18,22,1,,1,True
supervised,profile_linear,2013-12-19,23,1,,1,True
supervised,profile_linear,2013-12-20,22,1,,1,True
supervised,profile_linear,2013-12-21,23,0,,0,True
supervised,profile_linear,2013-12-22,21,0,,0,True
supervised,profile_linear,2013-12-23,23,1,,1,True
supervised,profile_linear,2013-12-24,21,1,,1,True
supervised,profile_linear,2013-12-25,22,0,Christmas Day,0,True
supervised,profile_linear,2013-12-26,23,1,,1,True
supervised,profile_linear,2013-12-27,21,1,,1,True
supervised,profile_linear,2013-12-28,23,0,,0,True
supervised,profile_linear,2013-12-29,23,0,,0,True
supervised,profile_linear,2013-12-31,23,1,,1,True
supervised,profile_linear,2014-01-01,22,0,New Years Day,0,True
supervised,profile_linear,2014-01-02,22,1,,1,True
supervised,profile_linear,2014-01-03,21,1,,1,True
supervised,profile_linear,2014-01-04,23,0,,0,True
supervised,profile_linear,2014-01-05,23,0,,0,True
supervised,profile_linear,2014-01-06,23,1,,1,True
supervised,profile_linear,2014-01-07,22,1,,1,True
supervised,profile_linear,2014-01-08,23,1,,1,True
supervised,profile_linear,2014-01-09,22,1,,1,True
supervised,profile_linear,2014-01-10,22,1,,1,True
supervised,profile_linear,2014-01-11,22,0,,0,True
supervised,profile_linear,2014-01-12,23,0,,0,True
supervised,profile_linear,2014-01-13,23,1,,1,True
supervised,profile_linear,2014-01-14,23,1,,1,True
supervised,profile_linear,2014-01-15,21,1,,1,True
supervised,profile_linear,2014-01-16,23,1,,1,True
supervised,profile_linear,2014-01-17,20,1,,1,True
supervised,profile_linear,2014-01-19,22,0,,0,True
supervised,profile_linear,2014-01-20,21,0,Martin Luther King Jr Day,1,False
supervised,profile_linear,2014-01-21,22,1,,1,True
supervised,profile_linear,2014-01-23,22,1,,1,True
supervised,profile_linear,2014-01-24,23,1,,1,True
supervised,profile_linear,2014-01-26,23,0,,0,True
supervised,profile_linear,2014-03-04,19,1,,1,True
supervised,profile_linear,2014-03-09,23,0,,0,True
supervised,profile_linear,2014-04-02,23,1,,1,True
supervised,profile_linear,2014-04-20,22,0,,0,True
supervised,profile_linear,2014-04-29,9,1,,1,True
supervised,profile_linear,2014-05-04,19,0,,0,True
supervised,profile_linear,2014-05-06,20,1,,1,True
supervised,profile_linear,2014-05-21,23,1,,1,True
supervised,profile_linear,2014-06-03,21,1,,1,True
supervised,profile_linear,2014-06-04,20,1,,1,True
supervised,profile_linear,2014-06-09,22,1,,1,True
supervised,profile_linear,2014-06-10,13,1,,1,True
supervised,profile_linear,2014-06-11,9,1,,1,True
supervised,profile_linear,2014-06-13,6,1,,1,True
supervised,profile_linear,2014-06-14,6,0,,0,True
supervised,profile_linear,2014-06-15,8,0,,0,True
supervised,profile_linear,2014-06-18,6,1,,0,False
supervised,profile_linear,2014-06-20,6,1,,0,False
supervised,profile_linear,2014-06-26,8,1,,1,True
supervised,profile_linear,2014-07-01,11,1,,0,False
supervised,profile_linear,2014-07-02,19,1,,1,True
supervised,profile_linear,2014-07-03,8,1,,0,False
supervised,profile_linear,2014-07-04,20,1,,0,False
supervised,profile_linear,2014-07-05,21,0,,0,True
supervised,profile_linear,2014-07-08,23,1,,1,True
supervised,profile_linear,2014-07-11,23,1,,1,True
supervised,profile_linear,2014-07-14,22,1,,1,True
supervised,profile_linear,2014-07-25,23,1,,1,True
supervised,profile_linear,2014-07-27,16,0,,0,True
supervised,profile_linear,2014-07-30,15,1,,0,False
supervised,profile_linear,2014-07-31,23,1,,1,True
supervised,profile_linear,2014-08-01,22,1,,1,True
supervised,profile_linear,2014-08-03,13,0,,0,True
supervised,profile_linear,2014-08-04,21,1,,1,True
supervised,profile_linear,2014-08-07,14,1,,0,False
supervised,profile_linear,2015-06-24,16,1,,0,False
supervised,profile_linear,2015-06-25,13,1,,0,False
supervised,profile_linear,2015-06-26,20,1,,1,True
supervised,profile_linear,2015-06-27,23,0,,0,True
supervised,profile_linear,2015-06-29,23,1,,1,True
supervised,profile_linear,2015-06-30,19,1,,1,True
supervised,profile_linear,2015-07-01,23,1,,1,True
supervised,profile_linear,2015-07-12,23,0,,0,True
supervised,profile_linear,2015-07-29,23,1,,1,True
supervised,profile_linear,2015-07-30,23,1,,1,True
supervised,profile_linear,2015-08-05,23,1,,1,True
supervised,profile_linear,2015-08-10,23,1,,1,True
supervised,profile_linear,2015-08-17,23,1,,1,True
supervised,profile_linear,2015-08-22,23,0,,0,True
supervised,profile_linear,2015-08-25,23,1,,1,True
supervised,profile_linear,2015-08-29,17,0,,0,True
supervised,profile_linear,2015-08-30,22,0,,0,True
supervised,profile_linear,2015-09-01,10,1,,1,True
supervised,profile_linear,2015-09-02,20,1,,1,True
supervised,profile_linear,2015-09-14,23,1,,1,True
supervised,profile_linear,2015-09-16,20,1,,1,True
supervised,profile_linear,2015-09-20,21,0,,0,True
supervised,profile_linear,2015-09-21,21,1,,1,True
supervised,profile_linear,2015-09-22,19,1,,1,True
supervised,profile_linear,2015-09-23,23,1,,1,True
supervised,profile_linear,2015-09-24,22,1,,1,True
supervised,profile_linear,2015-09-25,16,1,,1,True
supervised,profile_linear,2015-09-26,14,0,,0,True
supervised,profile_linear,2015-09-27,21,0,,0,True
supervised,profile_linear,2015-09-28,20,1,,1,True
supervised,profile_linear,2015-09-29,21,1,,1,True
supervised,profile_linear,2015-09-30,21,1,,1,True
supervised,profile_linear,2015-10-01,20,1,,1,True
supervised,profile_linear,2015-10-02,20,1,,1,True
supervised,profile_linear,2015-10-03,21,0,,0,True
supervised,profile_linear,2015-10-04,21,0,,0,True
supervised,profile_linear,2015-10-05,21,1,,1,True
supervised,profile_linear,2015-10-06,20,1,,1,True
supervised,profile_linear,2015-10-07,23,1,,1,True
supervised,profile_linear,2015-10-08,21,1,,1,True
supervised,profile_linear,2015-10-09,16,1,,0,False
supervised,profile_linear,2015-10-10,20,0,,0,True
supervised,profile_linear,2015-10-11,23,0,,0,True
supervised,profile_linear,2015-10-12,22,0,Columbus Day,1,False
supervised,profile_linear,2015-10-14,15,1,,1,True
supervised,profile_linear,2015-10-15,21,1,,1,True
supervised,profile_linear,2015-10-16,9,1,,1,True
supervised,profile_linear,2015-10-17,11,0,,0,True
supervised,profile_linear,2015-10-18,17,0,,0,True
supervised,profile_linear,2015-10-19,19,1,,1,True
supervised,profile_linear,2015-10-20,13,1,,0,False
supervised,profile_linear,2015-10-21,20,1,,1,True
supervised,profile_linear,2015-10-22,20,1,,1,True
supervised,profile_linear,2015-10-23,10,1,,1,True
supervised,profile_linear,2015-10-27,9,1,,0,False
supervised,profile_linear,2015-10-28,13,1,,1,True
supervised,profile_linear,2015-10-29,13,1,,1,True
supervised,profile_linear,2015-10-30,13,1,,1,True
supervised,profile_linear,2015-10-31,12,0,,0,True
supervised,profile_linear,2015-11-01,13,0,,0,True
supervised,profile_linear,2015-11-02,13,1,,1,True
supervised,profile_linear,2015-11-03,14,1,,1,True
supervised,profile_linear,2015-11-04,13,1,,1,True
supervised,profile_linear,2015-11-05,13,1,,1,True
supervised,profile_linear,2015-11-06,13,1,,1,True
supervised,profile_linear,2015-11-07,13,0,,0,True
supervised,profile_linear,2015-11-08,13,0,,0,True
supervised,profile_linear,2015-11-09,14,1,,1,True
supervised,profile_linear,2015-11-10,13,1,,1,True
supervised,profile_linear,2015-11-11,13,0,Veterans Day,1,False
supervised,profile_linear,2015-11-12,12,1,,1,True
supervised,profile_linear,2015-11-13,13,1,,1,True
supervised,profile_linear,2015-11-14,14,0,,0,True
supervised,profile_linear,2015-11-15,16,0,,0,True
supervised,profile_linear,2015-11-16,12,1,,1,True
supervised,profile_linear,2015-11-17,13,1,,1,True
supervised,profile_linear,2015-11-18,12,1,,1,True
supervised,profile_linear,2015-11-19,13,1,,1,True
supervised,profile_linear,2015-11-20,14,1,,1,True
supervised,profile_linear,2015-11-21,13,0,,0,True
supervised,profile_linear,2015-11-22,14,0,,0,True
supervised,profile_linear,2015-11-23,13,1,,1,True
supervised,profile_linear,2015-11-24,13,1,,1,True
supervised,profile_linear,2015-11-25,13,1,,1,True
supervised,profile_linear,2015-11-26,14,0,Thanksgiving Day,0,True
supervised,profile_linear,2015-11-27,13,1,,0,False
supervised,profile_linear,2015-11-28,14,0,,0,True
supervised,profile_linear,2015-11-29,13,0,,0,True
supervised,profile_linear,2015-11-30,12,1,,1,True
supervised,profile_linear,2015-12-01,12,1,,1,True
supervised,profile_linear,2015-12-02,13,1,,1,True
supervised,profile_linear,2015-12-03,12,1,,1,True
supervised,profile_linear,2015-12-04,13,1,,1,True
supervised,profile_linear,2015-12-05,13,0,,0,True
supervised,profile_linear,2015-12-06,12,0,,0,True
supervised,profile_linear,2015-12-07,13,1,,1,True
supervised,profile_linear,2015-12-08,12,1,,1,True
supervised,profile_linear,2015-12-09,13,1,,1,True
supervised,profile_linear,2015-12-10,12,1,,1,True
supervised,profile_linear,2015-12-11,14,1,,1,True
supervised,profile_linear,2015-12-12,13,0,,0,True
supervised,profile_linear,2015-12-13,14,0,,0,True
supervised,profile_linear,2015-12-14,13,1,,1,True
supervised,profile_linear,2015-12-15,13,1,,1,True
supervised,profile_linear,2015-12-16,13,1,,1,True
supervised,profile_linear,2015-12-17,14,1,,1,True
supervised,profile_linear,2015-12-18,13,1,,1,True
supervised,profile_linear,2015-12-19,15,0,,0,True
supervised,profile_linear,2015-12-20,17,0,,0,True
supervised,profile_linear,2015-12-21,13,1,,1,True
supervised,profile_linear,2015-12-22,11,1,,1,True
supervised,profile_linear,2015-12-23,12,1,,1,True
supervised,profile_linear,2015-12-24,14,1,,0,False
supervised,profile_linear,2015-12-25,19,0,Christmas Day,0,True
supervised,profile_linear,2015-12-26,19,0,,0,True
supervised,profile_linear,2015-12-27,19,0,,0,True
supervised,profile_linear,2015-12-28,18,1,,1,True
supervised,profile_linear,2015-12-29,17,1,,1,True
supervised,profile_linear,2015-12-30,16,1,,1,True
supervised,profile_linear,2015-12-31,17,1,,1,True
supervised,profile_linear,2016-01-01,18,0,New Years Day,0,True
supervised,profile_linear,2016-01-02,18,0,,0,True
supervised,profile_linear,2016-01-03,13,0,,0,True
supervised,profile_linear,2016-01-04,16,1,,1,True
supervised,profile_linear,2016-01-05,17,1,,1,True
supervised,profile_linear,2016-01-06,17,1,,1,True
supervised,profile_linear,2016-01-07,16,1,,1,True
supervised,profile_linear,2016-01-08,15,1,,1,True
supervised,profile_linear,2016-01-09,13,0,,0,True
supervised,profile_linear,2016-01-10,15,0,,0,True
supervised,profile_linear,2016-01-11,14,1,,1,True
supervised,profile_linear,2016-01-12,15,1,,1,True
supervised,profile_linear,2016-01-13,13,1,,1,True
supervised,profile_linear,2016-01-14,11,1,,1,True
supervised,profile_linear,2016-01-15,13,1,,1,True
supervised,profile_linear,2016-01-16,16,0,,0,True
supervised,profile_linear,2016-01-17,17,0,,0,True
supervised,profile_linear,2016-01-18,14,1,,1,True
supervised,profile_linear,2016-01-19,13,1,,1,True
supervised,profile_linear,2016-01-20,14,1,,1,True
supervised,profile_linear,2016-01-21,13,1,,1,True
supervised,profile_linear,2016-01-22,13,1,,1,True
supervised,profile_linear,2016-01-23,14,0,,0,True
supervised,profile_linear,2016-01-24,15,0,,0,True
supervised,profile_linear,2016-01-25,14,1,,1,True
supervised,profile_linear,2016-01-26,14,1,,1,True
supervised,profile_linear,2016-01-27,16,1,,1,True
supervised,profile_linear,2016-01-28,17,1,,1,True
supervised,profile_linear,2016-01-29,21,1,,1,True
supervised,profile_linear,2016-01-30,11,0,,0,True
supervised,profile_linear,2016-01-31,15,0,,0,True
supervised,profile_linear,2016-02-01,15,1,,1,True
supervised,profile_linear,2016-02-02,19,1,,1,True
supervised,profile_linear,2016-02-03,18,1,,1,True
supervised,profile_linear,2016-02-04,17,1,,1,True
supervised,profile_linear,2016-02-05,23,1,,1,True
supervised,profile_linear,2016-02-09,22,1,,1,True
supervised,profile_linear,2016-02-10,18,1,,1,True
supervised,profile_linear,2016-02-11,18,1,,1,True
supervised,profile_linear,2016-02-12,18,1,,1,True
supervised,profile_linear,2016-02-13,20,0,,0,True
supervised,profile_linear,2016-02-14,19,0,,0,True
supervised,profile_linear,2016-02-15,19,0,Washingtons Birthday,1,False
supervised,profile_linear,2016-02-16,17,1,,1,True
supervised,profile_linear,2016-02-17,18,1,,1,True
supervised,profile_linear,2016-02-18,14,1,,1,True
supervised,profile_linear,2016-02-19,12,1,,1,True
supervised,profile_linear,2016-02-20,14,0,,0,True
supervised,profile_linear,2016-02-21,15,0,,0,True
supervised,profile_linear,2016-02-22,18,1,,1,True
supervised,profile_linear,2016-02-23,18,1,,1,True
supervised,profile_linear,2016-02-24,15,1,,1,True
supervised,profile_linear,2016-02-25,16,1,,1,True
supervised,profile_linear,2016-02-26,15,1,,1,True
supervised,profile_linear,2016-02-27,14,0,,0,True
supervised,profile_linear,2016-02-28,12,0,,0,True
supervised,profile_linear,2016-02-29,13,1,,1,True
supervised,profile_linear,2016-03-01,14,1,,1,True
supervised,profile_linear,2016-03-02,13,1,,1,True
supervised,profile_linear,2016-03-03,11,1,,1,True
supervised,profile_linear,2016-03-04,12,1,,1,True
supervised,profile_linear,2016-03-05,12,0,,0,True
supervised,profile_linear,2016-03-06,15,0,,0,True
supervised,profile_linear,2016-03-07,13,1,,1,True
supervised,profile_linear,2016-03-08,12,1,,1,True
supervised,profile_linear,2016-03-09,12,1,,1,True
supervised,profile_linear,2016-03-10,14,1,,1,True
supervised,profile_linear,2016-03-11,15,1,,1,True
supervised,profile_linear,2016-03-12,16,0,,0,True
supervised,profile_linear,2016-03-13,16,0,,0,True
supervised,profile_linear,2016-03-14,14,1,,1,True
supervised,profile_linear,2016-03-15,17,1,,1,True
supervised,profile_linear,2016-03-16,18,1,,1,True
supervised,profile_linear,2016-03-17,22,1,,1,True
supervised,profile_linear,2016-03-18,19,1,,1,True
supervised,profile_linear,2016-03-19,18,0,,0,True
supervised,profile_linear,2016-03-20,14,0,,0,True
supervised,profile_linear,2016-03-21,18,1,,1,True
supervised,profile_linear,2016-03-22,16,1,,1,True
supervised,profile_linear,2016-03-23,17,1,,1,True
supervised,profile_linear,2016-03-24,16,1,,1,True
supervised,profile_linear,2016-03-25,17,1,,1,True
supervised,profile_linear,2016-03-26,13,0,,0,True
supervised,profile_linear,2016-03-27,16,0,,0,True
supervised,profile_linear,2016-03-28,16,1,,1,True
supervised,profile_linear,2016-03-29,17,1,,1,True
supervised,profile_linear,2016-03-30,14,1,,1,True
supervised,profile_linear,2016-03-31,15,1,,1,True
supervised,profile_linear,2016-04-01,14,1,,1,True
supervised,profile_linear,2016-04-02,15,0,,0,True
supervised,profile_linear,2016-04-03,14,0,,0,True
supervised,profile_linear,2016-04-04,17,1,,1,True
supervised,profile_linear,2016-04-05,21,1,,1,True
supervised,profile_linear,2016-04-06,22,1,,1,True
supervised,profile_linear,2016-04-07,20,1,,1,True
supervised,profile_linear,2016-04-08,22,1,,1,True
supervised,profile_linear,2016-04-09,21,0,,0,True
supervised,profile_linear,2016-04-10,18,0,,0,True
supervised,profile_linear,2016-04-11,17,1,,1,True
supervised,profile_linear,2016-04-12,17,1,,1,True
supervised,profile_linear,2016-04-13,19,1,,1,True
supervised,profile_linear,2016-04-14,22,1,,1,True
supervised,profile_linear,2016-04-15,21,1,,1,True
supervised,profile_linear,2016-04-16,22,0,,0,True
supervised,profile_linear,2016-04-17,20,0,,0,True
supervised,profile_linear,2016-04-18,23,1,,1,True
supervised,profile_linear,2016-04-19,23,1,,1,True
supervised,profile_linear,2016-04-20,23,1,,1,True
supervised,profile_linear,2016-04-22,21,1,,1,True
supervised,profile_linear,2016-04-23,21,0,,0,True
supervised,profile_linear,2016-04-24,23,0,,0,True
supervised,profile_linear,2016-04-25,22,1,,1,True
supervised,profile_linear,2016-04-26,14,1,,1,True
supervised,profile_linear,2016-04-27,13,1,,1,True
supervised,profile_linear,2016-05-16,23,1,,1,True
supervised,profile_linear,2016-05-24,21,1,,1,True
supervised,profile_linear,2016-05-25,21,1,,1,True
supervised,profile_linear,2016-05-26,21,1,,1,True
supervised,profile_linear,2016-05-27,21,1,,1,True
supervised,profile_linear,2016-05-28,21,0,,0,True
supervised,profile_linear,2016-05-29,22,0,,0,True
supervised,profile_linear,2016-05-30,21,0,Memorial Day,0,True
supervised,profile_linear,2016-05-31,21,1,,1,True
supervised,profile_linear,2016-06-01,21,1,,1,True
supervised,profile_linear,2016-06-02,21,1,,1,True
supervised,profile_linear,2016-06-29,23,1,,1,True
supervised,profile_linear,2016-07-12,21,1,,1,True
supervised,profile_linear,2016-07-13,21,1,,1,True
supervised,profile_linear,2016-08-24,23,1,,1,True
supervised,profile_linear,2016-09-01,21,1,,1,True
supervised,profile_linear,2016-09-18,22,0,,0,True
supervised,profile_linear,2016-09-20,23,1,,1,True
supervised,profile_linear,2016-09-21,23,1,,1,True
supervised,profile_linear,2016-09-25,23,0,,0,True
supervised,profile_linear,2016-09-27,23,1,,1,True
supervised,profile_linear,2016-10-07,23,1,,1,True
supervised,profile_linear,2016-10-08,23,0,,0,True
supervised,profile_linear,2016-10-09,23,0,,0,True
supervised,profile_linear,2016-10-10,23,0,Columbus Day,1,False
supervised,profile_linear,2016-10-14,23,1,,1,True
supervised,profile_linear,2016-10-15,20,0,,0,True
supervised,profile_linear,2016-10-16,22,0,,0,True
supervised,profile_linear,2016-10-19,22,1,,1,True
supervised,profile_linear,2016-10-20,19,1,,1,True
supervised,profile_linear,2016-10-21,23,1,,1,True
supervised,profile_linear,2016-10-22,23,0,,0,True
supervised,profile_linear,2016-11-24,22,0,Thanksgiving Day,0,True
supervised,profile_linear,2016-12-02,23,1,,1,True
supervised,profile_linear,2016-12-04,21,0,,0,True
supervised,profile_linear,2016-12-05,23,1,,1,True
supervised,profile_linear,2016-12-06,22,1,,1,True
supervised,profile_linear,2016-12-07,21,1,,1,True
supervised,profile_linear,2016-12-16,21,1,,1,True
supervised,profile_linear,2016-12-18,21,0,,0,True
supervised,profile_linear,2017-02-13,16,1,,1,True
supervised,profile_linear,2017-02-14,23,1,,1,True
supervised,profile_linear,2017-02-21,18,1,,1,True
supervised,profile_linear,2017-03-12,23,0,,0,True
supervised,profile_linear,2017-03-13,23,1,,1,True
supervised,profile_linear,2017-03-15,23,1,,1,True
supervised,profile_linear,2017-03-21,23,1,,1,True
supervised,profile_linear,2017-04-06,23,1,,1,True
supervised,profile_linear,2017-04-07,23,1,,1,True
supervised,profile_linear,2017-04-13,17,1,,0,False
supervised,profile_linear,2017-07-02,20,0,,0,True
supervised,profile_linear,2017-07-10,22,1,,1,True
supervised,profile_linear,2017-08-16,23,1,,1,True
supervised,profile_linear,2017-09-21,21,1,,1,True
supervised,profile_linear,2017-09-27,23,1,,1,True
supervised,profile_linear,2017-11-08,23,1,,1,True
supervised,profile_linear,2017-11-09,23,1,,1,True
supervised,profile_linear,2017-11-11,23,0,,0,True
supervised,profile_linear,2017-11-15,23,1,,1,True
supervised,profile_linear,2017-12-05,21,1,,1,True
supervised,profile_linear,2017-12-23,23,0,,0,True
supervised,profile_linear,2018-01-18,23,1,,1,True
supervised,profile_linear,2018-01-31,23,1,,1,True
supervised,profile_linear,2018-03-10,23,0,,0,True
supervised,profile_linear,2018-03-11,23,0,,0,True
supervised,profile_linear,2018-03-15,23,1,,1,True
supervised,profile_linear,2018-03-16,23,1,,1,True
supervised,profile_linear,2018-03-24,18,0,,0,True
supervised,profile_linear,2018-03-29,23,1,,1,True
supervised,profile_linear,2018-05-05,23,0,,0,True
supervised,profile_linear,2018-06-02,23,0,,0,True
supervised,profile_linear,2018-08-07,21,1,,1,True
supervised,profile_linear,2018-08-23,23,0,State Fair,1,False
supervised,profile_mean,2012-10-02,15,1,,1,True
supervised,profile_mean,2012-10-03,20,1,,1,True
supervised,profile_mean,2012-10-05,22,1,,1,True
supervised,profile_mean,2012-10-06,23,0,,0,True
supervised,profile_mean,2012-10-07,22,0,,0,True
supervised,profile_mean,2012-10-09,23,1,,1,True
supervised,profile_mean,2012-10-10,21,1,,1,True
supervised,profile_mean,2012-10-11,19,1,,1,True
supervised,profile_mean,2012-10-12,20,1,,1,True
supervised,profile_mean,2012-10-21,6,0,,1,False
supervised,profile_mean,2012-10-22,21,1,,1,True
supervised,profile_mean,2012-10-25,23,1,,1,True
supervised,profile_mean,2012-11-04,23,0,,0,True
supervised,profile_mean,2012-11-05,22,1,,1,True
supervised,profile_mean,2012-11-06,23,1,,1,True
supervised,profile_mean,2012-11-11,23,0,,0,True
supervised,profile_mean,2012-11-15,23,1,,1,True
supervised,profile_mean,2012-11-17,23,0,,0,True
supervised,profile_mean,2012-11-24,21,0,,0,True
supervised,profile_mean,2012-11-25,23,0,,0,True
supervised,profile_mean,2012-11-26,23,1,,1,True
supervised,profile_mean,2012-11-29,23,1,,1,True
supervised,profile_mean,2012-11-30,23,1,,1,True
supervised,profile_mean,2012-12-02,23,0,,0,True
supervised,profile_mean,2012-12-04,23,1,,1,True
supervised,profile_mean,2012-12-05,23,1,,1,True
supervised,profile_mean,2012-12-07,23,1,,1,True
supervised,profile_mean,2012-12-08,23,0,,0,True
supervised,profile_mean,2012-12-09,23,0,,0,True
supervised,profile_mean,2012-12-12,23,1,,1,True
supervised,profile_mean,2012-12-15,23,0,,0,True
supervised,profile_mean,2012-12-20,23,1,,1,True
supervised,profile_mean,2012-12-21,23,1,,1,True
supervised,profile_mean,2012-12-23,23,0,,0,True
supervised,profile_mean,2012-12-28,23,1,,1,True
supervised,profile_mean,2012-12-30,23,0,,0,True
supervised,profile_mean,2012-12-31,23,1,,1,True
supervised,profile_mean,2013-01-03,21,1,,1,True
supervised,profile_mean,2013-01-05,19,0,,1,False
supervised,profile_mean,2013-01-08,22,1,,1,True
supervised,profile_mean,2013-01-09,19,1,,1,True
supervised,profile_mean,2013-01-10,9,1,,1,True
supervised,profile_mean,2013-01-11,21,1,,1,True
supervised,profile_mean,2013-01-13,19,0,,0,True
supervised,profile_mean,2013-01-15,22,1,,1,True
supervised,profile_mean,2013-01-16,22,1,,1,True
supervised,profile_mean,2013-01-18,23,1,,1,True
supervised,profile_mean,2013-01-19,23,0,,0,True
supervised,profile_mean,2013-01-20,18,0,,0,True
supervised,profile_mean,2013-01-21,20,1,,1,True
supervised,profile_mean,2013-01-22,17,1,,1,True
supervised,profile_mean,2013-01-23,22,1,,1,True
supervised,profile_mean,2013-01-24,17,1,,1,True
supervised,profile_mean,2013-01-25,18,1,,1,True
supervised,profile_mean,2013-01-26,8,0,,0,True
supervised,profile_mean,2013-01-27,15,0,,0,True
supervised,profile_mean,2013-01-28,13,1,,1,True
supervised,profile_mean,2013-01-30,22,1,,1,True
supervised,profile_mean,2013-01-31,22,1,,1,True
supervised,profile_mean,2013-02-03,23,0,,0,True
supervised,profile_mean,2013-02-05,22,1,,1,True
supervised,profile_mean,2013-02-06,18,1,,1,True
supervised,profile_mean,2013-02-07,18,1,,1,True
supervised,profile_mean,2013-02-08,21,1,,1,True
supervised,profile_mean,2013-02-09,19,0,,0,True
supervised,profile_mean,2013-02-10,19,0,,0,True
supervised,profile_mean,2013-02-11,19,1,,1,True
supervised,profile_mean,2013-02-12,20,1,,1,True
supervised,profile_mean,2013-02-13,20,1,,1,True
supervised,profile_mean,2013-02-14,23,1,,1,True
supervised,profile_mean,2013-02-15,21,1,,1,True
supervised,profile_mean,2013-02-16,23,0,,0,True
supervised,profile_mean,2013-02-17,20,0,,0,True
supervised,profile_mean,2013-02-19,18,1,,1,True
supervised,profile_mean,2013-02-20,16,1,,1,True
supervised,profile_mean,2013-02-21,20,1,,1,True
supervised,profile_mean,2013-02-25,21,1,,1,True
supervised,profile_mean,2013-02-26,23,1,,1,True
supervised,profile_mean,2013-02-27,23,1,,1,True
supervised,profile_mean,2013-02-28,19,1,,1,True
supervised,profile_mean,2013-03-01,23,1,,1,True
supervised,profile_mean,2013-03-02,23,0,,0,True
supervised,profile_mean,2013-03-03,22,0,,0,True
supervised,profile_mean,2013-03-04,20,1,,1,True
supervised,profile_mean,2013-03-05,17,1,,1,True
supervised,profile_mean,2013-03-06,15,1,,1,True
supervised,profile_mean,2013-03-07,16,1,,1,True
supervised,profile_mean,2013-03-08,21,1,,1,True
supervised,profile_mean,2013-03-09,16,0,,0,True
supervised,profile_mean,2013-03-10,15,0,,0,True
supervised,profile_mean,2013-03-11,17,1,,1,True
supervised,profile_mean,2013-03-12,13,1,,1,True
supervised,profile_mean,2013-03-13,14,1,,1,True
supervised,profile_mean,2013-03-14,15,1,,1,True
supervised,profile_mean,2013-03-15,14,1,,1,True
supervised,profile_mean,2013-03-16,16,0,,0,True
supervised,profile_mean,2013-03-17,14,0,,0,True
supervised,profile_mean,2013-03-18,13,1,,1,True
supervised,profile_mean,2013-03-19,17,1,,1,True
supervised,profile_mean,2013-03-20,22,1,,1,True
supervised,profile_mean,2013-03-27,23,1,,1,True
supervised,profile_mean,2013-04-01,19,1,,1,True
supervised,profile_mean,2013-04-04,23,1,,1,True
supervised,profile_mean,2013-04-05,23,1,,1,True
supervised,profile_mean,2013-04-06,23,0,,0,True
supervised,profile_mean,2013-04-17,23,1,,1,True
supervised,profile_mean,2013-04-19,23,1,,1,True
supervised,profile_mean,2013-04-20,23,0,,0,True
supervised,profile_mean,2013-04-24,23,1,,1,True
supervised,profile_mean,2013-04-26,23,1,,1,True
supervised,profile_mean,2013-05-01,23,1,,1,True
supervised,profile_mean,2013-05-17,23,1,,1,True
supervised,profile_mean,2013-05-20,23,1,,1,True
supervised,profile_mean,2013-05-28,23,1,,1,True
supervised,profile_mean,2013-05-29,23,1,,1,True
supervised,profile_mean,2013-06-11,23,1,,1,True
supervised,profile_mean,2013-06-13,22,1,,1,True
supervised,profile_mean,2013-06-19,12,1,,1,True
supervised,profile_mean,2013-06-20,10,1,,1,True
supervised,profile_mean,2013-06-21,8,1,,1,True
supervised,profile_mean,2013-06-22,12,0,,0,True
supervised,profile_mean,2013-06-23,15,0,,0,True
supervised,profile_mean,2013-06-24,23,1,,1,True
supervised,profile_mean,2013-06-27,23,1,,1,True
supervised,profile_mean,2013-06-28,23,1,,1,True
supervised,profile_mean,2013-06-29,23,0,,0,True
supervised,profile_mean,2013-07-03,23,1,,1,True
supervised,profile_mean,2013-07-05,23,1,,1,True
supervised,profile_mean,2013-07-06,23,0,,0,True
supervised,profile_mean,2013-07-11,23,1,,1,True
supervised,profile_mean,2013-07-12,23,1,,1,True
supervised,profile_mean,2013-07-15,15,1,,1,True
supervised,profile_mean,2013-07-16,21,1,,1,True
supervised,profile_mean,2013-07-17,22,1,,1,True
supervised,profile_mean,2013-07-18,22,1,,1,True
supervised,profile_mean,2013-07-19,23,1,,1,True
supervised,profile_mean,2013-07-20,23,0,,0,True
supervised,profile_mean,2013-07-22,22,1,,1,True
supervised,profile_mean,2013-07-23,23,1,,1,True
supervised,profile_mean,2013-07-24,21,1,,1,True
supervised,profile_mean,2013-07-26,22,1,,1,True
supervised,profile_mean,2013-07-29,23,1,,1,True
supervised,profile_mean,2013-07-30,22,1,,1,True
supervised,profile_mean,2013-07-31,23,1,,1,True
supervised,profile_mean,2013-08-01,22,1,,1,True
supervised,profile_mean,2013-08-03,22,0,,0,True
supervised,profile_mean,2013-08-05,23,1,,1,True
supervised,profile_mean,2013-08-07,16,1,,1,True
supervised,profile_mean,2013-08-08,22,1,,1,True
supervised,profile_mean,2013-08-09,22,1,,1,True
supervised,profile_mean,2013-08-10,22,0,,0,True
supervised,profile_mean,2013-08-11,23,0,,0,True
supervised,profile_mean,2013-08-14,19,1,,1,True
supervised,profile_mean,2013-08-15,16,1,,1,True
supervised,profile_mean,2013-08-16,20,1,,1,True
supervised,profile_mean,2013-08-18,23,0,,0,True
supervised,profile_mean,2013-08-21,23,1,,1,True
supervised,profile_mean,2013-08-23,23,1,,1,True
supervised,profile_mean,2013-08-24,14,0,,0,True
supervised,profile_mean,2013-08-25,22,0,,0,True
supervised,profile_mean,2013-08-26,22,1,,1,True
supervised,profile_mean,2013-08-27,6,1,,1,True
supervised,profile_mean,2013-08-28,12,1,,1,True
supervised,profile_mean,2013-08-29,14,1,,1,True
supervised,profile_mean,2013-08-30,23,1,,1,True
supervised,profile_mean,2013-09-02,22,0,Labor Day,0,True
supervised,profile_mean,2013-09-04,15,1,,1,True
supervised,profile_mean,2013-09-05,15,1,,1,True
supervised,profile_mean,2013-09-06,15,1,,1,True
supervised,profile_mean,2013-09-07,9,0,,0,True
supervised,profile_mean,2013-09-08,12,0,,1,False
supervised,profile_mean,2013-09-09,22,1,,1,True
supervised,profile_mean,2013-09-10,17,1,,1,True
supervised,profile_mean,2013-09-11,18,1,,1,True
supervised,profile_mean,2013-09-12,6,1,,1,True
supervised,profile_mean,2013-09-13,17,1,,1,True
supervised,profile_mean,2013-09-14,16,0,,0,True
supervised,profile_mean,2013-09-15,17,0,,0,True
supervised,profile_mean,2013-09-16,15,1,,1,True
supervised,profile_mean,2013-09-17,17,1,,1,True
supervised,profile_mean,2013-09-18,14,1,,1,True
supervised,profile_mean,2013-09-19,14,1,,1,True
supervised,profile_mean,2013-09-20,15,1,,1,True
supervised,profile_mean,2013-09-21,10,0,,1,False
supervised,profile_mean,2013-09-22,11,0,,0,True
supervised,profile_mean,2013-09-23,7,1,,1,True
supervised,profile_mean,2013-09-24,12,1,,1,True
supervised,profile_mean,2013-09-25,15,1,,1,True
supervised,profile_mean,2013-09-26,22,1,,1,True
supervised,profile_mean,2013-09-27,22,1,,1,True
supervised,profile_mean,2013-09-28,20,0,,0,True
supervised,profile_mean,2013-09-29,22,0,,0,True
supervised,profile_mean,2013-09-30,11,1,,1,True
supervised,profile_mean,2013-10-03,17,1,,1,True
supervised,profile_mean,2013-10-04,18,1,,1,True
supervised,profile_mean,2013-10-05,22,0,,0,True
supervised,profile_mean,2013-10-06,21,0,,0,True
supervised,profile_mean,2013-10-07,16,1,,1,True
supervised,profile_mean,2013-10-08,12,1,,1,True
supervised,profile_mean,2013-10-11,17,1,,1,True
supervised,profile_mean,2013-10-12,12,0,,0,True
supervised,profile_mean,2013-10-13,9,0,,0,True
supervised,profile_mean,2013-10-14,12,0,Columbus Day,1,False
supervised,profile_mean,2013-10-15,11,1,,1,True
supervised,profile_mean,2013-10-16,13,1,,1,True
supervised,profile_mean,2013-10-17,18,1,,1,True
supervised,profile_mean,2013-10-18,21,1,,1,True
supervised,profile_mean,2013-10-19,16,0,,0,True
supervised,profile_mean,2013-10-20,12,0,,0,True
supervised,profile_mean,2013-10-21,15,1,,1,True
supervised,profile_mean,2013-10-22,11,1,,1,True
supervised,profile_mean,2013-10-23,11,1,,1,True
supervised,profile_mean,2013-10-24,6,1,,1,True
supervised,profile_mean,2013-10-25,10,1,,1,True
supervised,profile_mean,2013-10-26,8,0,,1,False
supervised,profile_mean,2013-11-06,17,1,,1,True
supervised,profile_mean,2013-11-07,18,1,,1,True
supervised,profile_mean,2013-11-08,23,1,,1,True
supervised,profile_mean,2013-11-09,23,0,,0,True
supervised,profile_mean,2013-11-11,23,0,Veterans Day,1,False
supervised,profile_mean,2013-11-14,23,1,,1,True
supervised,profile_mean,2013-11-16,20,0,,0,True
supervised,profile_mean,2013-11-17,22,0,,0,True
supervised,profile_mean,2013-11-18,21,1,,1,True
supervised,profile_mean,2013-11-25,21,1,,1,True
supervised,profile_mean,2013-11-26,21,1,,1,True
supervised,profile_mean,2013-11-28,23,0,Thanksgiving Day,0,True
supervised,profile_mean,2013-11-29,23,1,,0,False
supervised,profile_mean,2013-12-03,23,1,,1,True
supervised,profile_mean,2013-12-05,22,1,,1,True
supervised,profile_mean,2013-12-06,23,1,,1,True
supervised,profile_mean,2013-12-07,22,0,,0,True
supervised,profile_mean,2013-12-08,22,0,,0,True
supervised,profile_mean,2013-12-09,21,1,,1,True
supervised,profile_mean,2013-12-10,22,1,,1,True
supervised,profile_mean,2013-12-11,21,1,,1,True
supervised,profile_mean,2013-12-16,20,1,,1,True
supervised,profile_mean,2013-12-17,22,1,,1,True
supervised,profile_mean,2013-12-18,22,1,,1,True
supervised,profile_mean,2013-12-19,23,1,,1,True
supervised,profile_mean,2013-12-20,22,1,,1,True
supervised,profile_mean,2013-12-21,23,0,,0,True
supervised,profile_mean,2013-12-22,21,0,,0,True
supervised,profile_mean,2013-12-23,23,1,,1,True
supervised,profile_mean,2013-12-24,21,1,,1,True
supervised,profile_mean,2013-12-25,22,0,Christmas Day,0,True
supervised,profile_mean,2013-12-26,23,1,,1,True
supervised,profile_mean,2013-12-27,21,1,,1,True
supervised,profile_mean,2013-12-28,23,0,,0,True
supervised,profile_mean,2013-12-29,23,0,,0,True
supervised,profile_mean,2013-12-31,23,1,,1,True
supervised,profile_mean,2014-01-01,22,0,New Years Day,0,True
supervised,profile_mean,2014-01-02,22,1,,1,True
supervised,profile_mean,2014-01-03,21,1,,1,True
supervised,profile_mean,2014-01-04,23,0,,0,True
supervised,profile_mean,2014-01-05,23,0,,0,True
supervised,profile_mean,2014-01-06,23,1,,1,True
supervised,profile_mean,2014-01-07,22,1,,1,True
supervised,profile_mean,2014-01-08,23,1,,1,True
supervised,profile_mean,2014-01-09,22,1,,1,True
supervised,profile_mean,2014-01-10,22,1,,1,True
supervised,profile_mean,2014-01-11,22,0,,0,True
supervised,profile_mean,2014-01-12,23,0,,0,True
supervised,profile_mean,2014-01-13,23,1,,1,True
supervised,profile_mean,2014-01-14,23,1,,1,True
supervised,profile_mean,2014-01-15,21,1,,1,True
supervised,profile_mean,2014-01-16,23,1,,1,True
supervised,profile_mean,2014-01-17,20,1,,1,True
supervised,profile_mean,2014-01-19,22,0,,0,True
supervised,profile_mean,2014-01-20,21,0,Martin Luther King Jr Day,1,False
supervised,profile_mean,2014-01-21,22,1,,1,True
supervised,profile_mean,2014-01-23,22,1,,1,True
supervised,profile_mean,2014-01-24,23,1,,1,True
supervised,profile_mean,2014-01-26,23,0,,0,True
supervised,profile_mean,2014-03-04,19,1,,1,True
supervised,profile_mean,2014-03-09,23,0,,0,True
supervised,profile_mean,2014-04-02,23,1,,1,True
supervised,profile_mean,2014-04-20,22,0,,0,True
supervised,profile_mean,2014-04-29,9,1,,1,True
supervised,profile_mean,2014-05-04,19,0,,0,True
supervised,profile_mean,2014-05-06,20,1,,1,True
supervised,profile_mean,2014-05-21,23,1,,1,True
supervised,profile_mean,2014-06-03,21,1,,1,True
supervised,profile_mean,2014-06-04,20,1,,1,True
supervised,profile_mean,2014-06-09,22,1,,1,True
supervised,profile_mean,2014-06-10,13,1,,1,True
supervised,profile_mean,2014-06-11,9,1,,1,True
supervised,profile_mean,2014-06-13,6,1,,1,True
supervised,profile_mean,2014-06-14,6,0,,0,True
supervised,profile_mean,2014-06-15,8,0,,0,True
supervised,profile_mean,2014-06-18,6,1,,1,True
supervised,profile_mean,2014-06-20,6,1,,1,True
supervised,profile_mean,2014-06-26,8,1,,1,True
supervised,profile_mean,2014-07-01,11,1,,1,True
supervised,profile_mean,2014-07-02,19,1,,1,True
supervised,profile_mean,2014-07-03,8,1,,1,True
supervised,profile_mean,2014-07-04,20,1,,0,False
supervised,profile_mean,2014-07-05,21,0,,0,True
supervised,profile_mean,2014-07-08,23,1,,1,True
supervised,profile_mean,2014-07-11,23,1,,1,True
supervised,profile_mean,2014-07-14,22,1,,1,True
supervised,profile_mean,2014-07-25,23,1,,1,True
supervised,profile_mean,2014-07-27,16,0,,0,True
supervised,profile_mean,2014-07-30,15,1,,1,True
supervised,profile_mean,2014-07-31,23,1,,1,True
supervised,profile_mean,2014-08-01,22,1,,1,True
supervised,profile_mean,2014-08-03,13,0,,1,False
supervised,profile_mean,2014-08-04,21,1,,1,True
supervised,profile_mean,2014-08-07,14,1,,1,True
supervised,profile_mean,2015-06-24,16,1,,1,True
supervised,profile_mean,2015-06-25,13,1,,1,True
supervised,profile_mean,2015-06-26,20,1,,1,True
supervised,profile_mean,2015-06-27,23,0,,0,True
supervised,profile_mean,2015-06-29,23,1,,1,True
supervised,profile_mean,2015-06-30,19,1,,1,True
supervised,profile_mean,2015-07-01,23,1,,1,True
supervised,profile_mean,2015-07-12,23,0,,0,True
supervised,profile_mean,2015-07-29,23,1,,1,True
supervised,profile_mean,2015-07-30,23,1,,1,True
supervised,profile_mean,2015-08-05,23,1,,1,True
supervised,profile_mean,2015-08-10,23,1,,1,True
supervised,profile_mean,2015-08-17,23,1,,1,True
supervised,profile_mean,2015-08-22,23,0,,0,True
supervised,profile_mean,2015-08-25,23,1,,1,True
supervised,profile_mean,2015-08-29,17,0,,0,True
supervised,profile_mean,2015-08-30,22,0,,0,True
supervised,profile_mean,2015-09-01,10,1,,1,True
supervised,profile_mean,2015-09-02,20,1,,1,True
supervised,profile_mean,2015-09-14,23,1,,1,True
supervised,profile_mean,2015-09-16,20,1,,1,True
supervised,profile_mean,2015-09-20,21,0,,0,True
supervised,profile_mean,2015-09-21,21,1,,1,True
supervised,profile_mean,2015-09-22,19,1,,1,True
supervised,profile_mean,2015-09-23,23,1,,1,True
supervised,profile_mean,2015-09-24,22,1,,1,True
supervised,profile_mean,2015-09-25,16,1,,1,True
supervised,profile_mean,2015-09-26,14,0,,0,True
supervised,profile_mean,2015-09-27,21,0,,0,True
supervised,profile_mean,2015-09-28,20,1,,1,True
supervised,profile_mean,2015-09-29,21,1,,1,True
supervised,profile_mean,2015-09-30,21,1,,1,True
supervised,profile_mean,2015-10-01,20,1,,1,True
supervised,profile_mean,2015-10-02,20,1,,1,True
supervised,profile_mean,2015-10-03,21,0,,0,True
supervised,profile_mean,2015-10-04,21,0,,0,True
supervised,profile_mean,2015-10-05,21,1,,1,True
supervised,profile_mean,2015-10-06,20,1,,1,True
supervised,profile_mean,2015-10-07,23,1,,1,True
supervised,profile_mean,2015-10-08,21,1,,1,True
supervised,profile_mean,2015-10-09,16,1,,1,True
supervised,profile_mean,2015-10-10,20,0,,0,True
supervised,profile_mean,2015-10-11,23,0,,0,True
supervised,profile_mean,2015-10-12,22,0,Columbus Day,1,False
supervised,profile_mean,2015-10-14,15,1,,1,True
supervised,profile_mean,2015-10-15,21,1,,1,True
supervised,profile_mean,2015-10-16,9,1,,1,True
supervised,profile_mean,2015-10-17,11,0,,0,True
supervised,profile_mean,2015-10-18,17,0,,0,True
supervised,profile_mean,2015-10-19,19,1,,1,True
supervised,profile_mean,2015-10-20,13,1,,1,True
supervised,profile_mean,2015-10-21,20,1,,1,True
supervised,profile_mean,2015-10-22,20,1,,1,True
supervised,profile_mean,2015-10-23,10,1,,1,True
supervised,profile_mean,2015-10-27,9,1,,1,True
supervised,profile_mean,2015-10-28,13,1,,1,True
supervised,profile_mean,2015-10-29,13,1,,1,True
supervised,profile_mean,2015-10-30,13,1,,1,True
supervised,profile_mean,2015-10-31,12,0,,0,True
supervised,profile_mean,2015-11-01,13,0,,0,True
supervised,profile_mean,2015-11-02,13,1,,1,True
supervised,profile_mean,2015-11-03,14,1,,1,True
supervised,profile_mean,2015-11-04,13,1,,1,True
supervised,profile_mean,2015-11-05,13,1,,1,True
supervised,profile_mean,2015-11-06,13,1,,1,True
supervised,profile_mean,2015-11-07,13,0,,0,True
supervised,profile_mean,2015-11-08,13,0,,0,True
supervised,profile_mean,2015-11-09,14,1,,1,True
supervised,profile_mean,2015-11-10,13,1,,1,True
supervised,profile_mean,2015-11-11,13,0,Veterans Day,1,False
supervised,profile_mean,2015-11-12,12,1,,1,True
supervised,profile_mean,2015-11-13,13,1,,1,True
supervised,profile_mean,2015-11-14,14,0,,0,True
supervised,profile_mean,2015-11-15,16,0,,0,True
supervised,profile_mean,2015-11-16,12,1,,1,True
supervised,profile_mean,2015-11-17,13,1,,1,True
supervised,profile_mean,2015-11-18,12,1,,1,True
supervised,profile_mean,2015-11-19,13,1,,1,True
supervised,profile_mean,2015-11-20,14,1,,1,True
supervised,profile_mean,2015-11-21,13,0,,0,True
supervised,profile_mean,2015-11-22,14,0,,0,True
supervised,profile_mean,2015-11-23,13,1,,1,True
supervised,profile_mean,2015-11-24,13,1,,1,True
supervised,profile_mean,2015-11-25,13,1,,1,True
supervised,profile_mean,2015-11-26,14,0,Thanksgiving Day,0,True
supervised,profile_mean,2015-11-27,13,1,,1,True
supervised,profile_mean,2015-11-28,14,0,,0,True
supervised,profile_mean,2015-11-29,13,0,,0,True
supervised,profile_mean,2015-11-30,12,1,,1,True
supervised,profile_mean,2015-12-01,12,1,,1,True
supervised,profile_mean,2015-12-02,13,1,,1,True
supervised,profile_mean,2015-12-03,12,1,,1,True
supervised,profile_mean,2015-12-04,13,1,,1,True
supervised,profile_mean,2015-12-05,13,0,,0,True
supervised,profile_mean,2015-12-06,12,0,,0,True
supervised,profile_mean,2015-12-07,13,1,,1,True
supervised,profile_mean,2015-12-08,12,1,,1,True
supervised,profile_mean,2015-12-09,13,1,,1,True
supervised,profile_mean,2015-12-10,12,1,,1,True
supervised,profile_mean,2015-12-11,14,1,,1,True
supervised,profile_mean,2015-12-12,13,0,,0,True
supervised,profile_mean,2015-12-13,14,0,,0,True
supervised,profile_mean,2015-12-14,13,1,,1,True
supervised,profile_mean,2015-12-15,13,1,,1,True
supervised,profile_mean,2015-12-16,13,1,,1,True
supervised,profile_mean,2015-12-17,14,1,,1,True
supervised,profile_mean,2015-12-18,13,1,,1,True
supervised,profile_mean,2015-12-19,15,0,,0,True
supervised,profile_mean,2015-12-20,17,0,,0,True
supervised,profile_mean,2015-12-21,13,1,,1,True
supervised,profile_mean,2015-12-22,11,1,,1,True
supervised,profile_mean,2015-12-23,12,1,,1,True
supervised,profile_mean,2015-12-24,14,1,,1,True
supervised,profile_mean,2015-12-25,19,0,Christmas Day,0,True
supervised,profile_mean,2015-12-26,19,0,,0,True
supervised,profile_mean,2015-12-27,19,0,,0,True
supervised,profile_mean,2015-12-28,18,1,,1,True
supervised,profile_mean,2015-12-29,17,1,,1,True
supervised,profile_mean,2015-12-30,16,1,,1,True
supervised,profile_mean,2015-12-31,17,1,,1,True
supervised,profile_mean,2016-01-01,18,0,New Years Day,0,True
supervised,profile_mean,2016-01-02,18,0,,0,True
supervised,profile_mean,2016-01-03,13,0,,0,True
supervised,profile_mean,2016-01-04,16,1,,1,True
supervised,profile_mean,2016-01-05,17,1,,1,True
supervised,profile_mean,2016-01-06,17,1,,1,True
supervised,profile_mean,2016-01-07,16,1,,1,True
supervised,profile_mean,2016-01-08,15,1,,1,True
supervised,profile_mean,2016-01-09,13,0,,0,True
supervised,profile_mean,2016-01-10,15,0,,0,True
supervised,profile_mean,2016-01-11,14,1,,1,True
supervised,profile_mean,2016-01-12,15,1,,1,True
supervised,profile_mean,2016-01-13,13,1,,1,True
supervised,profile_mean,2016-01-14,11,1,,1,True
supervised,profile_mean,2016-01-15,13,1,,1,True
supervised,profile_mean,2016-01-16,16,0,,0,True
supervised,profile_mean,2016-01-17,17,0,,0,True
supervised,profile_mean,2016-01-18,14,1,,1,True
supervised,profile_mean,2016-01-19,13,1,,1,True
supervised,profile_mean,2016-01-20,14,1,,1,True
supervised,profile_mean,2016-01-21,13,1,,1,True
supervised,profile_mean,2016-01-22,13,1,,1,True
supervised,profile_mean,2016-01-23,14,0,,0,True
supervised,profile_mean,2016-01-24,15,0,,0,True
supervised,profile_mean,2016-01-25,14,1,,1,True
supervised,profile_mean,2016-01-26,14,1,,1,True
supervised,profile_mean,2016-01-27,16,1,,1,True
supervised,profile_mean,2016-01-28,17,1,,1,True
supervised,profile_mean,2016-01-29,21,1,,1,True
supervised,profile_mean,2016-01-30,11,0,,0,True
supervised,profile_mean,2016-01-31,15,0,,0,True
supervised,profile_mean,2016-02-01,15,1,,1,True
supervised,profile_mean,2016-02-02,19,1,,1,True
supervised,profile_mean,2016-02-03,18,1,,1,True
supervised,profile_mean,2016-02-04,17,1,,1,True
supervised,profile_mean,2016-02-05,23,1,,1,True
supervised,profile_mean,2016-02-09,22,1,,1,True
supervised,profile_mean,2016-02-10,18,1,,1,True
supervised,profile_mean,2016-02-11,18,1,,1,True
supervised,profile_mean,2016-02-12,18,1,,1,True
supervised,profile_mean,2016-02-13,20,0,,0,True
supervised,profile_mean,2016-02-14,19,0,,0,True
supervised,profile_mean,2016-02-15,19,0,Washingtons Birthday,1,False
supervised,profile_mean,2016-02-16,17,1,,1,True
supervised,profile_mean,2016-02-17,18,1,,1,True
supervised,profile_mean,2016-02-18,14,1,,1,True
supervised,profile_mean,2016-02-19,12,1,,1,True
supervised,profile_mean,2016-02-20,14,0,,0,True
supervised,profile_mean,2016-02-21,15,0,,0,True
supervised,profile_mean,2016-02-22,18,1,,1,True
supervised,profile_mean,2016-02-23,18,1,,1,True
supervised,profile_mean,2016-02-24,15,1,,1,True
supervised,profile_mean,2016-02-25,16,1,,1,True
supervised,profile_mean,2016-02-26,15,1,,1,True
supervised,profile_mean,2016-02-27,14,0,,0,True
supervised,profile_mean,2016-02-28,12,0,,0,True
supervised,profile_mean,2016-02-29,13,1,,1,True
supervised,profile_mean,2016-03-01,14,1,,1,True
supervised,profile_mean,2016-03-02,13,1,,1,True
supervised,profile_mean,2016-03-03,11,1,,1,True
supervised,profile_mean,2016-03-04,12,1,,1,True
supervised,profile_mean,2016-03-05,12,0,,0,True
supervised,profile_mean,2016-03-06,15,0,,0,True
supervised,profile_mean,2016-03-07,13,1,,1,True
supervised,profile_mean,2016-03-08,12,1,,1,True
supervised,profile_mean,2016-03-09,12,1,,1,True
supervised,profile_mean,2016-03-10,14,1,,1,True
supervised,profile_mean,2016-03-11,15,1,,1,True
supervised,profile_mean,2016-03-12,16,0,,0,True
supervised,profile_mean,2016-03-13,16,0,,0,True
supervised,profile_mean,2016-03-14,14,1,,1,True
supervised,profile_mean,2016-03-15,17,1,,1,True
supervised,profile_mean,2016-03-16,18,1,,1,True
supervised,profile_mean,2016-03-17,22,1,,1,True
supervised,profile_mean,2016-03-18,19,1,,1,True
supervised,profile_mean,2016-03-19,18,0,,0,True
supervised,profile_mean,2016-03-20,14,0,,0,True
supervised,profile_mean,2016-03-21,18,1,,1,True
supervised,profile_mean,2016-03-22,16,1,,1,True
supervised,profile_mean,2016-03-23,17,1,,1,True
supervised,profile_mean,2016-03-24,16,1,,1,True
supervised,profile_mean,2016-03-25,17,1,,1,True
supervised,profile_mean,2016-03-26,13,0,,0,True
supervised,profile_mean,2016-03-27,16,0,,0,True
supervised,profile_mean,2016-03-28,16,1,,1,True
supervised,profile_mean,2016-03-29,17,1,,1,True
supervised,profile_mean,2016-03-30,14,1,,1,True
supervised,profile_mean,2016-03-31,15,1,,1,True
supervised,profile_mean,2016-04-01,14,1,,1,True
supervised,profile_mean,2016-04-02,15,0,,0,True
supervised,profile_mean,2016-04-03,14,0,,0,True
supervised,profile_mean,2016-04-04,17,1,,1,True
supervised,profile_mean,2016-04-05,21,1,,1,True
supervised,profile_mean,2016-04-06,22,1,,1,True
supervised,profile_mean,2016-04-07,20,1,,1,True
supervised,profile_mean,2016-04-08,22,1,,1,True
supervised,profile_mean,2016-04-09,21,0,,0,True
supervised,profile_mean,2016-04-10,18,0,,0,True
supervised,profile_mean,2016-04-11,17,1,,1,True
supervised,profile_mean,2016-04-12,17,1,,1,True
supervised,profile_mean,2016-04-13,19,1,,1,True
supervised,profile_mean,2016-04-14,22,1,,1,True
supervised,profile_mean,2016-04-15,21,1,,1,True
supervised,profile_mean,2016-04-16,22,0,,0,True
supervised,profile_mean,2016-04-17,20,0,,0,True
supervised,profile_mean,2016-04-18,23,1,,1,True
supervised,profile_mean,2016-04-19,23,1,,1,True
supervised,profile_mean,2016-04-20,23,1,,1,True
supervised,profile_mean,2016-04-22,21,1,,1,True
supervised,profile_mean,2016-04-23,21,0,,0,True
supervised,profile_mean,2016-04-24,23,0,,0,True
supervised,profile_mean,2016-04-25,22,1,,1,True
supervised,profile_mean,2016-04-26,14,1,,1,True
supervised,profile_mean,2016-04-27,13,1,,1,True
supervised,profile_mean,2016-05-16,23,1,,1,True
supervised,profile_mean,2016-05-24,21,1,,1,True
supervised,profile_mean,2016-05-25,21,1,,1,True
supervised,profile_mean,2016-05-26,21,1,,1,True
supervised,profile_mean,2016-05-27,21,1,,1,True
supervised,profile_mean,2016-05-28,21,0,,0,True
supervised,profile_mean,2016-05-29,22,0,,0,True
supervised,profile_mean,2016-05-30,21,0,Memorial Day,0,True
supervised,profile_mean,2016-05-31,21,1,,1,True
supervised,profile_mean,2016-06-01,21,1,,1,True
supervised,profile_mean,2016-06-02,21,1,,1,True
supervised,profile_mean,2016-06-29,23,1,,1,True
supervised,profile_mean,2016-07-12,21,1,,1,True
supervised,profile_mean,2016-07-13,21,1,,1,True
supervised,profile_mean,2016-08-24,23,1,,1,True
supervised,profile_mean,2016-09-01,21,1,,1,True
supervised,profile_mean,2016-09-18,22,0,,0,True
supervised,profile_mean,2016-09-20,23,1,,1,True
supervised,profile_mean,2016-09-21,23,1,,1,True
supervised,profile_mean,2016-09-25,23,0,,0,True
supervised,profile_mean,2016-09-27,23,1,,1,True
supervised,profile_mean,2016-10-07,23,1,,1,True
supervised,profile_mean,2016-10-08,23,0,,0,True
supervised,profile_mean,2016-10-09,23,0,,0,True
supervised,profile_mean,2016-10-10,23,0,Columbus Day,1,False
supervised,profile_mean,2016-10-14,23,1,,1,True
supervised,profile_mean,2016-10-15,20,0,,0,True
supervised,profile_mean,2016-10-16,22,0,,0,True
supervised,profile_mean,2016-10-19,22,1,,1,True
supervised,profile_mean,2016-10-20,19,1,,1,True
supervised,profile_mean,2016-10-21,23,1,,1,True
supervised,profile_mean,2016-10-22,23,0,,0,True
supervised,profile_mean,2016-11-24,22,0,Thanksgiving Day,0,True
supervised,profile_mean,2016-12-02,23,1,,1,True
supervised,profile_mean,2016-12-04,21,0,,0,True
supervised,profile_mean,2016-12-05,23,1,,1,True
supervised,profile_mean,2016-12-06,22,1,,1,True
supervised,profile_mean,2016-12-07,21,1,,1,True
supervised,profile_mean,2016-12-16,21,1,,1,True
supervised,profile_mean,2016-12-18,21,0,,0,True
supervised,profile_mean,2017-02-13,16,1,,1,True
supervised,profile_mean,2017-02-14,23,1,,1,True
supervised,profile_mean,2017-02-21,18,1,,1,True
supervised,profile_mean,2017-03-12,23,0,,0,True
supervised,profile_mean,2017-03-13,23,1,,1,True
supervised,profile_mean,2017-03-15,23,1,,1,True
supervised,profile_mean,2017-03-21,23,1,,1,True
supervised,profile_mean,2017-04-06,23,1,,1,True
supervised,profile_mean,2017-04-07,23,1,,1,True
supervised,profile_mean,2017-04-13,17,1,,1,True
supervised,profile_mean,2017-07-02,20,0,,0,True
supervised,profile_mean,2017-07-10,22,1,,1,True
supervised,profile_mean,2017-08-16,23,1,,1,True
supervised,profile_mean,2017-09-21,21,1,,1,True
supervised,profile_mean,2017-09-27,23,1,,1,True
supervised,profile_mean,2017-11-08,23,1,,1,True
supervised,profile_mean,2017-11-09,23,1,,1,True
supervised,profile_mean,2017-11-11,23,0,,0,True
supervised,profile_mean,2017-11-15,23,1,,1,True
supervised,profile_mean,2017-12-05,21,1,,1,True
supervised,profile_mean,2017-12-23,23,0,,0,True
supervised,profile_mean,2018-01-18,23,1,,1,True
supervised,profile_mean,2018-01-31,23,1,,1,True
supervised,profile_mean,2018-03-10,23,0,,0,True
supervised,profile_mean,2018-03-11,23,0,,0,True
supervised,profile_mean,2018-03-15,23,1,,1,True
supervised,profile_mean,2018-03-16,23,1,,1,True
supervised,profile_mean,2018-03-24,18,0,,0,True
supervised,profile_mean,2018-03-29,23,1,,1,True
supervised,profile_mean,2018-05-05,23,0,,0,True
supervised,profile_mean,2018-06-02,23,0,,0,True
supervised,profile_mean,2018-08-07,21,1,,1,True
supervised,profile_mean,2018-08-23,23,0,State Fair,1,False
