t,label,map_regime,p_value,novel,spawned,n_clusters,max_posterior,entropy,truth,date,day_type,as_daytype,correct,rolling_accuracy_30,dataset,novelty_alpha
0,-1,1,6.341118409617958e-11,True,,2,0.9999999995326618,1.0507682119646206e-08,0,2011-03-06,weekend,-1,False,,bike,0.001
1,0,0,0.16508860268065828,False,,2,1.0,5.558057615115102e-24,1,2011-03-07,working,1,True,,bike,0.001
2,0,0,0.5990511919540862,False,,2,1.0,6.436854564611372e-19,1,2011-03-08,working,1,True,,bike,0.001
3,0,0,0.5739238308722805,False,,2,1.0,1.615676213636927e-19,1,2011-03-09,working,1,True,,bike,0.001
4,0,0,0.09153098163867508,False,,2,1.0,3.833661826734515e-17,1,2011-03-10,working,1,True,,bike,0.001
5,0,0,0.43560969533924393,False,,2,1.0,1.0208421011746602e-16,1,2011-03-11,working,1,True,,bike,0.001
6,1,1,0.6089962012575214,False,,2,0.9999988258237594,1.720748603669954e-05,0,2011-03-12,weekend,0,True,,bike,0.001
7,-1,1,0.0005988049005016626,True,,2,0.9999992760949992,1.0958912088323089e-05,0,2011-03-13,weekend,-1,False,,bike,0.001
8,0,0,0.4641127071108846,False,,2,1.0,5.654253364977711e-22,1,2011-03-14,working,1,True,,bike,0.001
9,0,0,0.39715802500408603,False,,2,1.0,3.959312796971489e-17,1,2011-03-15,working,1,True,0.8,bike,0.001
10,0,0,0.4075699046987925,False,,2,1.0,1.2788029854439292e-21,1,2011-03-16,working,1,True,0.8181818181818182,bike,0.001
11,0,0,0.750111346919165,False,,2,0.9999999999999964,1.5987896847749943e-13,1,2011-03-17,working,1,True,0.8333333333333334,bike,0.001
12,0,0,0.2900288651693449,False,,2,0.9999999997385665,6.029892067447015e-09,1,2011-03-18,working,1,True,0.8461538461538461,bike,0.001
13,1,1,0.9734901846508662,False,,2,0.9999999999986056,3.9466620524508655e-11,0,2011-03-19,weekend,0,True,0.8571428571428571,bike,0.001
14,1,1,0.8565296811668772,False,,2,0.999999999974456,6.485748026201576e-10,0,2011-03-20,weekend,0,True,0.8666666666666667,bike,0.001
15,0,0,0.3576637303052599,False,,2,0.9999999998718394,3.0473402922820492e-09,1,2011-03-21,working,1,True,0.875,bike,0.001
16,0,0,0.4252250547772572,False,,2,1.0,6.510466488848026e-19,1,2011-03-22,working,1,True,0.8823529411764706,bike,0.001
17,0,0,0.11806581596134724,False,,2,1.0,3.756468560397542e-18,1,2011-03-23,working,1,True,0.8888888888888888,bike,0.001
18,0,0,0.8503636100965088,False,,2,1.0,5.301446058475154e-16,1,2011-03-24,working,1,True,0.8947368421052632,bike,0.001
19,0,0,0.8931553448646862,False,,2,0.9999999999996874,9.319689734443431e-12,1,2011-03-25,working,1,True,0.9,bike,0.001
20,1,1,0.9509743023610777,False,,2,0.9999990691685026,1.3857462672720053e-05,0,2011-03-26,weekend,0,True,0.9047619047619048,bike,0.001
21,1,1,0.17295983961018044,False,,2,0.9999999999983622,4.608988462327629e-11,0,2011-03-27,weekend,0,True,0.9090909090909091,bike,0.001
22,0,0,0.35671539187678913,False,,2,1.0,1.7471803913522563e-17,1,2011-03-28,working,1,True,0.9130434782608695,bike,0.001
23,0,0,0.6984534783223061,False,,2,1.0,1.6553137750700023e-18,1,2011-03-29,working,1,True,0.9166666666666666,bike,0.001
24,0,0,0.1436567800252676,False,,2,1.0,1.1485372366928573e-16,1,2011-03-30,working,1,True,0.92,bike,0.001
25,0,0,0.82717415606133,False,,2,1.0,6.893601384555414e-20,1,2011-03-31,working,1,True,0.9230769230769231,bike,0.001
26,0,0,0.8444560911330826,False,,2,1.0,2.096668294995395e-15,1,2011-04-01,working,1,True,0.9259259259259259,bike,0.001
27,1,1,0.9869000165572618,False,,2,0.9999997415739067,4.1784025942602386e-06,0,2011-04-02,weekend,0,True,0.9285714285714286,bike,0.001
28,1,1,0.4127512095509891,False,,2,0.9999989955659672,1.4876758651370577e-05,0,2011-04-03,weekend,0,True,0.9310344827586207,bike,0.001
29,0,0,0.44195467366224234,False,,2,1.0,1.043127466468586e-20,1,2011-04-04,working,1,True,0.9333333333333333,bike,0.001
30,0,0,0.005727694412587545,False,,2,0.9999999999969873,8.296904526606197e-11,1,2011-04-05,working,1,True,0.9666666666666667,bike,0.001
31,0,0,0.49080458246945646,False,,2,1.0,5.453063128441224e-20,1,2011-04-06,working,1,True,0.9666666666666667,bike,0.001
32,0,0,0.5735818540100099,False,,2,0.9999999999999964,1.3569944409941472e-13,1,2011-04-07,working,1,True,0.9666666666666667,bike,0.001
33,0,0,0.018643615064671604,False,,2,1.0,6.405402968702013e-19,1,2011-04-08,working,1,True,0.9666666666666667,bike,0.001
34,1,1,0.9736411560342347,False,,2,0.9999995471076626,7.068567514972216e-06,0,2011-04-09,weekend,0,True,0.9666666666666667,bike,0.001
35,1,1,0.8352225268082438,False,,2,0.9999999999953744,1.2535026718524631e-10,0,2011-04-10,weekend,0,True,0.9666666666666667,bike,0.001
36,0,0,0.12046939822153716,False,,2,1.0,1.4121519611299775e-20,1,2011-04-11,working,1,True,0.9666666666666667,bike,0.001
37,0,0,0.03727335177088377,False,,2,0.9999999999999964,7.834930070786808e-14,1,2011-04-12,working,1,True,1.0,bike,0.001
38,0,0,0.39348231120157867,False,,2,1.0,2.1919977441760296e-17,1,2011-04-13,working,1,True,1.0,bike,0.001
39,0,0,0.8368195591646301,False,,2,1.0,1.931238607940037e-17,1,2011-04-14,working,1,True,1.0,bike,0.001
40,0,0,0.803854428728454,False,,2,0.9999999989963477,2.1798949121285224e-08,0,2011-04-15,holiday,1,False,0.9666666666666667,bike,0.001
41,-1,1,2.33124825894697e-07,True,,2,0.9993330432355441,0.005544045945539202,0,2011-04-16,weekend,-1,False,0.9333333333333333,bike,0.001
42,1,1,0.6937208227999176,False,,2,0.9999999992152979,1.7236529927256417e-08,0,2011-04-17,weekend,0,True,0.9333333333333333,bike,0.001
43,0,0,0.9091960340769096,False,,2,0.9999999983698267,3.46160386641112e-08,1,2011-04-18,working,1,True,0.9333333333333333,bike,0.001
44,0,0,0.4663836821440843,False,,2,1.0,2.2592580283695017e-16,1,2011-04-19,working,1,True,0.9333333333333333,bike,0.001
45,0,0,0.6024157936077694,False,,2,1.0,5.352118516359786e-20,1,2011-04-20,working,1,True,0.9333333333333333,bike,0.001
46,0,0,0.7198312346190596,False,,2,0.9999999986121075,2.96946582411133e-08,1,2011-04-21,working,1,True,0.9333333333333333,bike,0.001
47,0,0,0.002589436300046838,False,,2,1.0,2.7571390063644835e-18,1,2011-04-22,working,1,True,0.9333333333333333,bike,0.001
48,1,1,0.07724206379584941,False,,2,0.999667151886228,0.002998181922993546,0,2011-04-23,weekend,0,True,0.9333333333333333,bike,0.001
49,1,1,0.6237795975856602,False,,2,0.9999999998950209,2.5171248061813482e-09,0,2011-04-24,weekend,0,True,0.9333333333333333,bike,0.001
50,0,0,0.9295701806413382,False,,2,1.0,1.4125247127932907e-15,1,2011-04-25,working,1,True,0.9333333333333333,bike,0.001
51,0,0,0.6257416830047873,False,,2,0.9999999999997513,7.498570718429368e-12,1,2011-04-26,working,1,True,0.9333333333333333,bike,0.001
52,0,0,0.7447031852120085,False,,2,1.0,3.3794581321803246e-15,1,2011-04-27,working,1,True,0.9333333333333333,bike,0.001
53,0,0,0.08953462742162474,False,,2,0.999999999999968,1.0328386426323426e-12,1,2011-04-28,working,1,True,0.9333333333333333,bike,0.001
54,0,0,0.8139317494170426,False,,2,0.9999999996636042,7.674139174469847e-09,1,2011-04-29,working,1,True,0.9333333333333333,bike,0.001
55,1,1,0.9908867178698577,False,,2,0.9999999994149942,1.3021871507279427e-08,0,2011-04-30,weekend,0,True,0.9333333333333333,bike,0.001
56,1,1,0.8765982934005077,False,,2,0.9999999991812771,1.794909718976471e-08,0,2011-05-01,weekend,0,True,0.9333333333333333,bike,0.001
57,0,0,0.03388365534101155,False,,2,0.9995610405830263,0.003832503786121321,1,2011-05-02,working,1,True,0.9333333333333333,bike,0.001
58,0,0,0.5554556071313654,False,,2,1.0,5.443534726173303e-21,1,2011-05-03,working,1,True,0.9333333333333333,bike,0.001
59,0,0,0.24449532578794733,False,,2,0.999999960766634,7.083088979456255e-07,1,2011-05-04,working,1,True,0.9333333333333333,bike,0.001
60,0,0,0.7293031199774198,False,,2,1.0,8.343983241516888e-19,1,2011-05-05,working,1,True,0.9333333333333333,bike,0.001
61,0,0,0.19580673098286508,False,,2,0.999999998744034,2.6997470885095866e-08,1,2011-05-06,working,1,True,0.9333333333333333,bike,0.001
62,1,1,0.8893782646185041,False,,2,0.9999999322616292,1.185937170046882e-06,0,2011-05-07,weekend,0,True,0.9333333333333333,bike,0.001
63,1,1,0.6566694709737886,False,,2,0.9999999998792468,2.8784078305015993e-09,0,2011-05-08,weekend,0,True,0.9333333333333333,bike,0.001
64,0,0,0.6004467542002734,False,,2,0.9999999999984297,4.42923643136356e-11,1,2011-05-09,working,1,True,0.9333333333333333,bike,0.001
65,0,0,0.35186735241012784,False,,2,1.0,4.3061292421739386e-21,1,2011-05-10,working,1,True,0.9333333333333333,bike,0.001
66,0,0,0.6228826219126882,False,,2,1.0,1.2942705299939407e-16,1,2011-05-11,working,1,True,0.9333333333333333,bike,0.001
67,0,0,0.8289842717197604,False,,2,1.0,5.960583188960988e-14,1,2011-05-12,working,1,True,0.9333333333333333,bike,0.001
68,0,0,0.7668921847526784,False,,2,0.9999999999091571,2.1913093342892872e-09,1,2011-05-13,working,1,True,0.9333333333333333,bike,0.001
69,1,1,0.29652330053235904,False,,2,0.9999999990168646,2.1373625570504916e-08,0,2011-05-14,weekend,0,True,0.9333333333333333,bike,0.001
70,1,1,0.9653027335376381,False,,2,0.9999999716772874,5.205601815322352e-07,0,2011-05-15,weekend,0,True,0.9666666666666667,bike,0.001
71,0,0,0.8949429863991878,False,,2,1.0,3.667859007190286e-14,1,2011-05-16,working,1,True,1.0,bike,0.001
72,0,0,0.8885912171557919,False,,2,0.9999999999999467,1.6839549636629252e-12,1,2011-05-17,working,1,True,1.0,bike,0.001
73,0,0,0.004653052393715988,False,,2,1.0,7.447562578024877e-21,1,2011-05-18,working,1,True,1.0,bike,0.001
74,0,0,0.6582822801135622,False,,2,1.0,1.2098704746983757e-18,1,2011-05-19,working,1,True,1.0,bike,0.001
75,0,0,0.6729554051442126,False,,2,0.9999999999999964,9.512508050030533e-14,1,2011-05-20,working,1,True,1.0,bike,0.001
76,1,1,0.8687465416259065,False,,2,0.9999998582390356,2.3772071246645476e-06,0,2011-05-21,weekend,0,True,1.0,bike,0.001
77,1,1,0.8289778812492599,False,,2,0.9999999977444052,4.716414125377525e-08,0,2011-05-22,weekend,0,True,1.0,bike,0.001
78,0,0,0.7952415995879688,False,,2,1.0,2.5272709859480315e-16,1,2011-05-23,working,1,True,1.0,bike,0.001
79,0,0,0.43033226337895364,False,,2,1.0,1.2321456649056232e-17,1,2011-05-24,working,1,True,1.0,bike,0.001
80,0,0,0.5743634799846511,False,,2,1.0,3.9915185078845567e-20,1,2011-05-25,working,1,True,1.0,bike,0.001
81,0,0,0.5317090891844902,False,,2,1.0,7.352875934382493e-17,1,2011-05-26,working,1,True,1.0,bike,0.001
82,0,0,0.4624473350258417,False,,2,0.9999966993244351,4.4959761867272504e-05,1,2011-05-27,working,1,True,1.0,bike,0.001
83,1,1,0.8894834342075058,False,,2,0.999999886886836,1.9223443177422545e-06,0,2011-05-28,weekend,0,True,1.0,bike,0.001
84,1,1,0.896187421704474,False,,2,0.9999999966309812,6.909400507366842e-08,0,2011-05-29,weekend,0,True,1.0,bike,0.001
85,1,1,0.9748720198567532,False,,2,0.9999999976890184,4.826620618582501e-08,0,2011-05-30,holiday,0,True,1.0,bike,0.001
86,0,0,0.5636370136604087,False,,2,1.0,6.220633354604118e-17,1,2011-05-31,working,1,True,1.0,bike,0.001
87,0,0,0.49832489164843785,False,,2,1.0,2.0087137143559393e-19,1,2011-06-01,working,1,True,1.0,bike,0.001
88,0,0,0.5676011470652511,False,,2,1.0,1.4228269891040906e-18,1,2011-06-02,working,1,True,1.0,bike,0.001
89,0,0,0.7536461882619259,False,,2,0.9999999999999218,2.4506143443992702e-12,1,2011-06-03,working,1,True,1.0,bike,0.001
90,1,1,0.949189271170019,False,,2,0.9999998896284453,1.878459110065008e-06,0,2011-06-04,weekend,0,True,1.0,bike,0.001
91,1,1,0.8316697210402116,False,,2,0.9999999996983586,6.914166473295171e-09,0,2011-06-05,weekend,0,True,1.0,bike,0.001
92,0,0,0.5889667265315186,False,,2,1.0,1.2094441180745062e-19,1,2011-06-06,working,1,True,1.0,bike,0.001
93,0,0,0.25163225087273167,False,,2,1.0,7.083004141008038e-28,1,2011-06-07,working,1,True,1.0,bike,0.001
94,0,0,0.2974445992876714,False,,2,1.0,2.0137332934747186e-19,1,2011-06-08,working,1,True,1.0,bike,0.001
95,0,0,0.28447628092807914,False,,2,1.0,2.432362642143666e-20,1,2011-06-09,working,1,True,1.0,bike,0.001
96,0,0,0.49990463341289537,False,,2,0.9999999999999503,1.5249691020180965e-12,1,2011-06-10,working,1,True,1.0,bike,0.001
97,1,1,0.9699319972309488,False,,2,0.999999581128505,6.570293214777181e-06,0,2011-06-11,weekend,0,True,1.0,bike,0.001
98,1,1,0.9590350366699134,False,,2,0.9999999998710152,3.0661353145350594e-09,0,2011-06-12,weekend,0,True,1.0,bike,0.001
99,0,0,0.6953244833279995,False,,2,1.0,8.811832366302259e-18,1,2011-06-13,working,1,True,1.0,bike,0.001
100,0,0,0.2799509684008494,False,,2,1.0,1.774633052901638e-21,1,2011-06-14,working,1,True,1.0,bike,0.001
101,0,0,0.1973592605388887,False,,2,1.0,2.645716818772317e-21,1,2011-06-15,working,1,True,1.0,bike,0.001
102,0,0,0.7850702340184803,False,,2,1.0,7.123622502302491e-18,1,2011-06-16,working,1,True,1.0,bike,0.001
103,0,0,0.7670660261764366,False,,2,0.9999999999999893,3.0769756293468033e-13,1,2011-06-17,working,1,True,1.0,bike,0.001
104,1,1,0.7570461530452955,False,,2,0.9999999517514084,8.610877394320558e-07,0,2011-06-18,weekend,0,True,1.0,bike,0.001
105,1,1,0.9837458200295343,False,,2,0.9999999669141145,6.029624449137432e-07,0,2011-06-19,weekend,0,True,1.0,bike,0.001
106,0,0,0.2208794498259555,False,,2,1.0,5.093992318786781e-14,1,2011-06-20,working,1,True,1.0,bike,0.001
107,0,0,0.7625994937371114,False,,2,1.0,8.745704583179992e-21,1,2011-06-21,working,1,True,1.0,bike,0.001
108,0,0,0.8068206363516275,False,,2,1.0,5.672948807796875e-18,1,2011-06-22,working,1,True,1.0,bike,0.001
109,0,0,0.5533036220464429,False,,2,1.0,2.055740553589492e-17,1,2011-06-23,working,1,True,1.0,bike,0.001
110,0,0,0.8002301829823977,False,,2,0.9999999999968097,8.767429864448334e-11,1,2011-06-24,working,1,True,1.0,bike,0.001
111,1,1,0.9817666754229998,False,,2,0.9999999978030623,4.599554184390532e-08,0,2011-06-25,weekend,0,True,1.0,bike,0.001
112,1,1,0.9727945876714595,False,,2,0.9999999996676525,7.585766566195568e-09,0,2011-06-26,weekend,0,True,1.0,bike,0.001
113,0,0,0.7248117879579421,False,,2,1.0,1.0922751174605074e-19,1,2011-06-27,working,1,True,1.0,bike,0.001
114,0,0,0.6587094078723388,False,,2,1.0,1.4581561222290023e-20,1,2011-06-28,working,1,True,1.0,bike,0.001
115,0,0,0.579252282700786,False,,2,1.0,1.0746433780695702e-15,1,2011-06-29,working,1,True,1.0,bike,0.001
116,0,0,0.6897216076210617,False,,2,1.0,8.841603573795919e-16,1,2011-06-30,working,1,True,1.0,bike,0.001
117,0,0,0.8429381005567506,False,,2,0.999999999152994,1.8540357697478336e-08,1,2011-07-01,working,1,True,1.0,bike,0.001
118,1,1,0.995605029458507,False,,2,0.9999999812159415,3.529572926472235e-07,0,2011-07-02,weekend,0,True,1.0,bike,0.001
119,-1,1,3.3989153728538636e-05,True,,2,0.9999999918401343,1.6012957383155477e-07,0,2011-07-03,weekend,-1,False,0.9666666666666667,bike,0.001
120,1,1,0.1565138430267319,False,,2,0.9999999503092502,8.853622903039563e-07,0,2011-07-04,holiday,0,True,0.9666666666666667,bike,0.001
121,0,0,0.7980583646261163,False,,2,0.9999999999997549,7.338743392726944e-12,1,2011-07-05,working,1,True,0.9666666666666667,bike,0.001
122,0,0,0.14349444215698334,False,,2,1.0,3.315552198912911e-21,1,2011-07-06,working,1,True,0.9666666666666667,bike,0.001
123,0,0,0.4025918528963295,False,,2,1.0,2.0380743047523053e-19,1,2011-07-07,working,1,True,0.9666666666666667,bike,0.001
124,0,0,0.6105065887399628,False,,2,0.9999999999999964,7.43577538614773e-14,1,2011-07-08,working,1,True,0.9666666666666667,bike,0.001
125,1,1,0.7881855382321856,False,,2,0.9999922089329655,9.943371770237946e-05,0,2011-07-09,weekend,0,True,0.9666666666666667,bike,0.001
126,1,1,0.7099508995744128,False,,2,0.9999999951287482,9.810660749511282e-08,0,2011-07-10,weekend,0,True,0.9666666666666667,bike,0.001
127,0,0,0.5000341729855824,False,,2,1.0,7.70992837551955e-19,1,2011-07-11,working,1,True,0.9666666666666667,bike,0.001
128,0,0,0.7360568139439698,False,,2,1.0,1.895847724626478e-21,1,2011-07-12,working,1,True,0.9666666666666667,bike,0.001
129,0,0,0.2756659395473938,False,,2,1.0,9.128699724459989e-26,1,2011-07-13,working,1,True,0.9666666666666667,bike,0.001
130,0,0,0.6437930404062002,False,,2,1.0,6.121589239167751e-17,1,2011-07-14,working,1,True,0.9666666666666667,bike,0.001
131,0,0,0.6875312906686846,False,,2,0.9999999999907168,2.451434834403952e-10,1,2011-07-15,working,1,True,0.9666666666666667,bike,0.001
132,1,1,0.9968474514632328,False,,2,0.9999999823276645,3.3314587963350237e-07,0,2011-07-16,weekend,0,True,0.9666666666666667,bike,0.001
133,1,1,0.7892172581112514,False,,2,0.9999999972559515,5.6839774572083325e-08,0,2011-07-17,weekend,0,True,0.9666666666666667,bike,0.001
134,0,0,0.6791389411473236,False,,2,1.0,1.9626337964767627e-14,1,2011-07-18,working,1,True,0.9666666666666667,bike,0.001
135,0,0,0.5008637128834723,False,,2,1.0,1.4723859179430639e-18,1,2011-07-19,working,1,True,0.9666666666666667,bike,0.001
136,0,0,0.58110730790222,False,,2,1.0,5.194581123341777e-21,1,2011-07-20,working,1,True,0.9666666666666667,bike,0.001
137,0,0,0.35155601654999324,False,,2,1.0,4.128096603736592e-18,1,2011-07-21,working,1,True,0.9666666666666667,bike,0.001
138,0,0,0.6432390671515338,False,,2,0.9999999999999929,2.2124227682426922e-13,1,2011-07-22,working,1,True,0.9666666666666667,bike,0.001
139,1,1,0.6910956483330986,False,,2,0.9999999501859852,8.874351532905444e-07,0,2011-07-23,weekend,0,True,0.9666666666666667,bike,0.001
140,1,1,0.5377745035081978,False,,2,0.9999999899015695,1.9601948542473915e-07,0,2011-07-24,weekend,0,True,0.9666666666666667,bike,0.001
141,0,0,0.19774193356161837,False,,2,1.0,8.769626828135055e-24,1,2011-07-25,working,1,True,0.9666666666666667,bike,0.001
142,0,0,0.7362092962137186,False,,2,1.0,2.333345833748484e-21,1,2011-07-26,working,1,True,0.9666666666666667,bike,0.001
143,0,0,0.38805577548561565,False,,2,1.0,4.574467770504169e-22,1,2011-07-27,working,1,True,0.9666666666666667,bike,0.001
144,0,0,0.5722266857720697,False,,2,1.0,5.3723851131632423e-17,1,2011-07-28,working,1,True,0.9666666666666667,bike,0.001
145,0,0,0.5775484792263421,False,,2,0.999999999994408,1.504991323228872e-10,1,2011-07-29,working,1,True,0.9666666666666667,bike,0.001
146,1,1,0.908647217160417,False,,2,0.9999999943725104,1.1252504491639445e-07,0,2011-07-30,weekend,0,True,0.9666666666666667,bike,0.001
147,1,1,0.5612534480338582,False,,2,0.9999999865358228,2.574785958804533e-07,0,2011-07-31,weekend,0,True,0.9666666666666667,bike,0.001
148,0,0,0.5410394823455948,False,,2,1.0,3.9125920090424706e-19,1,2011-08-01,working,1,True,0.9666666666666667,bike,0.001
149,0,0,0.7041957954225342,False,,2,1.0,1.226819314098191e-20,1,2011-08-02,working,1,True,1.0,bike,0.001
150,0,0,0.1610461727592165,False,,2,1.0,2.480199522973749e-16,1,2011-08-03,working,1,True,1.0,bike,0.001
151,0,0,0.6422690601007679,False,,2,1.0,7.375867179432504e-20,1,2011-08-04,working,1,True,1.0,bike,0.001
152,0,0,0.7588991278764127,False,,2,0.9999999999995239,1.3952131622110627e-11,1,2011-08-05,working,1,True,1.0,bike,0.001
153,1,1,0.3885620568800812,False,,2,0.9999999909465558,1.76724319277605e-07,0,2011-08-06,weekend,0,True,1.0,bike,0.001
154,1,1,0.3661796539740643,False,,2,0.9999999809514828,3.576602352964213e-07,0,2011-08-07,weekend,0,True,1.0,bike,0.001
155,0,0,0.6155188855599418,False,,2,1.0,1.2634358275770576e-20,1,2011-08-08,working,1,True,1.0,bike,0.001
156,0,0,0.736534413614943,False,,2,1.0,1.0505940521723722e-18,1,2011-08-09,working,1,True,1.0,bike,0.001
157,0,0,0.6270655475997537,False,,2,1.0,6.870604682569143e-17,1,2011-08-10,working,1,True,1.0,bike,0.001
158,0,0,0.7591614082138987,False,,2,0.9999999999999929,1.865939264476037e-13,1,2011-08-11,working,1,True,1.0,bike,0.001
159,0,0,0.7648583763533419,False,,2,0.9999999999868585,3.423776582288159e-10,1,2011-08-12,working,1,True,1.0,bike,0.001
160,1,1,0.6479259967862847,False,,2,0.9999996996216705,4.8115270325632644e-06,0,2011-08-13,weekend,0,True,1.0,bike,0.001
161,1,1,0.05772416335145973,False,,2,0.9999999997887166,4.918215293767277e-09,0,2011-08-14,weekend,0,True,1.0,bike,0.001
162,0,0,0.8029667394439568,False,,2,1.0,1.3398109323425515e-19,1,2011-08-15,working,1,True,1.0,bike,0.001
163,0,0,0.510281986824646,False,,2,1.0,8.383836510590281e-21,1,2011-08-16,working,1,True,1.0,bike,0.001
164,0,0,0.5913759238511438,False,,2,1.0,7.936098788175922e-21,1,2011-08-17,working,1,True,1.0,bike,0.001
165,0,0,0.47952433136505246,False,,2,0.9999999999999893,3.1242498363215404e-13,1,2011-08-18,working,1,True,1.0,bike,0.001
166,0,0,0.1293198995063813,False,,2,0.9999999999953886,1.2500145286909444e-10,1,2011-08-19,working,1,True,1.0,bike,0.001
167,1,1,0.5985761580414013,False,,2,0.9999999438996772,9.927582696718873e-07,0,2011-08-20,weekend,0,True,1.0,bike,0.001
168,1,1,0.007910123294628105,False,,2,0.9999220814939918,0.0008150126212159425,0,2011-08-21,weekend,0,True,1.0,bike,0.001
169,0,0,0.8178922519652282,False,,2,1.0,4.4766319898338045e-14,1,2011-08-22,working,1,True,1.0,bike,0.001
170,0,0,0.35258027853812124,False,,2,1.0,2.364156613534263e-15,1,2011-08-23,working,1,True,1.0,bike,0.001
171,0,0,0.46223177774579416,False,,2,1.0,1.329502385811021e-19,1,2011-08-24,working,1,True,1.0,bike,0.001
172,0,0,0.07296073785116383,False,,2,1.0,5.727769001646547e-25,1,2011-08-25,working,1,True,1.0,bike,0.001
173,0,0,0.8427836394254992,False,,2,0.9999999995139994,1.0908216160348062e-08,1,2011-08-26,working,1,True,1.0,bike,0.001
174,0,0,0.6027041159912185,False,,2,1.0,3.906067822874338e-14,1,2011-08-29,working,1,True,1.0,bike,0.001
175,0,0,0.6840865424858886,False,,2,1.0,2.405236899042251e-19,1,2011-08-30,working,1,True,1.0,bike,0.001
176,0,0,0.7603294962429998,False,,2,1.0,1.1116836367333071e-18,1,2011-08-31,working,1,True,1.0,bike,0.001
177,0,0,0.6974266245937581,False,,2,0.9999999999996838,9.424243290370319e-12,1,2011-09-01,working,1,True,1.0,bike,0.001
178,0,0,0.5449384692928618,False,,2,0.9999997153267707,4.575246418456813e-06,1,2011-09-02,working,1,True,1.0,bike,0.001
179,1,1,0.976899572078649,False,,2,0.9999999967324467,6.711302365983421e-08,0,2011-09-03,weekend,0,True,1.0,bike,0.001
180,1,1,0.010398686303516995,False,,2,0.9999999929647636,1.3910302866004007e-07,0,2011-09-04,weekend,0,True,1.0,bike,0.001
181,1,1,0.1350243961269521,False,,2,0.9999999748954028,4.6444043687646246e-07,0,2011-09-05,holiday,0,True,1.0,bike,0.001
182,0,0,0.0026419315273708745,False,,2,1.0,5.104113188999904e-44,1,2011-09-06,working,1,True,1.0,bike,0.001
183,-1,0,1.592405067922184e-05,True,,2,1.0,5.654545825397058e-33,1,2011-09-07,working,-1,False,0.9666666666666667,bike,0.001
184,0,0,0.15653777170613134,False,,2,1.0,4.475576679856186e-21,1,2011-09-08,working,1,True,0.9666666666666667,bike,0.001
185,0,0,0.04761253672222969,False,,2,1.0,2.339308189689751e-18,1,2011-09-09,working,1,True,0.9666666666666667,bike,0.001
186,1,1,0.3173494930824513,False,,2,0.9999999957539458,8.60984210354843e-08,0,2011-09-10,weekend,0,True,0.9666666666666667,bike,0.001
187,1,1,0.5679150411007594,False,,2,0.9999999831033347,3.1928189949599924e-07,0,2011-09-11,weekend,0,True,0.9666666666666667,bike,0.001
188,0,0,0.036603865621642445,False,,2,1.0,4.8069275494917845e-29,1,2011-09-12,working,1,True,0.9666666666666667,bike,0.001
189,0,0,0.49610019375134684,False,,2,1.0,6.752788828515988e-24,1,2011-09-13,working,1,True,0.9666666666666667,bike,0.001
190,0,0,0.6664361168089201,False,,2,1.0,2.8630195076306914e-22,1,2011-09-14,working,1,True,0.9666666666666667,bike,0.001
191,0,0,0.7782632168306627,False,,2,1.0,1.7083536826808288e-16,1,2011-09-15,working,1,True,0.9666666666666667,bike,0.001
192,0,0,0.6444902044555945,False,,2,0.9999999999996518,1.0298323496141691e-11,1,2011-09-16,working,1,True,0.9666666666666667,bike,0.001
193,1,1,0.5319401961811847,False,,2,0.9999999981740668,3.8565854849059436e-08,0,2011-09-17,weekend,0,True,0.9666666666666667,bike,0.001
194,1,1,0.013887323570573037,False,,2,0.9999999931961447,1.347556437675983e-07,0,2011-09-18,weekend,0,True,0.9666666666666667,bike,0.001
195,0,0,0.6869499536193935,False,,2,1.0,3.744639306299066e-17,1,2011-09-19,working,1,True,0.9666666666666667,bike,0.001
196,0,0,0.006858021302037215,False,,2,1.0,1.8278355736825072e-21,1,2011-09-20,working,1,True,0.9666666666666667,bike,0.001
197,0,0,0.7004818828475671,False,,2,1.0,2.1293376678070066e-17,1,2011-09-21,working,1,True,0.9666666666666667,bike,0.001
198,0,0,0.49215433886582705,False,,2,1.0,3.179794920385164e-17,1,2011-09-22,working,1,True,0.9666666666666667,bike,0.001
199,-1,0,2.6499736979961264e-07,True,,2,1.0,6.601957675526502e-28,1,2011-09-23,working,-1,False,0.9333333333333333,bike,0.001
200,1,1,0.7031040090240692,False,,2,0.9999999965532229,7.061008549249763e-08,0,2011-09-24,weekend,0,True,0.9333333333333333,bike,0.001
201,1,1,0.054072363172415705,False,,2,0.9999999999698801,7.597973055135582e-10,0,2011-09-25,weekend,0,True,0.9333333333333333,bike,0.001
202,0,0,0.8250134637419057,False,,2,1.0,1.5348775448219327e-16,1,2011-09-26,working,1,True,0.9333333333333333,bike,0.001
203,0,0,0.7948124621955648,False,,2,1.0,1.2264666017416116e-15,1,2011-09-27,working,1,True,0.9333333333333333,bike,0.001
204,0,0,0.33061327631066756,False,,2,0.9999999999999467,1.6378952215370895e-12,1,2011-09-28,working,1,True,0.9333333333333333,bike,0.001
205,0,0,0.6006712685084175,False,,2,1.0,1.0101679813849434e-17,1,2011-09-29,working,1,True,0.9333333333333333,bike,0.001
206,0,0,0.7359760842977007,False,,2,0.9999999999985114,4.1983508569728126e-11,1,2011-09-30,working,1,True,0.9333333333333333,bike,0.001
207,1,1,0.16474502487089818,False,,2,0.9999999996953122,6.980935121705088e-09,0,2011-10-01,weekend,0,True,0.9333333333333333,bike,0.001
208,1,1,0.8525925349888636,False,,2,0.9999990352336976,1.4328110452922974e-05,0,2011-10-02,weekend,0,True,0.9333333333333333,bike,0.001
209,0,0,0.6946213231147058,False,,2,1.0,2.347866660807925e-22,1,2011-10-03,working,1,True,0.9333333333333333,bike,0.001
210,0,0,0.592558050814679,False,,2,1.0,1.658913796607044e-20,1,2011-10-04,working,1,True,0.9333333333333333,bike,0.001
211,0,0,0.581788195322269,False,,2,1.0,8.879998826680395e-20,1,2011-10-05,working,1,True,0.9333333333333333,bike,0.001
212,0,0,0.6622953338144699,False,,2,1.0,2.9360806395570086e-14,1,2011-10-06,working,1,True,0.9333333333333333,bike,0.001
213,0,0,0.6776689364625288,False,,2,0.9999999998226343,4.159751516712126e-09,1,2011-10-07,working,1,True,0.9666666666666667,bike,0.001
214,1,1,0.9889702352906936,False,,2,0.9999999936510457,1.2618531085347916e-07,0,2011-10-08,weekend,0,True,0.9666666666666667,bike,0.001
215,1,1,0.9999761337386053,False,,2,0.9999999999510125,1.211917058911424e-09,0,2011-10-09,weekend,0,True,0.9666666666666667,bike,0.001
216,0,0,0.9717302921475046,False,,2,0.8595440697073312,0.4057902682753398,0,2011-10-10,holiday,1,False,0.9333333333333333,bike,0.001
217,0,0,0.4727943842469514,False,,2,1.0,3.40124927025319e-21,1,2011-10-11,working,1,True,0.9333333333333333,bike,0.001
218,0,0,0.054811329255000485,False,,2,1.0,8.8697234378429e-27,1,2011-10-12,working,1,True,0.9333333333333333,bike,0.001
219,0,0,0.9004073909646484,False,,2,0.9999999999990763,2.6478658144433648e-11,1,2011-10-13,working,1,True,0.9333333333333333,bike,0.001
220,0,0,0.6355837506455897,False,,2,0.9999999999939746,1.6167067881295612e-10,1,2011-10-14,working,1,True,0.9333333333333333,bike,0.001
221,1,1,0.8895729897297926,False,,2,0.9999999977589109,4.687530615781519e-08,0,2011-10-15,weekend,0,True,0.9333333333333333,bike,0.001
222,1,1,0.620739775169767,False,,2,0.999999999914218,2.074157880284967e-09,0,2011-10-16,weekend,0,True,0.9333333333333333,bike,0.001
223,0,0,0.48750200566623414,False,,2,1.0,8.201490676082382e-18,1,2011-10-17,working,1,True,0.9333333333333333,bike,0.001
224,0,0,0.15662044754400167,False,,2,1.0,6.863957829610335e-23,1,2011-10-18,working,1,True,0.9333333333333333,bike,0.001
225,0,0,0.43087025662289197,False,,2,0.9999999999829932,4.387633456548015e-10,1,2011-10-19,working,1,True,0.9333333333333333,bike,0.001
226,0,0,0.40288225377414566,False,,2,1.0,5.629182757142311e-22,1,2011-10-20,working,1,True,0.9333333333333333,bike,0.001
227,0,0,0.7295723386857531,False,,2,0.9999999990386073,2.0922459377053164e-08,1,2011-10-21,working,1,True,0.9333333333333333,bike,0.001
228,1,1,0.9980121954892469,False,,2,0.9999999975472713,5.108068833803748e-08,0,2011-10-22,weekend,0,True,0.9333333333333333,bike,0.001
229,1,1,0.13725314603424438,False,,2,0.9999999998990461,2.4245424712049003e-09,0,2011-10-23,weekend,0,True,0.9666666666666667,bike,0.001
230,0,0,0.5569632659831179,False,,2,1.0,3.284565931909232e-14,1,2011-10-24,working,1,True,0.9666666666666667,bike,0.001
231,0,0,0.6859498608816381,False,,2,1.0,4.0989527865353316e-19,1,2011-10-25,working,1,True,0.9666666666666667,bike,0.001
232,0,0,0.3237679669865534,False,,2,1.0,7.561687383101757e-26,1,2011-10-26,working,1,True,0.9666666666666667,bike,0.001
233,0,0,0.4373193678598438,False,,2,1.0,4.076690713428512e-16,1,2011-10-27,working,1,True,0.9666666666666667,bike,0.001
234,0,0,0.44190997973854446,False,,2,0.9999999999994174,1.6988532291941377e-11,1,2011-10-28,working,1,True,0.9666666666666667,bike,0.001
235,-1,1,2.4491332044630818e-05,True,,2,0.9970939400001202,0.019876005005049432,0,2011-10-29,weekend,-1,False,0.9333333333333333,bike,0.001
236,1,1,0.384196541852284,False,,2,0.9999999993759392,1.38509004417942e-08,0,2011-10-30,weekend,0,True,0.9333333333333333,bike,0.001
237,0,0,0.6191978791992585,False,,2,1.0,2.9854673149574353e-18,1,2011-10-31,working,1,True,0.9333333333333333,bike,0.001
238,0,0,0.7458008298561063,False,,2,1.0,8.504029121565811e-19,1,2011-11-01,working,1,True,0.9333333333333333,bike,0.001
239,0,0,0.34860404050982036,False,,2,1.0,3.467439799202325e-24,1,2011-11-02,working,1,True,0.9333333333333333,bike,0.001
240,0,0,0.5461709658833103,False,,2,1.0,9.601782969397179e-17,1,2011-11-03,working,1,True,0.9333333333333333,bike,0.001
241,0,0,0.8549504618235454,False,,2,0.9999999999851745,3.8448799121994657e-10,1,2011-11-04,working,1,True,0.9333333333333333,bike,0.001
242,1,1,0.5864081433450257,False,,2,0.9999999749022649,4.6432036659219834e-07,0,2011-11-05,weekend,0,True,0.9333333333333333,bike,0.001
243,1,1,0.651421924305934,False,,2,0.9999999997477023,5.828185075510524e-09,0,2011-11-06,weekend,0,True,0.9333333333333333,bike,0.001
244,0,0,0.3869819909294491,False,,2,1.0,3.9439107666667944e-25,1,2011-11-07,working,1,True,0.9333333333333333,bike,0.001
245,0,0,0.23447896441275348,False,,2,1.0,2.80817333609086e-25,1,2011-11-08,working,1,True,0.9333333333333333,bike,0.001
246,0,0,0.55214793008337,False,,2,1.0,2.376626459987325e-23,1,2011-11-09,working,1,True,0.9666666666666667,bike,0.001
247,0,0,0.29871077593700046,False,,2,1.0,4.8874951215578985e-25,1,2011-11-10,working,1,True,0.9666666666666667,bike,0.001
248,0,0,0.8636896768961551,False,,2,0.9982992545930773,0.012544422250620486,0,2011-11-11,holiday,1,False,0.9333333333333333,bike,0.001
249,1,1,0.5258400022707408,False,,2,0.9999999996398898,8.190547723074713e-09,0,2011-11-12,weekend,0,True,0.9333333333333333,bike,0.001
250,1,1,0.7359579483555051,False,,2,0.9999999996815365,7.282486157545546e-09,0,2011-11-13,weekend,0,True,0.9333333333333333,bike,0.001
251,0,0,0.634904636306955,False,,2,1.0,8.185325193315476e-17,1,2011-11-14,working,1,True,0.9333333333333333,bike,0.001
252,0,0,0.6807165173775747,False,,2,1.0,9.138581781058537e-20,1,2011-11-15,working,1,True,0.9333333333333333,bike,0.001
253,0,0,0.2161118370234733,False,,2,1.0,4.4651977906729035e-15,1,2011-11-16,working,1,True,0.9333333333333333,bike,0.001
254,0,0,0.6683384289051246,False,,2,1.0,4.643731946665589e-20,1,2011-11-17,working,1,True,0.9333333333333333,bike,0.001
255,0,0,0.7100136355849949,False,,2,1.0,5.394516530823769e-15,1,2011-11-18,working,1,True,0.9333333333333333,bike,0.001
256,1,1,0.44375090945164997,False,,2,0.9999999665791967,6.087294390844004e-07,0,2011-11-19,weekend,0,True,0.9333333333333333,bike,0.001
257,1,1,0.08049555682974101,False,,2,0.9999999999778026,5.667518472178139e-10,0,2011-11-20,weekend,0,True,0.9333333333333333,bike,0.001
258,0,0,0.6678989927493866,False,,2,1.0,1.68220955703965e-20,1,2011-11-21,working,1,True,0.9333333333333333,bike,0.001
259,0,0,0.047910587509771126,False,,2,1.0,9.152692271856486e-28,1,2011-11-22,working,1,True,0.9333333333333333,bike,0.001
260,0,0,0.47105239471826643,False,,2,0.9999999999999964,1.3625909740549308e-13,1,2011-11-23,working,1,True,0.9333333333333333,bike,0.001
261,1,1,0.0028238570833525145,False,,2,0.9999765623350417,0.0002733102321268288,0,2011-11-24,holiday,0,True,0.9333333333333333,bike,0.001
262,1,1,0.36190755149702597,False,,2,0.9993000717748172,0.0057843347422811015,1,2011-11-25,working,0,False,0.9,bike,0.001
263,1,1,0.9005143826411608,False,,2,0.9999999997514362,5.74561691352318e-09,0,2011-11-26,weekend,0,True,0.9,bike,0.001
264,1,1,0.887848299923875,False,,2,0.9999999999229523,1.8712438011058265e-09,0,2011-11-27,weekend,0,True,0.9,bike,0.001
265,0,0,0.08350664394604483,False,,2,1.0,2.761671471714275e-28,1,2011-11-28,working,1,True,0.9333333333333333,bike,0.001
266,-1,0,1.194927520480393e-07,True,,2,1.0,1.0742595973821623e-38,1,2011-11-29,working,-1,False,0.9,bike,0.001
267,0,0,0.3479280515831178,False,,2,1.0,6.209792837178895e-24,1,2011-11-30,working,1,True,0.9,bike,0.001
268,0,0,0.22768972318906958,False,,2,1.0,6.587056773631663e-21,1,2011-12-01,working,1,True,0.9,bike,0.001
269,0,0,0.30081376420976663,False,,2,1.0,3.0307008915871423e-15,1,2011-12-02,working,1,True,0.9,bike,0.001
270,1,1,0.9744612623743606,False,,2,0.999999999990095,2.608913806977008e-10,0,2011-12-03,weekend,0,True,0.9,bike,0.001
271,1,1,0.06043064267691265,False,,2,0.9999999999926388,1.9606911332320583e-10,0,2011-12-04,weekend,0,True,0.9,bike,0.001
272,0,0,0.6034745834545483,False,,2,1.0,1.7509534710468916e-19,1,2011-12-05,working,1,True,0.9,bike,0.001
273,0,0,0.01715771998406969,False,,2,1.0,3.0735736038639653e-26,1,2011-12-06,working,1,True,0.9,bike,0.001
274,0,0,0.0023645332525497253,False,,2,0.9999987954644005,1.7621652187391186e-05,1,2011-12-07,working,1,True,0.9,bike,0.001
275,0,0,0.35855840234526953,False,,2,1.0,6.21454152763263e-23,1,2011-12-08,working,1,True,0.9,bike,0.001
276,0,0,0.6876055326906295,False,,2,0.9999999999998757,3.828746115343458e-12,1,2011-12-09,working,1,True,0.9,bike,0.001
277,1,1,0.2691429999801679,False,,2,0.9999999999542553,1.1348470473344044e-09,0,2011-12-10,weekend,0,True,0.9,bike,0.001
278,1,1,0.568664776501419,False,,2,0.9999999999703437,7.485819552020655e-10,0,2011-12-11,weekend,0,True,0.9333333333333333,bike,0.001
279,0,0,0.6286662151211042,False,,2,1.0,1.919142338099523e-20,1,2011-12-12,working,1,True,0.9333333333333333,bike,0.001
280,0,0,0.4737026402601666,False,,2,1.0,7.991388861876927e-26,1,2011-12-13,working,1,True,0.9333333333333333,bike,0.001
281,0,0,0.5220953332618388,False,,2,1.0,6.418406964370016e-24,1,2011-12-14,working,1,True,0.9333333333333333,bike,0.001
282,0,0,0.5433100821629155,False,,2,1.0,3.247700979878876e-18,1,2011-12-15,working,1,True,0.9333333333333333,bike,0.001
283,0,0,0.34677178870718023,False,,2,0.9999999999626432,9.342948315763152e-10,1,2011-12-16,working,1,True,0.9333333333333333,bike,0.001
284,1,1,0.8531716694746404,False,,2,0.9999999997591953,5.573899131222229e-09,0,2011-12-17,weekend,0,True,0.9333333333333333,bike,0.001
285,1,1,0.11346844766820013,False,,2,0.9999999999890079,2.883493615449934e-10,0,2011-12-18,weekend,0,True,0.9333333333333333,bike,0.001
286,0,0,0.810598718968842,False,,2,1.0,1.0635853794712543e-19,1,2011-12-19,working,1,True,0.9333333333333333,bike,0.001
287,0,0,0.5619829406792904,False,,2,1.0,3.4317109842400426e-20,1,2011-12-20,working,1,True,0.9333333333333333,bike,0.001
288,0,0,0.09063284170570665,False,,2,1.0,2.8014219907291006e-28,1,2011-12-21,working,1,True,0.9333333333333333,bike,0.001
289,-1,0,0.00030005968497682497,True,,2,0.9999999999999787,7.207374541088247e-13,1,2011-12-22,working,-1,False,0.9,bike,0.001
290,0,0,0.1941346945162276,False,,2,0.9999999897192353,1.9937480551662247e-07,1,2011-12-23,working,1,True,0.9,bike,0.001
291,1,1,0.1580974809691057,False,,2,0.999999994778122,1.0480521325018539e-07,0,2011-12-24,weekend,0,True,0.9,bike,0.001
292,1,1,0.1319854518445418,False,,2,0.9999999380283829,1.090489112411577e-06,0,2011-12-25,weekend,0,True,0.9333333333333333,bike,0.001
293,1,1,0.21037873486966152,False,,2,0.9995961382586801,0.003559732701373083,0,2011-12-26,holiday,0,True,0.9333333333333333,bike,0.001
294,0,0,0.13927036061470197,False,,2,1.0,3.7848523112411956e-24,1,2011-12-27,working,1,True,0.9333333333333333,bike,0.001
295,0,0,0.31369741386250566,False,,2,0.9999999999999716,8.901617757803151e-13,1,2011-12-28,working,1,True,0.9333333333333333,bike,0.001
296,0,0,0.836245675117923,False,,2,0.999999998979078,2.2156624170379235e-08,1,2011-12-29,working,1,True,0.9666666666666667,bike,0.001
297,0,0,0.5552790911396395,False,,2,0.9949007169523731,0.03200361717663086,1,2011-12-30,working,1,True,0.9666666666666667,bike,0.001
298,1,1,0.13350943846735105,False,,2,0.9999999998765787,2.939367156233895e-09,0,2011-12-31,weekend,0,True,0.9666666666666667,bike,0.001
299,-1,1,8.232602670303803e-07,True,,2,0.9999999999878781,3.1684154129429054e-10,0,2012-01-01,weekend,-1,False,0.9333333333333333,bike,0.001
300,1,1,0.15985569497067392,False,,2,0.9988473189647058,0.00895066985114816,0,2012-01-02,holiday,0,True,0.9333333333333333,bike,0.001
301,0,0,0.32960028481654224,False,,2,1.0,4.979387674281245e-23,1,2012-01-03,working,1,True,0.9333333333333333,bike,0.001
302,0,0,0.1920896564787824,False,,2,1.0,3.940509499794893e-28,1,2012-01-04,working,1,True,0.9333333333333333,bike,0.001
303,0,0,0.4842782825731634,False,,2,1.0,1.978081581278894e-23,1,2012-01-05,working,1,True,0.9333333333333333,bike,0.001
304,0,0,0.6002845350853432,False,,2,1.0,7.253328130956528e-17,1,2012-01-06,working,1,True,0.9333333333333333,bike,0.001
305,1,1,0.9383230754303155,False,,2,0.9999999999975433,6.813655200056562e-11,0,2012-01-07,weekend,0,True,0.9333333333333333,bike,0.001
306,-1,1,0.0008549567094879629,True,,2,0.999999999931088,1.6812997350398198e-09,0,2012-01-08,weekend,-1,False,0.9,bike,0.001
307,0,0,0.3453735081145944,False,,2,1.0,6.314420153978751e-28,1,2012-01-09,working,1,True,0.9,bike,0.001
308,0,0,0.07940911447607082,False,,2,1.0,3.004602836286286e-28,1,2012-01-10,working,1,True,0.9,bike,0.001
309,0,0,0.008682655727748442,False,,2,1.0,2.0430059180768752e-24,1,2012-01-11,working,1,True,0.9,bike,0.001
310,0,0,0.03015555568607548,False,,2,1.0,3.1130961237985585e-35,1,2012-01-12,working,1,True,0.9,bike,0.001
311,0,0,0.5994800322659752,False,,2,0.9999999999994706,1.552426890596522e-11,1,2012-01-13,working,1,True,0.9,bike,0.001
312,1,1,0.3540931452341405,False,,2,0.9999999992532871,1.643915034877296e-08,0,2012-01-14,weekend,0,True,0.9,bike,0.001
313,1,1,0.7776844038375063,False,,2,0.999999999984384,4.0416585533020854e-10,0,2012-01-15,weekend,0,True,0.9,bike,0.001
314,1,1,0.776614994976986,False,,2,0.9999618140836762,0.00042665218627467247,0,2012-01-16,holiday,0,True,0.9,bike,0.001
315,0,0,0.04986077294578684,False,,2,1.0,1.555657382626061e-21,1,2012-01-17,working,1,True,0.9,bike,0.001
316,0,0,0.1994443368298639,False,,2,1.0,1.718766592108772e-25,1,2012-01-18,working,1,True,0.9,bike,0.001
317,0,0,0.32074992999523916,False,,2,1.0,6.479361079481497e-25,1,2012-01-19,working,1,True,0.9,bike,0.001
318,0,0,0.681451661148427,False,,2,1.0,2.597851948006336e-14,1,2012-01-20,working,1,True,0.9,bike,0.001
319,1,1,0.014448712427398392,False,,2,0.999999952910849,8.415407529702349e-07,0,2012-01-21,weekend,0,True,0.9333333333333333,bike,0.001
320,1,1,0.14407245120681653,False,,2,0.9999999999958042,1.1408451969575966e-10,0,2012-01-22,weekend,0,True,0.9333333333333333,bike,0.001
321,0,0,0.3322715034069119,False,,2,1.0,4.172648004358875e-27,1,2012-01-23,working,1,True,0.9333333333333333,bike,0.001
322,0,0,0.4718088179604569,False,,2,1.0,1.8883564982441798e-19,1,2012-01-24,working,1,True,0.9333333333333333,bike,0.001
323,0,0,0.4912506538520319,False,,2,1.0,1.081084714690355e-20,1,2012-01-25,working,1,True,0.9333333333333333,bike,0.001
324,0,0,0.6177257243679934,False,,2,1.0,2.90787211726326e-18,1,2012-01-26,working,1,True,0.9333333333333333,bike,0.001
325,0,0,0.7593769701990595,False,,2,0.999997945237056,2.89626008936173e-05,1,2012-01-27,working,1,True,0.9333333333333333,bike,0.001
326,1,1,0.9993538945482,False,,2,0.9999999999377049,1.526175596045872e-09,0,2012-01-28,weekend,0,True,0.9333333333333333,bike,0.001
327,1,1,0.2312727131290277,False,,2,0.9999999999979927,5.607750656539713e-11,0,2012-01-29,weekend,0,True,0.9333333333333333,bike,0.001
328,0,0,0.5678316237256542,False,,2,1.0,2.015556525930623e-23,1,2012-01-30,working,1,True,0.9333333333333333,bike,0.001
329,0,0,0.08635376281933084,False,,2,1.0,2.139547574523859e-28,1,2012-01-31,working,1,True,0.9666666666666667,bike,0.001
330,0,0,0.23382095656580634,False,,2,1.0,1.219509705743687e-22,1,2012-02-01,working,1,True,0.9666666666666667,bike,0.001
331,0,0,0.20367430980041581,False,,2,1.0,1.2590089596240085e-17,1,2012-02-02,working,1,True,0.9666666666666667,bike,0.001
332,0,0,0.4758071596788932,False,,2,0.9999999999999964,1.0017345383086924e-13,1,2012-02-03,working,1,True,0.9666666666666667,bike,0.001
333,1,1,0.008921408376224954,False,,2,0.9999999698973636,5.51439756083201e-07,0,2012-02-04,weekend,0,True,0.9666666666666667,bike,0.001
334,1,1,0.02044523457581353,False,,2,0.9999999999518359,1.1923712689837412e-09,0,2012-02-05,weekend,0,True,0.9666666666666667,bike,0.001
335,0,0,0.09230471947724006,False,,2,1.0,7.337317947378712e-27,1,2012-02-06,working,1,True,0.9666666666666667,bike,0.001
336,0,0,0.32572853079463465,False,,2,1.0,4.5188967347374074e-23,1,2012-02-07,working,1,True,1.0,bike,0.001
337,0,0,0.04537438426123317,False,,2,1.0,3.992425448016403e-30,1,2012-02-08,working,1,True,1.0,bike,0.001
338,0,0,0.17935743437578103,False,,2,1.0,1.2650562629394928e-22,1,2012-02-09,working,1,True,1.0,bike,0.001
339,0,0,0.5681441261611593,False,,2,0.9999999999999218,2.4446798204170772e-12,1,2012-02-10,working,1,True,1.0,bike,0.001
340,1,1,0.5060574644406624,False,,2,0.9999999987470787,2.6935050177269324e-08,0,2012-02-11,weekend,0,True,1.0,bike,0.001
341,1,1,0.19110684821362656,False,,2,0.9999999978902849,4.425487888641404e-08,0,2012-02-12,weekend,0,True,1.0,bike,0.001
342,0,0,0.2465167305114828,False,,2,1.0,2.4196965838286605e-26,1,2012-02-13,working,1,True,1.0,bike,0.001
343,0,0,0.1837669091297802,False,,2,1.0,6.270387517595458e-26,1,2012-02-14,working,1,True,1.0,bike,0.001
344,0,0,0.172944133857319,False,,2,1.0,1.355171715524535e-26,1,2012-02-15,working,1,True,1.0,bike,0.001
345,0,0,0.005008363293284771,False,,2,1.0,3.7095059896112504e-34,1,2012-02-16,working,1,True,1.0,bike,0.001
346,0,0,0.10561838130898177,False,,2,1.0,4.675017486157754e-16,1,2012-02-17,working,1,True,1.0,bike,0.001
347,1,1,0.10665167059420894,False,,2,0.9999999984383656,3.322775990696184e-08,0,2012-02-18,weekend,0,True,1.0,bike,0.001
348,1,1,0.09128556965824024,False,,2,0.999999999996998,8.264228785354784e-11,0,2012-02-19,weekend,0,True,1.0,bike,0.001
349,1,1,0.003717719647552973,False,,2,0.9758345238216639,0.1138350764067334,0,2012-02-20,holiday,0,True,1.0,bike,0.001
350,0,0,0.038159136658304844,False,,2,1.0,2.0978503733197297e-29,1,2012-02-21,working,1,True,1.0,bike,0.001
351,0,0,0.5008903814664729,False,,2,1.0,3.403599779011897e-23,1,2012-02-22,working,1,True,1.0,bike,0.001
352,0,0,0.32499165304694033,False,,2,1.0,1.1279015307612762e-17,1,2012-02-23,working,1,True,1.0,bike,0.001
353,0,0,0.2579551530253484,False,,2,1.0,1.7679927627329607e-20,1,2012-02-24,working,1,True,1.0,bike,0.001
354,1,1,0.47060197141329274,False,,2,0.9999999845974356,2.924751577311546e-07,0,2012-02-25,weekend,0,True,1.0,bike,0.001
355,1,1,0.21417314002053947,False,,2,0.9999999999984155,4.463714604679976e-11,0,2012-02-26,weekend,0,True,1.0,bike,0.001
356,0,0,0.10250234382576758,False,,2,1.0,5.256171609933673e-24,1,2012-02-27,working,1,True,1.0,bike,0.001
357,0,0,0.2780907452549241,False,,2,1.0,1.4859736726267656e-27,1,2012-02-28,working,1,True,1.0,bike,0.001
358,-1,0,2.0131238720181677e-07,True,,2,1.0,2.3067421785916847e-23,1,2012-02-29,working,-1,False,0.9666666666666667,bike,0.001
359,0,0,0.4625009240791317,False,,2,1.0,4.523818427668245e-23,1,2012-03-01,working,1,True,0.9666666666666667,bike,0.001
360,0,0,0.10507362976100737,False,,2,1.0,1.2769608055139376e-19,1,2012-03-02,working,1,True,0.9666666666666667,bike,0.001
361,1,1,0.0012780688514704912,False,,2,0.9999993507491365,9.899417719215283e-06,0,2012-03-03,weekend,0,True,0.9666666666666667,bike,0.001
362,1,1,0.08195335838651949,False,,2,0.9999999999917151,2.1965857917044815e-10,0,2012-03-04,weekend,0,True,0.9666666666666667,bike,0.001
363,0,0,0.146761230531366,False,,2,1.0,4.121426048982442e-25,1,2012-03-05,working,1,True,0.9666666666666667,bike,0.001
364,0,0,0.2006920826573697,False,,2,1.0,6.770155541673421e-29,1,2012-03-06,working,1,True,0.9666666666666667,bike,0.001
365,0,0,0.3151323419987768,False,,2,1.0,5.680631394712812e-27,1,2012-03-07,working,1,True,0.9666666666666667,bike,0.001
366,0,0,0.37396086165286563,False,,2,1.0,1.4515295695542875e-17,1,2012-03-08,working,1,True,0.9666666666666667,bike,0.001
367,0,0,0.21678137158529664,False,,2,0.9999999999997975,6.093514874532512e-12,1,2012-03-09,working,1,True,0.9666666666666667,bike,0.001
368,1,1,0.9737978386876037,False,,2,0.9999999997383586,6.034504811536477e-09,0,2012-03-10,weekend,0,True,0.9666666666666667,bike,0.001
369,-1,0,2.1144429514609656e-06,True,,2,0.5753542449527429,0.681747270482995,0,2012-03-11,weekend,-1,False,0.9333333333333333,bike,0.001
370,0,0,0.40557674356773576,False,,2,1.0,3.187742790497536e-20,1,2012-03-12,working,1,True,0.9333333333333333,bike,0.001
371,0,0,0.0274907841507989,False,,2,1.0,9.92331108374663e-28,1,2012-03-13,working,1,True,0.9333333333333333,bike,0.001
372,0,0,0.35111346839339497,False,,2,1.0,9.824828988083e-22,1,2012-03-14,working,1,True,0.9333333333333333,bike,0.001
373,0,0,0.8574806902542343,False,,2,0.9999999999999183,2.5858717879085472e-12,1,2012-03-15,working,1,True,0.9333333333333333,bike,0.001
374,0,0,0.43278751505406066,False,,2,1.0,4.224001065819571e-18,1,2012-03-16,working,1,True,0.9333333333333333,bike,0.001
375,1,1,0.038911130791282764,False,,2,0.9999551292675332,0.000494103151421645,0,2012-03-17,weekend,0,True,0.9333333333333333,bike,0.001
376,1,1,0.7236366751178671,False,,2,0.9999999999630127,9.254197399997297e-10,0,2012-03-18,weekend,0,True,0.9333333333333333,bike,0.001
377,0,0,0.341824562659491,False,,2,1.0,2.493633606236145e-22,1,2012-03-19,working,1,True,0.9333333333333333,bike,0.001
378,0,0,0.8541546910770924,False,,2,1.0,2.176941349737673e-16,1,2012-03-20,working,1,True,0.9333333333333333,bike,0.001
379,0,0,0.6073420656472959,False,,2,1.0,1.2669105633050592e-17,1,2012-03-21,working,1,True,0.9333333333333333,bike,0.001
380,0,0,0.606168911175484,False,,2,1.0,8.714737782874616e-18,1,2012-03-22,working,1,True,0.9333333333333333,bike,0.001
381,0,0,0.47434143159568154,False,,2,0.9999999971103755,5.970579448399285e-08,1,2012-03-23,working,1,True,0.9333333333333333,bike,0.001
382,-1,1,0.0008592425227876225,True,,2,0.9999926343749386,9.44176124807126e-05,0,2012-03-24,weekend,-1,False,0.9,bike,0.001
383,1,1,0.9728130359400489,False,,2,0.9999999995088462,1.1018675777422545e-08,0,2012-03-25,weekend,0,True,0.9,bike,0.001
384,0,0,0.11602857969174721,False,,2,1.0,1.914417050320645e-18,1,2012-03-26,working,1,True,0.9,bike,0.001
385,0,0,0.40326106426789704,False,,2,1.0,1.1953580400602629e-26,1,2012-03-27,working,1,True,0.9,bike,0.001
386,0,0,0.17682855191818905,False,,2,1.0,3.538486696710744e-27,1,2012-03-28,working,1,True,0.9,bike,0.001
387,0,0,0.7322351069553572,False,,2,1.0,2.225528430104192e-15,1,2012-03-29,working,1,True,0.9,bike,0.001
388,0,0,0.47150090675756495,False,,2,0.9999999999999893,3.546786970029914e-13,1,2012-03-30,working,1,True,0.9333333333333333,bike,0.001
389,1,1,0.6653058920064598,False,,2,0.9999999997080007,6.702635141990809e-09,0,2012-03-31,weekend,0,True,0.9333333333333333,bike,0.001
390,1,1,0.35327315227976036,False,,2,0.9999851340847107,0.00018012185316392603,0,2012-04-01,weekend,0,True,0.9333333333333333,bike,0.001
391,0,0,0.042431391468351294,False,,2,1.0,1.4482233166766036e-29,1,2012-04-02,working,1,True,0.9333333333333333,bike,0.001
392,0,0,0.15453596527488936,False,,2,1.0,8.559237621618417e-23,1,2012-04-03,working,1,True,0.9333333333333333,bike,0.001
393,0,0,0.09174350772243432,False,,2,1.0,3.017978940330431e-24,1,2012-04-04,working,1,True,0.9333333333333333,bike,0.001
394,0,0,0.22278760066771897,False,,2,1.0,3.206877001115431e-18,1,2012-04-05,working,1,True,0.9333333333333333,bike,0.001
395,0,0,0.7512150717770969,False,,2,0.9999998474542738,2.546873155260923e-06,1,2012-04-06,working,1,True,0.9333333333333333,bike,0.001
396,1,1,0.09612105334132538,False,,2,0.9999997960596042,3.345731532686911e-06,0,2012-04-07,weekend,0,True,0.9333333333333333,bike,0.001
397,1,1,0.9979296049865611,False,,2,0.9999999993821298,1.3719640084085043e-08,0,2012-04-08,weekend,0,True,0.9333333333333333,bike,0.001
398,0,0,0.6039259598296656,False,,2,1.0,5.5261998292625694e-18,1,2012-04-09,working,1,True,0.9333333333333333,bike,0.001
399,0,0,0.10633826101802483,False,,2,1.0,2.6404744438590102e-27,1,2012-04-10,working,1,True,0.9666666666666667,bike,0.001
400,0,0,0.013494741088439139,False,,2,1.0,4.775622677743081e-28,1,2012-04-11,working,1,True,0.9666666666666667,bike,0.001
401,0,0,0.22943956726065468,False,,2,1.0,2.5032361149569301e-23,1,2012-04-12,working,1,True,0.9666666666666667,bike,0.001
402,0,0,0.7092734519526498,False,,2,0.9999999998458051,3.6379041484533055e-09,1,2012-04-13,working,1,True,0.9666666666666667,bike,0.001
403,1,1,0.8647439346284089,False,,2,0.9999999871201873,2.4687515514274167e-07,0,2012-04-14,weekend,0,True,0.9666666666666667,bike,0.001
404,1,1,0.9011852256875084,False,,2,0.9999999999759961,6.109628111327308e-10,0,2012-04-15,weekend,0,True,0.9666666666666667,bike,0.001
405,0,0,0.9047213737367645,False,,2,1.0,5.625367358427672e-15,0,2012-04-16,holiday,1,False,0.9333333333333333,bike,0.001
406,0,0,0.6857760152907653,False,,2,1.0,5.473813584921729e-23,1,2012-04-17,working,1,True,0.9333333333333333,bike,0.001
407,0,0,0.1393433646532688,False,,2,1.0,2.924767556770538e-27,1,2012-04-18,working,1,True,0.9333333333333333,bike,0.001
408,0,0,0.47870762691641944,False,,2,1.0,1.0522295398275064e-23,1,2012-04-19,working,1,True,0.9333333333333333,bike,0.001
409,0,0,0.5374773050584669,False,,2,0.9999999999984013,4.4977536122061436e-11,1,2012-04-20,working,1,True,0.9333333333333333,bike,0.001
410,2,1,1.0204022891478477e-08,True,2.0,3,0.999988678582309,0.00014025887675999762,0,2012-04-21,weekend,1,False,0.9,bike,0.001
411,2,2,0.2250851965283685,False,,3,0.9999999999997016,8.942178418340416e-12,0,2012-04-22,weekend,1,False,0.8666666666666667,bike,0.001
412,0,0,0.38253071901414787,False,,3,0.9999999999836255,4.230555894450353e-10,1,2012-04-23,working,1,True,0.9,bike,0.001
413,0,0,0.16102070085701456,False,,3,0.9999999997639897,5.467695453208927e-09,1,2012-04-24,working,1,True,0.9,bike,0.001
414,0,0,0.6463561097392447,False,,3,0.9999999930781307,1.3697395282599784e-07,1,2012-04-25,working,1,True,0.9,bike,0.001
415,0,0,0.6531845093132211,False,,3,0.9999997809823133,3.5774597960254477e-06,1,2012-04-26,working,1,True,0.9,bike,0.001
416,0,0,0.5391536485874229,False,,3,0.9999957048872948,5.737440802452005e-05,1,2012-04-27,working,1,True,0.9,bike,0.001
417,1,1,0.008416038904615276,False,,3,0.9561047277853908,0.1801346930423899,0,2012-04-28,weekend,0,True,0.9,bike,0.001
418,1,1,0.020117683641569867,False,,3,0.9994997405393357,0.004335470111836467,0,2012-04-29,weekend,0,True,0.9,bike,0.001
419,0,0,0.317995047954681,False,,3,0.9999997866526492,3.490436087222943e-06,1,2012-04-30,working,1,True,0.9,bike,0.001
420,0,0,0.8939577751167196,False,,3,0.999999985359903,2.7874032559086936e-07,1,2012-05-01,working,1,True,0.9,bike,0.001
421,0,0,0.6248844010088543,False,,3,0.9999999616688492,6.929122977118016e-07,1,2012-05-02,working,1,True,0.9,bike,0.001
422,0,0,0.2927028904826656,False,,3,0.9999990809540047,1.3693720277145957e-05,1,2012-05-03,working,1,True,0.9,bike,0.001
423,0,0,0.3176677004437157,False,,3,0.9999831490391441,0.00020206151779474525,1,2012-05-04,working,1,True,0.9,bike,0.001
424,1,1,0.9863259303296089,False,,3,0.9999998165354862,3.123694058785599e-06,0,2012-05-05,weekend,0,True,0.9,bike,0.001
425,1,1,0.9781218583599953,False,,3,0.9999998641448723,2.2839993589612897e-06,0,2012-05-06,weekend,0,True,0.9,bike,0.001
426,0,0,0.3129667856964064,False,,3,0.9999999964610709,7.240452118117384e-08,1,2012-05-07,working,1,True,0.9,bike,0.001
427,0,0,0.2921101255998674,False,,3,0.9999999889356027,2.1375901757210382e-07,1,2012-05-08,working,1,True,0.9,bike,0.001
428,-1,0,0.00012976253785290158,True,,3,0.9960195095244226,0.025970142255069318,1,2012-05-09,working,-1,False,0.8666666666666667,bike,0.001
429,0,0,0.12053419933569823,False,,3,0.9999999961586532,7.82768137089932e-08,1,2012-05-10,working,1,True,0.8666666666666667,bike,0.001
430,0,0,0.8119082275674593,False,,3,0.999994014851966,7.806080213074871e-05,1,2012-05-11,working,1,True,0.8666666666666667,bike,0.001
431,1,1,0.9836604038430514,False,,3,0.999999930140169,1.242721585578104e-06,0,2012-05-12,weekend,0,True,0.8666666666666667,bike,0.001
432,1,1,0.9562983034948501,False,,3,0.9999997609876329,3.886620178046372e-06,0,2012-05-13,weekend,0,True,0.8666666666666667,bike,0.001
433,0,0,0.7620885212156439,False,,3,0.9999997213971346,4.483692307780557e-06,1,2012-05-14,working,1,True,0.8666666666666667,bike,0.001
434,0,0,0.6786171005340425,False,,3,0.9999994031912611,9.15064854093016e-06,1,2012-05-15,working,1,True,0.8666666666666667,bike,0.001
435,0,0,0.6417359815087067,False,,3,0.999999991404831,1.6822518637116348e-07,1,2012-05-16,working,1,True,0.9,bike,0.001
436,0,0,0.6722564687924193,False,,3,0.9999999023214569,1.6743649577914081e-06,1,2012-05-17,working,1,True,0.9,bike,0.001
437,0,0,0.79770610366411,False,,3,0.9999984132509899,2.277609036837306e-05,1,2012-05-18,working,1,True,0.9,bike,0.001
438,1,1,0.9799888095128634,False,,3,0.9999999168759962,1.466180681278699e-06,0,2012-05-19,weekend,0,True,0.9,bike,0.001
439,1,1,0.6296040222238792,False,,3,0.9999931176188759,8.870031909162801e-05,0,2012-05-20,weekend,0,True,0.9,bike,0.001
440,0,0,0.7588370924689882,False,,3,0.9999998517099481,2.4800181010286885e-06,1,2012-05-21,working,1,True,0.9333333333333333,bike,0.001
441,0,0,0.7567640784174756,False,,3,0.9999999735176747,4.885138440662684e-07,1,2012-05-22,working,1,True,0.9666666666666667,bike,0.001
442,0,0,0.44553546249783793,False,,3,0.9999997626594206,3.857679083177007e-06,1,2012-05-23,working,1,True,0.9666666666666667,bike,0.001
443,0,0,0.47727550873394153,False,,3,0.9999998427864066,2.6200683328754285e-06,1,2012-05-24,working,1,True,0.9666666666666667,bike,0.001
444,0,0,0.8776256017332378,False,,3,0.9999949713915506,6.667547510719387e-05,1,2012-05-25,working,1,True,0.9666666666666667,bike,0.001
445,1,1,0.19504433992579004,False,,3,0.999965395203979,0.0003922757802767475,0,2012-05-26,weekend,0,True,0.9666666666666667,bike,0.001
446,1,1,0.719667453661526,False,,3,0.9999983337102867,2.3850982246830185e-05,0,2012-05-27,weekend,0,True,0.9666666666666667,bike,0.001
447,1,1,0.7178674902413917,False,,3,0.9999932669777364,8.910404376338225e-05,0,2012-05-28,holiday,0,True,0.9666666666666667,bike,0.001
448,0,0,0.06035796764861639,False,,3,0.999995940699794,5.4453474222635073e-05,1,2012-05-29,working,1,True,0.9666666666666667,bike,0.001
449,0,0,0.22754375451069372,False,,3,0.999999999501636,1.1173194207834862e-08,1,2012-05-30,working,1,True,0.9666666666666667,bike,0.001
450,0,0,0.7572319443446233,False,,3,0.9999999785469529,4.0025806829985114e-07,1,2012-05-31,working,1,True,0.9666666666666667,bike,0.001
451,2,2,0.11677089503091648,False,,3,0.9956130460528978,0.02819461725307239,1,2012-06-01,working,1,True,0.9666666666666667,bike,0.001
452,1,1,0.894884452757082,False,,3,0.9999957157121271,5.772619730893971e-05,0,2012-06-02,weekend,0,True,0.9666666666666667,bike,0.001
453,1,1,0.9132452346189187,False,,3,0.9999998723503892,2.154125493800647e-06,0,2012-06-03,weekend,0,True,0.9666666666666667,bike,0.001
454,0,0,0.6830470034841625,False,,3,0.9999999776816255,4.155202748766026e-07,1,2012-06-04,working,1,True,0.9666666666666667,bike,0.001
455,0,0,0.38386023623873217,False,,3,0.9999999698670803,5.519642267736553e-07,1,2012-06-05,working,1,True,0.9666666666666667,bike,0.001
456,0,0,0.8026208413458122,False,,3,0.9999999423526641,1.0185662484481796e-06,1,2012-06-06,working,1,True,0.9666666666666667,bike,0.001
457,0,0,0.5602572264771168,False,,3,0.9999999264010766,1.2824343876728907e-06,1,2012-06-07,working,1,True,0.9666666666666667,bike,0.001
458,0,0,0.864577090304274,False,,3,0.9999996209316045,5.983811737601687e-06,1,2012-06-08,working,1,True,1.0,bike,0.001
459,1,1,0.7760189894369803,False,,3,0.9999984809635789,2.222232597498065e-05,0,2012-06-09,weekend,0,True,1.0,bike,0.001
460,1,1,0.9920291208215144,False,,3,0.9999999644068545,6.525338486379029e-07,0,2012-06-10,weekend,0,True,1.0,bike,0.001
461,0,0,0.5816904920350257,False,,3,0.9999998356232027,2.7321239269465867e-06,1,2012-06-11,working,1,True,1.0,bike,0.001
462,0,0,0.029184155516961997,False,,3,0.9999998755467672,2.103176955573905e-06,1,2012-06-12,working,1,True,1.0,bike,0.001
463,0,0,0.6101549665076789,False,,3,0.9999999939061155,1.2136567739272846e-07,1,2012-06-13,working,1,True,1.0,bike,0.001
464,0,0,0.46170227518401286,False,,3,0.9999999608525919,7.068429288247664e-07,1,2012-06-14,working,1,True,1.0,bike,0.001
465,0,0,0.6746049902199309,False,,3,0.9999967281889133,4.4595409605882574e-05,1,2012-06-15,working,1,True,1.0,bike,0.001
466,1,1,0.9704355714619699,False,,3,0.9999997223277516,4.612879859645566e-06,0,2012-06-16,weekend,0,True,1.0,bike,0.001
467,1,1,0.999876657827089,False,,3,0.9999999943796043,1.1281734293618408e-07,0,2012-06-17,weekend,0,True,1.0,bike,0.001
468,0,0,0.8064814707700765,False,,3,0.9999998890932201,1.8870320802088184e-06,1,2012-06-18,working,1,True,1.0,bike,0.001
469,0,0,0.8098171712990619,False,,3,0.9999999931642378,1.353555887986909e-07,1,2012-06-19,working,1,True,1.0,bike,0.001
470,0,0,0.5402043594467285,False,,3,0.9999999690991683,5.652529273274952e-07,1,2012-06-20,working,1,True,1.0,bike,0.001
471,0,0,0.6505528534777061,False,,3,0.9999998002305888,3.2814326998235724e-06,1,2012-06-21,working,1,True,1.0,bike,0.001
472,0,0,0.6489807954506193,False,,3,0.9999904962105673,0.0001194039261194064,1,2012-06-22,working,1,True,1.0,bike,0.001
473,1,1,0.8907659682076123,False,,3,0.9999996801740011,5.2539661264862e-06,0,2012-06-23,weekend,0,True,1.0,bike,0.001
474,1,1,0.5978224548736641,False,,3,0.9999975456072925,3.416578711918421e-05,0,2012-06-24,weekend,0,True,1.0,bike,0.001
475,0,0,0.39487757958283604,False,,3,0.9999995398767211,7.1741368597888075e-06,1,2012-06-25,working,1,True,1.0,bike,0.001
476,0,0,0.7511553807616455,False,,3,0.9999999825274878,3.2957764391706615e-07,1,2012-06-26,working,1,True,1.0,bike,0.001
477,0,0,0.696748613312137,False,,3,0.9999999539986757,8.231751118053181e-07,1,2012-06-27,working,1,True,1.0,bike,0.001
478,0,0,0.7551820497383788,False,,3,0.9999999762265194,4.4110969476232146e-07,1,2012-06-28,working,1,True,1.0,bike,0.001
479,0,0,0.5194469649278304,False,,3,0.9999714436957999,0.0003273585826925372,1,2012-06-29,working,1,True,1.0,bike,0.001
480,1,1,0.7555290740508278,False,,3,0.9999368296025181,0.0006801573470224929,0,2012-06-30,weekend,0,True,1.0,bike,0.001
481,1,1,0.4709172810483019,False,,3,0.9999960910134629,5.276250088049757e-05,0,2012-07-01,weekend,0,True,1.0,bike,0.001
482,0,0,0.8529342864390771,False,,3,0.9999999769931096,4.276399491083456e-07,1,2012-07-02,working,1,True,1.0,bike,0.001
483,0,0,0.2432786821699238,False,,3,0.9999996261070254,5.907245814659496e-06,1,2012-07-03,working,1,True,1.0,bike,0.001
484,1,1,0.519151679602402,False,,3,0.9999949653886636,6.994219800572918e-05,0,2012-07-04,holiday,0,True,1.0,bike,0.001
485,0,0,0.8190473665157463,False,,3,0.9999990023838594,1.4782602507907952e-05,1,2012-07-05,working,1,True,1.0,bike,0.001
486,0,0,0.7738749070106858,False,,3,0.9999985419983097,2.105129731576633e-05,1,2012-07-06,working,1,True,1.0,bike,0.001
487,1,1,0.9034471073514051,False,,3,0.9999991552570522,1.3197950381717713e-05,0,2012-07-07,weekend,0,True,1.0,bike,0.001
488,1,1,0.544156080169075,False,,3,0.9999939280791237,7.90414977505784e-05,0,2012-07-08,weekend,0,True,1.0,bike,0.001
489,0,0,0.5123302421089133,False,,3,0.999999985473874,2.7668372131069503e-07,1,2012-07-09,working,1,True,1.0,bike,0.001
490,0,0,0.011779324848874614,False,,3,0.9993090997180587,0.005718698758260538,1,2012-07-10,working,1,True,1.0,bike,0.001
491,0,0,0.4890651736816617,False,,3,0.9999999968460536,6.489121508858147e-08,1,2012-07-11,working,1,True,1.0,bike,0.001
492,0,0,0.527356022857445,False,,3,0.9999999782465248,4.0556076486395895e-07,1,2012-07-12,working,1,True,1.0,bike,0.001
493,0,0,0.8373422719823113,False,,3,0.9999964385185263,4.824791251042789e-05,1,2012-07-13,working,1,True,1.0,bike,0.001
494,1,1,0.3682450476145885,False,,3,0.9999953833404622,6.134228904531956e-05,0,2012-07-14,weekend,0,True,1.0,bike,0.001
495,1,1,0.42018158034229025,False,,3,0.9999881835259259,0.00014588649625610955,0,2012-07-15,weekend,0,True,1.0,bike,0.001
496,0,0,0.6719924924637304,False,,3,0.9999999938718318,1.2201408098114608e-07,1,2012-07-16,working,1,True,1.0,bike,0.001
497,0,0,0.26116686653245474,False,,3,0.9999999418335274,1.0272174146011483e-06,1,2012-07-17,working,1,True,1.0,bike,0.001
498,0,0,0.4020451208751978,False,,3,0.9999999823890812,3.320493837044781e-07,1,2012-07-18,working,1,True,1.0,bike,0.001
499,0,0,0.47646991944120776,False,,3,0.9999998320088465,2.788544714766088e-06,1,2012-07-19,working,1,True,1.0,bike,0.001
500,0,0,0.41078093382630076,False,,3,0.9999977800834527,3.1118878600575366e-05,1,2012-07-20,working,1,True,1.0,bike,0.001
501,1,1,0.9349732363351209,False,,3,0.9999997602586269,3.901175656137186e-06,0,2012-07-21,weekend,0,True,1.0,bike,0.001
502,1,1,0.28601407476807805,False,,3,0.9999937596555796,8.104040705209105e-05,0,2012-07-22,weekend,0,True,1.0,bike,0.001
503,0,0,0.40782000655492606,False,,3,0.9999998576758701,2.3860866428526987e-06,1,2012-07-23,working,1,True,1.0,bike,0.001
504,0,0,0.43593133375208304,False,,3,0.9999999566887903,7.776464646815191e-07,1,2012-07-24,working,1,True,1.0,bike,0.001
505,0,0,0.47644577727352333,False,,3,0.9999999169718911,1.4367256099027268e-06,1,2012-07-25,working,1,True,1.0,bike,0.001
506,0,0,0.42223835254175746,False,,3,0.999999030156951,1.4398417059413445e-05,1,2012-07-26,working,1,True,1.0,bike,0.001
507,0,0,0.6817341865744634,False,,3,0.9999801954762321,0.00023429075364073658,1,2012-07-27,working,1,True,1.0,bike,0.001
508,1,1,0.8910853673502013,False,,3,0.9999996981997026,4.884503551858408e-06,0,2012-07-28,weekend,0,True,1.0,bike,0.001
509,1,1,0.7767184795739837,False,,3,0.9999993499188092,9.911384062020053e-06,0,2012-07-29,weekend,0,True,1.0,bike,0.001
510,0,0,0.30566102540325263,False,,3,0.9999999658087125,6.219838039352161e-07,1,2012-07-30,working,1,True,1.0,bike,0.001
511,0,0,0.48393217515052733,False,,3,0.9999999941557967,1.1663750776379241e-07,1,2012-07-31,working,1,True,1.0,bike,0.001
512,0,0,0.5198131886780986,False,,3,0.9999999448465482,9.769411926495263e-07,1,2012-08-01,working,1,True,1.0,bike,0.001
513,0,0,0.5632480433077893,False,,3,0.9999998096442194,3.13599174795842e-06,1,2012-08-02,working,1,True,1.0,bike,0.001
514,0,0,0.8008011814329914,False,,3,0.9999992200942373,1.1748575226661864e-05,1,2012-08-03,working,1,True,1.0,bike,0.001
515,1,1,0.9830885821313169,False,,3,0.9999999502897902,9.019660677950106e-07,0,2012-08-04,weekend,0,True,1.0,bike,0.001
516,1,1,0.9578972587274409,False,,3,0.9999997608434354,3.885963794402604e-06,0,2012-08-05,weekend,0,True,1.0,bike,0.001
517,0,0,0.7504887196227169,False,,3,0.9999999986568611,2.878109622902962e-08,1,2012-08-06,working,1,True,1.0,bike,0.001
518,0,0,0.7433169113085081,False,,3,0.9999999867623971,2.533704110795681e-07,1,2012-08-07,working,1,True,1.0,bike,0.001
519,0,0,0.6315281755468798,False,,3,0.9999999894531477,2.0426549238833178e-07,1,2012-08-08,working,1,True,1.0,bike,0.001
520,0,0,0.7840856317372868,False,,3,0.9999999557236531,7.939995485591684e-07,1,2012-08-09,working,1,True,1.0,bike,0.001
521,0,0,0.8231978940389598,False,,3,0.7975155920697868,0.5043395835114777,1,2012-08-10,working,1,True,1.0,bike,0.001
522,1,1,0.8788191572422025,False,,3,0.9999997021909567,4.773035953012343e-06,0,2012-08-11,weekend,0,True,1.0,bike,0.001
523,1,1,0.7702620042545564,False,,3,0.9999997517058989,4.024996300306012e-06,0,2012-08-12,weekend,0,True,1.0,bike,0.001
524,0,0,0.7886009497010397,False,,3,0.9999999911893518,1.722244093179629e-07,1,2012-08-13,working,1,True,1.0,bike,0.001
525,0,0,0.6864230821712933,False,,3,0.9999998637594616,2.2900459808025087e-06,1,2012-08-14,working,1,True,1.0,bike,0.001
526,0,0,0.5434476347258499,False,,3,0.9999998758610508,2.0981796672188578e-06,1,2012-08-15,working,1,True,1.0,bike,0.001
527,0,0,0.4331717291757626,False,,3,0.9999999099134348,1.551515373054516e-06,1,2012-08-16,working,1,True,1.0,bike,0.001
528,0,0,0.7413088747024614,False,,3,0.999995431414037,6.074573815815227e-05,1,2012-08-17,working,1,True,1.0,bike,0.001
529,1,1,0.8805755025395604,False,,3,0.9999998631922673,2.3906530519148836e-06,0,2012-08-18,weekend,0,True,1.0,bike,0.001
530,2,2,0.9958850751339198,False,,3,0.5402634259546538,0.6899518980779171,0,2012-08-19,weekend,1,False,0.9666666666666667,bike,0.001
531,0,0,0.2814122133138864,False,,3,0.9999999906412533,1.8237347085407423e-07,1,2012-08-20,working,1,True,0.9666666666666667,bike,0.001
532,0,0,0.22211078095697878,False,,3,0.9999995703707113,6.728141960244707e-06,1,2012-08-21,working,1,True,0.9666666666666667,bike,0.001
533,0,0,0.7676674289005707,False,,3,0.9999999737492299,4.844729472067824e-07,1,2012-08-22,working,1,True,0.9666666666666667,bike,0.001
534,0,0,0.7549241753331944,False,,3,0.9999999219792878,1.354930448656911e-06,1,2012-08-23,working,1,True,0.9666666666666667,bike,0.001
535,0,0,0.7391071157719973,False,,3,0.9999978431548112,3.0296941107028268e-05,1,2012-08-24,working,1,True,0.9666666666666667,bike,0.001
536,1,1,0.8052793672679835,False,,3,0.9999979743023193,2.8758658630365156e-05,0,2012-08-25,weekend,0,True,0.9666666666666667,bike,0.001
537,1,1,0.13056160187865715,False,,3,0.9989035673040838,0.008568831067305228,0,2012-08-26,weekend,0,True,0.9666666666666667,bike,0.001
538,0,0,0.6000872012097465,False,,3,0.99999999894181,2.2927484954720914e-08,1,2012-08-27,working,1,True,0.9666666666666667,bike,0.001
539,0,0,0.815885352378951,False,,3,0.9999999887360326,2.1741322148608243e-07,1,2012-08-28,working,1,True,0.9666666666666667,bike,0.001
540,0,0,0.5723094405748981,False,,3,0.99999999358662,1.2740105181842067e-07,1,2012-08-29,working,1,True,0.9666666666666667,bike,0.001
541,0,0,0.6797286023515483,False,,3,0.9999999614344767,6.969139926124626e-07,1,2012-08-30,working,1,True,0.9666666666666667,bike,0.001
542,0,0,0.7358133492048955,False,,3,0.9999984362715328,2.2468448319953378e-05,1,2012-08-31,working,1,True,0.9666666666666667,bike,0.001
543,1,1,0.9794844334780426,False,,3,0.9999997491132445,4.064934833908622e-06,0,2012-09-01,weekend,0,True,0.9666666666666667,bike,0.001
544,1,1,0.6030576193698116,False,,3,0.9999954174630206,6.092135344811133e-05,0,2012-09-02,weekend,0,True,0.9666666666666667,bike,0.001
545,1,1,0.6849598353398321,False,,3,0.9999994289401567,8.817385386842565e-06,0,2012-09-03,holiday,0,True,0.9666666666666667,bike,0.001
546,0,0,0.5622526196634055,False,,3,0.9999999854276248,2.7751833028057515e-07,1,2012-09-04,working,1,True,0.9666666666666667,bike,0.001
547,0,0,0.32657486812225517,False,,3,0.9999999962679205,7.615791698106696e-08,1,2012-09-05,working,1,True,0.9666666666666667,bike,0.001
548,0,0,0.0023978915430490967,False,,3,0.9999012137613063,0.0010098426068450334,1,2012-09-06,working,1,True,0.9666666666666667,bike,0.001
549,0,0,0.6868725887885443,False,,3,0.9999996953873096,4.875089928965157e-06,1,2012-09-07,working,1,True,0.9666666666666667,bike,0.001
550,1,1,0.008459340668702008,False,,3,0.9035447393621591,0.31733513355694365,0,2012-09-08,weekend,0,True,0.9666666666666667,bike,0.001
551,1,1,0.9772150971364969,False,,3,0.9999997332923325,4.316881095403432e-06,0,2012-09-09,weekend,0,True,0.9666666666666667,bike,0.001
552,0,0,0.6453683975219358,False,,3,0.99999992917279,1.2368571733945483e-06,1,2012-09-10,working,1,True,0.9666666666666667,bike,0.001
553,0,0,0.4367206428748447,False,,3,0.9999999985498995,3.096198074186387e-08,1,2012-09-11,working,1,True,0.9666666666666667,bike,0.001
554,0,0,0.43990357471429464,False,,3,0.9999999676248207,5.907134628065242e-07,1,2012-09-12,working,1,True,0.9666666666666667,bike,0.001
555,0,0,0.5327857194750736,False,,3,0.9999999482014394,9.20766219954041e-07,1,2012-09-13,working,1,True,0.9666666666666667,bike,0.001
556,0,0,0.8372810296685544,False,,3,0.9999960917180947,5.257759396541106e-05,1,2012-09-14,working,1,True,0.9666666666666667,bike,0.001
557,1,1,0.7864599219357669,False,,3,0.999999681019154,5.097930646963317e-06,0,2012-09-15,weekend,0,True,0.9666666666666667,bike,0.001
558,1,1,0.8769051593153335,False,,3,0.9999995055706364,7.675216595297372e-06,0,2012-09-16,weekend,0,True,0.9666666666666667,bike,0.001
559,0,0,0.7152523769555827,False,,3,0.9999998231792319,2.9260529035820897e-06,1,2012-09-17,working,1,True,0.9666666666666667,bike,0.001
560,0,0,0.09624683844452656,False,,3,0.9999999995928519,9.210469716739831e-09,1,2012-09-18,working,1,True,1.0,bike,0.001
561,0,0,0.2976357906043393,False,,3,0.9999999994258779,1.2790384759838293e-08,1,2012-09-19,working,1,True,1.0,bike,0.001
562,0,0,0.4329379025705868,False,,3,0.9999999622168019,6.83550979622334e-07,1,2012-09-20,working,1,True,1.0,bike,0.001
563,0,0,0.7955440889889261,False,,3,0.9999993142523891,1.0418398229576108e-05,1,2012-09-21,working,1,True,1.0,bike,0.001
564,1,1,0.9979892051531146,False,,3,0.9999999761316655,4.442152164291369e-07,0,2012-09-22,weekend,0,True,1.0,bike,0.001
565,1,1,0.21467324293116427,False,,3,0.9999708466488806,0.00033360014838078415,0,2012-09-23,weekend,0,True,1.0,bike,0.001
566,0,0,0.5205571700104152,False,,3,0.999999949692698,8.957273058224435e-07,1,2012-09-24,working,1,True,1.0,bike,0.001
567,0,0,0.4225534104253132,False,,3,0.9999999483925044,9.175605454334573e-07,1,2012-09-25,working,1,True,1.0,bike,0.001
568,0,0,0.7669623684805359,False,,3,0.9999999582573631,7.510228000887728e-07,1,2012-09-26,working,1,True,1.0,bike,0.001
569,0,0,0.20860505063039858,False,,3,0.9999971143225854,3.969465548091831e-05,1,2012-09-27,working,1,True,1.0,bike,0.001
570,0,0,0.7821883076736736,False,,3,0.9999999977632008,4.6789836647335194e-08,1,2012-09-28,working,1,True,1.0,bike,0.001
571,1,1,0.9942487851276367,False,,3,0.9999999803607367,3.7094321432827754e-07,0,2012-09-29,weekend,0,True,1.0,bike,0.001
572,1,1,0.152206294856107,False,,3,0.9998032955241622,0.001875324899511627,0,2012-09-30,weekend,0,True,1.0,bike,0.001
573,0,0,0.6915752438972267,False,,3,0.9999999169359696,1.437311229899111e-06,1,2012-10-01,working,1,True,1.0,bike,0.001
574,0,0,0.019584223235066398,False,,3,0.9999986787802395,1.920651159681438e-05,1,2012-10-02,working,1,True,1.0,bike,0.001
575,0,0,0.49900689740935233,False,,3,0.9999999609240796,7.056235871911583e-07,1,2012-10-03,working,1,True,1.0,bike,0.001
576,0,0,0.7914533382158354,False,,3,0.9999998214323593,2.953204939452442e-06,1,2012-10-04,working,1,True,1.0,bike,0.001
577,0,0,0.7991731474997071,False,,3,0.9999962194715425,5.098431694352516e-05,1,2012-10-05,working,1,True,1.0,bike,0.001
578,1,1,0.7754147766481069,False,,3,0.9999990391225653,1.4276038207630077e-05,0,2012-10-06,weekend,0,True,1.0,bike,0.001
579,1,1,0.37640093361430327,False,,3,0.9999259290731473,0.000778518833244768,0,2012-10-07,weekend,0,True,1.0,bike,0.001
580,0,0,0.9548246223277137,False,,3,0.9996574445162728,0.0031587343184728742,0,2012-10-08,holiday,1,False,0.9666666666666667,bike,0.001
581,0,0,0.47119194780128903,False,,3,0.9999999941553064,1.1664683566640249e-07,1,2012-10-09,working,1,True,0.9666666666666667,bike,0.001
582,0,0,0.3959611930253905,False,,3,0.9999999977593816,4.686591603154715e-08,1,2012-10-10,working,1,True,0.9666666666666667,bike,0.001
583,0,0,0.4128700706396446,False,,3,0.9999999879849605,2.3113457357152608e-07,1,2012-10-11,working,1,True,0.9666666666666667,bike,0.001
584,0,0,0.7084435646041636,False,,3,0.9999972783351065,3.7597819026412804e-05,1,2012-10-12,working,1,True,0.9666666666666667,bike,0.001
585,1,1,0.9845626952805021,False,,3,0.999999958648246,7.444487339386321e-07,0,2012-10-13,weekend,0,True,0.9666666666666667,bike,0.001
586,1,1,0.9937787170118362,False,,3,0.9999999751275718,4.6055829026327656e-07,0,2012-10-14,weekend,0,True,0.9666666666666667,bike,0.001
587,0,0,0.3068232956130729,False,,3,0.9999993679797406,9.653694887380337e-06,1,2012-10-15,working,1,True,0.9666666666666667,bike,0.001
588,0,0,0.06352017058917443,False,,3,0.999999970481174,5.413232717565555e-07,1,2012-10-16,working,1,True,0.9666666666666667,bike,0.001
589,0,0,0.5454413485162355,False,,3,0.9999999725189429,5.059199195438176e-07,1,2012-10-17,working,1,True,0.9666666666666667,bike,0.001
590,0,0,0.5246112834636092,False,,3,0.9999999696007831,5.565746555321921e-07,1,2012-10-18,working,1,True,0.9666666666666667,bike,0.001
591,0,0,0.7687466071733778,False,,3,0.9999981546937001,2.6208716520957933e-05,1,2012-10-19,working,1,True,0.9666666666666667,bike,0.001
592,1,1,0.9888112356589756,False,,3,0.9999999718861647,5.197154073809656e-07,0,2012-10-20,weekend,0,True,0.9666666666666667,bike,0.001
593,1,1,0.5683905444167765,False,,3,0.9999912604069673,0.00011053543550768826,0,2012-10-21,weekend,0,True,0.9666666666666667,bike,0.001
594,0,0,0.36903283575416335,False,,3,0.9999999929474335,1.3942833547389073e-07,1,2012-10-22,working,1,True,0.9666666666666667,bike,0.001
595,0,0,0.13987053381832235,False,,3,0.9999999804538364,3.6650007992693116e-07,1,2012-10-23,working,1,True,0.9666666666666667,bike,0.001
596,0,0,0.28894376699013236,False,,3,0.999999971972962,5.154199325843383e-07,1,2012-10-24,working,1,True,0.9666666666666667,bike,0.001
597,0,0,0.4877737512669157,False,,3,0.9999991273861971,1.3047122897675003e-05,1,2012-10-25,working,1,True,0.9666666666666667,bike,0.001
598,0,0,0.6018675547462742,False,,3,0.9999960258678328,5.3395263483453446e-05,1,2012-10-26,working,1,True,0.9666666666666667,bike,0.001
599,1,1,0.8440547453936731,False,,3,0.9999996422044363,5.670090455220609e-06,0,2012-10-27,weekend,0,True,0.9666666666666667,bike,0.001
600,2,2,0.8772329064924302,False,,3,0.9999999999964082,1.0036507040352788e-10,0,2012-10-28,weekend,1,False,0.9333333333333333,bike,0.001
601,0,0,0.45609167871435025,False,,3,0.9999999994822879,1.1587193930601691e-08,1,2012-10-31,working,1,True,0.9333333333333333,bike,0.001
602,0,0,0.6189039645313221,False,,3,0.9999990488994375,1.4138723878398852e-05,1,2012-11-01,working,1,True,0.9333333333333333,bike,0.001
603,0,0,0.5225062548736847,False,,3,0.999999564738476,6.810675744448798e-06,1,2012-11-02,working,1,True,0.9333333333333333,bike,0.001
604,1,1,0.9941814111694293,False,,3,0.9999999608753986,7.07353403535148e-07,0,2012-11-03,weekend,0,True,0.9333333333333333,bike,0.001
605,1,1,0.2942514386830716,False,,3,0.9999676130382472,0.0003671976989250506,0,2012-11-04,weekend,0,True,0.9333333333333333,bike,0.001
606,0,0,0.37470240038687364,False,,3,0.9999999912117055,1.718098270810324e-07,1,2012-11-05,working,1,True,0.9333333333333333,bike,0.001
607,0,0,0.18548331248268812,False,,3,0.9999999987508126,2.68584619622421e-08,1,2012-11-06,working,1,True,0.9333333333333333,bike,0.001
608,2,2,0.7240597665653348,False,,3,0.9942055177621444,0.035624167154262816,1,2012-11-07,working,1,True,0.9333333333333333,bike,0.001
609,0,0,0.06844366445906214,False,,3,0.999999997384343,5.4305625379917404e-08,1,2012-11-08,working,1,True,0.9333333333333333,bike,0.001
610,0,0,0.8428663795998269,False,,3,0.9999994376533063,8.655161236143544e-06,1,2012-11-09,working,1,True,0.9666666666666667,bike,0.001
611,1,1,0.8608215820361276,False,,3,0.9999999297366358,1.2318359737952656e-06,0,2012-11-10,weekend,0,True,0.9666666666666667,bike,0.001
612,1,1,0.8947306138771168,False,,3,0.9999997438543343,4.143892809414202e-06,0,2012-11-11,weekend,0,True,0.9666666666666667,bike,0.001
613,0,0,0.6700347914414935,False,,3,0.9999920127138419,0.0001017416832003929,0,2012-11-12,holiday,1,False,0.9333333333333333,bike,0.001
614,0,0,0.9118242169395413,False,,3,0.9999999627242679,6.748781983916841e-07,1,2012-11-13,working,1,True,0.9333333333333333,bike,0.001
615,0,0,0.18726494521154208,False,,3,0.9999999987982271,2.5885582211293964e-08,1,2012-11-14,working,1,True,0.9333333333333333,bike,0.001
616,0,0,0.3130255333930006,False,,3,0.9999999851953413,2.8170783526594313e-07,1,2012-11-15,working,1,True,0.9333333333333333,bike,0.001
617,0,0,0.5746757592414988,False,,3,0.9999992187783878,1.1767077545487665e-05,1,2012-11-16,working,1,True,0.9333333333333333,bike,0.001
618,1,1,0.9386900471463203,False,,3,0.9999998743740431,2.1250452321266663e-06,0,2012-11-17,weekend,0,True,0.9333333333333333,bike,0.001
619,1,1,0.6262336719378838,False,,3,0.9999856957860042,0.00017386712745437094,0,2012-11-18,weekend,0,True,0.9333333333333333,bike,0.001
620,0,0,0.4168418628732265,False,,3,0.9999999746237197,4.691934663859203e-07,1,2012-11-19,working,1,True,0.9333333333333333,bike,0.001
621,0,0,0.3116446808341122,False,,3,0.999999980197803,3.710431483434984e-07,1,2012-11-20,working,1,True,0.9333333333333333,bike,0.001
622,0,0,0.305977378069573,False,,3,0.9999951486582693,6.421358567058462e-05,1,2012-11-21,working,1,True,0.9333333333333333,bike,0.001
623,1,1,0.03802364054589096,False,,3,0.987149350262224,0.06876266262095636,0,2012-11-22,holiday,0,True,0.9333333333333333,bike,0.001
624,0,0,0.25229332873767757,False,,3,0.9942656224965993,0.03684531374938707,1,2012-11-23,working,1,True,0.9333333333333333,bike,0.001
625,1,1,0.6573391215161686,False,,3,0.999998416691086,2.279812775903592e-05,0,2012-11-24,weekend,0,True,0.9333333333333333,bike,0.001
626,1,1,0.8710256439674834,False,,3,0.9999998822552134,2.000258767170031e-06,0,2012-11-25,weekend,0,True,0.9333333333333333,bike,0.001
627,0,0,0.582160864820948,False,,3,0.9999999931335495,1.3593251422418377e-07,1,2012-11-26,working,1,True,0.9333333333333333,bike,0.001
628,0,0,0.05862801949101242,False,,3,0.9999999580716059,7.541787205661198e-07,1,2012-11-27,working,1,True,0.9333333333333333,bike,0.001
629,0,0,0.11684162914930747,False,,3,0.9999999990369837,2.0956148386362042e-08,1,2012-11-28,working,1,True,0.9333333333333333,bike,0.001
630,0,0,0.06630754413151427,False,,3,0.9999999658194559,6.217990731881134e-07,1,2012-11-29,working,1,True,0.9666666666666667,bike,0.001
631,0,0,0.41627586418325935,False,,3,0.9999994604864496,8.326095561759717e-06,1,2012-11-30,working,1,True,0.9666666666666667,bike,0.001
632,1,1,0.9793416686767007,False,,3,0.9999999627389646,6.793132631625207e-07,0,2012-12-01,weekend,0,True,0.9666666666666667,bike,0.001
633,1,1,0.663081756995884,False,,3,0.9999970623989203,4.0356539365130166e-05,0,2012-12-02,weekend,0,True,0.9666666666666667,bike,0.001
634,0,0,0.5534542668985454,False,,3,0.9999999910017436,1.757020819202593e-07,1,2012-12-03,working,1,True,0.9666666666666667,bike,0.001
635,0,0,0.43716115326267585,False,,3,0.999999893535103,1.8158067690107748e-06,1,2012-12-04,working,1,True,0.9666666666666667,bike,0.001
636,0,0,0.6111835946071276,False,,3,0.9999999626100873,6.768271650278668e-07,1,2012-12-05,working,1,True,0.9666666666666667,bike,0.001
637,0,0,0.43958437130381317,False,,3,0.9999998554785525,2.4207108288001648e-06,1,2012-12-06,working,1,True,0.9666666666666667,bike,0.001
638,0,0,0.9234701107245042,False,,3,0.9999992890283136,1.077619298893419e-05,1,2012-12-07,working,1,True,0.9666666666666667,bike,0.001
639,1,1,0.8068354710191988,False,,3,0.9999998143793215,3.062753756784942e-06,0,2012-12-08,weekend,0,True,0.9666666666666667,bike,0.001
640,1,1,0.04022149830677707,False,,3,0.9949360966769524,0.031816917148682435,0,2012-12-09,weekend,0,True,0.9666666666666667,bike,0.001
641,0,0,0.5043136940427559,False,,3,0.9999999996737898,7.451793213177478e-09,1,2012-12-10,working,1,True,0.9666666666666667,bike,0.001
642,0,0,0.16691631524805248,False,,3,0.9999999977399412,4.7252994953816906e-08,1,2012-12-11,working,1,True,0.9666666666666667,bike,0.001
643,0,0,0.5937496774478668,False,,3,0.9999998167660377,3.0256511704751357e-06,1,2012-12-12,working,1,True,1.0,bike,0.001
644,0,0,0.5020290844566162,False,,3,0.9999999313139712,1.2015741422000663e-06,1,2012-12-13,working,1,True,1.0,bike,0.001
645,0,0,0.8195119887591144,False,,3,0.9999983090614158,2.416389923798555e-05,1,2012-12-14,working,1,True,1.0,bike,0.001
646,1,1,0.15329498096063573,False,,3,0.9999836149063177,0.0001969499511273625,0,2012-12-15,weekend,0,True,1.0,bike,0.001
647,1,1,0.015549730981030439,False,,3,0.9773678448149046,0.10811337955677397,0,2012-12-16,weekend,0,True,1.0,bike,0.001
648,0,0,0.40244282248114155,False,,3,0.9999997645257779,3.829202769779527e-06,1,2012-12-17,working,1,True,1.0,bike,0.001
649,0,0,0.8176532760006721,False,,3,0.9999999958038082,8.513689258329405e-08,1,2012-12-18,working,1,True,1.0,bike,0.001
650,0,0,0.5681369587964016,False,,3,0.9999999751953442,4.591896080665554e-07,1,2012-12-19,working,1,True,1.0,bike,0.001
651,2,2,0.08325899598791515,False,,3,0.9324340780577479,0.2472967418077902,1,2012-12-20,working,1,True,1.0,bike,0.001
652,0,0,0.4661220547344822,False,,3,0.9999976836717086,3.237190649793642e-05,1,2012-12-21,working,1,True,1.0,bike,0.001
653,1,1,0.9663054933882299,False,,3,0.9999997721421654,3.714673106213529e-06,0,2012-12-22,weekend,0,True,1.0,bike,0.001
654,1,1,0.9609656719524287,False,,3,0.9999997950755454,3.3676878887031827e-06,0,2012-12-23,weekend,0,True,1.0,bike,0.001
655,2,2,0.94236914891493,False,,3,0.9004858934283828,0.324014057859153,1,2012-12-24,working,1,True,1.0,bike,0.001
656,1,1,0.38624787229830543,False,,3,0.9999984235000624,2.2688720934109543e-05,0,2012-12-25,holiday,0,True,1.0,bike,0.001
657,2,2,0.24261815644898424,False,,3,0.5216311107930791,0.6922110785195066,1,2012-12-26,working,1,True,1.0,bike,0.001
658,0,0,0.7191590016423999,False,,3,0.9999999459640329,9.58253104760969e-07,1,2012-12-27,working,1,True,1.0,bike,0.001
659,0,0,0.8482796501157676,False,,3,0.9999893850035738,0.00013219334514593344,1,2012-12-28,working,1,True,1.0,bike,0.001
660,1,1,0.2761577840101919,False,,3,0.9999846149831794,0.00018632233681852278,0,2012-12-29,weekend,0,True,1.0,bike,0.001
661,1,1,0.9440922169380338,False,,3,0.9999999054767903,1.623585435362502e-06,0,2012-12-30,weekend,0,True,1.0,bike,0.001
662,0,0,0.42256617206114316,False,,3,0.9957848824558778,0.02845099450005821,1,2012-12-31,working,1,True,1.0,bike,0.001
0,-1,1,6.341118409617958e-11,True,,2,0.9999999995326618,1.0507682119646206e-08,0,2011-03-06,weekend,-1,False,,bike,1e-06
1,0,0,0.16508860268065828,False,,2,1.0,5.558057615115102e-24,1,2011-03-07,working,1,True,,bike,1e-06
2,0,0,0.5990511919540862,False,,2,1.0,6.436854564611372e-19,1,2011-03-08,working,1,True,,bike,1e-06
3,0,0,0.5739238308722805,False,,2,1.0,1.615676213636927e-19,1,2011-03-09,working,1,True,,bike,1e-06
4,0,0,0.09153098163867508,False,,2,1.0,3.833661826734515e-17,1,2011-03-10,working,1,True,,bike,1e-06
5,0,0,0.43560969533924393,False,,2,1.0,1.0208421011746602e-16,1,2011-03-11,working,1,True,,bike,1e-06
6,1,1,0.6089962012575214,False,,2,0.9999988258237594,1.720748603669954e-05,0,2011-03-12,weekend,0,True,,bike,1e-06
7,1,1,0.0005988049005016626,False,,2,0.9999992760949992,1.0958912088323089e-05,0,2011-03-13,weekend,0,True,,bike,1e-06
8,0,0,0.4641127071108846,False,,2,1.0,2.4675148165201053e-20,1,2011-03-14,working,1,True,,bike,1e-06
9,0,0,0.39715802500408603,False,,2,1.0,7.808824412404008e-16,1,2011-03-15,working,1,True,0.9,bike,1e-06
10,0,0,0.4075699046987925,False,,2,1.0,5.581122825888156e-20,1,2011-03-16,working,1,True,0.9090909090909091,bike,1e-06
11,0,0,0.750111346919165,False,,2,0.9999999999999574,1.347182357248394e-12,1,2011-03-17,working,1,True,0.9166666666666666,bike,1e-06
12,0,0,0.2900288651693449,False,,2,0.9999999983688994,3.463480959007979e-08,1,2011-03-18,working,1,True,0.9230769230769231,bike,1e-06
13,1,1,0.9838020067548977,False,,2,0.9999999999982805,4.8301098762924135e-11,0,2011-03-19,weekend,0,True,0.9285714285714286,bike,1e-06
14,1,1,0.9019996008779919,False,,2,0.9999999999734701,6.726169674175258e-10,0,2011-03-20,weekend,0,True,0.9333333333333333,bike,1e-06
15,0,0,0.3576637303052599,False,,2,0.999999999106997,1.9499986883975295e-08,1,2011-03-21,working,1,True,0.9375,bike,1e-06
16,0,0,0.4252250547772572,False,,2,1.0,1.3543200471694037e-17,1,2011-03-22,working,1,True,0.9411764705882353,bike,1e-06
17,0,0,0.11806581596134724,False,,2,1.0,8.978910386357593e-17,1,2011-03-23,working,1,True,0.9444444444444444,bike,1e-06
18,0,0,0.8503636100965088,False,,2,1.0,6.107175104482009e-15,1,2011-03-24,working,1,True,0.9473684210526315,bike,1e-06
19,0,0,0.8931553448646862,False,,2,0.9999999999978328,6.038958411046863e-11,1,2011-03-25,working,1,True,0.95,bike,1e-06
20,1,1,0.9673911531018382,False,,2,0.9999988818656361,1.644087823012063e-05,0,2011-03-26,weekend,0,True,0.9523809523809523,bike,1e-06
21,1,1,0.23240226321976562,False,,2,0.9999999999987033,3.683651982229125e-11,0,2011-03-27,weekend,0,True,0.9545454545454546,bike,1e-06
22,0,0,0.35671539187678913,False,,2,1.0,2.4067917094881774e-16,1,2011-03-28,working,1,True,0.9565217391304348,bike,1e-06
23,0,0,0.6984534783223061,False,,2,1.0,2.2567689800124555e-17,1,2011-03-29,working,1,True,0.9583333333333334,bike,1e-06
24,0,0,0.1436567800252676,False,,2,1.0,1.3411751749331347e-15,1,2011-03-30,working,1,True,0.96,bike,1e-06
25,0,0,0.82717415606133,False,,2,1.0,1.0146976044417192e-18,1,2011-03-31,working,1,True,0.9615384615384616,bike,1e-06
26,0,0,0.8444560911330826,False,,2,1.0,1.8124079363460667e-14,1,2011-04-01,working,1,True,0.9629629629629629,bike,1e-06
27,1,1,0.9902477917837657,False,,2,0.9999996349026761,5.776972087972281e-06,0,2011-04-02,weekend,0,True,0.9642857142857143,bike,1e-06
28,1,1,0.5010658159632311,False,,2,0.999999180963497,1.2297945099344133e-05,0,2011-04-03,weekend,0,True,0.9655172413793104,bike,1e-06
29,0,0,0.44195467366224234,False,,2,1.0,1.937396937599597e-19,1,2011-04-04,working,1,True,0.9666666666666667,bike,1e-06
30,0,0,0.005727694412587545,False,,2,0.9999999999782432,5.559735753880622e-10,1,2011-04-05,working,1,True,1.0,bike,1e-06
31,0,0,0.49080458246945646,False,,2,1.0,8.501846878570775e-19,1,2011-04-06,working,1,True,1.0,bike,1e-06
32,0,0,0.5735818540100099,False,,2,0.9999999999999716,9.295837804692046e-13,1,2011-04-07,working,1,True,1.0,bike,1e-06
33,0,0,0.018643615064671604,False,,2,1.0,7.191246122162787e-18,1,2011-04-08,working,1,True,1.0,bike,1e-06
34,1,1,0.9814986602239666,False,,2,0.9999994364057646,8.673112809506421e-06,0,2011-04-09,weekend,0,True,1.0,bike,1e-06
35,1,1,0.8716338094206527,False,,2,0.9999999999948894,1.3799572295297536e-10,0,2011-04-10,weekend,0,True,1.0,bike,1e-06
36,0,0,0.12046939822153716,False,,2,1.0,2.647361337414401e-19,1,2011-04-11,working,1,True,1.0,bike,1e-06
37,0,0,0.03727335177088377,False,,2,0.9999999999999822,5.49930098985299e-13,1,2011-04-12,working,1,True,1.0,bike,1e-06
38,0,0,0.39348231120157867,False,,2,1.0,2.416398204645721e-16,1,2011-04-13,working,1,True,1.0,bike,1e-06
39,0,0,0.8368195591646301,False,,2,1.0,1.7004541488459649e-16,1,2011-04-14,working,1,True,1.0,bike,1e-06
40,0,0,0.803854428728454,False,,2,0.9999999967789783,6.62034803498634e-08,0,2011-04-15,holiday,1,False,0.9666666666666667,bike,1e-06
41,-1,1,5.330944927977207e-07,True,,2,0.9996441586483981,0.0031815233037754387,0,2011-04-16,weekend,-1,False,0.9333333333333333,bike,1e-06
42,1,1,0.7580104025918103,False,,2,0.9999999992602024,1.629376925228319e-08,0,2011-04-17,weekend,0,True,0.9333333333333333,bike,1e-06
43,0,0,0.9091960340769096,False,,2,0.9999999955931642,8.919485097530671e-08,1,2011-04-18,working,1,True,0.9333333333333333,bike,1e-06
44,0,0,0.4663836821440843,False,,2,1.0,1.7091027973119135e-15,1,2011-04-19,working,1,True,0.9333333333333333,bike,1e-06
45,0,0,0.6024157936077694,False,,2,1.0,6.351379228434442e-19,1,2011-04-20,working,1,True,0.9333333333333333,bike,1e-06
46,0,0,0.7198312346190596,False,,2,0.9999999957989338,8.523091980510846e-08,1,2011-04-21,working,1,True,0.9333333333333333,bike,1e-06
47,0,0,0.002589436300046838,False,,2,1.0,2.960947901884922e-17,1,2011-04-22,working,1,True,0.9333333333333333,bike,1e-06
48,1,1,0.11749609456459262,False,,2,0.9998003995126995,0.0019000155906462506,0,2011-04-23,weekend,0,True,0.9333333333333333,bike,1e-06
49,1,1,0.6730759207024131,False,,2,0.9999999998897398,2.6383222951255007e-09,0,2011-04-24,weekend,0,True,0.9333333333333333,bike,1e-06
50,0,0,0.9295701806413382,False,,2,1.0,7.346394721015039e-15,1,2011-04-25,working,1,True,0.9333333333333333,bike,1e-06
51,0,0,0.6257416830047873,False,,2,0.999999999999087,2.6187677111741883e-11,1,2011-04-26,working,1,True,0.9333333333333333,bike,1e-06
52,0,0,0.7447031852120085,False,,2,1.0,1.6836523740946543e-14,1,2011-04-27,working,1,True,0.9333333333333333,bike,1e-06
53,0,0,0.08953462742162474,False,,2,0.9999999999998401,4.854638472850064e-12,1,2011-04-28,working,1,True,0.9333333333333333,bike,1e-06
54,0,0,0.8139317494170426,False,,2,0.9999999990595327,2.0487754075323893e-08,1,2011-04-29,working,1,True,0.9333333333333333,bike,1e-06
55,1,1,0.992819397478435,False,,2,0.9999999992208082,1.7120998893420046e-08,0,2011-04-30,weekend,0,True,0.9333333333333333,bike,1e-06
56,1,1,0.8839909143427808,False,,2,0.9999999988265955,2.5302537089132268e-08,0,2011-05-01,weekend,0,True,0.9333333333333333,bike,1e-06
57,0,0,0.03388365534101155,False,,2,0.9992079567589363,0.006447626771557709,1,2011-05-02,working,1,True,0.9333333333333333,bike,1e-06
58,0,0,0.5554556071313654,False,,2,1.0,5.708440621808234e-20,1,2011-05-03,working,1,True,0.9333333333333333,bike,1e-06
59,0,0,0.24449532578794733,False,,2,0.999999870251775,2.1872527343534402e-06,1,2011-05-04,working,1,True,0.9333333333333333,bike,1e-06
60,0,0,0.7293031199774198,False,,2,1.0,6.223670437807923e-18,1,2011-05-05,working,1,True,0.9333333333333333,bike,1e-06
61,0,0,0.19580673098286508,False,,2,0.9999999958193335,8.483742360980884e-08,1,2011-05-06,working,1,True,0.9333333333333333,bike,1e-06
62,1,1,0.9072710551420088,False,,2,0.9999999175934099,1.4265899678290163e-06,0,2011-05-07,weekend,0,True,0.9333333333333333,bike,1e-06
63,1,1,0.697937109435659,False,,2,0.9999999998669171,3.1593916197653297e-09,0,2011-05-08,weekend,0,True,0.9333333333333333,bike,1e-06
64,0,0,0.6004467542002734,False,,2,0.999999999994337,1.5231787060824296e-10,1,2011-05-09,working,1,True,0.9333333333333333,bike,1e-06
65,0,0,0.35186735241012784,False,,2,1.0,4.539299624096737e-20,1,2011-05-10,working,1,True,0.9333333333333333,bike,1e-06
66,0,0,0.6228826219126882,False,,2,1.0,7.282350494846991e-16,1,2011-05-11,working,1,True,0.9333333333333333,bike,1e-06
67,0,0,0.8289842717197604,False,,2,0.9999999999999929,2.540205356814972e-13,1,2011-05-12,working,1,True,0.9333333333333333,bike,1e-06
68,0,0,0.7668921847526784,False,,2,0.9999999997371027,6.0621931348926184e-09,1,2011-05-13,working,1,True,0.9333333333333333,bike,1e-06
69,1,1,0.33612557935682097,False,,2,0.9999999989855795,2.202200745997392e-08,0,2011-05-14,weekend,0,True,0.9333333333333333,bike,1e-06
70,1,1,0.9733844369290704,False,,2,0.999999966420504,6.114608042567929e-07,0,2011-05-15,weekend,0,True,0.9666666666666667,bike,1e-06
71,0,0,0.8949429863991878,False,,2,0.9999999999999964,1.452420465364955e-13,1,2011-05-16,working,1,True,1.0,bike,1e-06
72,0,0,0.8885912171557919,False,,2,0.9999999999997939,6.1886668308574625e-12,1,2011-05-17,working,1,True,1.0,bike,1e-06
73,0,0,0.004653052393715988,False,,2,1.0,9.029490991415619e-20,1,2011-05-18,working,1,True,1.0,bike,1e-06
74,0,0,0.6582822801135622,False,,2,1.0,8.222156860347746e-18,1,2011-05-19,working,1,True,1.0,bike,1e-06
75,0,0,0.6729554051442126,False,,2,0.9999999999999893,3.8674234328783143e-13,1,2011-05-20,working,1,True,1.0,bike,1e-06
76,1,1,0.890981876165509,False,,2,0.9999998379799837,2.6952913998058897e-06,0,2011-05-21,weekend,0,True,1.0,bike,1e-06
77,1,1,0.8453394656411204,False,,2,0.9999999971338855,5.924345393522349e-08,0,2011-05-22,weekend,0,True,1.0,bike,1e-06
78,0,0,0.7952415995879688,False,,2,1.0,1.3028564230036193e-15,1,2011-05-23,working,1,True,1.0,bike,1e-06
79,0,0,0.43033226337895364,False,,2,1.0,7.670246788351116e-17,1,2011-05-24,working,1,True,1.0,bike,1e-06
80,0,0,0.5743634799846511,False,,2,1.0,2.944709913267226e-19,1,2011-05-25,working,1,True,1.0,bike,1e-06
81,0,0,0.5317090891844902,False,,2,1.0,3.903840391585834e-16,1,2011-05-26,working,1,True,1.0,bike,1e-06
82,0,0,0.4624473350258417,False,,2,0.9999936967603547,8.178102776051571e-05,1,2011-05-27,working,1,True,1.0,bike,1e-06
83,1,1,0.9065526971872373,False,,2,0.9999998656728498,2.2597839613353553e-06,0,2011-05-28,weekend,0,True,1.0,bike,1e-06
84,1,1,0.9090084213313818,False,,2,0.9999999957814953,8.556725634061298e-08,0,2011-05-29,weekend,0,True,1.0,bike,1e-06
85,1,1,0.9787465323508872,False,,2,0.9999999970020088,6.183453437928198e-08,0,2011-05-30,holiday,0,True,1.0,bike,1e-06
86,0,0,0.5636370136604087,False,,2,1.0,3.189979034161679e-16,1,2011-05-31,working,1,True,1.0,bike,1e-06
87,0,0,0.49832489164843785,False,,2,1.0,1.3163283124390124e-18,1,2011-06-01,working,1,True,1.0,bike,1e-06
88,0,0,0.5676011470652511,False,,2,1.0,8.804089401771071e-18,1,2011-06-02,working,1,True,1.0,bike,1e-06
89,0,0,0.7536461882619259,False,,2,0.9999999999997335,8.014167572949566e-12,1,2011-06-03,working,1,True,1.0,bike,1e-06
90,1,1,0.9555240003637613,False,,2,0.9999998564673099,2.405134649018937e-06,0,2011-06-04,weekend,0,True,1.0,bike,1e-06
91,1,1,0.8504677010203883,False,,2,0.9999999996324043,8.353242492613107e-09,0,2011-06-05,weekend,0,True,1.0,bike,1e-06
92,0,0,0.5889667265315186,False,,2,1.0,7.739409542693407e-19,1,2011-06-06,working,1,True,1.0,bike,1e-06
93,0,0,0.25163225087273167,False,,2,1.0,1.1164010120606329e-26,1,2011-06-07,working,1,True,1.0,bike,1e-06
94,0,0,0.2974445992876714,False,,2,1.0,1.2858218612393038e-18,1,2011-06-08,working,1,True,1.0,bike,1e-06
95,0,0,0.28447628092807914,False,,2,1.0,1.678056436058438e-19,1,2011-06-09,working,1,True,1.0,bike,1e-06
96,0,0,0.49990463341289537,False,,2,0.999999999999833,5.126698374561054e-12,1,2011-06-10,working,1,True,1.0,bike,1e-06
97,1,1,0.9723149600224804,False,,2,0.9999994183207606,8.933049566449344e-06,0,2011-06-11,weekend,0,True,1.0,bike,1e-06
98,1,1,0.9627076420136863,False,,2,0.9999999998244853,4.118157969565911e-09,0,2011-06-12,weekend,0,True,1.0,bike,1e-06
99,0,0,0.6953244833279995,False,,2,1.0,4.8135915310386925e-17,1,2011-06-13,working,1,True,1.0,bike,1e-06
100,0,0,0.2799509684008494,False,,2,1.0,1.4903401311303077e-20,1,2011-06-14,working,1,True,1.0,bike,1e-06
101,0,0,0.1973592605388887,False,,2,1.0,2.2647177952567147e-20,1,2011-06-15,working,1,True,1.0,bike,1e-06
102,0,0,0.7850702340184803,False,,2,1.0,3.740414192639446e-17,1,2011-06-16,working,1,True,1.0,bike,1e-06
103,0,0,0.7670660261764366,False,,2,0.9999999999999645,1.0960455911911243e-12,1,2011-06-17,working,1,True,1.0,bike,1e-06
104,1,1,0.7831107531581941,False,,2,0.9999999435197997,9.990994938989544e-07,0,2011-06-18,weekend,0,True,1.0,bike,1e-06
105,1,1,0.9854262787274155,False,,2,0.9999999547095629,8.11159422495353e-07,0,2011-06-19,weekend,0,True,1.0,bike,1e-06
106,0,0,0.2208794498259555,False,,2,0.9999999999999929,2.782185341926245e-13,1,2011-06-20,working,1,True,1.0,bike,1e-06
107,0,0,0.7625994937371114,False,,2,1.0,5.958957710878745e-20,1,2011-06-21,working,1,True,1.0,bike,1e-06
108,0,0,0.8068206363516275,False,,2,1.0,2.7035377421090608e-17,1,2011-06-22,working,1,True,1.0,bike,1e-06
109,0,0,0.5533036220464429,False,,2,1.0,1.0343057003330322e-16,1,2011-06-23,working,1,True,1.0,bike,1e-06
110,0,0,0.8002301829823977,False,,2,0.9999999999911573,2.3390211504174243e-10,1,2011-06-24,working,1,True,1.0,bike,1e-06
111,1,1,0.9833606298054319,False,,2,0.9999999969574969,6.270776620713008e-08,0,2011-06-25,weekend,0,True,1.0,bike,1e-06
112,1,1,0.9768831298416192,False,,2,0.9999999995729976,9.639263342459789e-09,0,2011-06-26,weekend,0,True,1.0,bike,1e-06
113,0,0,0.7248117879579421,False,,2,1.0,6.76545396489519e-19,1,2011-06-27,working,1,True,1.0,bike,1e-06
114,0,0,0.6587094078723388,False,,2,1.0,9.641853407112905e-20,1,2011-06-28,working,1,True,1.0,bike,1e-06
115,0,0,0.579252282700786,False,,2,1.0,4.6796696974197194e-15,1,2011-06-29,working,1,True,1.0,bike,1e-06
116,0,0,0.6897216076210617,False,,2,1.0,3.694450000965675e-15,1,2011-06-30,working,1,True,1.0,bike,1e-06
117,0,0,0.8429381005567506,False,,2,0.9999999980155074,4.174953496870811e-08,1,2011-07-01,working,1,True,1.0,bike,1e-06
118,1,1,0.9960013886944329,False,,2,0.9999999734980894,4.888555410048241e-07,0,2011-07-02,weekend,0,True,1.0,bike,1e-06
119,1,1,6.582746928714646e-05,False,,2,0.9999999955443997,9.013275083474705e-08,0,2011-07-03,weekend,0,True,1.0,bike,1e-06
120,1,1,0.22154447262444282,False,,2,0.9999999630743523,6.688844431737368e-07,0,2011-07-04,holiday,0,True,1.0,bike,1e-06
121,0,0,0.7980583646261163,False,,2,0.9999999999987779,3.470504869179668e-11,1,2011-07-05,working,1,True,1.0,bike,1e-06
122,0,0,0.14349444215698334,False,,2,1.0,7.340016391719737e-20,1,2011-07-06,working,1,True,1.0,bike,1e-06
123,0,0,0.4025918528963295,False,,2,1.0,3.1618074766228954e-18,1,2011-07-07,working,1,True,1.0,bike,1e-06
124,0,0,0.6105065887399628,False,,2,0.9999999999999858,4.3379724020596305e-13,1,2011-07-08,working,1,True,1.0,bike,1e-06
125,1,1,0.8278279056792206,False,,2,0.9999900738283387,0.00012427895201731033,0,2011-07-09,weekend,0,True,1.0,bike,1e-06
126,1,1,0.7590279008485751,False,,2,0.999999994049384,1.1865390870093764e-07,0,2011-07-10,weekend,0,True,1.0,bike,1e-06
127,0,0,0.5000341729855824,False,,2,1.0,8.919569532309806e-18,1,2011-07-11,working,1,True,1.0,bike,1e-06
128,0,0,0.7360568139439698,False,,2,1.0,2.720405827969097e-20,1,2011-07-12,working,1,True,1.0,bike,1e-06
129,0,0,0.2756659395473938,False,,2,1.0,2.961926042607336e-24,1,2011-07-13,working,1,True,1.0,bike,1e-06
130,0,0,0.6437930404062002,False,,2,1.0,5.668098323950797e-16,1,2011-07-14,working,1,True,1.0,bike,1e-06
131,0,0,0.6875312906686846,False,,2,0.9999999999606963,9.81043778648034e-10,1,2011-07-15,working,1,True,1.0,bike,1e-06
132,1,1,0.9977965000732729,False,,2,0.9999999726115142,5.04308111353105e-07,0,2011-07-16,weekend,0,True,1.0,bike,1e-06
133,1,1,0.8272422171412952,False,,2,0.9999999964863786,7.191193896629774e-08,0,2011-07-17,weekend,0,True,1.0,bike,1e-06
134,0,0,0.6791389411473236,False,,2,0.9999999999999964,1.351415797881346e-13,1,2011-07-18,working,1,True,1.0,bike,1e-06
135,0,0,0.5008637128834723,False,,2,1.0,1.8133553158741975e-17,1,2011-07-19,working,1,True,1.0,bike,1e-06
136,0,0,0.58110730790222,False,,2,1.0,7.951446406323503e-20,1,2011-07-20,working,1,True,1.0,bike,1e-06
137,0,0,0.35155601654999324,False,,2,1.0,4.8924180966320227e-17,1,2011-07-21,working,1,True,1.0,bike,1e-06
138,0,0,0.6432390671515338,False,,2,0.9999999999999645,1.1157459481687516e-12,1,2011-07-22,working,1,True,1.0,bike,1e-06
139,1,1,0.732285433590566,False,,2,0.9999999345656455,1.147863737223037e-06,0,2011-07-23,weekend,0,True,1.0,bike,1e-06
140,1,1,0.5923567917283925,False,,2,0.9999999879361782,2.3202413700511672e-07,0,2011-07-24,weekend,0,True,1.0,bike,1e-06
141,0,0,0.19774193356161837,False,,2,1.0,2.0452752540345256e-22,1,2011-07-25,working,1,True,1.0,bike,1e-06
142,0,0,0.7362092962137186,False,,2,1.0,3.4354329128816994e-20,1,2011-07-26,working,1,True,1.0,bike,1e-06
143,0,0,0.38805577548561565,False,,2,1.0,9.056836705687527e-21,1,2011-07-27,working,1,True,1.0,bike,1e-06
144,0,0,0.5722266857720697,False,,2,1.0,4.833763343974669e-16,1,2011-07-28,working,1,True,1.0,bike,1e-06
145,0,0,0.5775484792263421,False,,2,0.999999999977458,5.751384852326036e-10,1,2011-07-29,working,1,True,1.0,bike,1e-06
146,1,1,0.9264093452276467,False,,2,0.9999999921531408,1.542939849043416e-07,0,2011-07-30,weekend,0,True,1.0,bike,1e-06
147,1,1,0.6155080810447036,False,,2,0.9999999840089765,3.0304970996523677e-07,0,2011-07-31,weekend,0,True,1.0,bike,1e-06
148,0,0,0.5410394823455948,False,,2,1.0,4.522874830854347e-18,1,2011-08-01,working,1,True,1.0,bike,1e-06
149,0,0,0.7041957954225342,False,,2,1.0,1.6070199765442728e-19,1,2011-08-02,working,1,True,1.0,bike,1e-06
150,0,0,0.1610461727592165,False,,2,1.0,2.3532474183244573e-15,1,2011-08-03,working,1,True,1.0,bike,1e-06
151,0,0,0.6422690601007679,False,,2,1.0,9.68249073995856e-19,1,2011-08-04,working,1,True,1.0,bike,1e-06
152,0,0,0.7588991278764127,False,,2,0.9999999999977476,6.269418688021108e-11,1,2011-08-05,working,1,True,1.0,bike,1e-06
153,1,1,0.45272054070476986,False,,2,0.9999999905882255,1.8335364422123555e-07,0,2011-08-06,weekend,0,True,1.0,bike,1e-06
154,1,1,0.4319838584900621,False,,2,0.9999999809281468,3.5807504891870636e-07,0,2011-08-07,weekend,0,True,1.0,bike,1e-06
155,0,0,0.6155188855599418,False,,2,1.0,1.731215618808913e-19,1,2011-08-08,working,1,True,1.0,bike,1e-06
156,0,0,0.736534413614943,False,,2,1.0,1.0055980381158994e-17,1,2011-08-09,working,1,True,1.0,bike,1e-06
157,0,0,0.6270655475997537,False,,2,1.0,5.770218934858642e-16,1,2011-08-10,working,1,True,1.0,bike,1e-06
158,0,0,0.7591614082138987,False,,2,0.9999999999999716,9.498999143116552e-13,1,2011-08-11,working,1,True,1.0,bike,1e-06
159,0,0,0.7648583763533419,False,,2,0.9999999999495373,1.2469210511762597e-09,1,2011-08-12,working,1,True,1.0,bike,1e-06
160,1,1,0.6889690131220743,False,,2,0.999999614233708,6.082775984159274e-06,0,2011-08-13,weekend,0,True,1.0,bike,1e-06
161,1,1,0.08788185437289553,False,,2,0.9999999998550102,3.4296474831506743e-09,0,2011-08-14,weekend,0,True,1.0,bike,1e-06
162,0,0,0.8029667394439568,False,,2,1.0,1.3841925820591696e-18,1,2011-08-15,working,1,True,1.0,bike,1e-06
163,0,0,0.510281986824646,False,,2,1.0,1.0601548782303025e-19,1,2011-08-16,working,1,True,1.0,bike,1e-06
164,0,0,0.5913759238511438,False,,2,1.0,9.828625838900683e-20,1,2011-08-17,working,1,True,1.0,bike,1e-06
165,0,0,0.47952433136505246,False,,2,0.9999999999999503,1.5917492306578878e-12,1,2011-08-18,working,1,True,1.0,bike,1e-06
166,0,0,0.1293198995063813,False,,2,0.9999999999738449,6.634918111830103e-10,1,2011-08-19,working,1,True,1.0,bike,1e-06
167,1,1,0.6594725486224648,False,,2,0.9999999399413877,1.0587098929766235e-06,0,2011-08-20,weekend,0,True,1.0,bike,1e-06
168,1,1,0.012774963318714033,False,,2,0.9999443484109959,0.0006008352628867483,0,2011-08-21,weekend,0,True,1.0,bike,1e-06
169,0,0,0.8178922519652282,False,,2,0.9999999999999929,2.1850419509052502e-13,1,2011-08-22,working,1,True,1.0,bike,1e-06
170,0,0,0.35258027853812124,False,,2,1.0,1.8036676785706787e-14,1,2011-08-23,working,1,True,1.0,bike,1e-06
171,0,0,0.46223177774579416,False,,2,1.0,1.470709695908652e-18,1,2011-08-24,working,1,True,1.0,bike,1e-06
172,0,0,0.07296073785116383,False,,2,1.0,1.1171509283757431e-23,1,2011-08-25,working,1,True,1.0,bike,1e-06
173,0,0,0.8427836394254992,False,,2,0.9999999987131964,2.7629091359387518e-08,1,2011-08-26,working,1,True,1.0,bike,1e-06
174,0,0,0.6027041159912185,False,,2,0.9999999999999929,2.2142867692584841e-13,1,2011-08-29,working,1,True,1.0,bike,1e-06
175,0,0,0.6840865424858886,False,,2,1.0,2.2350938339329504e-18,1,2011-08-30,working,1,True,1.0,bike,1e-06
176,0,0,0.7603294962429998,False,,2,1.0,9.321702945541604e-18,1,2011-08-31,working,1,True,1.0,bike,1e-06
177,0,0,0.6974266245937581,False,,2,0.9999999999987885,3.4452747464896007e-11,1,2011-09-01,working,1,True,1.0,bike,1e-06
178,0,0,0.5449384692928618,False,,2,0.9999992939284544,1.070655043342254e-05,1,2011-09-02,working,1,True,1.0,bike,1e-06
179,1,1,0.9825014767161366,False,,2,0.9999999955340275,9.033223490973541e-08,0,2011-09-03,weekend,0,True,1.0,bike,1e-06
180,1,1,0.01894725382958651,False,,2,0.9999999961873769,7.772013506252273e-08,0,2011-09-04,weekend,0,True,1.0,bike,1e-06
181,1,1,0.17543581570385283,False,,2,0.999999978561583,3.999997566865906e-07,0,2011-09-05,holiday,0,True,1.0,bike,1e-06
182,0,0,0.0026419315273708745,False,,2,1.0,8.824378548835113e-42,1,2011-09-06,working,1,True,1.0,bike,1e-06
183,0,0,1.592405067922184e-05,False,,2,1.0,3.6696877506630745e-31,1,2011-09-07,working,1,True,1.0,bike,1e-06
184,0,0,0.16420694290279886,False,,2,1.0,5.663482916305596e-20,1,2011-09-08,working,1,True,1.0,bike,1e-06
185,0,0,0.05146982192626768,False,,2,1.0,2.556970063877044e-17,1,2011-09-09,working,1,True,1.0,bike,1e-06
186,1,1,0.38485369485975784,False,,2,0.9999999960192358,8.097588336829029e-08,0,2011-09-10,weekend,0,True,1.0,bike,1e-06
187,1,1,0.6116900811097934,False,,2,0.999999978545244,4.0028822376075974e-07,0,2011-09-11,weekend,0,True,1.0,bike,1e-06
188,0,0,0.0393942702890784,False,,2,1.0,1.620856238815871e-27,1,2011-09-12,working,1,True,1.0,bike,1e-06
189,0,0,0.5090093631791017,False,,2,1.0,9.206170744378436e-23,1,2011-09-13,working,1,True,1.0,bike,1e-06
190,0,0,0.6800309749263587,False,,2,1.0,2.7858683953571443e-21,1,2011-09-14,working,1,True,1.0,bike,1e-06
191,0,0,0.7888955966683264,False,,2,1.0,8.557018691288137e-16,1,2011-09-15,working,1,True,1.0,bike,1e-06
192,0,0,0.654852113702282,False,,2,0.9999999999986144,3.917930423191084e-11,1,2011-09-16,working,1,True,1.0,bike,1e-06
193,1,1,0.593416978886727,False,,2,0.9999999980436431,4.118556928929938e-08,0,2011-09-17,weekend,0,True,1.0,bike,1e-06
194,1,1,0.02268906762795161,False,,2,0.9999999950816125,9.900856631383255e-08,0,2011-09-18,weekend,0,True,1.0,bike,1e-06
195,0,0,0.6997326088685552,False,,2,1.0,2.037652399806283e-16,1,2011-09-19,working,1,True,1.0,bike,1e-06
196,0,0,0.007810215746585544,False,,2,1.0,2.1971358316841715e-20,1,2011-09-20,working,1,True,1.0,bike,1e-06
197,0,0,0.7113320168928168,False,,2,1.0,1.2161909214222686e-16,1,2011-09-21,working,1,True,1.0,bike,1e-06
198,0,0,0.5050491321896435,False,,2,1.0,1.9734081823888106e-16,1,2011-09-22,working,1,True,1.0,bike,1e-06
199,-1,0,3.6675370703523485e-07,True,,2,1.0,1.5551626398224166e-26,1,2011-09-23,working,-1,False,0.9666666666666667,bike,1e-06
200,1,1,0.7550993415358112,False,,2,0.9999999963224795,7.509873375349282e-08,0,2011-09-24,weekend,0,True,0.9666666666666667,bike,1e-06
201,1,1,0.07581347261199482,False,,2,0.9999999999729248,6.858632188663049e-10,0,2011-09-25,weekend,0,True,0.9666666666666667,bike,1e-06
202,0,0,0.8328083671585307,False,,2,1.0,7.584133328882011e-16,1,2011-09-26,working,1,True,0.9666666666666667,bike,1e-06
203,0,0,0.8047866137191279,False,,2,1.0,5.1625013275753e-15,1,2011-09-27,working,1,True,0.9666666666666667,bike,1e-06
204,0,0,0.341571523154971,False,,2,0.9999999999997762,6.7605450678353645e-12,1,2011-09-28,working,1,True,0.9666666666666667,bike,1e-06
205,0,0,0.6122351362328544,False,,2,1.0,6.174846378096458e-17,1,2011-09-29,working,1,True,0.9666666666666667,bike,1e-06
206,0,0,0.743699886735508,False,,2,0.9999999999948983,1.3776997799934087e-10,1,2011-09-30,working,1,True,0.9666666666666667,bike,1e-06
207,1,1,0.19496346536264644,False,,2,0.9999999996392468,8.204538067281984e-09,0,2011-10-01,weekend,0,True,0.9666666666666667,bike,1e-06
208,1,1,0.877546631122415,False,,2,0.9999988751110788,1.6533421307485473e-05,0,2011-10-02,weekend,0,True,0.9666666666666667,bike,1e-06
209,0,0,0.7073437250319625,False,,2,1.0,1.83825340950192e-21,1,2011-10-03,working,1,True,0.9666666666666667,bike,1e-06
210,0,0,0.6046026238623432,False,,2,1.0,1.246255575257125e-19,1,2011-10-04,working,1,True,0.9666666666666667,bike,1e-06
211,0,0,0.5930092822526591,False,,2,1.0,6.430148026399359e-19,1,2011-10-05,working,1,True,0.9666666666666667,bike,1e-06
212,0,0,0.6728219085552039,False,,2,0.9999999999999964,1.2509489816761907e-13,1,2011-10-06,working,1,True,0.9666666666666667,bike,1e-06
213,0,0,0.6852484568617163,False,,2,0.9999999994818332,1.1596948918135804e-08,1,2011-10-07,working,1,True,0.9666666666666667,bike,1e-06
214,1,1,0.9923031972076032,False,,2,0.9999999922593528,1.52311030699584e-07,0,2011-10-08,weekend,0,True,0.9666666666666667,bike,1e-06
215,1,1,0.99998366473088,False,,2,0.9999999999274802,1.7656437381599012e-09,0,2011-10-09,weekend,0,True,0.9666666666666667,bike,1e-06
216,0,0,0.9724493402896587,False,,2,0.8341471377170949,0.44924905392608777,0,2011-10-10,holiday,1,False,0.9333333333333333,bike,1e-06
217,0,0,0.4847475827139983,False,,2,1.0,2.889926288099409e-20,1,2011-10-11,working,1,True,0.9333333333333333,bike,1e-06
218,0,0,0.05946699487238867,False,,2,1.0,1.199734270137597e-25,1,2011-10-12,working,1,True,0.9333333333333333,bike,1e-06
219,0,0,0.9052603072281367,False,,2,0.9999999999971969,7.740762815454738e-11,1,2011-10-13,working,1,True,0.9333333333333333,bike,1e-06
220,0,0,0.6474654143413976,False,,2,0.9999999999821441,4.597269172162e-10,1,2011-10-14,working,1,True,0.9333333333333333,bike,1e-06
221,1,1,0.9144139034489764,False,,2,0.9999999974738465,5.2535321666531814e-08,0,2011-10-15,weekend,0,True,0.9333333333333333,bike,1e-06
222,1,1,0.6734093926505147,False,,2,0.9999999999048299,2.2912508329535064e-09,0,2011-10-16,weekend,0,True,0.9333333333333333,bike,1e-06
223,0,0,0.49889802861450794,False,,2,1.0,4.978964801081206e-17,1,2011-10-17,working,1,True,0.9333333333333333,bike,1e-06
224,0,0,0.16353008838143313,False,,2,1.0,7.982811333560681e-22,1,2011-10-18,working,1,True,0.9333333333333333,bike,1e-06
225,0,0,0.4378318119358147,False,,2,0.9999999999366551,1.5508720704571759e-09,1,2011-10-19,working,1,True,0.9333333333333333,bike,1e-06
226,0,0,0.4138403362414187,False,,2,1.0,5.1016149051140594e-21,1,2011-10-20,working,1,True,0.9333333333333333,bike,1e-06
227,0,0,0.7383258837541705,False,,2,0.9999999977200922,4.7648086712801285e-08,1,2011-10-21,working,1,True,0.9333333333333333,bike,1e-06
228,1,1,0.9985715182863576,False,,2,0.9999999967157285,6.743963471353669e-08,0,2011-10-22,weekend,0,True,0.9333333333333333,bike,1e-06
229,1,1,0.17886806626783508,False,,2,0.9999999999116334,2.133977343010934e-09,0,2011-10-23,weekend,0,True,0.9666666666666667,bike,1e-06
230,0,0,0.5672644612250735,False,,2,0.9999999999999964,1.4115596967404309e-13,1,2011-10-24,working,1,True,0.9666666666666667,bike,1e-06
231,0,0,0.6944223113339012,False,,2,1.0,2.6666478704459145e-18,1,2011-10-25,working,1,True,0.9666666666666667,bike,1e-06
232,0,0,0.3359295441038162,False,,2,1.0,8.605401293922436e-25,1,2011-10-26,working,1,True,0.9666666666666667,bike,1e-06
233,0,0,0.45132494897212333,False,,2,1.0,1.8286086759035654e-15,1,2011-10-27,working,1,True,0.9666666666666667,bike,1e-06
234,0,0,0.45322073405773805,False,,2,0.9999999999980425,5.474921432693956e-11,1,2011-10-28,working,1,True,0.9666666666666667,bike,1e-06
235,1,1,4.709547373433079e-05,False,,2,0.9979992710481154,0.014431743420013292,0,2011-10-29,weekend,0,True,0.9666666666666667,bike,1e-06
236,1,1,0.4519743388195779,False,,2,0.9999999992877147,1.5714809226332234e-08,0,2011-10-30,weekend,0,True,0.9666666666666667,bike,1e-06
237,0,0,0.629193370938915,False,,2,1.0,4.0847539469611003e-17,1,2011-10-31,working,1,True,0.9666666666666667,bike,1e-06
238,0,0,0.7544318228368696,False,,2,1.0,1.1961925620789317e-17,1,2011-11-01,working,1,True,0.9666666666666667,bike,1e-06
239,0,0,0.35811709152037247,False,,2,1.0,1.163612789988571e-22,1,2011-11-02,working,1,True,0.9666666666666667,bike,1e-06
240,0,0,0.5573098853615275,False,,2,1.0,1.1994872311261342e-15,1,2011-11-03,working,1,True,0.9666666666666667,bike,1e-06
241,0,0,0.8601700809165581,False,,2,0.9999999999300364,1.7059514848576401e-09,1,2011-11-04,working,1,True,0.9666666666666667,bike,1e-06
242,1,1,0.6569269441897414,False,,2,0.9999999728383923,5.003564933648938e-07,0,2011-11-05,weekend,0,True,0.9666666666666667,bike,1e-06
243,1,1,0.7061382649691017,False,,2,0.9999999996818119,7.276435838635659e-09,0,2011-11-06,weekend,0,True,0.9666666666666667,bike,1e-06
244,0,0,0.3976907842708322,False,,2,1.0,1.3527895797458695e-23,1,2011-11-07,working,1,True,0.9666666666666667,bike,1e-06
245,0,0,0.24245585269946654,False,,2,1.0,1.0813390999638796e-23,1,2011-11-08,working,1,True,0.9666666666666667,bike,1e-06
246,0,0,0.562891301193857,False,,2,1.0,6.233209638631576e-22,1,2011-11-09,working,1,True,1.0,bike,1e-06
247,0,0,0.31149207487978764,False,,2,1.0,1.8234546121432326e-23,1,2011-11-10,working,1,True,1.0,bike,1e-06
248,0,0,0.8670405555387339,False,,2,0.9971294483264714,0.01966848728052993,0,2011-11-11,holiday,1,False,0.9666666666666667,bike,1e-06
249,1,1,0.6038394042391282,False,,2,0.9999999996249134,8.515918895632616e-09,0,2011-11-12,weekend,0,True,0.9666666666666667,bike,1e-06
250,1,1,0.7860754822732356,False,,2,0.9999999996014974,9.023409358806884e-09,0,2011-11-13,weekend,0,True,0.9666666666666667,bike,1e-06
251,0,0,0.6458004030077731,False,,2,1.0,8.720000552798967e-16,1,2011-11-14,working,1,True,0.9666666666666667,bike,1e-06
252,0,0,0.6911994885644619,False,,2,1.0,1.408343623953833e-18,1,2011-11-15,working,1,True,0.9666666666666667,bike,1e-06
253,0,0,0.2274584862078407,False,,2,1.0,4.5996324959993e-14,1,2011-11-16,working,1,True,0.9666666666666667,bike,1e-06
254,0,0,0.6780414352646122,False,,2,1.0,7.545641214614436e-19,1,2011-11-17,working,1,True,0.9666666666666667,bike,1e-06
255,0,0,0.7177581149382393,False,,2,1.0,4.449691297559559e-14,1,2011-11-18,working,1,True,0.9666666666666667,bike,1e-06
256,1,1,0.5210164750366288,False,,2,0.9999999666953029,6.06730565600592e-07,0,2011-11-19,weekend,0,True,0.9666666666666667,bike,1e-06
257,1,1,0.11203477543577328,False,,2,0.9999999999784741,5.502246409745085e-10,0,2011-11-20,weekend,0,True,0.9666666666666667,bike,1e-06
258,0,0,0.6774922468089066,False,,2,1.0,2.438713321992285e-19,1,2011-11-21,working,1,True,0.9666666666666667,bike,1e-06
259,0,0,0.052531543355382654,False,,2,1.0,5.351704743464945e-26,1,2011-11-22,working,1,True,0.9666666666666667,bike,1e-06
260,0,0,0.4796247107391378,False,,2,0.9999999999999716,9.48306865583155e-13,1,2011-11-23,working,1,True,0.9666666666666667,bike,1e-06
261,1,1,0.005123844664080717,False,,2,0.999983785688442,0.00019505181476926582,0,2011-11-24,holiday,0,True,0.9666666666666667,bike,1e-06
262,1,1,0.4202550908518891,False,,2,0.99929211630523,0.005842076868783411,1,2011-11-25,working,0,False,0.9333333333333333,bike,1e-06
263,1,1,0.9258290740891073,False,,2,0.9999999996917399,7.059169993580743e-09,0,2011-11-26,weekend,0,True,0.9333333333333333,bike,1e-06
264,1,1,0.9107452966058511,False,,2,0.9999999998954792,2.506591052382415e-09,0,2011-11-27,weekend,0,True,0.9333333333333333,bike,1e-06
265,0,0,0.08803788795290052,False,,2,1.0,1.2586976137419091e-26,1,2011-11-28,working,1,True,0.9333333333333333,bike,1e-06
266,-1,0,1.5580419760741462e-07,True,,2,1.0,4.858744411529304e-36,1,2011-11-29,working,-1,False,0.9,bike,1e-06
267,0,0,0.35807869241787704,False,,2,1.0,1.4386222518783772e-22,1,2011-11-30,working,1,True,0.9,bike,1e-06
268,0,0,0.23626122885587317,False,,2,1.0,1.185117881511793e-19,1,2011-12-01,working,1,True,0.9,bike,1e-06
269,0,0,0.3083186225277402,False,,2,1.0,2.7553143114768734e-14,1,2011-12-02,working,1,True,0.9,bike,1e-06
270,1,1,0.9827174631363393,False,,2,0.999999999986807,3.436769806719095e-10,0,2011-12-03,weekend,0,True,0.9,bike,1e-06
271,1,1,0.08756463273495671,False,,2,0.9999999999935234,1.7332383896558332e-10,0,2011-12-04,weekend,0,True,0.9,bike,1e-06
272,0,0,0.613882436906521,False,,2,1.0,2.1796970464016412e-18,1,2011-12-05,working,1,True,0.9,bike,1e-06
273,0,0,0.018888099437519627,False,,2,1.0,1.2971595880340495e-24,1,2011-12-06,working,1,True,0.9,bike,1e-06
274,0,0,0.0026370009511395873,False,,2,0.9999948933064083,6.733152959414517e-05,1,2011-12-07,working,1,True,0.9,bike,1e-06
275,0,0,0.3665628869734537,False,,2,1.0,1.297752949270942e-21,1,2011-12-08,working,1,True,0.9,bike,1e-06
276,0,0,0.6944253035862493,False,,2,0.9999999999992859,2.0728000750295536e-11,1,2011-12-09,working,1,True,0.9,bike,1e-06
277,1,1,0.33563237144872465,False,,2,0.9999999999562217,1.0879802627808862e-09,0,2011-12-10,weekend,0,True,0.9,bike,1e-06
278,1,1,0.6221769337207699,False,,2,0.9999999999633022,9.184659875136304e-10,0,2011-12-11,weekend,0,True,0.9333333333333333,bike,1e-06
279,0,0,0.6371652178357161,False,,2,1.0,2.4557277221203305e-19,1,2011-12-12,working,1,True,0.9333333333333333,bike,1e-06
280,0,0,0.482644622214511,False,,2,1.0,2.0505699974102007e-24,1,2011-12-13,working,1,True,0.9333333333333333,bike,1e-06
281,0,0,0.5313042670169261,False,,2,1.0,1.2806685121334056e-22,1,2011-12-14,working,1,True,0.9333333333333333,bike,1e-06
282,0,0,0.5536330743755422,False,,2,1.0,3.685206915732201e-17,1,2011-12-15,working,1,True,0.9333333333333333,bike,1e-06
283,0,0,0.35705463149056893,False,,2,0.9999999998285993,4.025697930237873e-09,1,2011-12-16,working,1,True,0.9333333333333333,bike,1e-06
284,1,1,0.8857490186894009,False,,2,0.999999999700302,6.871564190259797e-09,0,2011-12-17,weekend,0,True,0.9333333333333333,bike,1e-06
285,1,1,0.15620256830216572,False,,2,0.9999999999904965,2.5072494771769983e-10,0,2011-12-18,weekend,0,True,0.9333333333333333,bike,1e-06
286,0,0,0.8161210073012274,False,,2,1.0,1.173452012992807e-18,1,2011-12-19,working,1,True,0.9333333333333333,bike,1e-06
287,0,0,0.5703277316068718,False,,2,1.0,4.2315440158860575e-19,1,2011-12-20,working,1,True,0.9333333333333333,bike,1e-06
288,0,0,0.09621362682518236,False,,2,1.0,1.1484014629941148e-26,1,2011-12-21,working,1,True,0.9333333333333333,bike,1e-06
289,0,0,0.00033589706349206825,False,,2,0.9999999999998153,5.645832303427884e-12,1,2011-12-22,working,1,True,0.9333333333333333,bike,1e-06
290,0,0,0.21074489076176714,False,,2,0.9999999699069986,5.512729017893643e-07,1,2011-12-23,working,1,True,0.9333333333333333,bike,1e-06
291,1,1,0.19831044127150146,False,,2,0.9999999936397828,1.2639792117796702e-07,0,2011-12-24,weekend,0,True,0.9333333333333333,bike,1e-06
292,1,1,0.1739891284507439,False,,2,0.9999999397307722,1.0622116607735773e-06,0,2011-12-25,weekend,0,True,0.9666666666666667,bike,1e-06
293,1,1,0.26131215112984885,False,,2,0.9996253264106582,0.0033305739404167283,0,2011-12-26,holiday,0,True,0.9666666666666667,bike,1e-06
294,0,0,0.15168280668288725,False,,2,1.0,7.938740424035736e-23,1,2011-12-27,working,1,True,0.9666666666666667,bike,1e-06
295,0,0,0.33067889158505764,False,,2,0.9999999999998543,4.4993158488936725e-12,1,2011-12-28,working,1,True,0.9666666666666667,bike,1e-06
296,0,0,0.8460190824674557,False,,2,0.9999999969883753,6.210209857985317e-08,1,2011-12-29,working,1,True,1.0,bike,1e-06
297,0,0,0.5715865389189092,False,,2,0.9915904592011153,0.04855813334318104,1,2011-12-30,working,1,True,1.0,bike,1e-06
298,1,1,0.17041629352192228,False,,2,0.9999999998542712,3.4464079247958147e-09,0,2011-12-31,weekend,0,True,1.0,bike,1e-06
299,1,1,2.793023548067777e-06,False,,2,0.9999999999936975,1.688739077787384e-10,0,2012-01-01,weekend,0,True,1.0,bike,1e-06
300,1,1,0.20616834984205343,False,,2,0.9988050727819171,0.009235678860713536,0,2012-01-02,holiday,0,True,1.0,bike,1e-06
301,0,0,0.3500058032221768,False,,2,1.0,1.2632247672986206e-21,1,2012-01-03,working,1,True,1.0,bike,1e-06
302,0,0,0.2037578566543825,False,,2,1.0,2.3308333899260544e-26,1,2012-01-04,working,1,True,1.0,bike,1e-06
303,0,0,0.5013514358857487,False,,2,1.0,5.521297147533171e-22,1,2012-01-05,working,1,True,1.0,bike,1e-06
304,0,0,0.6117759096769582,False,,2,1.0,8.353348750094736e-16,1,2012-01-06,working,1,True,1.0,bike,1e-06
305,1,1,0.9609464528854847,False,,2,0.9999999999964988,9.584178145661818e-11,0,2012-01-07,weekend,0,True,1.0,bike,1e-06
306,1,1,0.0021920042795159065,False,,2,0.9999999999584048,1.0358673459958098e-09,0,2012-01-08,weekend,0,True,1.0,bike,1e-06
307,0,0,0.36273338782479553,False,,2,1.0,4.617742192895598e-26,1,2012-01-09,working,1,True,1.0,bike,1e-06
308,0,0,0.08571768301100126,False,,2,1.0,3.0063359173151795e-26,1,2012-01-10,working,1,True,1.0,bike,1e-06
309,0,0,0.010376875547370929,False,,2,1.0,1.301121440174818e-22,1,2012-01-11,working,1,True,1.0,bike,1e-06
310,0,0,0.032790058562264024,False,,2,1.0,9.828338279021884e-33,1,2012-01-12,working,1,True,1.0,bike,1e-06
311,0,0,0.6172773244147662,False,,2,0.9999999999964828,9.628147660326442e-11,1,2012-01-13,working,1,True,1.0,bike,1e-06
312,1,1,0.45387654587267107,False,,2,0.9999999992127169,1.7290660305905668e-08,0,2012-01-14,weekend,0,True,1.0,bike,1e-06
313,1,1,0.844398519044826,False,,2,0.9999999999788898,5.400139480981492e-10,0,2012-01-15,weekend,0,True,1.0,bike,1e-06
314,1,1,0.8123420996538228,False,,2,0.9999395593051907,0.0006475505860794723,0,2012-01-16,holiday,0,True,1.0,bike,1e-06
315,0,0,0.05359418676118762,False,,2,1.0,7.222365115037343e-20,1,2012-01-17,working,1,True,1.0,bike,1e-06
316,0,0,0.21163867186547305,False,,2,1.0,9.09980107305729e-24,1,2012-01-18,working,1,True,1.0,bike,1e-06
317,0,0,0.33374544224675995,False,,2,1.0,3.03800955488776e-23,1,2012-01-19,working,1,True,1.0,bike,1e-06
318,0,0,0.6976961775021799,False,,2,0.9999999999999929,2.2126347865706724e-13,1,2012-01-20,working,1,True,1.0,bike,1e-06
319,1,1,0.03175924443185836,False,,2,0.9999999747178808,4.675464792214464e-07,0,2012-01-21,weekend,0,True,1.0,bike,1e-06
320,1,1,0.22118404982329903,False,,2,0.9999999999963514,9.974292113984731e-11,0,2012-01-22,weekend,0,True,1.0,bike,1e-06
321,0,0,0.3447590016624292,False,,2,1.0,2.416798316630005e-25,1,2012-01-23,working,1,True,1.0,bike,1e-06
322,0,0,0.4843723260604559,False,,2,1.0,3.491745811819873e-18,1,2012-01-24,working,1,True,1.0,bike,1e-06
323,0,0,0.50503570784422,False,,2,1.0,2.267459035575462e-19,1,2012-01-25,working,1,True,1.0,bike,1e-06
324,0,0,0.6307293944530572,False,,2,1.0,4.388861025534697e-17,1,2012-01-26,working,1,True,1.0,bike,1e-06
325,0,0,0.7711878948886846,False,,2,0.9999947857049296,6.864152280794881e-05,1,2012-01-27,working,1,True,1.0,bike,1e-06
326,1,1,0.9996257662258643,False,,2,0.9999999998833404,2.784864689648383e-09,0,2012-01-28,weekend,0,True,1.0,bike,1e-06
327,1,1,0.32095881617663924,False,,2,0.9999999999979572,5.703481160463066e-11,0,2012-01-29,weekend,0,True,1.0,bike,1e-06
328,0,0,0.5831295788851127,False,,2,1.0,5.909764768206516e-22,1,2012-01-30,working,1,True,1.0,bike,1e-06
329,0,0,0.09195109294886251,False,,2,1.0,1.6686473495593763e-26,1,2012-01-31,working,1,True,1.0,bike,1e-06
330,0,0,0.24257395581021488,False,,2,1.0,4.032506330646539e-21,1,2012-02-01,working,1,True,1.0,bike,1e-06
331,0,0,0.21431283370779358,False,,2,1.0,2.1673275301991394e-16,1,2012-02-02,working,1,True,1.0,bike,1e-06
332,0,0,0.4898474559976743,False,,2,0.9999999999999751,8.030393971825356e-13,1,2012-02-03,working,1,True,1.0,bike,1e-06
333,1,1,0.018056450662212304,False,,2,0.9999999795842316,3.8191693553277136e-07,0,2012-02-04,weekend,0,True,1.0,bike,1e-06
334,1,1,0.04018959672072767,False,,2,0.9999999999671836,8.250171318117355e-10,0,2012-02-05,weekend,0,True,1.0,bike,1e-06
335,0,0,0.09825952026950707,False,,2,1.0,3.966722425742778e-25,1,2012-02-06,working,1,True,1.0,bike,1e-06
336,0,0,0.3383951272419623,False,,2,1.0,1.2495957341641497e-21,1,2012-02-07,working,1,True,1.0,bike,1e-06
337,0,0,0.04909153950222808,False,,2,1.0,3.585287793538217e-28,1,2012-02-08,working,1,True,1.0,bike,1e-06
338,0,0,0.18795679396235163,False,,2,1.0,3.8365398064746906e-21,1,2012-02-09,working,1,True,1.0,bike,1e-06
339,0,0,0.5827955743339945,False,,2,0.9999999999995026,1.457586562465115e-11,1,2012-02-10,working,1,True,1.0,bike,1e-06
340,1,1,0.5812887032589984,False,,2,0.9999999983599626,3.4815618602309495e-08,0,2012-02-11,weekend,0,True,1.0,bike,1e-06
341,1,1,0.2607919320624029,False,,2,0.9999999978842098,4.437622350866319e-08,0,2012-02-12,weekend,0,True,1.0,bike,1e-06
342,0,0,0.25740770304132254,False,,2,1.0,1.0294416010301446e-24,1,2012-02-13,working,1,True,1.0,bike,1e-06
343,0,0,0.19386220518071937,False,,2,1.0,2.5137036161694815e-24,1,2012-02-14,working,1,True,1.0,bike,1e-06
344,0,0,0.18181878683125446,False,,2,1.0,6.200154143541484e-25,1,2012-02-15,working,1,True,1.0,bike,1e-06
345,0,0,0.005639472630964944,False,,2,1.0,8.073766121017759e-32,1,2012-02-16,working,1,True,1.0,bike,1e-06
346,0,0,0.11223344103504553,False,,2,1.0,5.962703522478296e-15,1,2012-02-17,working,1,True,1.0,bike,1e-06
347,1,1,0.1585067135600683,False,,2,0.9999999986320525,2.9287713203245773e-08,0,2012-02-18,weekend,0,True,1.0,bike,1e-06
348,1,1,0.1414456676931504,False,,2,0.9999999999973319,7.376974935177463e-11,0,2012-02-19,weekend,0,True,1.0,bike,1e-06
349,1,1,0.006979956070319926,False,,2,0.9832130218453666,0.08525620974704079,0,2012-02-20,holiday,0,True,1.0,bike,1e-06
350,0,0,0.041127825364444384,False,,2,1.0,1.4086287346115717e-27,1,2012-02-21,working,1,True,1.0,bike,1e-06
351,0,0,0.5127157751872504,False,,2,1.0,7.276215359077568e-22,1,2012-02-22,working,1,True,1.0,bike,1e-06
352,0,0,0.3368704581279391,False,,2,1.0,1.3571831516667879e-16,1,2012-02-23,working,1,True,1.0,bike,1e-06
353,0,0,0.26966185822957633,False,,2,1.0,3.118274414752588e-19,1,2012-02-24,working,1,True,1.0,bike,1e-06
354,1,1,0.5479327661289486,False,,2,0.9999999825694507,3.2882802455317667e-07,0,2012-02-25,weekend,0,True,1.0,bike,1e-06
355,1,1,0.29396882551236253,False,,2,0.9999999999984901,4.2642677993476035e-11,0,2012-02-26,weekend,0,True,1.0,bike,1e-06
356,0,0,0.10857922417880278,False,,2,1.0,1.5309325441138497e-22,1,2012-02-27,working,1,True,1.0,bike,1e-06
357,0,0,0.28904792517578404,False,,2,1.0,5.55822037706371e-26,1,2012-02-28,working,1,True,1.0,bike,1e-06
358,-1,0,2.6884966918328485e-07,True,,2,1.0,2.293353703296965e-21,1,2012-02-29,working,-1,False,0.9666666666666667,bike,1e-06
359,0,0,0.47436007576970474,False,,2,1.0,9.12078979589767e-22,1,2012-03-01,working,1,True,0.9666666666666667,bike,1e-06
360,0,0,0.1138619647082736,False,,2,1.0,1.8422254953065114e-18,1,2012-03-02,working,1,True,0.9666666666666667,bike,1e-06
361,1,1,0.0030666323655877026,False,,2,0.9999996712375329,5.2365056102486715e-06,0,2012-03-03,weekend,0,True,0.9666666666666667,bike,1e-06
362,1,1,0.1250192781328689,False,,2,0.9999999999924292,2.0144394443983347e-10,0,2012-03-04,weekend,0,True,0.9666666666666667,bike,1e-06
363,0,0,0.1552411049731016,False,,2,1.0,1.1072828010719196e-23,1,2012-03-05,working,1,True,0.9666666666666667,bike,1e-06
364,0,0,0.2098949720565518,False,,2,1.0,2.727281731341303e-27,1,2012-03-06,working,1,True,0.9666666666666667,bike,1e-06
365,0,0,0.3252771517748186,False,,2,1.0,1.7314175226947781e-25,1,2012-03-07,working,1,True,0.9666666666666667,bike,1e-06
366,0,0,0.3854591093473615,False,,2,1.0,1.4958468100606612e-16,1,2012-03-08,working,1,True,0.9666666666666667,bike,1e-06
367,0,0,0.22790926468230824,False,,2,0.9999999999988134,3.374454622358391e-11,1,2012-03-09,working,1,True,0.9666666666666667,bike,1e-06
368,1,1,0.9813553273513594,False,,2,0.9999999995947615,9.169148261057986e-09,0,2012-03-10,weekend,0,True,0.9666666666666667,bike,1e-06
369,-1,1,2.644774782524592e-08,True,,2,0.7613698460363615,0.5494957840564727,0,2012-03-11,weekend,-1,False,0.9333333333333333,bike,1e-06
370,0,0,0.41669200593815153,False,,2,1.0,4.3168550660814175e-19,1,2012-03-12,working,1,True,0.9333333333333333,bike,1e-06
371,0,0,0.02939943385044904,False,,2,1.0,4.6509560073199324e-26,1,2012-03-13,working,1,True,0.9333333333333333,bike,1e-06
372,0,0,0.36131012379974015,False,,2,1.0,1.6557965560579258e-20,1,2012-03-14,working,1,True,0.9333333333333333,bike,1e-06
373,0,0,0.8649618203361471,False,,2,0.9999999999996092,1.1556579824715232e-11,1,2012-03-15,working,1,True,0.9333333333333333,bike,1e-06
374,0,0,0.4439115006981826,False,,2,1.0,4.3908345852157314e-17,1,2012-03-16,working,1,True,0.9333333333333333,bike,1e-06
375,1,1,0.05857923626212025,False,,2,0.9999626879595914,0.00041775216490854924,0,2012-03-17,weekend,0,True,0.9333333333333333,bike,1e-06
376,1,1,0.7814482565489518,False,,2,0.9999999999518838,1.1912423869597529e-09,0,2012-03-18,weekend,0,True,0.9333333333333333,bike,1e-06
377,0,0,0.35329084011578193,False,,2,1.0,4.06709136786464e-21,1,2012-03-19,working,1,True,0.9333333333333333,bike,1e-06
378,0,0,0.8588007790387202,False,,2,1.0,1.53177783140923e-15,1,2012-03-20,working,1,True,0.9333333333333333,bike,1e-06
379,0,0,0.6182557335723431,False,,2,1.0,1.179348729491936e-16,1,2012-03-21,working,1,True,0.9333333333333333,bike,1e-06
380,0,0,0.6155606897901782,False,,2,1.0,8.412419492894626e-17,1,2012-03-22,working,1,True,0.9333333333333333,bike,1e-06
381,0,0,0.48592848507052,False,,2,0.9999999903949579,1.8692350986019108e-07,1,2012-03-23,working,1,True,0.9333333333333333,bike,1e-06
382,1,1,0.0019626887638658106,False,,2,0.999995776480505,5.6488896070898755e-05,0,2012-03-24,weekend,0,True,0.9333333333333333,bike,1e-06
383,1,1,0.98117661432664,False,,2,0.9999999992136601,1.727087220123506e-08,0,2012-03-25,weekend,0,True,0.9333333333333333,bike,1e-06
384,0,0,0.12400824394728123,False,,2,1.0,3.4351536801876644e-17,1,2012-03-26,working,1,True,0.9333333333333333,bike,1e-06
385,0,0,0.4136982061147423,False,,2,1.0,4.9713833035976465e-25,1,2012-03-27,working,1,True,0.9333333333333333,bike,1e-06
386,0,0,0.1837842211889557,False,,2,1.0,1.9380611615903655e-25,1,2012-03-28,working,1,True,0.9333333333333333,bike,1e-06
387,0,0,0.7420819036550952,False,,2,1.0,1.9526154175097767e-14,1,2012-03-29,working,1,True,0.9333333333333333,bike,1e-06
388,0,0,0.4826011984369327,False,,2,0.9999999999999147,2.7021433544115618e-12,1,2012-03-30,working,1,True,0.9666666666666667,bike,1e-06
389,1,1,0.7316299607328984,False,,2,0.9999999996208189,8.604763077588965e-09,0,2012-03-31,weekend,0,True,0.9666666666666667,bike,1e-06
390,1,1,0.41957817723631274,False,,2,0.999982045438758,0.00021415585508393028,0,2012-04-01,weekend,0,True,0.9666666666666667,bike,1e-06
391,0,0,0.04514418771112474,False,,2,1.0,1.088870640976587e-27,1,2012-04-02,working,1,True,0.9666666666666667,bike,1e-06
392,0,0,0.160967293264468,False,,2,1.0,2.35751991458304e-21,1,2012-04-03,working,1,True,0.9666666666666667,bike,1e-06
393,0,0,0.09603446105709365,False,,2,1.0,1.1965042086648982e-22,1,2012-04-04,working,1,True,0.9666666666666667,bike,1e-06
394,0,0,0.2313082094086068,False,,2,1.0,5.0789397782232423e-17,1,2012-04-05,working,1,True,0.9666666666666667,bike,1e-06
395,0,0,0.7602101482479536,False,,2,0.9999996099605412,6.145858692540373e-06,1,2012-04-06,working,1,True,0.9666666666666667,bike,1e-06
396,1,1,0.1370049988728518,False,,2,0.9999998120320085,3.099027142327806e-06,0,2012-04-07,weekend,0,True,0.9666666666666667,bike,1e-06
397,1,1,0.9984713555089689,False,,2,0.999999998847513,2.4872212004215277e-08,0,2012-04-08,weekend,0,True,0.9666666666666667,bike,1e-06
398,0,0,0.6157178401705403,False,,2,1.0,6.409462942435346e-17,1,2012-04-09,working,1,True,0.9666666666666667,bike,1e-06
399,0,0,0.11164678148465107,False,,2,1.0,1.3282423758722272e-25,1,2012-04-10,working,1,True,1.0,bike,1e-06
400,0,0,0.014624864137488614,False,,2,1.0,3.661781633085381e-26,1,2012-04-11,working,1,True,1.0,bike,1e-06
401,0,0,0.2370850476881213,False,,2,1.0,7.217792094019622e-22,1,2012-04-12,working,1,True,1.0,bike,1e-06
402,0,0,0.717376516749437,False,,2,0.9999999993626361,1.4132681266384633e-08,1,2012-04-13,working,1,True,1.0,bike,1e-06
403,1,1,0.8957421451793179,False,,2,0.9999999818309587,3.4200579181959735e-07,0,2012-04-14,weekend,0,True,1.0,bike,1e-06
404,1,1,0.9290160148863197,False,,2,0.9999999999649578,8.786487934154389e-10,0,2012-04-15,weekend,0,True,1.0,bike,1e-06
405,0,0,0.9089873522313817,False,,2,1.0,4.1957195387037506e-14,0,2012-04-16,holiday,1,False,0.9666666666666667,bike,1e-06
406,0,0,0.6950122385905018,False,,2,1.0,1.1996083791211162e-21,1,2012-04-17,working,1,True,0.9666666666666667,bike,1e-06
407,0,0,0.14757740063153205,False,,2,1.0,1.913326428196304e-25,1,2012-04-18,working,1,True,0.9666666666666667,bike,1e-06
408,0,0,0.48689378026491725,False,,2,1.0,2.900030272767069e-22,1,2012-04-19,working,1,True,0.9666666666666667,bike,1e-06
409,0,0,0.5475316353454216,False,,2,0.9999999999909548,2.3902247928047917e-10,1,2012-04-20,working,1,True,0.9666666666666667,bike,1e-06
410,-1,1,6.556491654577754e-08,True,,2,0.9999974179696888,3.580484195223705e-05,0,2012-04-21,weekend,-1,False,0.9333333333333333,bike,1e-06
411,-1,0,1.2394411647370973e-12,True,,2,0.5909980820821802,0.6764932198532193,0,2012-04-22,weekend,-1,False,0.9,bike,1e-06
412,0,0,0.3912418615536339,False,,2,1.0,6.660350370026343e-30,1,2012-04-23,working,1,True,0.9,bike,1e-06
413,0,0,0.16734884302718922,False,,2,1.0,6.389111268603965e-28,1,2012-04-24,working,1,True,0.9,bike,1e-06
414,0,0,0.6550560098275342,False,,2,1.0,6.004995774991782e-18,1,2012-04-25,working,1,True,0.9,bike,1e-06
415,0,0,0.6620105940036829,False,,2,0.999999999999968,1.0654645141114013e-12,1,2012-04-26,working,1,True,0.9,bike,1e-06
416,0,0,0.5506602168469241,False,,2,0.9999999999406626,1.4565793812683215e-09,1,2012-04-27,working,1,True,0.9,bike,1e-06
417,1,1,0.016211372956129858,False,,2,0.9999998434429267,2.60978214577678e-06,0,2012-04-28,weekend,0,True,0.9,bike,1e-06
418,1,1,0.03198111400615315,False,,2,0.9999947996919403,6.847136463847842e-05,0,2012-04-29,weekend,0,True,0.9,bike,1e-06
419,0,0,0.32876655315209996,False,,2,1.0,4.4311223790814737e-16,1,2012-04-30,working,1,True,0.9,bike,1e-06
420,0,0,0.8967321404789057,False,,2,0.9999999999999254,2.2847007415079015e-12,1,2012-05-01,working,1,True,0.9,bike,1e-06
421,0,0,0.6353001361987103,False,,2,1.0,5.68714024055144e-16,1,2012-05-02,working,1,True,0.9,bike,1e-06
422,0,0,0.30177671239868303,False,,2,1.0,5.418222076774862e-14,1,2012-05-03,working,1,True,0.9,bike,1e-06
423,0,0,0.32744971655775046,False,,2,0.9999999999782929,5.54666224212506e-10,1,2012-05-04,working,1,True,0.9,bike,1e-06
424,1,1,0.990950843940101,False,,2,0.9999999419878928,1.0246454720493633e-06,0,2012-05-05,weekend,0,True,0.9,bike,1e-06
425,1,1,0.9865499615095847,False,,2,0.9999999999939124,1.633145241213926e-10,0,2012-05-06,weekend,0,True,0.9,bike,1e-06
426,0,0,0.32136827334375495,False,,2,1.0,1.4258187515399993e-21,1,2012-05-07,working,1,True,0.9,bike,1e-06
427,0,0,0.30329220073980806,False,,2,1.0,1.8337509628017427e-22,1,2012-05-08,working,1,True,0.9,bike,1e-06
428,0,0,0.0001540058770772916,False,,2,1.0,9.420668303529856e-21,1,2012-05-09,working,1,True,0.9,bike,1e-06
429,0,0,0.1283994454649633,False,,2,1.0,8.349864906782346e-24,1,2012-05-10,working,1,True,0.9,bike,1e-06
430,0,0,0.8228620230928684,False,,2,0.9999999576081757,7.620485746855009e-07,1,2012-05-11,working,1,True,0.9,bike,1e-06
431,1,1,0.9886236819534449,False,,2,0.9999999895973577,2.0161575054537502e-07,0,2012-05-12,weekend,0,True,0.9,bike,1e-06
432,1,1,0.9685813662836971,False,,2,0.9999999992259987,1.701212021193387e-08,0,2012-05-13,weekend,0,True,0.9,bike,1e-06
433,0,0,0.7717577662496827,False,,2,0.999999999998785,3.459139434697226e-11,1,2012-05-14,working,1,True,0.9,bike,1e-06
434,0,0,0.6921648084948211,False,,2,0.9999999997908802,4.869985691378164e-09,1,2012-05-15,working,1,True,0.9,bike,1e-06
435,0,0,0.6542380143660922,False,,2,1.0,1.3342799221866355e-17,1,2012-05-16,working,1,True,0.9333333333333333,bike,1e-06
436,0,0,0.6854645308375438,False,,2,1.0,2.7524766933553854e-14,1,2012-05-17,working,1,True,0.9333333333333333,bike,1e-06
437,0,0,0.8099906677049139,False,,2,0.9999999999383355,1.5113809574961184e-09,1,2012-05-18,working,1,True,0.9333333333333333,bike,1e-06
438,1,1,0.9862548000821668,False,,2,0.9999999866368495,2.5564728543751193e-07,0,2012-05-19,weekend,0,True,0.9333333333333333,bike,1e-06
439,1,1,0.7040694594757171,False,,2,0.9999999986894608,2.81147628231839e-08,0,2012-05-20,weekend,0,True,0.9333333333333333,bike,1e-06
440,0,0,0.7676963084982639,False,,2,0.999999999999563,1.2866580365082157e-11,1,2012-05-21,working,1,True,0.9666666666666667,bike,1e-06
441,0,0,0.7679960505324265,False,,2,1.0,4.4341211891080485e-15,1,2012-05-22,working,1,True,1.0,bike,1e-06
442,0,0,0.46329651769704117,False,,2,1.0,2.5901311923585975e-16,1,2012-05-23,working,1,True,1.0,bike,1e-06
443,0,0,0.49173606562307515,False,,2,1.0,4.986116275550905e-15,1,2012-05-24,working,1,True,1.0,bike,1e-06
444,0,0,0.8859016497739551,False,,2,0.999999854950058,2.4290335491087963e-06,1,2012-05-25,working,1,True,1.0,bike,1e-06
445,1,1,0.2561439519167655,False,,2,0.9999995915314005,6.417389147798528e-06,0,2012-05-26,weekend,0,True,1.0,bike,1e-06
446,1,1,0.7729514769997817,False,,2,0.9999999973143012,5.568884975290507e-08,0,2012-05-27,weekend,0,True,1.0,bike,1e-06
447,1,1,0.760120940156678,False,,2,0.9999916888359037,0.00010553438643073353,0,2012-05-28,holiday,0,True,1.0,bike,1e-06
448,0,0,0.06778458201733872,False,,2,1.0,3.3323561639585677e-18,1,2012-05-29,working,1,True,1.0,bike,1e-06
449,0,0,0.23865571633479724,False,,2,1.0,4.780757846580675e-26,1,2012-05-30,working,1,True,1.0,bike,1e-06
450,0,0,0.7676635609437574,False,,2,1.0,9.496835761587947e-16,1,2012-05-31,working,1,True,1.0,bike,1e-06
451,0,0,1.2081516638896786e-05,False,,2,0.9999999999999716,1.0086375920296964e-12,1,2012-06-01,working,1,True,1.0,bike,1e-06
452,1,1,0.9146622806546116,False,,2,0.9999938261666032,8.023012276436708e-05,0,2012-06-02,weekend,0,True,1.0,bike,1e-06
453,1,1,0.9396813147525175,False,,2,0.9999999999730296,6.833139373163293e-10,0,2012-06-03,weekend,0,True,1.0,bike,1e-06
454,0,0,0.7009931931619764,False,,2,1.0,3.451416264562269e-18,1,2012-06-04,working,1,True,1.0,bike,1e-06
455,0,0,0.4043656444812599,False,,2,1.0,6.070543233999624e-21,1,2012-06-05,working,1,True,1.0,bike,1e-06
456,0,0,0.8165418552055507,False,,2,1.0,7.727503332423002e-16,1,2012-06-06,working,1,True,1.0,bike,1e-06
457,0,0,0.5788777448856368,False,,2,1.0,6.207137920448595e-17,1,2012-06-07,working,1,True,1.0,bike,1e-06
458,0,0,0.8746332784219082,False,,2,0.999999999996902,8.516243977264356e-11,1,2012-06-08,working,1,True,1.0,bike,1e-06
459,1,1,0.8297694327396582,False,,2,0.9999998778990008,2.065755636644028e-06,0,2012-06-09,weekend,0,True,1.0,bike,1e-06
460,1,1,0.9948333113698732,False,,2,0.999999997347313,5.503713494716594e-08,0,2012-06-10,weekend,0,True,1.0,bike,1e-06
461,0,0,0.6036232839843894,False,,2,1.0,1.2474667069993928e-16,1,2012-06-11,working,1,True,1.0,bike,1e-06
462,0,0,0.03291155710681768,False,,2,1.0,1.9962413669807842e-28,1,2012-06-12,working,1,True,1.0,bike,1e-06
463,0,0,0.6273296179136856,False,,2,1.0,3.5248659928920484e-21,1,2012-06-13,working,1,True,1.0,bike,1e-06
464,0,0,0.4804585276448189,False,,2,1.0,3.3539478507110135e-19,1,2012-06-14,working,1,True,1.0,bike,1e-06
465,0,0,0.6934757066168009,False,,2,0.999999999971461,7.214239413524563e-10,1,2012-06-15,working,1,True,1.0,bike,1e-06
466,1,1,0.9783401626841131,False,,2,0.9999996625229209,5.366482240299767e-06,0,2012-06-16,weekend,0,True,1.0,bike,1e-06
467,1,1,0.999924802339415,False,,2,0.9999999998408544,3.749663175483211e-09,0,2012-06-17,weekend,0,True,1.0,bike,1e-06
468,0,0,0.816203004915568,False,,2,0.9999999999998899,3.3724337252954268e-12,1,2012-06-18,working,1,True,1.0,bike,1e-06
469,0,0,0.8216483199491759,False,,2,1.0,2.452276662086121e-19,1,2012-06-19,working,1,True,1.0,bike,1e-06
470,0,0,0.5583643060558761,False,,2,1.0,4.7090191811400843e-20,1,2012-06-20,working,1,True,1.0,bike,1e-06
471,0,0,0.6684226521534912,False,,2,1.0,1.3874402515361817e-16,1,2012-06-21,working,1,True,1.0,bike,1e-06
472,0,0,0.6722008661597063,False,,2,0.9999999999772662,5.799144222736471e-10,1,2012-06-22,working,1,True,1.0,bike,1e-06
473,1,1,0.9211459781183909,False,,2,0.9999999212923547,1.3661699636177267e-06,0,2012-06-23,weekend,0,True,1.0,bike,1e-06
474,1,1,0.6765823327263623,False,,2,0.9999999990894697,1.9865045866226208e-08,0,2012-06-24,weekend,0,True,1.0,bike,1e-06
475,0,0,0.4149822753042872,False,,2,1.0,2.337691450875423e-16,1,2012-06-25,working,1,True,1.0,bike,1e-06
476,0,0,0.765525756426455,False,,2,1.0,3.3938118361230343e-18,1,2012-06-26,working,1,True,1.0,bike,1e-06
477,0,0,0.712183853157903,False,,2,1.0,3.2337161052053344e-17,1,2012-06-27,working,1,True,1.0,bike,1e-06
478,0,0,0.7685743413481654,False,,2,1.0,3.6326179641950224e-18,1,2012-06-28,working,1,True,1.0,bike,1e-06
479,0,0,0.5483561171179105,False,,2,0.9999999999987956,3.426177465969939e-11,1,2012-06-29,working,1,True,1.0,bike,1e-06
480,1,1,0.7995546244942278,False,,2,0.9999192133565882,0.0008420923835752859,0,2012-06-30,weekend,0,True,1.0,bike,1e-06
481,1,1,0.5541536079103517,False,,2,0.9999999652288528,6.319474420746282e-07,0,2012-07-01,weekend,0,True,1.0,bike,1e-06
482,0,0,0.8634855806773615,False,,2,1.0,1.1083121728440175e-16,1,2012-07-02,working,1,True,1.0,bike,1e-06
483,0,0,0.2609448244532784,False,,2,1.0,4.8226072107977e-18,1,2012-07-03,working,1,True,1.0,bike,1e-06
484,1,1,0.602172006195278,False,,2,0.9999974409502622,3.550904988408566e-05,0,2012-07-04,holiday,0,True,1.0,bike,1e-06
485,0,0,0.8317555671154772,False,,2,0.9999999999902336,2.5737874516679667e-10,1,2012-07-05,working,1,True,1.0,bike,1e-06
486,0,0,0.7886786685977736,False,,2,0.9999999999923901,2.0245200889718473e-10,1,2012-07-06,working,1,True,1.0,bike,1e-06
487,1,1,0.932407969696806,False,,2,0.9999996300906497,5.848269667402859e-06,0,2012-07-07,weekend,0,True,1.0,bike,1e-06
488,1,1,0.631517059867865,False,,2,0.9999999951558021,9.758871940444272e-08,0,2012-07-08,weekend,0,True,1.0,bike,1e-06
489,0,0,0.5260036534627006,False,,2,1.0,8.919667835378689e-18,1,2012-07-09,working,1,True,1.0,bike,1e-06
490,0,0,0.01448220844281849,False,,2,1.0,5.0351286733281166e-17,1,2012-07-10,working,1,True,1.0,bike,1e-06
491,0,0,0.5053135523923384,False,,2,1.0,6.134568416250358e-23,1,2012-07-11,working,1,True,1.0,bike,1e-06
492,0,0,0.543327746602319,False,,2,1.0,1.6841772158078113e-19,1,2012-07-12,working,1,True,1.0,bike,1e-06
493,0,0,0.850094989833174,False,,2,0.9999999977426945,4.719822620668556e-08,1,2012-07-13,working,1,True,1.0,bike,1e-06
494,1,1,0.4540109954051912,False,,2,0.9999999993145341,1.5149415047359226e-08,0,2012-07-14,weekend,0,True,1.0,bike,1e-06
495,1,1,0.513965524162828,False,,2,0.9999999999846185,3.983497440792373e-10,0,2012-07-15,weekend,0,True,1.0,bike,1e-06
496,0,0,0.686491690076622,False,,2,1.0,6.763772209422422e-21,1,2012-07-16,working,1,True,1.0,bike,1e-06
497,0,0,0.2768253268008178,False,,2,1.0,1.7849734890868504e-21,1,2012-07-17,working,1,True,1.0,bike,1e-06
498,0,0,0.4197526027479529,False,,2,1.0,9.397647194138161e-23,1,2012-07-18,working,1,True,1.0,bike,1e-06
499,0,0,0.4998828857184947,False,,2,1.0,3.879037869621684e-18,1,2012-07-19,working,1,True,1.0,bike,1e-06
500,0,0,0.4371663263232116,False,,2,1.0,3.242075299129997e-16,1,2012-07-20,working,1,True,1.0,bike,1e-06
501,1,1,0.9562781551442487,False,,2,0.999999998475948,3.2465204525758484e-08,0,2012-07-21,weekend,0,True,1.0,bike,1e-06
502,1,1,0.36086219512320605,False,,2,0.9999999984896153,3.21876588420149e-08,0,2012-07-22,weekend,0,True,1.0,bike,1e-06
503,0,0,0.42780636564442903,False,,2,1.0,2.8173208859892916e-18,1,2012-07-23,working,1,True,1.0,bike,1e-06
504,0,0,0.45297282805234124,False,,2,1.0,1.2735084103900758e-19,1,2012-07-24,working,1,True,1.0,bike,1e-06
505,0,0,0.49365422578643814,False,,2,1.0,7.078677024871681e-18,1,2012-07-25,working,1,True,1.0,bike,1e-06
506,0,0,0.44267989398769636,False,,2,1.0,1.5541013062455312e-15,1,2012-07-26,working,1,True,1.0,bike,1e-06
507,0,0,0.70224709347423,False,,2,0.9999999963782251,7.401571135608694e-08,1,2012-07-27,working,1,True,1.0,bike,1e-06
508,1,1,0.9212281164544008,False,,2,0.9999999832566645,3.1653719148928723e-07,0,2012-07-28,weekend,0,True,1.0,bike,1e-06
509,1,1,0.835083884106763,False,,2,0.9999999999844533,4.0246700199776224e-10,0,2012-07-29,weekend,0,True,1.0,bike,1e-06
510,0,0,0.32140083060609337,False,,2,1.0,3.037133696372552e-21,1,2012-07-30,working,1,True,1.0,bike,1e-06
511,0,0,0.5009675663736872,False,,2,1.0,6.33005911495016e-23,1,2012-07-31,working,1,True,1.0,bike,1e-06
512,0,0,0.5372222664241706,False,,2,1.0,3.871173701878648e-18,1,2012-08-01,working,1,True,1.0,bike,1e-06
513,0,0,0.5812212847777551,False,,2,1.0,3.472744827967383e-16,1,2012-08-02,working,1,True,1.0,bike,1e-06
514,0,0,0.8151260135678361,False,,2,0.99999999999919,2.3328844374487517e-11,1,2012-08-03,working,1,True,1.0,bike,1e-06
515,1,1,0.9890036275053478,False,,2,0.9999999926012872,1.4591710992969155e-07,0,2012-08-04,weekend,0,True,1.0,bike,1e-06
516,1,1,0.9717702653853592,False,,2,0.9999999998982947,2.4418334915288213e-09,0,2012-08-05,weekend,0,True,1.0,bike,1e-06
517,0,0,0.7619999213782154,False,,2,1.0,3.1985934063298688e-21,1,2012-08-06,working,1,True,1.0,bike,1e-06
518,0,0,0.7569432173676102,False,,2,1.0,1.2783653012603995e-18,1,2012-08-07,working,1,True,1.0,bike,1e-06
519,0,0,0.6467875556130069,False,,2,1.0,7.715803833993062e-20,1,2012-08-08,working,1,True,1.0,bike,1e-06
520,0,0,0.7961619114676807,False,,2,1.0,3.605430292049699e-16,1,2012-08-09,working,1,True,1.0,bike,1e-06
521,0,0,0.8329211697660133,False,,2,0.7483574824790958,0.5641324507118324,1,2012-08-10,working,1,True,1.0,bike,1e-06
522,1,1,0.9119618797596001,False,,2,0.9999999999856684,3.721913589717927e-10,0,2012-08-11,weekend,0,True,1.0,bike,1e-06
523,1,1,0.8230765100402277,False,,2,0.9999999999298623,1.7099912770713756e-09,0,2012-08-12,weekend,0,True,1.0,bike,1e-06
524,0,0,0.8007657105763897,False,,2,1.0,8.229343680429023e-19,1,2012-08-13,working,1,True,1.0,bike,1e-06
525,0,0,0.6989381802874316,False,,2,0.9999999999999787,7.268210888644581e-13,1,2012-08-14,working,1,True,1.0,bike,1e-06
526,0,0,0.561957021556539,False,,2,1.0,6.212186865574318e-17,1,2012-08-15,working,1,True,1.0,bike,1e-06
527,0,0,0.44930375113352566,False,,2,1.0,1.0930664842736916e-17,1,2012-08-16,working,1,True,1.0,bike,1e-06
528,0,0,0.7594959305039197,False,,2,0.9999999998768168,2.9338923554660418e-09,1,2012-08-17,working,1,True,1.0,bike,1e-06
529,1,1,0.9050440163706814,False,,2,0.9999998828513676,1.9868199815124894e-06,0,2012-08-18,weekend,0,True,1.0,bike,1e-06
530,1,1,0.0023056348464069415,False,,2,0.9999948271094253,6.813770951224845e-05,0,2012-08-19,weekend,0,True,1.0,bike,1e-06
531,0,0,0.30008483678206205,False,,2,1.0,3.1268426670793335e-23,1,2012-08-20,working,1,True,1.0,bike,1e-06
532,0,0,0.2379103475964442,False,,2,1.0,1.1859755641392971e-17,1,2012-08-21,working,1,True,1.0,bike,1e-06
533,0,0,0.7812971442668283,False,,2,1.0,3.576647169412928e-17,1,2012-08-22,working,1,True,1.0,bike,1e-06
534,0,0,0.7691855567183405,False,,2,1.0,3.1390267876095064e-15,1,2012-08-23,working,1,True,1.0,bike,1e-06
535,0,0,0.755361122162277,False,,2,0.9999999999883649,3.0458052824539325e-10,1,2012-08-24,working,1,True,1.0,bike,1e-06
536,1,1,0.8565743185744403,False,,2,0.9999999542896393,8.182584704499303e-07,0,2012-08-25,weekend,0,True,1.0,bike,1e-06
537,1,1,0.1957493187816497,False,,2,0.9999999965494588,7.068344433977242e-08,0,2012-08-26,weekend,0,True,1.0,bike,1e-06
538,0,0,0.6170328308007913,False,,2,1.0,3.5722489045800645e-23,1,2012-08-27,working,1,True,1.0,bike,1e-06
539,0,0,0.826406203424506,False,,2,1.0,7.192546090682964e-17,1,2012-08-28,working,1,True,1.0,bike,1e-06
540,0,0,0.5897470580200936,False,,2,1.0,1.0955278099523456e-20,1,2012-08-29,working,1,True,1.0,bike,1e-06
541,0,0,0.6948612816984372,False,,2,1.0,9.645937856772471e-17,1,2012-08-30,working,1,True,1.0,bike,1e-06
542,0,0,0.7518840926008147,False,,2,0.9999999999611582,9.699360023224812e-10,1,2012-08-31,working,1,True,1.0,bike,1e-06
543,1,1,0.9866726538841107,False,,2,0.9999999998019522,4.622939085235837e-09,0,2012-09-01,weekend,0,True,1.0,bike,1e-06
544,1,1,0.6793386623976025,False,,2,0.9999999994148823,1.302424707820992e-08,0,2012-09-02,weekend,0,True,1.0,bike,1e-06
545,1,1,0.7366286280002929,False,,2,0.9999999900372245,1.9352103341855764e-07,0,2012-09-03,holiday,0,True,1.0,bike,1e-06
546,0,0,0.5813314653292823,False,,2,1.0,4.5958820255865466e-20,1,2012-09-04,working,1,True,1.0,bike,1e-06
547,0,0,0.34232928508234767,False,,2,1.0,5.030559422225551e-24,1,2012-09-05,working,1,True,1.0,bike,1e-06
548,0,0,0.0028583962978169504,False,,2,1.0,2.580696551772923e-21,1,2012-09-06,working,1,True,1.0,bike,1e-06
549,0,0,0.7020050793197095,False,,2,0.9999999999999929,2.0838831150901192e-13,1,2012-09-07,working,1,True,1.0,bike,1e-06
550,1,1,0.016582093066000635,False,,2,0.9999912124442857,0.00011109376943653786,0,2012-09-08,weekend,0,True,1.0,bike,1e-06
551,1,1,0.9846991682042716,False,,2,0.9999999963366921,7.482268285658419e-08,0,2012-09-09,weekend,0,True,1.0,bike,1e-06
552,0,0,0.6642921058412232,False,,2,1.0,1.0246823229858135e-16,1,2012-09-10,working,1,True,1.0,bike,1e-06
553,0,0,0.4549892041832082,False,,2,1.0,1.1772082543474417e-24,1,2012-09-11,working,1,True,1.0,bike,1e-06
554,0,0,0.45845939473154823,False,,2,1.0,1.474197211417981e-19,1,2012-09-12,working,1,True,1.0,bike,1e-06
555,0,0,0.5507121747999355,False,,2,1.0,3.332143897613031e-18,1,2012-09-13,working,1,True,1.0,bike,1e-06
556,0,0,0.8498011203366078,False,,2,0.9999999993788933,1.3788256663966212e-08,1,2012-09-14,working,1,True,1.0,bike,1e-06
557,1,1,0.8325212013279921,False,,2,0.9999999983845118,3.431881680768639e-08,0,2012-09-15,weekend,0,True,1.0,bike,1e-06
558,1,1,0.9087655443877436,False,,2,0.9999999996970725,6.942365666431526e-09,0,2012-09-16,weekend,0,True,1.0,bike,1e-06
559,0,0,0.7347919719691391,False,,2,1.0,1.3166683001746444e-15,1,2012-09-17,working,1,True,1.0,bike,1e-06
560,0,0,0.1056234409709648,False,,2,1.0,5.295871988536092e-36,1,2012-09-18,working,1,True,1.0,bike,1e-06
561,0,0,0.3131537643127966,False,,2,1.0,2.224539299028291e-27,1,2012-09-19,working,1,True,1.0,bike,1e-06
562,0,0,0.4507243280078324,False,,2,1.0,2.2494128845289645e-19,1,2012-09-20,working,1,True,1.0,bike,1e-06
563,0,0,0.8092229371645296,False,,2,0.9999999999992788,2.0883759479068736e-11,1,2012-09-21,working,1,True,1.0,bike,1e-06
564,1,1,0.9987070780654442,False,,2,0.9999999995363522,1.0428320430233844e-08,0,2012-09-22,weekend,0,True,1.0,bike,1e-06
565,1,1,0.28295048831651065,False,,2,0.9999999999598117,1.0022165216789993e-09,0,2012-09-23,weekend,0,True,1.0,bike,1e-06
566,0,0,0.5400668641081221,False,,2,1.0,2.707929481479848e-18,1,2012-09-24,working,1,True,1.0,bike,1e-06
567,0,0,0.4424317631250992,False,,2,1.0,5.743517771331042e-20,1,2012-09-25,working,1,True,1.0,bike,1e-06
568,0,0,0.7807596092909541,False,,2,1.0,7.12272957210941e-17,1,2012-09-26,working,1,True,1.0,bike,1e-06
569,0,0,0.22849708774404245,False,,2,1.0,2.9716911700898942e-18,1,2012-09-27,working,1,True,1.0,bike,1e-06
570,0,0,0.7951780862606005,False,,2,1.0,9.60432983289445e-20,1,2012-09-28,working,1,True,1.0,bike,1e-06
571,1,1,0.9958938294390726,False,,2,0.999999998892048,2.3954761586164645e-08,0,2012-09-29,weekend,0,True,1.0,bike,1e-06
572,1,1,0.20871989828850634,False,,2,0.9999999998853575,2.7387260200411913e-09,0,2012-09-30,weekend,0,True,1.0,bike,1e-06
573,0,0,0.7096879565135068,False,,2,1.0,1.192220132725997e-16,1,2012-10-01,working,1,True,1.0,bike,1e-06
574,0,0,0.021860069181348675,False,,2,1.0,2.354445711252647e-22,1,2012-10-02,working,1,True,1.0,bike,1e-06
575,0,0,0.5163054641374789,False,,2,1.0,9.904218074974414e-19,1,2012-10-03,working,1,True,1.0,bike,1e-06
576,0,0,0.8031160882888143,False,,2,0.9999999999999964,1.7189425276427907e-13,1,2012-10-04,working,1,True,1.0,bike,1e-06
577,0,0,0.8135374214890558,False,,2,0.999999999525329,1.06651174771206e-08,1,2012-10-05,working,1,True,1.0,bike,1e-06
578,1,1,0.825634989518613,False,,2,0.9999999997287201,6.24697952315679e-09,0,2012-10-06,weekend,0,True,1.0,bike,1e-06
579,1,1,0.47682066917116017,False,,2,0.9999999999982236,4.9820427559314944e-11,0,2012-10-07,weekend,0,True,1.0,bike,1e-06
580,0,0,0.9606153882697196,False,,2,0.9995475671476751,0.0039364576108694,0,2012-10-08,holiday,1,False,0.9666666666666667,bike,1e-06
581,0,0,0.4883981636307173,False,,2,1.0,1.5129988347178918e-21,1,2012-10-09,working,1,True,0.9666666666666667,bike,1e-06
582,0,0,0.4132894046056785,False,,2,1.0,5.482271494187958e-24,1,2012-10-10,working,1,True,0.9666666666666667,bike,1e-06
583,0,0,0.4301495554367402,False,,2,1.0,6.507758280051112e-21,1,2012-10-11,working,1,True,0.9666666666666667,bike,1e-06
584,0,0,0.7280940332197388,False,,2,0.9999999999948948,1.3785234967138016e-10,1,2012-10-12,working,1,True,0.9666666666666667,bike,1e-06
585,1,1,0.9898165820042213,False,,2,0.9999999999878604,3.1724252657469837e-10,0,2012-10-13,weekend,0,True,0.9666666666666667,bike,1e-06
586,1,1,0.9957445051594533,False,,2,0.9999999999591518,1.0179749930601094e-09,0,2012-10-14,weekend,0,True,0.9666666666666667,bike,1e-06
587,0,0,0.3276939769621189,False,,2,1.0,7.276931242906009e-19,1,2012-10-15,working,1,True,0.9666666666666667,bike,1e-06
588,0,0,0.06994356763123409,False,,2,1.0,9.325561731324219e-26,1,2012-10-16,working,1,True,0.9666666666666667,bike,1e-06
589,0,0,0.5631551435983448,False,,2,1.0,3.0666839528270333e-19,1,2012-10-17,working,1,True,0.9666666666666667,bike,1e-06
590,0,0,0.5426998227876065,False,,2,1.0,5.566568143981897e-19,1,2012-10-18,working,1,True,0.9666666666666667,bike,1e-06
591,0,0,0.7851668294089573,False,,2,0.9999999999767084,5.935327297639555e-10,1,2012-10-19,working,1,True,0.9666666666666667,bike,1e-06
592,1,1,0.9917335255500304,False,,2,0.9999999990065023,2.158849682373543e-08,0,2012-10-20,weekend,0,True,0.9666666666666667,bike,1e-06
593,1,1,0.6472971466462032,False,,2,0.9999999999824958,4.510505655105124e-10,0,2012-10-21,weekend,0,True,0.9666666666666667,bike,1e-06
594,0,0,0.38616401813498297,False,,2,1.0,8.925988118537377e-23,1,2012-10-22,working,1,True,0.9666666666666667,bike,1e-06
595,0,0,0.1508244563771039,False,,2,1.0,2.628151646038813e-24,1,2012-10-23,working,1,True,0.9666666666666667,bike,1e-06
596,0,0,0.30421273150834627,False,,2,1.0,1.2299983777221618e-21,1,2012-10-24,working,1,True,0.9666666666666667,bike,1e-06
597,0,0,0.5075455654469092,False,,2,1.0,5.445042000264664e-15,1,2012-10-25,working,1,True,0.9666666666666667,bike,1e-06
598,0,0,0.6213508495575277,False,,2,0.9999999999977085,6.370875303713986e-11,1,2012-10-26,working,1,True,0.9666666666666667,bike,1e-06
599,1,1,0.8788676407480162,False,,2,0.9999999997498978,5.779656687330019e-09,0,2012-10-27,weekend,0,True,0.9666666666666667,bike,1e-06
600,-1,1,7.723732929427606e-12,True,,2,0.941043033397176,0.22408788182498224,0,2012-10-28,weekend,-1,False,0.9333333333333333,bike,1e-06
601,0,0,0.47255174036012104,False,,2,1.0,7.996819445702912e-24,1,2012-10-31,working,1,True,0.9333333333333333,bike,1e-06
602,0,0,0.637736942481322,False,,2,1.0,3.528795238167924e-14,1,2012-11-01,working,1,True,0.9333333333333333,bike,1e-06
603,0,0,0.5435573976010066,False,,2,1.0,2.361191686511412e-14,1,2012-11-02,working,1,True,0.9333333333333333,bike,1e-06
604,1,1,0.9962871430588638,False,,2,0.9999999997758078,5.205406423410904e-09,0,2012-11-03,weekend,0,True,0.9333333333333333,bike,1e-06
605,1,1,0.36150104970793195,False,,2,0.9999999997218438,6.398388509954365e-09,0,2012-11-04,weekend,0,True,0.9333333333333333,bike,1e-06
606,0,0,0.3958447988913859,False,,2,1.0,4.674903674843706e-24,1,2012-11-05,working,1,True,0.9333333333333333,bike,1e-06
607,0,0,0.19870158227537965,False,,2,1.0,1.2209649350014672e-26,1,2012-11-06,working,1,True,0.9333333333333333,bike,1e-06
608,0,0,0.0013675787042551671,False,,2,0.9999998942602402,1.804161929918977e-06,1,2012-11-07,working,1,True,0.9333333333333333,bike,1e-06
609,0,0,0.07575245340995325,False,,2,1.0,3.055075061264715e-29,1,2012-11-08,working,1,True,0.9333333333333333,bike,1e-06
610,0,0,0.8567229892632653,False,,2,0.9999999999998188,5.518380007838653e-12,1,2012-11-09,working,1,True,0.9666666666666667,bike,1e-06
611,1,1,0.8872195789269204,False,,2,0.9999999987238049,2.7411886043196544e-08,0,2012-11-10,weekend,0,True,0.9666666666666667,bike,1e-06
612,1,1,0.9214452042936315,False,,2,0.999999999986203,3.5883142299254813e-10,0,2012-11-11,weekend,0,True,0.9666666666666667,bike,1e-06
613,0,0,0.6945245995870089,False,,2,0.9999999993382005,1.4649613615316514e-08,0,2012-11-12,holiday,1,False,0.9333333333333333,bike,1e-06
614,0,0,0.9170304231274226,False,,2,0.9999999999985576,4.076666073952621e-11,1,2012-11-13,working,1,True,0.9333333333333333,bike,1e-06
615,0,0,0.20114229275918397,False,,2,1.0,2.7342444597166545e-28,1,2012-11-14,working,1,True,0.9333333333333333,bike,1e-06
616,0,0,0.33117556745383225,False,,2,1.0,2.111999105561006e-22,1,2012-11-15,working,1,True,0.9333333333333333,bike,1e-06
617,0,0,0.598431364789554,False,,2,1.0,2.0635730504543302e-14,1,2012-11-16,working,1,True,0.9333333333333333,bike,1e-06
618,1,1,0.9533725033633211,False,,2,0.9999999991565716,1.8465641788403096e-08,0,2012-11-17,weekend,0,True,0.9333333333333333,bike,1e-06
619,1,1,0.7036853943440811,False,,2,0.9999999999873985,3.288842366122326e-10,0,2012-11-18,weekend,0,True,0.9333333333333333,bike,1e-06
620,0,0,0.4389265295215978,False,,2,1.0,1.881541966548725e-21,1,2012-11-19,working,1,True,0.9333333333333333,bike,1e-06
621,0,0,0.3319959314383869,False,,2,1.0,2.2530706168914144e-22,1,2012-11-20,working,1,True,0.9333333333333333,bike,1e-06
622,0,0,0.33238657389554044,False,,2,1.0,8.719875194364758e-15,1,2012-11-21,working,1,True,0.9333333333333333,bike,1e-06
623,1,1,0.057329897702728366,False,,2,0.9999953680267331,6.152430197154299e-05,0,2012-11-22,holiday,0,True,0.9333333333333333,bike,1e-06
624,0,0,0.2725680601303197,False,,2,0.992424078954753,0.0445387093840078,1,2012-11-23,working,1,True,0.9333333333333333,bike,1e-06
625,1,1,0.7138916429552389,False,,2,0.9999999836667933,3.091886624506441e-07,0,2012-11-24,weekend,0,True,0.9333333333333333,bike,1e-06
626,1,1,0.8988791754167249,False,,2,0.9999999990055066,2.160913555626495e-08,0,2012-11-25,weekend,0,True,0.9333333333333333,bike,1e-06
627,0,0,0.6031736738475602,False,,2,1.0,1.6265578894315337e-22,1,2012-11-26,working,1,True,0.9333333333333333,bike,1e-06
628,0,0,0.06528332854939943,False,,2,1.0,1.3458429803341009e-27,1,2012-11-27,working,1,True,0.9333333333333333,bike,1e-06
629,0,0,0.1268497256950483,False,,2,1.0,6.350202059167457e-30,1,2012-11-28,working,1,True,0.9333333333333333,bike,1e-06
630,0,0,0.07350793668242354,False,,2,1.0,2.879768372921089e-25,1,2012-11-29,working,1,True,0.9666666666666667,bike,1e-06
631,0,0,0.43851527107286303,False,,2,1.0,1.0566931181769841e-15,1,2012-11-30,working,1,True,0.9666666666666667,bike,1e-06
632,1,1,0.984669865789276,False,,2,0.9999999982461958,3.711309850489978e-08,0,2012-12-01,weekend,0,True,0.9666666666666667,bike,1e-06
633,1,1,0.7307656408907168,False,,2,0.9999999999977209,6.339357102514272e-11,0,2012-12-02,weekend,0,True,0.9666666666666667,bike,1e-06
634,0,0,0.5726401694461958,False,,2,1.0,9.52225012240803e-21,1,2012-12-03,working,1,True,0.9666666666666667,bike,1e-06
635,0,0,0.45845405459564087,False,,2,1.0,1.3889081323955566e-18,1,2012-12-04,working,1,True,0.9666666666666667,bike,1e-06
636,0,0,0.6331513849844137,False,,2,1.0,2.4352548725413962e-20,1,2012-12-05,working,1,True,0.9666666666666667,bike,1e-06
637,0,0,0.46153615911273177,False,,2,1.0,2.8340945801357304e-18,1,2012-12-06,working,1,True,0.9666666666666667,bike,1e-06
638,0,0,0.9306591009248177,False,,2,0.9999999999162199,2.0277187559363015e-09,1,2012-12-07,working,1,True,0.9666666666666667,bike,1e-06
639,1,1,0.8524163116979042,False,,2,0.9999999999871552,3.3498720899068035e-10,0,2012-12-08,weekend,0,True,0.9666666666666667,bike,1e-06
640,1,1,0.06962579341655002,False,,2,0.9999999999948841,1.3813749861213838e-10,0,2012-12-09,weekend,0,True,0.9666666666666667,bike,1e-06
641,0,0,0.5203734809297103,False,,2,1.0,3.553320442405307e-26,1,2012-12-10,working,1,True,0.9666666666666667,bike,1e-06
642,0,0,0.1802999708139871,False,,2,1.0,5.045320313178659e-28,1,2012-12-11,working,1,True,0.9666666666666667,bike,1e-06
643,0,0,0.6156279978637598,False,,2,1.0,2.632286241703483e-17,1,2012-12-12,working,1,True,1.0,bike,1e-06
644,0,0,0.5227420272238874,False,,2,1.0,3.936004569903998e-18,1,2012-12-13,working,1,True,1.0,bike,1e-06
645,0,0,0.8352996204612597,False,,2,0.9999999999986819,3.736295018477634e-11,1,2012-12-14,working,1,True,1.0,bike,1e-06
646,1,1,0.2052320920537468,False,,2,0.9999999983475689,3.506627161623439e-08,0,2012-12-15,weekend,0,True,1.0,bike,1e-06
647,1,1,0.028433335647437694,False,,2,0.9999999999745377,6.466256753807272e-10,0,2012-12-16,weekend,0,True,1.0,bike,1e-06
648,0,0,0.42705768852515835,False,,2,1.0,4.7512466351005565e-19,1,2012-12-17,working,1,True,1.0,bike,1e-06
649,0,0,0.8306234636600427,False,,2,1.0,4.618487248266611e-20,1,2012-12-18,working,1,True,1.0,bike,1e-06
650,0,0,0.5884713211036028,False,,2,1.0,9.613292804086754e-20,1,2012-12-19,working,1,True,1.0,bike,1e-06
651,0,0,9.524260904019162e-05,False,,2,1.0,7.643649287237271e-18,1,2012-12-20,working,1,True,1.0,bike,1e-06
652,0,0,0.500044518933094,False,,2,1.0,1.07626343122017e-16,1,2012-12-21,working,1,True,1.0,bike,1e-06
653,1,1,0.9765216909626256,False,,2,0.9999999995992201,9.072712427376713e-09,0,2012-12-22,weekend,0,True,1.0,bike,1e-06
654,1,1,0.970613840796716,False,,2,0.999999998058696,4.08836750625612e-08,0,2012-12-23,weekend,0,True,1.0,bike,1e-06
655,0,0,0.02859550451500004,False,,2,0.9999999722049221,5.113851434841497e-07,1,2012-12-24,working,1,True,1.0,bike,1e-06
656,1,1,0.4452679984865135,False,,2,0.9999999884728173,2.2222744552636186e-07,0,2012-12-25,holiday,0,True,1.0,bike,1e-06
657,0,0,0.0026703982064011614,False,,2,1.0,3.280992511812399e-16,1,2012-12-26,working,1,True,1.0,bike,1e-06
658,0,0,0.7418346718172282,False,,2,1.0,3.2381485188429726e-20,1,2012-12-27,working,1,True,1.0,bike,1e-06
659,0,0,0.86867354374545,False,,2,0.9999999994795452,1.1645891609526405e-08,1,2012-12-28,working,1,True,1.0,bike,1e-06
660,1,1,0.35604083223460636,False,,2,0.9999999253990747,1.2988851201271619e-06,0,2012-12-29,weekend,0,True,1.0,bike,1e-06
661,1,1,0.9612233520308489,False,,2,0.9999999999605116,9.85432251310694e-10,0,2012-12-30,weekend,0,True,1.0,bike,1e-06
662,0,0,0.46429040533557997,False,,2,0.9994468958595762,0.0047012124326636,1,2012-12-31,working,1,True,1.0,bike,1e-06
0,0,0,0.16721779835097506,False,,2,1.0,5.086961716137871e-58,1,2013-01-14,working,1,True,,traffic,0.001
1,0,0,0.3463403782293916,False,,2,1.0,7.722411463572787e-48,1,2013-01-17,working,1,True,,traffic,0.001
2,0,0,0.5188000503927757,False,,2,1.0,2.8782474368058337e-40,1,2013-02-01,working,1,True,,traffic,0.001
3,1,1,0.6291490649057281,False,,2,0.9999999995997433,9.061376348172759e-09,0,2013-02-02,weekend,0,True,,traffic,0.001
4,0,0,0.518989936993645,False,,2,1.0,9.717093512994873e-48,1,2013-02-04,working,1,True,,traffic,0.001
5,0,0,0.6727624846171951,False,,2,1.0,7.335418556651328e-40,0,2013-02-18,holiday,1,False,,traffic,0.001
6,0,0,0.5889696350942915,False,,2,1.0,2.5654621856406853e-25,1,2013-02-22,working,1,True,,traffic,0.001
7,1,1,0.9271379493112357,False,,2,0.9999999999983027,4.7700353585056696e-11,0,2013-02-23,weekend,0,True,,traffic,0.001
8,1,1,0.6785364682699149,False,,2,1.0,5.143690443538877e-15,0,2013-02-24,weekend,0,True,,traffic,0.001
9,0,0,0.28767109917373307,False,,2,1.0,1.3141708284096497e-43,1,2013-03-21,working,1,True,0.9,traffic,0.001
10,0,0,0.4414579120341772,False,,2,1.0,2.6291605647881472e-30,1,2013-03-22,working,1,True,0.9090909090909091,traffic,0.001
11,1,1,0.5744240813315891,False,,2,0.9999999999992237,2.241371869155307e-11,0,2013-03-23,weekend,0,True,0.9166666666666666,traffic,0.001
12,1,1,0.792451716245957,False,,2,1.0,7.404173748379726e-17,0,2013-03-24,weekend,0,True,0.9230769230769231,traffic,0.001
13,0,0,0.05854982746007425,False,,2,1.0,6.629118090977428e-41,1,2013-03-25,working,1,True,0.9285714285714286,traffic,0.001
14,0,0,0.2934208222833687,False,,2,1.0,5.9565427050063306e-55,1,2013-03-26,working,1,True,0.9333333333333333,traffic,0.001
15,0,0,0.47964403257043353,False,,2,1.0,1.3443025740783448e-40,1,2013-03-28,working,1,True,0.9375,traffic,0.001
16,0,0,0.6158435514749776,False,,2,1.0,1.4538090739413414e-27,1,2013-03-29,working,1,True,0.9411764705882353,traffic,0.001
17,1,1,0.6448448406940246,False,,2,0.9999999999999432,1.7922894196706984e-12,0,2013-03-30,weekend,0,True,0.9444444444444444,traffic,0.001
18,1,1,0.34217851326304255,False,,2,1.0,3.8019282190319475e-17,0,2013-03-31,weekend,0,True,0.9473684210526315,traffic,0.001
19,0,0,0.34868451579244747,False,,2,1.0,5.439384810272542e-54,1,2013-04-02,working,1,True,0.95,traffic,0.001
20,0,0,0.3772355823623888,False,,2,1.0,9.29087191816669e-49,1,2013-04-03,working,1,True,0.9523809523809523,traffic,0.001
21,1,1,0.5735517747217502,False,,2,1.0,5.776089403248278e-17,0,2013-04-07,weekend,0,True,0.9545454545454546,traffic,0.001
22,0,0,0.24211568139033635,False,,2,1.0,6.930292525352293e-53,1,2013-04-08,working,1,True,0.9565217391304348,traffic,0.001
23,0,0,0.22947028947132395,False,,2,1.0,1.3304651914869345e-53,1,2013-04-09,working,1,True,0.9583333333333334,traffic,0.001
24,0,0,0.27577015600032795,False,,2,1.0,5.507002466796969e-58,1,2013-04-10,working,1,True,0.96,traffic,0.001
25,0,0,0.24632056496074503,False,,2,1.0,2.263265607344221e-34,1,2013-04-11,working,1,True,0.9615384615384616,traffic,0.001
26,0,0,0.6460310345489044,False,,2,1.0,1.036491336614887e-37,1,2013-04-12,working,1,True,0.9629629629629629,traffic,0.001
27,1,1,0.06429916133056444,False,,2,0.9999999982095245,3.785205924558392e-08,0,2013-04-13,weekend,0,True,0.9642857142857143,traffic,0.001
28,1,1,0.38777878024817813,False,,2,1.0,4.859160136467733e-15,0,2013-04-14,weekend,0,True,0.9655172413793104,traffic,0.001
29,0,0,0.17784310777274104,False,,2,1.0,2.3690647387646627e-59,1,2013-04-15,working,1,True,0.9666666666666667,traffic,0.001
30,0,0,0.2321631158590583,False,,2,1.0,8.044239252292735e-56,1,2013-04-16,working,1,True,0.9666666666666667,traffic,0.001
31,0,0,0.17264756903359368,False,,2,1.0,3.362260053155805e-63,1,2013-04-18,working,1,True,0.9666666666666667,traffic,0.001
32,1,1,0.5872595935461773,False,,2,1.0,7.147219189889564e-16,0,2013-04-21,weekend,0,True,0.9666666666666667,traffic,0.001
33,0,0,0.1757726498106194,False,,2,1.0,8.12106351468212e-65,1,2013-04-22,working,1,True,0.9666666666666667,traffic,0.001
34,0,0,0.36327346494439156,False,,2,1.0,1.5566396821726724e-52,1,2013-04-23,working,1,True,0.9666666666666667,traffic,0.001
35,0,0,0.39414222886929207,False,,2,1.0,5.8299188317067945e-50,1,2013-04-25,working,1,True,1.0,traffic,0.001
36,1,1,0.4092093062169492,False,,2,0.9999999997985713,4.698440836222171e-09,0,2013-04-27,weekend,0,True,1.0,traffic,0.001
37,1,1,0.8989972413486886,False,,2,1.0,1.3964150617798263e-16,0,2013-04-28,weekend,0,True,1.0,traffic,0.001
38,0,0,0.31246606285761636,False,,2,1.0,2.1855123391966417e-53,1,2013-04-29,working,1,True,1.0,traffic,0.001
39,0,0,0.3842397253483002,False,,2,1.0,1.2915597630616016e-55,1,2013-04-30,working,1,True,1.0,traffic,0.001
40,0,0,0.44715062020472884,False,,2,1.0,3.481433633133839e-51,1,2013-05-02,working,1,True,1.0,traffic,0.001
41,0,0,0.500598411700985,False,,2,1.0,9.698307667046271e-40,1,2013-05-03,working,1,True,1.0,traffic,0.001
42,1,1,0.5444733271534106,False,,2,0.9999999996921405,7.05040999842224e-09,0,2013-05-04,weekend,0,True,1.0,traffic,0.001
43,1,1,0.605083310686426,False,,2,1.0,3.317676986243213e-15,0,2013-05-05,weekend,0,True,1.0,traffic,0.001
44,0,0,0.32461915722807094,False,,2,1.0,1.2285649957948056e-54,1,2013-05-06,working,1,True,1.0,traffic,0.001
45,0,0,0.04871521191368082,False,,2,1.0,3.484060454391979e-52,1,2013-05-07,working,1,True,1.0,traffic,0.001
46,0,0,0.32633878976405106,False,,2,1.0,6.946405696174436e-43,1,2013-05-08,working,1,True,1.0,traffic,0.001
47,0,0,0.5172436263970108,False,,2,1.0,8.756202273764775e-50,1,2013-05-09,working,1,True,1.0,traffic,0.001
48,0,0,0.5563793672746093,False,,2,1.0,1.2439340683787162e-40,1,2013-05-10,working,1,True,1.0,traffic,0.001
49,1,1,0.33021760801562805,False,,2,0.9999999992550039,1.6403057039593175e-08,0,2013-05-11,weekend,0,True,1.0,traffic,0.001
50,1,1,0.9979884449693864,False,,2,1.0,3.1082766999967606e-16,0,2013-05-12,weekend,0,True,1.0,traffic,0.001
51,0,0,0.21386880963512203,False,,2,1.0,2.7289310785539884e-61,1,2013-05-13,working,1,True,1.0,traffic,0.001
52,0,0,0.41378470828548347,False,,2,1.0,2.7002182929919956e-50,1,2013-05-14,working,1,True,1.0,traffic,0.001
53,0,0,0.4979610612766371,False,,2,1.0,1.0767780898902177e-48,1,2013-05-15,working,1,True,1.0,traffic,0.001
54,0,0,0.43532566750828294,False,,2,1.0,1.543141176437655e-48,1,2013-05-16,working,1,True,1.0,traffic,0.001
55,1,1,0.5693875805663102,False,,2,0.999999999995234,1.2901020778533636e-10,0,2013-05-18,weekend,0,True,1.0,traffic,0.001
56,1,1,0.8510135363361799,False,,2,1.0,5.602330710279944e-16,0,2013-05-19,weekend,0,True,1.0,traffic,0.001
57,0,0,0.34829398919476773,False,,2,1.0,2.3313832765781905e-53,1,2013-05-21,working,1,True,1.0,traffic,0.001
58,0,0,0.2737454588190132,False,,2,1.0,3.0216802955594404e-59,1,2013-05-22,working,1,True,1.0,traffic,0.001
59,0,0,0.40432175732534287,False,,2,1.0,6.289579433273675e-55,1,2013-05-23,working,1,True,1.0,traffic,0.001
60,0,0,0.7525186811568041,False,,2,1.0,4.769339453353132e-40,1,2013-05-24,working,1,True,1.0,traffic,0.001
61,1,1,0.7914562358170768,False,,2,0.9999999999968265,8.720285442594347e-11,0,2013-05-25,weekend,0,True,1.0,traffic,0.001
62,1,1,0.9682899270640812,False,,2,1.0,3.839985566291007e-17,0,2013-05-26,weekend,0,True,1.0,traffic,0.001
63,1,1,0.7372707347720282,False,,2,0.9999999999999982,4.8897547975373345e-14,0,2013-05-27,holiday,0,True,1.0,traffic,0.001
64,0,0,0.6316338880453054,False,,2,1.0,3.1294377757625766e-46,1,2013-05-30,working,1,True,1.0,traffic,0.001
65,0,0,0.6165668807596087,False,,2,1.0,9.056683152528985e-40,1,2013-05-31,working,1,True,1.0,traffic,0.001
66,1,1,0.29436361209776934,False,,2,0.9999999802817727,3.6955354049687e-07,0,2013-06-01,weekend,0,True,1.0,traffic,0.001
67,1,1,0.9932305311472237,False,,2,0.9999999999999964,1.0337935582094576e-13,0,2013-06-02,weekend,0,True,1.0,traffic,0.001
68,0,0,0.4624941992547871,False,,2,1.0,2.0569327728050716e-55,1,2013-06-03,working,1,True,1.0,traffic,0.001
69,0,0,0.3576256008364943,False,,2,1.0,2.808229727798839e-56,1,2013-06-04,working,1,True,1.0,traffic,0.001
70,0,0,0.46115825088219153,False,,2,1.0,1.1413900198406153e-52,1,2013-06-05,working,1,True,1.0,traffic,0.001
71,0,0,0.5523068871031418,False,,2,1.0,2.2270742337619824e-48,1,2013-06-06,working,1,True,1.0,traffic,0.001
72,0,0,0.5301479544944021,False,,2,1.0,1.7813192810511445e-39,1,2013-06-07,working,1,True,1.0,traffic,0.001
73,1,1,0.2573284662777119,False,,2,0.9999999999890075,2.8838152743189323e-10,0,2013-06-08,weekend,0,True,1.0,traffic,0.001
74,-1,1,5.958468361254056e-09,True,,2,0.9999999994731255,1.1783061002200707e-08,0,2013-06-09,weekend,-1,False,0.9666666666666667,traffic,0.001
75,0,0,0.37775978811478855,False,,2,1.0,3.0005798879083528e-49,1,2013-06-10,working,1,True,0.9666666666666667,traffic,0.001
76,0,0,0.38125139994340257,False,,2,1.0,1.0925250440434617e-50,1,2013-06-12,working,1,True,0.9666666666666667,traffic,0.001
77,0,0,0.6151350500012407,False,,2,1.0,1.5954444547700073e-35,1,2013-06-14,working,1,True,0.9666666666666667,traffic,0.001
78,1,1,0.6929785770412857,False,,2,0.9999999999884537,3.0233207873482564e-10,0,2013-06-15,weekend,0,True,0.9666666666666667,traffic,0.001
79,1,1,0.9153605730488812,False,,2,1.0,1.0934189099791344e-17,0,2013-06-16,weekend,0,True,0.9666666666666667,traffic,0.001
80,0,0,0.5676752566276124,False,,2,1.0,1.0962163832950836e-48,1,2013-06-17,working,1,True,0.9666666666666667,traffic,0.001
81,0,0,0.5008314863606673,False,,2,1.0,3.050756268440677e-54,1,2013-06-18,working,1,True,0.9666666666666667,traffic,0.001
82,0,0,0.5359395868925156,False,,2,1.0,9.425514863685722e-55,1,2013-06-25,working,1,True,0.9666666666666667,traffic,0.001
83,0,0,0.6235888833464278,False,,2,1.0,8.445698221199337e-48,1,2013-06-26,working,1,True,0.9666666666666667,traffic,0.001
84,1,1,0.976453369947481,False,,2,1.0,4.331113817544547e-17,0,2013-06-30,weekend,0,True,0.9666666666666667,traffic,0.001
85,0,0,0.511450851017323,False,,2,1.0,3.840784989341969e-46,1,2013-07-01,working,1,True,0.9666666666666667,traffic,0.001
86,0,0,0.5940181310182657,False,,2,1.0,4.382725352322104e-50,1,2013-07-02,working,1,True,0.9666666666666667,traffic,0.001
87,1,1,0.0015604284381393596,False,,2,0.9999999998895159,2.643461097002478e-09,0,2013-07-04,holiday,0,True,0.9666666666666667,traffic,0.001
88,1,1,0.8280769853263104,False,,2,1.0,4.875210492448009e-16,0,2013-07-07,weekend,0,True,0.9666666666666667,traffic,0.001
89,0,0,0.3901122918541314,False,,2,1.0,7.508185258915661e-52,1,2013-07-08,working,1,True,0.9666666666666667,traffic,0.001
90,0,0,0.41575153380589525,False,,2,1.0,3.501133091125051e-48,1,2013-07-09,working,1,True,0.9666666666666667,traffic,0.001
91,0,0,0.5044943029371487,False,,2,1.0,2.293361591215351e-46,1,2013-07-10,working,1,True,0.9666666666666667,traffic,0.001
92,1,1,0.8821478816337722,False,,2,0.999999999999817,5.56069487604825e-12,0,2013-07-13,weekend,0,True,0.9666666666666667,traffic,0.001
93,1,1,0.8496603756876514,False,,2,1.0,7.197216116925617e-16,0,2013-07-14,weekend,0,True,0.9666666666666667,traffic,0.001
94,1,1,0.9267850303450701,False,,2,1.0,1.1539907097404202e-17,0,2013-07-21,weekend,0,True,0.9666666666666667,traffic,0.001
95,0,0,0.5889317574271837,False,,2,1.0,1.6429157108494554e-47,1,2013-07-25,working,1,True,0.9666666666666667,traffic,0.001
96,1,1,0.48896475054380584,False,,2,0.9999999997924318,4.835408347097215e-09,0,2013-07-27,weekend,0,True,0.9666666666666667,traffic,0.001
97,1,1,0.9822484305167067,False,,2,1.0,1.643523692781906e-17,0,2013-07-28,weekend,0,True,0.9666666666666667,traffic,0.001
98,0,0,0.5594810506588483,False,,2,1.0,1.8809527131216653e-33,1,2013-08-02,working,1,True,0.9666666666666667,traffic,0.001
99,1,1,0.9681388669478042,False,,2,1.0,1.583021753904064e-17,0,2013-08-04,weekend,0,True,0.9666666666666667,traffic,0.001
100,0,0,0.43670103039632036,False,,2,1.0,1.7244460570244213e-52,1,2013-08-06,working,1,True,0.9666666666666667,traffic,0.001
101,0,0,0.5238394343799566,False,,2,1.0,2.664792862859645e-56,1,2013-08-12,working,1,True,0.9666666666666667,traffic,0.001
102,0,0,0.665622119207423,False,,2,1.0,4.605747367766711e-54,1,2013-08-13,working,1,True,0.9666666666666667,traffic,0.001
103,1,1,0.6386268646198843,False,,2,0.9999999999914913,2.2540112420715171e-10,0,2013-08-17,weekend,0,True,0.9666666666666667,traffic,0.001
104,0,0,0.6029742730925407,False,,2,1.0,2.2575525180258771e-54,1,2013-08-19,working,1,True,1.0,traffic,0.001
105,0,0,0.5225256737973563,False,,2,1.0,1.3070900590637637e-53,1,2013-08-20,working,1,True,1.0,traffic,0.001
106,0,0,0.6103883521475426,False,,2,1.0,1.2556957273209604e-51,0,2013-08-22,holiday,1,False,0.9666666666666667,traffic,0.001
107,0,0,0.4525426688201842,False,,2,1.0,5.133325894188867e-60,1,2013-10-09,working,1,True,0.9666666666666667,traffic,0.001
108,0,0,0.3807948399249925,False,,2,1.0,2.413764097131081e-54,1,2013-10-10,working,1,True,0.9666666666666667,traffic,0.001
109,1,1,0.521898074483758,False,,2,0.9999999999999991,2.706525519043329e-14,0,2013-11-10,weekend,0,True,0.9666666666666667,traffic,0.001
110,0,0,0.2608984785018841,False,,2,1.0,5.507149613040391e-68,1,2013-11-12,working,1,True,0.9666666666666667,traffic,0.001
111,0,0,0.46141320402604347,False,,2,1.0,2.9965149986221844e-59,1,2013-11-13,working,1,True,0.9666666666666667,traffic,0.001
112,0,0,0.5312156217966428,False,,2,1.0,7.1754789098355e-46,1,2013-11-15,working,1,True,0.9666666666666667,traffic,0.001
113,0,0,0.24049600905458804,False,,2,1.0,1.3253215788680658e-71,1,2013-11-19,working,1,True,0.9666666666666667,traffic,0.001
114,0,0,0.42294734978499143,False,,2,1.0,8.277814939039958e-65,1,2013-11-20,working,1,True,0.9666666666666667,traffic,0.001
115,0,0,0.5883704116396591,False,,2,1.0,1.513467987283281e-57,1,2013-11-21,working,1,True,0.9666666666666667,traffic,0.001
116,0,0,0.3119708862390685,False,,2,1.0,3.6504736125967075e-44,1,2013-11-22,working,1,True,0.9666666666666667,traffic,0.001
117,1,1,0.6603124394675399,False,,2,0.9999999999973248,7.395504008531217e-11,0,2013-11-23,weekend,0,True,0.9666666666666667,traffic,0.001
118,1,1,0.8814663543728416,False,,2,1.0,1.2511329061644101e-15,0,2013-11-24,weekend,0,True,0.9666666666666667,traffic,0.001
119,0,0,0.7546605626492584,False,,2,1.0,1.494836294282894e-45,1,2013-11-27,working,1,True,0.9666666666666667,traffic,0.001
120,1,1,0.20514246909969652,False,,2,0.9999999999999725,8.922111131204367e-13,0,2013-11-30,weekend,0,True,0.9666666666666667,traffic,0.001
121,1,1,0.3504535720955026,False,,2,1.0,6.761454058425459e-15,0,2013-12-01,weekend,0,True,0.9666666666666667,traffic,0.001
122,0,0,0.44248804669954983,False,,2,1.0,5.197147814893453e-64,1,2013-12-02,working,1,True,0.9666666666666667,traffic,0.001
123,0,0,0.5719647958493803,False,,2,1.0,5.999972240609353e-51,1,2013-12-04,working,1,True,0.9666666666666667,traffic,0.001
124,0,0,0.6677982108634855,False,,2,1.0,4.636907455233705e-55,1,2013-12-12,working,1,True,0.9666666666666667,traffic,0.001
125,0,0,0.736488299568625,False,,2,1.0,3.5766732902686245e-47,1,2013-12-13,working,1,True,0.9666666666666667,traffic,0.001
126,1,1,0.70038441613296,False,,2,0.9999999999958682,1.1243966277150906e-10,0,2013-12-14,weekend,0,True,0.9666666666666667,traffic,0.001
127,1,1,0.5812390569309234,False,,2,0.9999999999999956,1.513052747416684e-13,0,2013-12-15,weekend,0,True,0.9666666666666667,traffic,0.001
128,0,0,0.504842142052754,False,,2,1.0,3.1079886647089794e-51,1,2013-12-30,working,1,True,0.9666666666666667,traffic,0.001
129,1,1,0.10386379975631516,False,,2,0.9999999999874237,3.2823099358650793e-10,0,2014-01-18,weekend,0,True,0.9666666666666667,traffic,0.001
130,0,0,0.6386377972803248,False,,2,1.0,1.1785304141334476e-60,1,2014-01-22,working,1,True,0.9666666666666667,traffic,0.001
131,1,1,0.14698470951585307,False,,2,0.9999999987343411,2.7196066913262555e-08,0,2014-01-25,weekend,0,True,0.9666666666666667,traffic,0.001
132,0,0,0.37172522299156596,False,,2,1.0,1.0035093682095366e-60,1,2014-01-27,working,1,True,0.9666666666666667,traffic,0.001
133,0,0,0.5055461779668846,False,,2,1.0,3.657749715891893e-55,1,2014-01-28,working,1,True,0.9666666666666667,traffic,0.001
134,0,0,0.4597928143901343,False,,2,1.0,1.0012372275925374e-61,1,2014-01-29,working,1,True,0.9666666666666667,traffic,0.001
135,0,0,0.5743616636268567,False,,2,1.0,2.0652385357351475e-40,1,2014-01-30,working,1,True,0.9666666666666667,traffic,0.001
136,0,0,0.6696901251502505,False,,2,1.0,1.5891145462711628e-40,1,2014-01-31,working,1,True,1.0,traffic,0.001
137,1,1,0.6489023112422916,False,,2,0.9999999999982467,4.922271761942184e-11,0,2014-02-01,weekend,0,True,1.0,traffic,0.001
138,1,1,0.1266575165223363,False,,2,0.9999999999999831,5.526942734195192e-13,0,2014-02-02,weekend,0,True,1.0,traffic,0.001
139,0,0,0.43411068970592903,False,,2,1.0,5.67929731687597e-63,1,2014-02-03,working,1,True,1.0,traffic,0.001
140,0,0,0.3816396294060013,False,,2,1.0,5.304629472858081e-62,1,2014-02-04,working,1,True,1.0,traffic,0.001
141,0,0,0.34361798698194773,False,,2,1.0,9.0857979959027e-65,1,2014-02-05,working,1,True,1.0,traffic,0.001
142,0,0,0.5358190583047246,False,,2,1.0,3.380727337965841e-53,1,2014-02-06,working,1,True,1.0,traffic,0.001
143,0,0,0.6609276119073988,False,,2,1.0,8.859277690272587e-45,1,2014-02-07,working,1,True,1.0,traffic,0.001
144,1,1,0.6679851686369513,False,,2,0.9999999999940483,1.5979328354617845e-10,0,2014-02-08,weekend,0,True,1.0,traffic,0.001
145,1,1,0.10541880153844801,False,,2,0.9999999999999998,6.866940303711332e-15,0,2014-02-09,weekend,0,True,1.0,traffic,0.001
146,0,0,0.2028489224929468,False,,2,1.0,1.4467292525006983e-56,1,2014-02-10,working,1,True,1.0,traffic,0.001
147,0,0,0.4729013254553901,False,,2,1.0,4.254033237772878e-61,1,2014-02-11,working,1,True,1.0,traffic,0.001
148,0,0,0.5531032594349494,False,,2,1.0,1.4064396349310952e-59,1,2014-02-12,working,1,True,1.0,traffic,0.001
149,0,0,0.5440540389470978,False,,2,1.0,1.5894321663456606e-56,1,2014-02-13,working,1,True,1.0,traffic,0.001
150,0,0,0.5527219888006003,False,,2,1.0,2.4380191122905522e-42,1,2014-02-14,working,1,True,1.0,traffic,0.001
151,1,1,0.3334486540465752,False,,2,0.9999999999099751,2.172384380126376e-09,0,2014-02-15,weekend,0,True,1.0,traffic,0.001
152,1,1,0.8159560885750062,False,,2,1.0,5.025290781258721e-15,0,2014-02-16,weekend,0,True,1.0,traffic,0.001
153,0,0,0.17584232248560447,False,,2,1.0,4.58846295465619e-48,0,2014-02-17,holiday,1,False,0.9666666666666667,traffic,0.001
154,0,0,0.6264186710561876,False,,2,1.0,6.686406103717521e-57,1,2014-02-18,working,1,True,0.9666666666666667,traffic,0.001
155,0,0,0.596623738025174,False,,2,1.0,4.215191725985254e-56,1,2014-02-19,working,1,True,0.9666666666666667,traffic,0.001
156,0,0,0.04779580206996903,False,,2,1.0,5.434543606220277e-75,1,2014-02-20,working,1,True,0.9666666666666667,traffic,0.001
157,0,0,0.01858661009700338,False,,2,1.0,8.380884534235327e-40,1,2014-02-21,working,1,True,0.9666666666666667,traffic,0.001
158,1,1,0.09076685244510439,False,,2,0.9999999495843414,8.975481546256127e-07,0,2014-02-22,weekend,0,True,0.9666666666666667,traffic,0.001
159,1,1,0.7434002977583056,False,,2,1.0,1.278107706333276e-16,0,2014-02-23,weekend,0,True,0.9666666666666667,traffic,0.001
160,0,0,0.4870479261506876,False,,2,1.0,1.0434035267082908e-59,1,2014-02-24,working,1,True,0.9666666666666667,traffic,0.001
161,0,0,0.7087160741135667,False,,2,1.0,1.9970319778034532e-55,1,2014-02-25,working,1,True,0.9666666666666667,traffic,0.001
162,0,0,0.6226997972825397,False,,2,1.0,9.48370494447914e-56,1,2014-02-26,working,1,True,0.9666666666666667,traffic,0.001
163,0,0,0.7180418081911566,False,,2,1.0,5.884107624404865e-53,1,2014-02-27,working,1,True,0.9666666666666667,traffic,0.001
164,0,0,0.6376319109502337,False,,2,1.0,4.135940807865585e-43,1,2014-02-28,working,1,True,0.9666666666666667,traffic,0.001
165,1,1,0.6540874737515079,False,,2,0.9999999998729319,3.0224877246975684e-09,0,2014-03-01,weekend,0,True,0.9666666666666667,traffic,0.001
166,1,1,0.34992490959766814,False,,2,1.0,1.0870861034527457e-14,0,2014-03-02,weekend,0,True,0.9666666666666667,traffic,0.001
167,0,0,0.23947146528248073,False,,2,1.0,1.158217311068686e-47,1,2014-03-03,working,1,True,0.9666666666666667,traffic,0.001
168,0,0,0.422771678930576,False,,2,1.0,3.743192592248684e-58,1,2014-03-05,working,1,True,0.9666666666666667,traffic,0.001
169,0,0,0.38653502854522537,False,,2,1.0,2.417748583058752e-52,1,2014-03-06,working,1,True,0.9666666666666667,traffic,0.001
170,0,0,0.4562802695907735,False,,2,1.0,3.5962053077199733e-41,1,2014-03-07,working,1,True,0.9666666666666667,traffic,0.001
171,1,1,0.5338789019540584,False,,2,0.9999999999998455,4.723386508290172e-12,0,2014-03-08,weekend,0,True,0.9666666666666667,traffic,0.001
172,0,0,0.4668318076638992,False,,2,1.0,3.0888054279023784e-47,1,2014-03-10,working,1,True,0.9666666666666667,traffic,0.001
173,0,0,0.4537817003496393,False,,2,1.0,6.049448173019013e-48,1,2014-03-11,working,1,True,0.9666666666666667,traffic,0.001
174,0,0,0.3057628275490892,False,,2,1.0,1.0248833271818583e-52,1,2014-03-12,working,1,True,0.9666666666666667,traffic,0.001
175,0,0,0.49326621356122036,False,,2,1.0,3.863664229288377e-49,1,2014-03-13,working,1,True,0.9666666666666667,traffic,0.001
176,0,0,0.7682199303288594,False,,2,1.0,5.120204118610945e-41,1,2014-03-14,working,1,True,0.9666666666666667,traffic,0.001
177,1,1,0.07388922891814294,False,,2,0.9999999985476308,3.1008185097699697e-08,0,2014-03-15,weekend,0,True,0.9666666666666667,traffic,0.001
178,1,1,0.16355200165385317,False,,2,0.9999999999999998,6.804902121340681e-15,0,2014-03-16,weekend,0,True,0.9666666666666667,traffic,0.001
179,0,0,0.25829265284220587,False,,2,1.0,4.521390075567114e-59,1,2014-03-17,working,1,True,0.9666666666666667,traffic,0.001
180,0,0,0.4745442404019783,False,,2,1.0,1.0241948813958283e-49,1,2014-03-18,working,1,True,0.9666666666666667,traffic,0.001
181,0,0,0.7994720528535942,False,,2,1.0,7.416203763233836e-51,1,2014-03-19,working,1,True,0.9666666666666667,traffic,0.001
182,0,0,0.6176289509132145,False,,2,1.0,2.0570980921318833e-54,1,2014-03-20,working,1,True,0.9666666666666667,traffic,0.001
183,0,0,0.6434176779991707,False,,2,1.0,1.0283915692997833e-41,1,2014-03-21,working,1,True,1.0,traffic,0.001
184,1,1,0.6296732839402572,False,,2,0.9999999999943796,1.5121334805447861e-10,0,2014-03-22,weekend,0,True,1.0,traffic,0.001
185,1,1,0.549419320325528,False,,2,1.0,7.179754377198969e-15,0,2014-03-23,weekend,0,True,1.0,traffic,0.001
186,0,0,0.30565152420020364,False,,2,1.0,1.8275368918038876e-66,1,2014-03-24,working,1,True,1.0,traffic,0.001
187,0,0,0.4048216800355169,False,,2,1.0,8.799952354922466e-63,1,2014-03-25,working,1,True,1.0,traffic,0.001
188,0,0,0.41613864257593397,False,,2,1.0,6.3205058720819185e-56,1,2014-03-26,working,1,True,1.0,traffic,0.001
189,0,0,0.4737318549969729,False,,2,1.0,5.881749106289538e-53,1,2014-03-27,working,1,True,1.0,traffic,0.001
190,0,0,0.777016757612342,False,,2,1.0,2.5759745305774073e-46,1,2014-03-28,working,1,True,1.0,traffic,0.001
191,1,1,0.5005646154999608,False,,2,0.9999999999797646,5.185035958172868e-10,0,2014-03-29,weekend,0,True,1.0,traffic,0.001
192,1,1,0.658572964399387,False,,2,1.0,1.3365184284414713e-15,0,2014-03-30,weekend,0,True,1.0,traffic,0.001
193,0,0,0.5832863547406344,False,,2,1.0,1.9897710835995005e-54,1,2014-03-31,working,1,True,1.0,traffic,0.001
194,0,0,0.5138717248050808,False,,2,1.0,1.8674657215651993e-57,1,2014-04-01,working,1,True,1.0,traffic,0.001
195,0,0,0.39810088328251864,False,,2,1.0,1.0696935329900539e-59,1,2014-04-03,working,1,True,1.0,traffic,0.001
196,0,0,0.6947398308925856,False,,2,1.0,4.100021231025803e-25,1,2014-04-04,working,1,True,1.0,traffic,0.001
197,1,1,0.16585771995055534,False,,2,0.9999999999575442,1.0564087953739028e-09,0,2014-04-05,weekend,0,True,1.0,traffic,0.001
198,1,1,0.9084775724388474,False,,2,1.0,1.7005155276897424e-16,0,2014-04-06,weekend,0,True,1.0,traffic,0.001
199,0,0,0.39679979276552685,False,,2,1.0,1.5521228348567925e-62,1,2014-04-07,working,1,True,1.0,traffic,0.001
200,0,0,0.20292505545152015,False,,2,1.0,4.9379289063195025e-62,1,2014-04-08,working,1,True,1.0,traffic,0.001
201,0,0,0.5697914279162655,False,,2,1.0,7.579056275936974e-56,1,2014-04-09,working,1,True,1.0,traffic,0.001
202,0,0,0.5018849507130592,False,,2,1.0,9.718808389454322e-51,1,2014-04-10,working,1,True,1.0,traffic,0.001
203,0,0,0.657683662589664,False,,2,1.0,8.898336626029103e-44,1,2014-04-11,working,1,True,1.0,traffic,0.001
204,1,1,0.4319406434096517,False,,2,0.9999999998651186,3.2002872790104527e-09,0,2014-04-12,weekend,0,True,1.0,traffic,0.001
205,1,1,0.653176688011855,False,,2,1.0,6.420855526790505e-16,0,2014-04-13,weekend,0,True,1.0,traffic,0.001
206,0,0,0.3799752741303536,False,,2,1.0,1.2802465653363836e-63,1,2014-04-14,working,1,True,1.0,traffic,0.001
207,0,0,0.42438898654687984,False,,2,1.0,4.6137776516056996e-61,1,2014-04-15,working,1,True,1.0,traffic,0.001
208,0,0,0.3904737960362241,False,,2,1.0,3.570184287827293e-64,1,2014-04-16,working,1,True,1.0,traffic,0.001
209,0,0,0.5699624202713471,False,,2,1.0,2.01434539496377e-54,1,2014-04-17,working,1,True,1.0,traffic,0.001
210,0,0,0.6712636666694405,False,,2,1.0,7.611254315080588e-34,1,2014-04-18,working,1,True,1.0,traffic,0.001
211,1,1,0.3171287820118881,False,,2,0.999999999998971,2.9435956295523304e-11,0,2014-04-19,weekend,0,True,1.0,traffic,0.001
212,0,0,0.33586351318418417,False,,2,1.0,1.1812437324732153e-54,1,2014-04-21,working,1,True,1.0,traffic,0.001
213,0,0,0.3114949606912724,False,,2,1.0,4.0401106135415194e-60,1,2014-04-22,working,1,True,1.0,traffic,0.001
214,0,0,0.39821155416660736,False,,2,1.0,8.769702981245293e-62,1,2014-04-23,working,1,True,1.0,traffic,0.001
215,0,0,0.16710186569913313,False,,2,1.0,2.0121321098599723e-50,1,2014-04-24,working,1,True,1.0,traffic,0.001
216,0,0,0.3049869208902992,False,,2,1.0,4.142058504607172e-34,1,2014-04-25,working,1,True,1.0,traffic,0.001
217,1,1,0.3254613729729554,False,,2,0.9999999999988032,3.405450105401914e-11,0,2014-04-26,weekend,0,True,1.0,traffic,0.001
218,1,1,0.5140572679861202,False,,2,1.0,1.6743609865713668e-15,0,2014-04-27,weekend,0,True,1.0,traffic,0.001
219,0,0,0.04440291167075233,False,,2,1.0,8.059479837487027e-63,1,2014-04-28,working,1,True,1.0,traffic,0.001
220,0,0,0.45688851399367025,False,,2,1.0,3.650545580119071e-61,1,2014-05-05,working,1,True,1.0,traffic,0.001
221,0,0,0.31025899195933315,False,,2,1.0,2.6465569087657897e-51,1,2014-05-07,working,1,True,1.0,traffic,0.001
222,0,0,0.5741993865864496,False,,2,1.0,2.1828386054289917e-55,1,2014-05-08,working,1,True,1.0,traffic,0.001
223,0,0,0.20949519603765,False,,2,1.0,2.2637211980282662e-42,1,2014-05-09,working,1,True,1.0,traffic,0.001
224,1,1,0.5095831772126114,False,,2,0.9999999999999645,1.1401779132775497e-12,0,2014-05-10,weekend,0,True,1.0,traffic,0.001
225,1,1,0.7877948574933469,False,,2,1.0,5.678930454979008e-15,0,2014-05-11,weekend,0,True,1.0,traffic,0.001
226,0,0,0.33604177999907975,False,,2,1.0,5.173227393669603e-65,1,2014-05-12,working,1,True,1.0,traffic,0.001
227,0,0,0.07363475431226879,False,,2,1.0,5.041994047707404e-56,1,2014-05-13,working,1,True,1.0,traffic,0.001
228,0,0,0.29053159387574734,False,,2,1.0,6.810324605990538e-44,1,2014-05-14,working,1,True,1.0,traffic,0.001
229,0,0,0.5690206204451818,False,,2,1.0,7.375763500842376e-52,1,2014-05-15,working,1,True,1.0,traffic,0.001
230,0,0,0.7534724902106053,False,,2,1.0,2.445192894475858e-37,1,2014-05-16,working,1,True,1.0,traffic,0.001
231,1,1,0.28153429204355696,False,,2,0.999999999657156,7.814699440523179e-09,0,2014-05-17,weekend,0,True,1.0,traffic,0.001
232,1,1,0.9816644706841265,False,,2,1.0,9.41539663604432e-15,0,2014-05-18,weekend,0,True,1.0,traffic,0.001
233,0,0,0.47722373569803733,False,,2,1.0,5.10814875131165e-58,1,2014-05-19,working,1,True,1.0,traffic,0.001
234,0,0,0.2755325957379385,False,,2,1.0,3.5170345784217576e-56,1,2014-05-20,working,1,True,1.0,traffic,0.001
235,0,0,0.6178459770219835,False,,2,1.0,7.432160975433146e-51,1,2014-05-22,working,1,True,1.0,traffic,0.001
236,0,0,0.6292586458611547,False,,2,1.0,8.284681027911855e-42,1,2014-05-23,working,1,True,1.0,traffic,0.001
237,1,1,0.5610686604231665,False,,2,0.9999999999984999,4.234103482081832e-11,0,2014-05-24,weekend,0,True,1.0,traffic,0.001
238,1,1,0.8514794035522671,False,,2,1.0,3.9294473647668293e-17,0,2014-05-25,weekend,0,True,1.0,traffic,0.001
239,1,1,0.9118651047573111,False,,2,1.0,2.336312586436014e-14,0,2014-05-26,holiday,0,True,1.0,traffic,0.001
240,0,0,0.5057627947995533,False,,2,1.0,1.836767608404505e-55,1,2014-05-27,working,1,True,1.0,traffic,0.001
241,0,0,0.5373282065903011,False,,2,1.0,9.413040983556992e-58,1,2014-05-28,working,1,True,1.0,traffic,0.001
242,0,0,0.6345690777156301,False,,2,1.0,7.978517014486222e-50,1,2014-05-29,working,1,True,1.0,traffic,0.001
243,0,0,0.6460391730278361,False,,2,1.0,1.6832473210924521e-41,1,2014-05-30,working,1,True,1.0,traffic,0.001
244,1,1,0.3900416257676628,False,,2,0.9999999996649729,7.644241893231222e-09,0,2014-05-31,weekend,0,True,1.0,traffic,0.001
245,1,1,0.9819605825308567,False,,2,1.0,2.6326090646563648e-14,0,2014-06-01,weekend,0,True,1.0,traffic,0.001
246,0,0,0.6627146039000937,False,,2,1.0,3.516908045645853e-54,1,2014-06-02,working,1,True,1.0,traffic,0.001
247,0,0,0.6517259186664659,False,,2,1.0,3.907603645235983e-49,1,2014-06-05,working,1,True,1.0,traffic,0.001
248,0,0,0.48048272312576623,False,,2,1.0,2.3166551121133166e-39,1,2014-06-06,working,1,True,1.0,traffic,0.001
249,1,1,0.6121902112178066,False,,2,0.9999999999973559,7.312201581520917e-11,0,2014-06-07,weekend,0,True,1.0,traffic,0.001
250,1,1,0.8726502060956574,False,,2,1.0,1.0658819952113217e-15,0,2014-06-08,weekend,0,True,1.0,traffic,0.001
251,1,1,0.7728092989400068,False,,2,1.0,1.0363680301152268e-17,0,2014-07-06,weekend,0,True,1.0,traffic,0.001
252,0,0,0.44525032672638815,False,,2,1.0,1.5849255121502465e-47,1,2014-07-07,working,1,True,1.0,traffic,0.001
253,0,0,0.6124650307223705,False,,2,1.0,6.236170260552135e-50,1,2014-07-09,working,1,True,1.0,traffic,0.001
254,0,0,0.7121844890880822,False,,2,1.0,5.728999441435776e-43,1,2014-07-10,working,1,True,1.0,traffic,0.001
255,1,1,0.5039832154368284,False,,2,0.999999999997673,6.46564971514845e-11,0,2014-07-12,weekend,0,True,1.0,traffic,0.001
256,1,1,0.9873047665272939,False,,2,1.0,7.077463573609616e-16,0,2014-07-13,weekend,0,True,1.0,traffic,0.001
257,0,0,0.7040999479229815,False,,2,1.0,1.1955699999394507e-52,1,2014-07-15,working,1,True,1.0,traffic,0.001
258,0,0,0.6402528394238747,False,,2,1.0,1.0154504888566546e-46,1,2014-07-16,working,1,True,1.0,traffic,0.001
259,0,0,0.6490929014950046,False,,2,1.0,8.26782784210511e-47,1,2014-07-17,working,1,True,1.0,traffic,0.001
260,0,0,0.6879173977296759,False,,2,1.0,1.0668347780759266e-38,1,2014-07-18,working,1,True,1.0,traffic,0.001
261,1,1,0.7686663650678945,False,,2,0.9999999999978861,5.893047670859976e-11,0,2014-07-19,weekend,0,True,1.0,traffic,0.001
262,1,1,0.7097691965121604,False,,2,1.0,2.4977377023702473e-17,0,2014-07-20,weekend,0,True,1.0,traffic,0.001
263,0,0,0.4808920484772392,False,,2,1.0,6.994004191346742e-47,1,2014-07-21,working,1,True,1.0,traffic,0.001
264,0,0,0.6957367215016008,False,,2,1.0,9.582310138042442e-51,1,2014-07-22,working,1,True,1.0,traffic,0.001
265,0,0,0.7538283292442924,False,,2,1.0,1.618517011589769e-49,1,2014-07-23,working,1,True,1.0,traffic,0.001
266,1,1,0.6633058469573951,False,,2,0.9999999999997149,8.52921045653553e-12,0,2014-07-26,weekend,0,True,1.0,traffic,0.001
267,0,0,0.7439813703461138,False,,2,1.0,3.8085062078257555e-52,1,2014-08-05,working,1,True,1.0,traffic,0.001
268,0,0,0.7923316225256896,False,,2,1.0,8.484860697298137e-49,1,2014-08-06,working,1,True,1.0,traffic,0.001
269,1,1,0.9662955813228908,False,,2,1.0,3.479528167161748e-17,0,2015-06-28,weekend,0,True,1.0,traffic,0.001
270,0,0,0.22430604395074163,False,,2,1.0,1.380438675411883e-32,1,2015-07-02,working,1,True,1.0,traffic,0.001
271,1,1,0.003931170606355596,False,,2,0.9997739953365447,0.002123278084828982,0,2015-07-03,holiday,0,True,1.0,traffic,0.001
272,-1,1,8.505597266346438e-05,True,,2,0.99999999999552,1.2153585613377898e-10,0,2015-07-04,weekend,-1,False,0.9666666666666667,traffic,0.001
273,1,1,0.2508596170078714,False,,2,1.0,6.430931819026484e-18,0,2015-07-05,weekend,0,True,0.9666666666666667,traffic,0.001
274,0,0,0.5735364383250832,False,,2,1.0,1.0628937936269261e-41,1,2015-07-06,working,1,True,0.9666666666666667,traffic,0.001
275,0,0,0.4121431288514291,False,,2,1.0,1.910335034460552e-50,1,2015-07-07,working,1,True,0.9666666666666667,traffic,0.001
276,0,0,0.5597325014434469,False,,2,1.0,6.285732731092404e-49,1,2015-07-08,working,1,True,0.9666666666666667,traffic,0.001
277,0,0,0.5460101845155663,False,,2,1.0,2.550380058903174e-46,1,2015-07-09,working,1,True,0.9666666666666667,traffic,0.001
278,0,0,0.6089909374905933,False,,2,1.0,5.548789859416538e-37,1,2015-07-10,working,1,True,0.9666666666666667,traffic,0.001
279,1,1,0.8954019492314953,False,,2,0.9999999999999716,9.12713024073538e-13,0,2015-07-11,weekend,0,True,0.9666666666666667,traffic,0.001
280,0,0,0.5799254004828533,False,,2,1.0,1.2089460590353382e-55,1,2015-07-13,working,1,True,0.9666666666666667,traffic,0.001
281,0,0,0.4322086058591232,False,,2,1.0,3.891534087945387e-47,1,2015-07-14,working,1,True,0.9666666666666667,traffic,0.001
282,0,0,0.5662889931145545,False,,2,1.0,8.827999159871894e-46,1,2015-07-15,working,1,True,0.9666666666666667,traffic,0.001
283,0,0,0.669253087748456,False,,2,1.0,2.211062730674412e-45,1,2015-07-16,working,1,True,0.9666666666666667,traffic,0.001
284,0,0,0.6391322547625045,False,,2,1.0,2.949663010739595e-38,1,2015-07-17,working,1,True,0.9666666666666667,traffic,0.001
285,1,1,0.7142276993022258,False,,2,0.9999999999996447,1.0550438147380905e-11,0,2015-07-18,weekend,0,True,0.9666666666666667,traffic,0.001
286,1,1,0.30025011682445457,False,,2,1.0,4.36575843873357e-17,0,2015-07-19,weekend,0,True,0.9666666666666667,traffic,0.001
287,0,0,0.585486381720185,False,,2,1.0,2.7281107687193253e-46,1,2015-07-20,working,1,True,0.9666666666666667,traffic,0.001
288,0,0,0.6048573331813105,False,,2,1.0,7.219588217507008e-48,1,2015-07-21,working,1,True,0.9666666666666667,traffic,0.001
289,0,0,0.6757376590028792,False,,2,1.0,2.0271404670594075e-49,1,2015-07-22,working,1,True,0.9666666666666667,traffic,0.001
290,0,0,0.6542633970850136,False,,2,1.0,9.423074864493258e-42,1,2015-07-23,working,1,True,0.9666666666666667,traffic,0.001
291,-1,0,1.664357039367202e-19,True,,2,1.0,4.848436546395747e-149,1,2015-07-24,working,-1,False,0.9333333333333333,traffic,0.001
292,-1,0,1.8738931465633154e-173,True,,2,1.0,-0.0,0,2015-07-25,weekend,-1,False,0.9,traffic,0.001
293,1,1,0.06560535817276086,False,,2,1.0,3.588713308252823e-18,0,2015-07-26,weekend,0,True,0.9,traffic,0.001
294,0,0,0.40373585998358696,False,,2,1.0,1.1001817156050342e-47,1,2015-07-27,working,1,True,0.9,traffic,0.001
295,0,0,0.5657079196483137,False,,2,1.0,4.1645944819382003e-42,1,2015-07-28,working,1,True,0.9,traffic,0.001
296,0,0,0.5527055819939304,False,,2,1.0,7.543479726684801e-36,1,2015-07-31,working,1,True,0.9,traffic,0.001
297,1,1,0.3030420010199911,False,,2,0.9999999999918914,2.151906351786424e-10,0,2015-08-01,weekend,0,True,0.9,traffic,0.001
298,1,1,0.8922457498168669,False,,2,1.0,1.1554720894560822e-17,0,2015-08-02,weekend,0,True,0.9,traffic,0.001
299,0,0,0.5775361443349953,False,,2,1.0,4.129278593851526e-51,1,2015-08-03,working,1,True,0.9,traffic,0.001
300,0,0,0.4484365728475908,False,,2,1.0,1.77112593901339e-47,1,2015-08-04,working,1,True,0.9,traffic,0.001
301,0,0,0.5649349756206083,False,,2,1.0,4.843409753123896e-44,1,2015-08-06,working,1,True,0.9,traffic,0.001
302,0,0,0.4608475793135969,False,,2,1.0,1.431745004139601e-38,1,2015-08-07,working,1,True,0.9333333333333333,traffic,0.001
303,1,1,0.6956159016197199,False,,2,0.9999999999999911,3.1004787039612916e-13,0,2015-08-08,weekend,0,True,0.9333333333333333,traffic,0.001
304,1,1,0.8566094737875648,False,,2,1.0,3.896472242427177e-17,0,2015-08-09,weekend,0,True,0.9333333333333333,traffic,0.001
305,0,0,0.5169000535984869,False,,2,1.0,1.645581914315409e-52,1,2015-08-11,working,1,True,0.9333333333333333,traffic,0.001
306,0,0,0.5808757248592609,False,,2,1.0,4.042246696475056e-47,1,2015-08-12,working,1,True,0.9333333333333333,traffic,0.001
307,0,0,0.6840733859450365,False,,2,1.0,8.791956464018783e-46,1,2015-08-13,working,1,True,0.9333333333333333,traffic,0.001
308,0,0,0.7621546975558582,False,,2,1.0,2.7495880663329424e-38,1,2015-08-14,working,1,True,0.9333333333333333,traffic,0.001
309,1,1,0.5292685444812735,False,,2,0.9999999999997309,8.062340147946503e-12,0,2015-08-15,weekend,0,True,0.9333333333333333,traffic,0.001
310,1,1,0.48920154158445117,False,,2,1.0,6.287420490214345e-16,0,2015-08-16,weekend,0,True,0.9333333333333333,traffic,0.001
311,0,0,0.4297973148896925,False,,2,1.0,2.818334181293731e-60,1,2015-08-18,working,1,True,0.9333333333333333,traffic,0.001
312,0,0,0.6776473193846315,False,,2,1.0,1.1151978875364371e-54,1,2015-08-19,working,1,True,0.9333333333333333,traffic,0.001
313,0,0,0.6189395399258251,False,,2,1.0,1.4713301571660715e-51,1,2015-08-20,working,1,True,0.9333333333333333,traffic,0.001
314,0,0,0.7292936256078009,False,,2,1.0,3.417611116340521e-39,1,2015-08-21,working,1,True,0.9333333333333333,traffic,0.001
315,1,1,0.45701057874965645,False,,2,1.0,1.5051058016433447e-16,0,2015-08-23,weekend,0,True,0.9333333333333333,traffic,0.001
316,0,0,0.431391502662523,False,,2,1.0,1.1088211326342707e-60,1,2015-08-24,working,1,True,0.9333333333333333,traffic,0.001
317,0,0,0.6453277531948038,False,,2,1.0,4.942514779074168e-56,1,2015-08-26,working,1,True,0.9333333333333333,traffic,0.001
318,0,0,0.5896401057949707,False,,2,1.0,7.525579118884949e-56,0,2015-08-27,holiday,1,False,0.9,traffic,0.001
319,0,0,0.8340939567410302,False,,2,1.0,1.1176542953385369e-43,1,2015-08-28,working,1,True,0.9,traffic,0.001
320,0,0,0.49049334881000806,False,,2,1.0,2.8429874589664924e-58,1,2015-08-31,working,1,True,0.9,traffic,0.001
321,0,0,0.8127961519530817,False,,2,1.0,2.4275412156873473e-51,1,2015-09-03,working,1,True,0.9333333333333333,traffic,0.001
322,0,0,0.7007722187235519,False,,2,1.0,1.7241008169742388e-37,1,2015-09-04,working,1,True,0.9666666666666667,traffic,0.001
323,1,1,0.4995528903673174,False,,2,0.9999999999984324,4.4174685998019896e-11,0,2015-09-05,weekend,0,True,0.9666666666666667,traffic,0.001
324,1,1,0.9999892099198281,False,,2,1.0,1.6830653696917878e-16,0,2015-09-06,weekend,0,True,0.9666666666666667,traffic,0.001
325,1,1,0.13287650425318007,False,,2,0.9999999973860405,5.427207271525731e-08,0,2015-09-07,holiday,0,True,0.9666666666666667,traffic,0.001
326,0,0,0.32801544016227513,False,,2,1.0,2.2078320975324547e-64,1,2015-09-08,working,1,True,0.9666666666666667,traffic,0.001
327,0,0,0.19799055710946564,False,,2,1.0,1.3110445393384844e-67,1,2015-09-09,working,1,True,0.9666666666666667,traffic,0.001
328,0,0,0.6296226977704016,False,,2,1.0,1.1397873348438353e-58,1,2015-09-10,working,1,True,0.9666666666666667,traffic,0.001
329,0,0,0.3125189275932592,False,,2,1.0,2.649422142855771e-50,1,2015-09-11,working,1,True,0.9666666666666667,traffic,0.001
330,-1,1,2.5178988049559575e-06,True,,2,0.9999999992953263,1.55544610697011e-08,0,2015-09-12,weekend,-1,False,0.9333333333333333,traffic,0.001
331,1,1,0.32407745892421663,False,,2,1.0,6.5223332665600816e-18,0,2015-09-13,weekend,0,True,0.9333333333333333,traffic,0.001
332,0,0,0.14785104383176553,False,,2,1.0,5.823588293762977e-56,1,2015-09-15,working,1,True,0.9333333333333333,traffic,0.001
333,0,0,0.6560359625325298,False,,2,1.0,9.877519265409163e-54,1,2015-09-17,working,1,True,0.9333333333333333,traffic,0.001
334,0,0,0.6631214252128126,False,,2,1.0,8.593387223785277e-47,1,2015-09-18,working,1,True,0.9333333333333333,traffic,0.001
335,1,1,0.07963831122104309,False,,2,0.9999994197102638,8.9130983251371e-06,0,2015-09-19,weekend,0,True,0.9333333333333333,traffic,0.001
336,0,0,0.35718944662447416,False,,2,1.0,2.6884494272432156e-66,1,2015-10-13,working,1,True,0.9333333333333333,traffic,0.001
337,1,1,0.438726483466154,False,,2,0.9999999999999094,2.82287060749553e-12,0,2016-02-06,weekend,0,True,0.9333333333333333,traffic,0.001
338,1,1,0.00508598016596092,False,,2,0.999999999772121,5.2872919513824455e-09,0,2016-02-07,weekend,0,True,0.9333333333333333,traffic,0.001
339,0,0,0.2893411769467851,False,,2,1.0,1.9154631481022307e-64,1,2016-02-08,working,1,True,0.9333333333333333,traffic,0.001
340,0,0,0.03905404389746098,False,,2,1.0,2.0666555138184425e-39,1,2016-04-21,working,1,True,0.9333333333333333,traffic,0.001
341,0,0,0.6015909232913899,False,,2,1.0,2.344880854337906e-53,1,2016-04-28,working,1,True,0.9333333333333333,traffic,0.001
342,-1,0,0.00036068833199629803,True,,2,1.0,1.1282014813042426e-86,1,2016-04-29,working,-1,False,0.9,traffic,0.001
343,1,1,0.7104896643832117,False,,2,0.9999999999998286,5.214742093318442e-12,0,2016-04-30,weekend,0,True,0.9,traffic,0.001
344,1,1,0.3041829009928402,False,,2,0.9999999999998801,3.689645182995015e-12,0,2016-05-01,weekend,0,True,0.9,traffic,0.001
345,-1,0,0.0006375669481927386,True,,2,1.0,2.9904342852772647e-109,1,2016-05-02,working,-1,False,0.8666666666666667,traffic,0.001
346,0,0,0.3831418261851586,False,,2,1.0,1.2962890902062843e-62,1,2016-05-03,working,1,True,0.8666666666666667,traffic,0.001
347,0,0,0.5233148852359182,False,,2,1.0,5.3869352677521174e-43,1,2016-05-04,working,1,True,0.8666666666666667,traffic,0.001
348,0,0,0.10056352371231725,False,,2,1.0,1.0100074211292209e-38,1,2016-05-05,working,1,True,0.9,traffic,0.001
349,0,0,0.6283585849909952,False,,2,1.0,1.944782372773119e-37,1,2016-05-06,working,1,True,0.9,traffic,0.001
350,1,1,0.7391897108261549,False,,2,0.9999999999999707,9.425822348226341e-13,0,2016-05-07,weekend,0,True,0.9,traffic,0.001
351,1,1,0.9021263396824031,False,,2,1.0,4.1123081721561875e-15,0,2016-05-08,weekend,0,True,0.9,traffic,0.001
352,0,0,0.28116406843964303,False,,2,1.0,6.887870814541806e-64,1,2016-05-09,working,1,True,0.9,traffic,0.001
353,0,0,0.2708073993488202,False,,2,1.0,6.866701952456998e-65,1,2016-05-10,working,1,True,0.9,traffic,0.001
354,0,0,0.4082180159593146,False,,2,1.0,1.043813003391477e-63,1,2016-05-11,working,1,True,0.9,traffic,0.001
355,0,0,0.4556080696086851,False,,2,1.0,2.2546040591927087e-58,1,2016-05-12,working,1,True,0.9,traffic,0.001
356,0,0,0.667119077370474,False,,2,1.0,1.6016987349102096e-44,1,2016-05-13,working,1,True,0.9,traffic,0.001
357,1,1,0.6756182656943512,False,,2,0.9999999999999831,5.475173835528483e-13,0,2016-05-14,weekend,0,True,0.9,traffic,0.001
358,1,1,0.9249130403637742,False,,2,1.0,1.647386280962002e-16,0,2016-05-15,weekend,0,True,0.9,traffic,0.001
359,0,0,0.27158324749995205,False,,2,1.0,4.61873632177489e-63,1,2016-05-17,working,1,True,0.9,traffic,0.001
360,0,0,0.408680244694102,False,,2,1.0,1.4551109025059874e-62,1,2016-05-18,working,1,True,0.9333333333333333,traffic,0.001
361,0,0,0.42866402681605437,False,,2,1.0,1.8565026058498657e-55,1,2016-05-19,working,1,True,0.9333333333333333,traffic,0.001
362,0,0,0.482518550477527,False,,2,1.0,5.0155119537252193e-42,1,2016-05-20,working,1,True,0.9333333333333333,traffic,0.001
363,1,1,0.0021624307190901784,False,,2,0.9999992993151595,1.0630234962934117e-05,0,2016-05-21,weekend,0,True,0.9333333333333333,traffic,0.001
364,1,1,0.09750161978240122,False,,2,1.0,6.008821074299619e-16,0,2016-05-22,weekend,0,True,0.9333333333333333,traffic,0.001
365,0,0,0.2801946030859287,False,,2,1.0,1.5791257027101798e-51,1,2016-05-23,working,1,True,0.9333333333333333,traffic,0.001
366,0,0,0.6806681532663188,False,,2,1.0,7.24904388033426e-33,1,2016-06-03,working,1,True,0.9333333333333333,traffic,0.001
367,1,1,0.49079248654893326,False,,2,0.9999999998659765,3.180770188330687e-09,0,2016-06-04,weekend,0,True,0.9333333333333333,traffic,0.001
368,1,1,0.9285446290810377,False,,2,1.0,3.114107048613765e-16,0,2016-06-05,weekend,0,True,0.9333333333333333,traffic,0.001
369,0,0,0.5642990062087698,False,,2,1.0,4.138651254709794e-52,1,2016-06-06,working,1,True,0.9333333333333333,traffic,0.001
370,0,0,0.3505598284136626,False,,2,1.0,4.465503715639805e-51,1,2016-06-07,working,1,True,0.9333333333333333,traffic,0.001
371,0,0,0.08582327573204049,False,,2,1.0,4.616476603325139e-41,1,2016-06-08,working,1,True,0.9333333333333333,traffic,0.001
372,0,0,0.7014679069845808,False,,2,1.0,1.3133870857972796e-44,1,2016-06-09,working,1,True,0.9666666666666667,traffic,0.001
373,0,0,0.6446276728381066,False,,2,1.0,4.106603136101556e-37,1,2016-06-10,working,1,True,0.9666666666666667,traffic,0.001
374,1,1,0.9921298385128234,False,,2,1.0,1.4092383656209184e-14,0,2016-06-11,weekend,0,True,0.9666666666666667,traffic,0.001
375,1,1,0.6524881555464379,False,,2,1.0,2.2675137840589192e-17,0,2016-06-12,weekend,0,True,1.0,traffic,0.001
376,0,0,0.5224244049004445,False,,2,1.0,5.863715702603112e-50,1,2016-06-13,working,1,True,1.0,traffic,0.001
377,0,0,0.33434356369485396,False,,2,1.0,1.0006254894079275e-55,1,2016-06-14,working,1,True,1.0,traffic,0.001
378,0,0,0.6329512465261811,False,,2,1.0,4.578047612553921e-47,1,2016-06-15,working,1,True,1.0,traffic,0.001
379,0,0,0.759770040339299,False,,2,1.0,2.3759782899138694e-45,1,2016-06-16,working,1,True,1.0,traffic,0.001
380,0,0,0.7546628802015427,False,,2,1.0,3.797731234301955e-37,1,2016-06-17,working,1,True,1.0,traffic,0.001
381,1,1,0.37479741776228687,False,,2,0.9999999991132045,1.9370630466846232e-08,0,2016-06-18,weekend,0,True,1.0,traffic,0.001
382,1,1,0.816390480630754,False,,2,1.0,2.0149995096424294e-14,0,2016-06-19,weekend,0,True,1.0,traffic,0.001
383,0,0,0.6054735503633173,False,,2,1.0,1.4510632266765606e-51,1,2016-06-20,working,1,True,1.0,traffic,0.001
384,0,0,0.5792428935157963,False,,2,1.0,1.2103420229623307e-51,1,2016-06-21,working,1,True,1.0,traffic,0.001
385,0,0,0.5368906790415109,False,,2,1.0,2.6324352454928584e-46,1,2016-06-22,working,1,True,1.0,traffic,0.001
386,0,0,0.3109084635571927,False,,2,1.0,1.5250978713163287e-34,1,2016-06-23,working,1,True,1.0,traffic,0.001
387,0,0,0.40644785056635835,False,,2,1.0,8.776542311415183e-31,1,2016-06-24,working,1,True,1.0,traffic,0.001
388,1,1,0.030469398154428288,False,,2,0.9999999999637728,9.071735312285924e-10,0,2016-06-25,weekend,0,True,1.0,traffic,0.001
389,1,1,0.39338243695746733,False,,2,1.0,1.1613745224579428e-15,0,2016-06-26,weekend,0,True,1.0,traffic,0.001
390,0,0,0.5286419895477561,False,,2,1.0,8.372630292042528e-53,1,2016-06-27,working,1,True,1.0,traffic,0.001
391,0,0,0.4842935390363612,False,,2,1.0,4.947718047073966e-50,1,2016-06-28,working,1,True,1.0,traffic,0.001
392,0,0,0.5802042695864293,False,,2,1.0,6.281165172082802e-46,1,2016-06-30,working,1,True,1.0,traffic,0.001
393,0,0,0.6922768248619203,False,,2,1.0,4.94454044964021e-32,1,2016-07-01,working,1,True,1.0,traffic,0.001
394,1,1,0.4569703735974338,False,,2,0.9999999999998561,4.396097327031391e-12,0,2016-07-02,weekend,0,True,1.0,traffic,0.001
395,1,1,0.3546575579027047,False,,2,0.9999999999999982,5.426430998083782e-14,0,2016-07-03,weekend,0,True,1.0,traffic,0.001
396,1,1,0.003582453077224809,False,,2,0.9999999999999849,4.852143958142762e-13,0,2016-07-04,holiday,0,True,1.0,traffic,0.001
397,0,0,0.05262952291274126,False,,2,1.0,1.088632778432806e-36,1,2016-07-05,working,1,True,1.0,traffic,0.001
398,0,0,0.1806902877612644,False,,2,1.0,3.499298681089019e-46,1,2016-07-06,working,1,True,1.0,traffic,0.001
399,0,0,0.5294853041438217,False,,2,1.0,1.2573935331068969e-44,1,2016-07-07,working,1,True,1.0,traffic,0.001
400,0,0,0.6694416126434495,False,,2,1.0,7.216555786364928e-41,1,2016-07-08,working,1,True,1.0,traffic,0.001
401,-1,0,7.771833648542835e-133,True,,2,1.0,-0.0,0,2016-07-09,weekend,-1,False,0.9666666666666667,traffic,0.001
402,1,1,0.05555751495360924,False,,2,0.9999999921433079,1.544774943146866e-07,0,2016-07-10,weekend,0,True,0.9666666666666667,traffic,0.001
403,0,0,0.41927343478028667,False,,2,1.0,4.629569111382548e-54,1,2016-07-11,working,1,True,0.9666666666666667,traffic,0.001
404,0,0,0.5379168470802727,False,,2,1.0,4.715216187832367e-51,1,2016-07-14,working,1,True,0.9666666666666667,traffic,0.001
405,0,0,0.6867825989873748,False,,2,1.0,1.1876245419769312e-39,1,2016-07-15,working,1,True,0.9666666666666667,traffic,0.001
406,1,1,0.9574996682206408,False,,2,0.9999999999999911,3.1059263483772455e-13,0,2016-07-16,weekend,0,True,0.9666666666666667,traffic,0.001
407,1,1,0.9409652226200984,False,,2,1.0,1.5465848801344618e-17,0,2016-07-17,weekend,0,True,0.9666666666666667,traffic,0.001
408,0,0,0.44210840522432227,False,,2,1.0,2.1267396769137783e-46,1,2016-07-18,working,1,True,0.9666666666666667,traffic,0.001
409,0,0,0.382062286953863,False,,2,1.0,4.8433610480360696e-54,1,2016-07-19,working,1,True,0.9666666666666667,traffic,0.001
410,0,0,0.5874074211872169,False,,2,1.0,3.233136397303863e-53,1,2016-07-20,working,1,True,0.9666666666666667,traffic,0.001
411,0,0,0.6137174418164948,False,,2,1.0,1.53036157837261e-53,1,2016-07-21,working,1,True,0.9666666666666667,traffic,0.001
412,-1,0,7.600178619288016e-41,True,,2,1.0,2.3670707236636144e-233,1,2016-07-22,working,-1,False,0.9333333333333333,traffic,0.001
413,-1,0,1.5899717079384106e-207,True,,2,1.0,-0.0,0,2016-07-23,weekend,-1,False,0.9,traffic,0.001
414,-1,0,1.7511186116393565e-135,True,,2,1.0,-0.0,0,2016-07-24,weekend,-1,False,0.8666666666666667,traffic,0.001
415,0,0,0.01665030359681466,False,,2,1.0,7.172212843262563e-38,1,2016-07-25,working,1,True,0.8666666666666667,traffic,0.001
416,0,0,0.4283584317121206,False,,2,1.0,9.181940307744699e-56,1,2016-07-26,working,1,True,0.8666666666666667,traffic,0.001
417,0,0,0.6225300170028922,False,,2,1.0,2.5460156084768318e-57,1,2016-07-27,working,1,True,0.8666666666666667,traffic,0.001
418,0,0,0.4172482740636794,False,,2,1.0,8.349457005257777e-52,1,2016-07-28,working,1,True,0.8666666666666667,traffic,0.001
419,0,0,0.06664103871546395,False,,2,1.0,3.5744414085885024e-42,1,2016-07-29,working,1,True,0.8666666666666667,traffic,0.001
420,-1,0,4.5891921063830964e-05,True,,2,0.99973427072749,0.002453451710753294,0,2016-07-30,weekend,-1,False,0.8333333333333334,traffic,0.001
421,-1,1,3.9195427041021426e-11,True,,2,0.9265658211772787,0.2624328571109274,0,2016-07-31,weekend,-1,False,0.8,traffic,0.001
422,0,0,0.5005940750727469,False,,2,1.0,4.104310875872136e-47,1,2016-08-01,working,1,True,0.8,traffic,0.001
423,0,0,0.6771769887681772,False,,2,1.0,1.6278866578813827e-46,1,2016-08-02,working,1,True,0.8,traffic,0.001
424,0,0,0.5512622636173385,False,,2,1.0,5.273256887862425e-47,1,2016-08-03,working,1,True,0.8,traffic,0.001
425,0,0,0.849077415589268,False,,2,1.0,7.744634293787505e-36,1,2016-08-04,working,1,True,0.8,traffic,0.001
426,0,0,0.5575429787848225,False,,2,1.0,4.048257136896343e-28,1,2016-08-05,working,1,True,0.8,traffic,0.001
427,1,1,0.19368083261105715,False,,2,0.9999999998182805,4.2574288050598935e-09,0,2016-08-06,weekend,0,True,0.8,traffic,0.001
428,1,1,0.9928102499629432,False,,2,1.0,4.280189910801693e-17,0,2016-08-07,weekend,0,True,0.8,traffic,0.001
429,0,0,0.46932389620995085,False,,2,1.0,5.86936862586571e-42,1,2016-08-08,working,1,True,0.8,traffic,0.001
430,0,0,0.38389005575895024,False,,2,1.0,2.806234320238604e-41,1,2016-08-09,working,1,True,0.8,traffic,0.001
431,0,0,0.4460408293462266,False,,2,1.0,1.0806631998302693e-46,1,2016-08-10,working,1,True,0.8333333333333334,traffic,0.001
432,0,0,0.7978871424207408,False,,2,1.0,6.022448590492485e-37,1,2016-08-11,working,1,True,0.8333333333333334,traffic,0.001
433,0,0,0.6240606745785371,False,,2,1.0,8.321814871873801e-39,1,2016-08-12,working,1,True,0.8333333333333334,traffic,0.001
434,1,1,0.10356449282980551,False,,2,1.0,8.950566985706715e-18,0,2016-08-13,weekend,0,True,0.8333333333333334,traffic,0.001
435,1,1,0.2504038125812678,False,,2,1.0,5.629648255479623e-18,0,2016-08-14,weekend,0,True,0.8333333333333334,traffic,0.001
436,0,0,0.4751444812976723,False,,2,1.0,1.3080820483729058e-54,1,2016-08-15,working,1,True,0.8333333333333334,traffic,0.001
437,0,0,0.5044594709516101,False,,2,1.0,8.385800871067698e-55,1,2016-08-16,working,1,True,0.8333333333333334,traffic,0.001
438,0,0,0.6347114380487184,False,,2,1.0,1.7531686083372676e-45,1,2016-08-17,working,1,True,0.8333333333333334,traffic,0.001
439,0,0,0.7036024101944841,False,,2,1.0,1.2501592750113826e-50,1,2016-08-18,working,1,True,0.8333333333333334,traffic,0.001
440,0,0,0.7882701948521941,False,,2,1.0,2.2300086486886426e-28,1,2016-08-19,working,1,True,0.8333333333333334,traffic,0.001
441,1,1,0.9032090756415319,False,,2,0.9999999999999645,1.1433588630642245e-12,0,2016-08-20,weekend,0,True,0.8333333333333334,traffic,0.001
442,1,1,0.801882427893137,False,,2,1.0,5.28746790867996e-16,0,2016-08-21,weekend,0,True,0.8666666666666667,traffic,0.001
443,0,0,0.7103520603733886,False,,2,1.0,1.4962495710076653e-47,1,2016-08-22,working,1,True,0.9,traffic,0.001
444,0,0,0.6406819981317775,False,,2,1.0,8.805830879667102e-51,1,2016-08-23,working,1,True,0.9333333333333333,traffic,0.001
445,0,0,0.7884731200752516,False,,2,1.0,4.571110807646164e-50,0,2016-08-25,holiday,1,False,0.9,traffic,0.001
446,0,0,0.8209014568358728,False,,2,1.0,2.7961245706378597e-40,1,2016-08-26,working,1,True,0.9,traffic,0.001
447,1,1,0.849181938930886,False,,2,0.9999999999997247,8.233535716071547e-12,0,2016-08-27,weekend,0,True,0.9,traffic,0.001
448,1,1,0.7200434831735527,False,,2,0.9999999999999982,7.184330868838163e-14,0,2016-08-28,weekend,0,True,0.9,traffic,0.001
449,0,0,0.39811617834731877,False,,2,1.0,9.099804635235933e-55,1,2016-08-29,working,1,True,0.9,traffic,0.001
450,0,0,0.540755977143039,False,,2,1.0,4.5178987252218586e-60,1,2016-08-30,working,1,True,0.9333333333333333,traffic,0.001
451,-1,0,8.611716284308536e-28,True,,2,1.0,2.5611398527648804e-196,1,2016-08-31,working,-1,False,0.9333333333333333,traffic,0.001
452,0,0,0.7636078653954206,False,,2,1.0,3.2273875798575e-39,1,2016-09-02,working,1,True,0.9333333333333333,traffic,0.001
453,1,1,0.14751708551984444,False,,2,0.9999999994304687,1.2692694675605747e-08,0,2016-09-03,weekend,0,True,0.9333333333333333,traffic,0.001
454,1,1,0.2642190317633062,False,,2,0.9999999995552433,1.0021919497139046e-08,0,2016-09-04,weekend,0,True,0.9333333333333333,traffic,0.001
455,1,1,0.35058685313992677,False,,2,0.9999999999471862,1.3026184340711663e-09,0,2016-09-05,holiday,0,True,0.9333333333333333,traffic,0.001
456,0,0,0.47514670956178506,False,,2,1.0,5.1115791352192074e-64,1,2016-09-06,working,1,True,0.9333333333333333,traffic,0.001
457,-1,0,6.621301067460671e-54,True,,2,1.0,2.37409077499661e-296,1,2016-09-07,working,-1,False,0.9,traffic,0.001
458,-1,0,1.0672703139934674e-120,True,,2,1.0,-0.0,1,2016-09-08,working,-1,False,0.8666666666666667,traffic,0.001
459,0,0,0.4244319795670818,False,,2,1.0,2.700024477018289e-45,1,2016-09-09,working,1,True,0.8666666666666667,traffic,0.001
460,1,1,0.07505539146350644,False,,2,0.9999992048461607,1.1962874689042464e-05,0,2016-09-10,weekend,0,True,0.8666666666666667,traffic,0.001
461,1,1,0.00928905311809967,False,,2,0.9999999999181695,1.982452191242798e-09,0,2016-09-11,weekend,0,True,0.8666666666666667,traffic,0.001
462,0,0,0.29653366124627695,False,,2,1.0,1.7706474565137104e-65,1,2016-09-12,working,1,True,0.8666666666666667,traffic,0.001
463,0,0,0.4209294390805529,False,,2,1.0,2.071104974256824e-62,1,2016-09-13,working,1,True,0.8666666666666667,traffic,0.001
464,0,0,0.4624772538318179,False,,2,1.0,2.852494226998215e-60,1,2016-09-14,working,1,True,0.8666666666666667,traffic,0.001
465,0,0,0.632471905103984,False,,2,1.0,3.948849246959436e-56,1,2016-09-15,working,1,True,0.8666666666666667,traffic,0.001
466,0,0,0.58133295866393,False,,2,1.0,1.0542537363492325e-51,1,2016-09-16,working,1,True,0.8666666666666667,traffic,0.001
467,1,1,0.10148933011952307,False,,2,0.9999999979893455,4.227362060937204e-08,0,2016-09-17,weekend,0,True,0.8666666666666667,traffic,0.001
468,0,0,0.3484228221013681,False,,2,1.0,1.1174210181390804e-52,1,2016-09-19,working,1,True,0.8666666666666667,traffic,0.001
469,0,0,0.2216139520348913,False,,2,1.0,1.6528586330488276e-70,1,2016-09-22,working,1,True,0.8666666666666667,traffic,0.001
470,0,0,0.5168234561727372,False,,2,1.0,7.776045117337274e-48,1,2016-09-23,working,1,True,0.8666666666666667,traffic,0.001
471,1,1,0.11898290063695105,False,,2,0.9999996976372125,4.841323531142533e-06,0,2016-09-24,weekend,0,True,0.8666666666666667,traffic,0.001
472,0,0,0.45419444556930894,False,,2,1.0,2.4207386241868503e-59,1,2016-09-26,working,1,True,0.8666666666666667,traffic,0.001
473,0,0,0.21166903481218288,False,,2,1.0,2.0886733560756494e-69,1,2016-09-28,working,1,True,0.8666666666666667,traffic,0.001
474,0,0,0.5025422248906697,False,,2,1.0,2.903107214400919e-62,1,2016-09-29,working,1,True,0.8666666666666667,traffic,0.001
475,0,0,0.5720474925248784,False,,2,1.0,2.7908405435976516e-45,1,2016-09-30,working,1,True,0.9,traffic,0.001
476,1,1,0.13979492530178986,False,,2,0.9999998847473976,1.9565442562861907e-06,0,2016-10-01,weekend,0,True,0.9,traffic,0.001
477,1,1,0.5293517992855916,False,,2,0.9999999999999991,2.477921402841263e-14,0,2016-10-02,weekend,0,True,0.9,traffic,0.001
478,0,0,0.29124736248951894,False,,2,1.0,9.018003022467096e-58,1,2016-10-03,working,1,True,0.9,traffic,0.001
479,0,0,0.36685155487145144,False,,2,1.0,1.294179631436135e-48,1,2016-10-04,working,1,True,0.9,traffic,0.001
480,0,0,0.31009197893857826,False,,2,1.0,1.3877903089396537e-56,1,2016-10-05,working,1,True,0.9,traffic,0.001
481,0,0,0.43052158280352015,False,,2,1.0,1.0725524321731545e-52,1,2016-10-06,working,1,True,0.9333333333333333,traffic,0.001
482,0,0,0.059079777474226845,False,,2,1.0,3.1309035031347534e-45,1,2016-10-11,working,1,True,0.9333333333333333,traffic,0.001
483,0,0,0.2576978317772479,False,,2,1.0,1.7097699666688925e-67,1,2016-10-12,working,1,True,0.9333333333333333,traffic,0.001
484,0,0,0.34732777187988473,False,,2,1.0,1.1471210292990848e-55,1,2016-10-13,working,1,True,0.9333333333333333,traffic,0.001
485,0,0,0.2120299721710282,False,,2,1.0,1.0578900174406905e-57,1,2016-10-17,working,1,True,0.9333333333333333,traffic,0.001
486,0,0,0.5700600549409007,False,,2,1.0,7.898121746966942e-51,1,2016-10-18,working,1,True,0.9333333333333333,traffic,0.001
487,1,1,0.6555189944550286,False,,2,0.999999999999857,4.363666666975337e-12,0,2016-10-23,weekend,0,True,0.9666666666666667,traffic,0.001
488,0,0,0.362046579924352,False,,2,1.0,3.381476231172439e-58,1,2016-10-24,working,1,True,1.0,traffic,0.001
489,0,0,0.2752336749865297,False,,2,1.0,1.2129984624487116e-64,1,2016-10-25,working,1,True,1.0,traffic,0.001
490,0,0,0.2027893962677779,False,,2,1.0,1.6638490927215332e-59,1,2016-10-26,working,1,True,1.0,traffic,0.001
491,0,0,0.3350544826788189,False,,2,1.0,2.5065914444793876e-53,1,2016-10-27,working,1,True,1.0,traffic,0.001
492,0,0,0.5558722783370238,False,,2,1.0,3.5737801470939255e-41,1,2016-10-28,working,1,True,1.0,traffic,0.001
493,1,1,0.058832027510307465,False,,2,0.9999998500109465,2.5067225719049165e-06,0,2016-10-29,weekend,0,True,1.0,traffic,0.001
494,1,1,0.9368878852710815,False,,2,1.0,1.2110134228684189e-15,0,2016-10-30,weekend,0,True,1.0,traffic,0.001
495,0,0,0.2831634761602612,False,,2,1.0,1.0257021104345095e-62,1,2016-10-31,working,1,True,1.0,traffic,0.001
496,0,0,0.3306023981139277,False,,2,1.0,1.468363762792722e-53,1,2016-11-01,working,1,True,1.0,traffic,0.001
497,0,0,0.45121245846078006,False,,2,1.0,4.529020366684948e-57,1,2016-11-02,working,1,True,1.0,traffic,0.001
498,0,0,0.46377483181580814,False,,2,1.0,1.981119071570408e-41,1,2016-11-03,working,1,True,1.0,traffic,0.001
499,0,0,0.5887019075362807,False,,2,1.0,3.675057045774349e-44,1,2016-11-04,working,1,True,1.0,traffic,0.001
500,1,1,0.8688934930724056,False,,2,0.9999999999999165,2.5962289318038872e-12,0,2016-11-05,weekend,0,True,1.0,traffic,0.001
501,1,1,0.006663297556699168,False,,2,0.9999999966961566,6.78218895593036e-08,0,2016-11-06,weekend,0,True,1.0,traffic,0.001
502,0,0,0.15398125605821153,False,,2,1.0,5.111601226191291e-72,1,2016-11-07,working,1,True,1.0,traffic,0.001
503,0,0,0.29081572031876146,False,,2,1.0,4.437430734109556e-67,1,2016-11-08,working,1,True,1.0,traffic,0.001
504,0,0,0.4943089164863109,False,,2,1.0,5.364106568283596e-54,1,2016-11-09,working,1,True,1.0,traffic,0.001
505,0,0,0.5825015937017988,False,,2,1.0,2.1726667489241264e-48,1,2016-11-10,working,1,True,1.0,traffic,0.001
506,0,0,0.6521189316048734,False,,2,1.0,1.1867836798001633e-47,0,2016-11-11,holiday,1,False,0.9666666666666667,traffic,0.001
507,1,1,0.5460418546812078,False,,2,0.9999999996065023,8.91506284363179e-09,0,2016-11-12,weekend,0,True,0.9666666666666667,traffic,0.001
508,1,1,0.7169859297218996,False,,2,0.9999999999962927,1.012800036362569e-10,0,2016-11-13,weekend,0,True,0.9666666666666667,traffic,0.001
509,0,0,0.3009995025724976,False,,2,1.0,1.3703645621176898e-62,1,2016-11-14,working,1,True,0.9666666666666667,traffic,0.001
510,0,0,0.3453034540130433,False,,2,1.0,2.3409254604010256e-58,1,2016-11-15,working,1,True,0.9666666666666667,traffic,0.001
511,0,0,0.5265562691199839,False,,2,1.0,1.1038243165468375e-58,1,2016-11-16,working,1,True,0.9666666666666667,traffic,0.001
512,0,0,0.386404942859987,False,,2,1.0,7.854642883566182e-57,1,2016-11-17,working,1,True,0.9666666666666667,traffic,0.001
513,0,0,0.6190507719346434,False,,2,1.0,1.171723451485563e-47,1,2016-11-18,working,1,True,0.9666666666666667,traffic,0.001
514,1,1,0.0223952922576486,False,,2,0.9999655468564821,0.0003884899628963884,0,2016-11-19,weekend,0,True,0.9666666666666667,traffic,0.001
515,1,1,0.022851848656923794,False,,2,0.9998442693081097,0.001521069088807818,0,2016-11-20,weekend,0,True,0.9666666666666667,traffic,0.001
516,0,0,0.2729107919411088,False,,2,1.0,2.54182004575846e-60,1,2016-11-21,working,1,True,0.9666666666666667,traffic,0.001
517,0,0,0.4240092550349623,False,,2,1.0,6.105996563141258e-64,1,2016-11-22,working,1,True,0.9666666666666667,traffic,0.001
518,0,0,0.8246349183490326,False,,2,1.0,2.4062285982478583e-46,1,2016-11-23,working,1,True,0.9666666666666667,traffic,0.001
519,1,1,0.7980725044810444,False,,2,0.9999999999994422,1.6299058403909757e-11,1,2016-11-25,working,0,False,0.9333333333333333,traffic,0.001
520,1,1,0.9659074296086065,False,,2,0.9999999999999964,1.4588008951867757e-13,0,2016-11-26,weekend,0,True,0.9333333333333333,traffic,0.001
521,1,1,0.4002347636529583,False,,2,0.9999999999998597,4.300783409536893e-12,0,2016-11-27,weekend,0,True,0.9333333333333333,traffic,0.001
522,0,0,0.2258464875942686,False,,2,1.0,6.782672876512114e-67,1,2016-11-28,working,1,True,0.9333333333333333,traffic,0.001
523,0,0,0.32483557179312206,False,,2,1.0,8.862461011769112e-66,1,2016-11-29,working,1,True,0.9333333333333333,traffic,0.001
524,0,0,0.49433810827941327,False,,2,1.0,7.099748077080513e-58,1,2016-11-30,working,1,True,0.9333333333333333,traffic,0.001
525,0,0,0.4251385017090284,False,,2,1.0,2.5184367477552866e-57,1,2016-12-01,working,1,True,0.9333333333333333,traffic,0.001
526,1,1,0.8489577910961154,False,,2,0.9999999999993303,1.9451733634248574e-11,0,2016-12-03,weekend,0,True,0.9333333333333333,traffic,0.001
527,0,0,0.850899212995246,False,,2,1.0,3.741949198940383e-46,1,2016-12-08,working,1,True,0.9333333333333333,traffic,0.001
528,0,0,0.4375973311125996,False,,2,1.0,4.6723419597117534e-42,1,2016-12-09,working,1,True,0.9333333333333333,traffic,0.001
529,1,1,0.4345440857058603,False,,2,0.9999999999896421,2.723403758572684e-10,0,2016-12-10,weekend,0,True,0.9333333333333333,traffic,0.001
530,1,1,0.6797687320783826,False,,2,1.0,6.391325367481662e-16,0,2016-12-11,weekend,0,True,0.9333333333333333,traffic,0.001
531,0,0,0.8374716639572541,False,,2,1.0,1.439133670723654e-42,1,2016-12-12,working,1,True,0.9333333333333333,traffic,0.001
532,0,0,0.6463734248371964,False,,2,1.0,6.26994563765822e-46,1,2016-12-13,working,1,True,0.9333333333333333,traffic,0.001
533,0,0,0.845895084119899,False,,2,1.0,1.0067906054838411e-51,1,2016-12-14,working,1,True,0.9333333333333333,traffic,0.001
534,0,0,0.6410186150541857,False,,2,1.0,2.6476985964012036e-51,1,2016-12-15,working,1,True,0.9333333333333333,traffic,0.001
535,1,1,0.10639991248278546,False,,2,0.9999999996044351,8.959825790109245e-09,0,2016-12-17,weekend,0,True,0.9333333333333333,traffic,0.001
536,0,0,0.6132509981376677,False,,2,1.0,1.3537039064110748e-59,1,2016-12-19,working,1,True,0.9666666666666667,traffic,0.001
537,0,0,0.7973798637724765,False,,2,1.0,7.253872070268873e-46,1,2016-12-20,working,1,True,0.9666666666666667,traffic,0.001
538,0,0,0.8610472198840794,False,,2,1.0,8.35102934503308e-43,1,2016-12-21,working,1,True,0.9666666666666667,traffic,0.001
539,0,0,0.8032918524376516,False,,2,1.0,7.049961368746654e-40,1,2016-12-22,working,1,True,0.9666666666666667,traffic,0.001
540,0,0,0.8323443031860913,False,,2,1.0,1.5842469225390087e-17,1,2016-12-23,working,1,True,0.9666666666666667,traffic,0.001
541,1,1,0.8236320542419108,False,,2,0.9999999999999964,1.0560293084583649e-13,0,2016-12-24,weekend,0,True,0.9666666666666667,traffic,0.001
542,-1,1,0.00023258862742002017,True,,2,1.0,3.802130921717826e-16,0,2016-12-25,weekend,-1,False,0.9333333333333333,traffic,0.001
543,0,0,0.2711634910739904,False,,2,0.9999992982421066,1.0645440592627583e-05,0,2016-12-26,holiday,1,False,0.9,traffic,0.001
544,0,0,0.5916990855445079,False,,2,1.0,7.442441634516529e-36,1,2016-12-27,working,1,True,0.9,traffic,0.001
545,0,0,0.9563887928532386,False,,2,1.0,2.1364844274777026e-33,1,2016-12-28,working,1,True,0.9,traffic,0.001
546,0,0,0.687769088597247,False,,2,1.0,3.728447704048044e-27,1,2016-12-29,working,1,True,0.9,traffic,0.001
547,0,0,0.7903421564991183,False,,2,1.0,4.5177072653377694e-17,1,2016-12-30,working,1,True,0.9,traffic,0.001
548,1,1,0.003871250818667084,False,,2,0.9999999999999529,1.4815419156510774e-12,0,2016-12-31,weekend,0,True,0.9,traffic,0.001
549,-1,1,4.0403566413604764e-11,True,,2,0.9999998277985191,2.854170749985538e-06,0,2017-01-01,weekend,-1,False,0.9,traffic,0.001
550,0,0,0.509250193187607,False,,2,0.7510034051221953,0.5612301041625276,0,2017-01-02,holiday,1,False,0.8666666666666667,traffic,0.001
551,0,0,0.47922587804752037,False,,2,1.0,1.5634712856081866e-48,1,2017-01-03,working,1,True,0.8666666666666667,traffic,0.001
552,0,0,0.4086790606009063,False,,2,1.0,5.830863638057497e-57,1,2017-01-04,working,1,True,0.8666666666666667,traffic,0.001
553,0,0,0.7147892058408472,False,,2,1.0,1.5342519623253195e-48,1,2017-01-05,working,1,True,0.8666666666666667,traffic,0.001
554,0,0,0.701689810340866,False,,2,1.0,8.373606161779417e-41,1,2017-01-06,working,1,True,0.8666666666666667,traffic,0.001
555,1,1,0.7127186630645612,False,,2,0.9999999994055049,1.3223543408851162e-08,0,2017-01-07,weekend,0,True,0.8666666666666667,traffic,0.001
556,1,1,0.36467592123930653,False,,2,0.9999999996980531,6.920855682523617e-09,0,2017-01-08,weekend,0,True,0.8666666666666667,traffic,0.001
557,0,0,0.3943757199658377,False,,2,1.0,2.800867267640722e-51,1,2017-01-09,working,1,True,0.8666666666666667,traffic,0.001
558,0,0,0.5850398363161275,False,,2,1.0,1.1718417909959029e-47,1,2017-01-10,working,1,True,0.8666666666666667,traffic,0.001
559,0,0,0.6456858687329614,False,,2,1.0,6.419837122516314e-47,1,2017-01-11,working,1,True,0.8666666666666667,traffic,0.001
560,0,0,0.47952203316501163,False,,2,1.0,8.36527513804047e-49,1,2017-01-12,working,1,True,0.8666666666666667,traffic,0.001
561,0,0,0.5154132460316581,False,,2,1.0,1.940390366430092e-46,1,2017-01-13,working,1,True,0.8666666666666667,traffic,0.001
562,1,1,0.9937584068021431,False,,2,0.9999999999999982,5.6497530399600674e-14,0,2017-01-14,weekend,0,True,0.8666666666666667,traffic,0.001
563,1,1,0.5341546551265115,False,,2,0.9999999999999982,6.111026396875593e-14,0,2017-01-15,weekend,0,True,0.8666666666666667,traffic,0.001
564,0,0,0.6604658886366013,False,,2,1.0,2.360986519786447e-44,0,2017-01-16,holiday,1,False,0.8333333333333334,traffic,0.001
565,0,0,0.3587209521034301,False,,2,1.0,4.657063579621758e-58,1,2017-01-17,working,1,True,0.8333333333333334,traffic,0.001
566,0,0,0.7637894528212594,False,,2,1.0,3.6927198137611835e-45,1,2017-01-18,working,1,True,0.8333333333333334,traffic,0.001
567,0,0,0.7624780594824347,False,,2,1.0,2.799717290055628e-38,1,2017-01-19,working,1,True,0.8333333333333334,traffic,0.001
568,0,0,0.6500150880278859,False,,2,1.0,6.331180644970838e-44,1,2017-01-20,working,1,True,0.8333333333333334,traffic,0.001
569,1,1,0.09361052039663685,False,,2,0.9999999999364019,1.556781100058564e-09,0,2017-01-21,weekend,0,True,0.8333333333333334,traffic,0.001
570,1,1,0.8359102314789622,False,,2,0.9999999999995719,1.2596795945313756e-11,0,2017-01-22,weekend,0,True,0.8333333333333334,traffic,0.001
571,0,0,0.3892772568273214,False,,2,1.0,2.6798843497679025e-59,1,2017-01-23,working,1,True,0.8333333333333334,traffic,0.001
572,0,0,0.3698967866076079,False,,2,1.0,1.254966998811322e-59,1,2017-01-24,working,1,True,0.8666666666666667,traffic,0.001
573,0,0,0.5809240983806081,False,,2,1.0,1.2425881286486169e-43,1,2017-01-25,working,1,True,0.9,traffic,0.001
574,0,0,0.37104288187592355,False,,2,1.0,6.0040422089719625e-53,1,2017-01-26,working,1,True,0.9,traffic,0.001
575,0,0,0.6638853582893234,False,,2,1.0,2.0979618193433552e-40,1,2017-01-27,working,1,True,0.9,traffic,0.001
576,1,1,0.7335775569640325,False,,2,0.9999999999828555,4.421358419374786e-10,0,2017-01-28,weekend,0,True,0.9,traffic,0.001
577,1,1,0.19378632852619407,False,,2,0.9999999999999778,7.253364541774482e-13,0,2017-01-29,weekend,0,True,0.9,traffic,0.001
578,0,0,0.2322666825798657,False,,2,1.0,3.485526904940683e-60,1,2017-01-30,working,1,True,0.9,traffic,0.001
579,0,0,0.3240654079390666,False,,2,1.0,4.388481792062058e-60,1,2017-01-31,working,1,True,0.9333333333333333,traffic,0.001
580,0,0,0.41105749672182174,False,,2,1.0,2.7064986590108223e-55,1,2017-02-01,working,1,True,0.9666666666666667,traffic,0.001
581,0,0,0.47551246853675744,False,,2,1.0,2.4450073782715436e-56,1,2017-02-02,working,1,True,0.9666666666666667,traffic,0.001
582,0,0,0.5891545237881253,False,,2,1.0,3.282091342179734e-35,1,2017-02-03,working,1,True,0.9666666666666667,traffic,0.001
583,1,1,0.208649019143168,False,,2,1.0,2.7119079140985722e-17,0,2017-02-04,weekend,0,True,0.9666666666666667,traffic,0.001
584,1,1,0.002608848910365302,False,,2,0.9999999999998055,5.878834556384051e-12,0,2017-02-05,weekend,0,True,0.9666666666666667,traffic,0.001
585,0,0,0.25379071892900507,False,,2,1.0,7.776916650679025e-62,1,2017-02-06,working,1,True,0.9666666666666667,traffic,0.001
586,0,0,0.3220017249783791,False,,2,1.0,4.456942953018016e-59,1,2017-02-07,working,1,True,0.9666666666666667,traffic,0.001
587,0,0,0.3400072372739007,False,,2,1.0,3.1693343729447396e-43,1,2017-02-08,working,1,True,0.9666666666666667,traffic,0.001
588,0,0,0.5128861913373133,False,,2,1.0,7.9935765088133e-53,1,2017-02-09,working,1,True,0.9666666666666667,traffic,0.001
589,0,0,0.4437071040166207,False,,2,1.0,2.2964298675182367e-52,1,2017-02-10,working,1,True,0.9666666666666667,traffic,0.001
590,1,1,0.3753481248272042,False,,2,1.0,1.0764188213265325e-14,0,2017-02-11,weekend,0,True,0.9666666666666667,traffic,0.001
591,1,1,0.20207706294134797,False,,2,0.9999999999999991,3.154475571825883e-14,0,2017-02-12,weekend,0,True,0.9666666666666667,traffic,0.001
592,0,0,0.39938283851456213,False,,2,1.0,8.053995989760039e-54,1,2017-02-15,working,1,True,0.9666666666666667,traffic,0.001
593,0,0,0.6275644173051884,False,,2,1.0,4.3741797339153033e-42,1,2017-02-16,working,1,True,0.9666666666666667,traffic,0.001
594,0,0,0.6534154793000395,False,,2,1.0,1.1665386868137153e-41,1,2017-02-17,working,1,True,1.0,traffic,0.001
595,1,1,0.306870272331338,False,,2,0.9999999999989289,3.0590672709601924e-11,0,2017-02-18,weekend,0,True,1.0,traffic,0.001
596,1,1,0.38891886550250293,False,,2,0.9999999999999964,1.3000012281256873e-13,0,2017-02-19,weekend,0,True,1.0,traffic,0.001
597,0,0,0.648744874402853,False,,2,1.0,1.9801825888430036e-42,0,2017-02-20,holiday,1,False,0.9666666666666667,traffic,0.001
598,0,0,0.6485230909982085,False,,2,1.0,1.1463297375541526e-46,1,2017-02-22,working,1,True,0.9666666666666667,traffic,0.001
599,0,0,0.7205734855485242,False,,2,1.0,5.397541821861406e-54,1,2017-02-23,working,1,True,0.9666666666666667,traffic,0.001
600,0,0,0.5264774521012925,False,,2,1.0,5.256339260321598e-41,1,2017-02-24,working,1,True,0.9666666666666667,traffic,0.001
601,1,1,0.6155285083994371,False,,2,0.9999999910313351,1.7515380700190545e-07,0,2017-02-25,weekend,0,True,0.9666666666666667,traffic,0.001
602,1,1,0.144949968986881,False,,2,0.9999998958143815,1.7791873595973065e-06,0,2017-02-26,weekend,0,True,0.9666666666666667,traffic,0.001
603,0,0,0.19544561803029342,False,,2,1.0,4.0602333654728185e-56,1,2017-02-27,working,1,True,0.9666666666666667,traffic,0.001
604,0,0,0.4882340593016228,False,,2,1.0,2.916503250234398e-51,1,2017-02-28,working,1,True,0.9666666666666667,traffic,0.001
605,0,0,0.9369417997494113,False,,2,1.0,2.927241849186652e-33,1,2017-03-01,working,1,True,0.9666666666666667,traffic,0.001
606,0,0,0.4213049710335106,False,,2,1.0,1.9895437620703963e-54,1,2017-03-02,working,1,True,0.9666666666666667,traffic,0.001
607,0,0,0.6469825004170751,False,,2,1.0,1.9197807896008013e-40,1,2017-03-03,working,1,True,0.9666666666666667,traffic,0.001
608,1,1,0.8469936747230352,False,,2,0.9999999999999787,6.803112797607336e-13,0,2017-03-04,weekend,0,True,0.9666666666666667,traffic,0.001
609,1,1,0.626954263764308,False,,2,0.9999999999999964,1.151928550484649e-13,0,2017-03-05,weekend,0,True,0.9666666666666667,traffic,0.001
610,0,0,0.3794924805007845,False,,2,1.0,1.2071875100086649e-56,1,2017-03-06,working,1,True,0.9666666666666667,traffic,0.001
611,0,0,0.261368061673079,False,,2,1.0,2.5345126999557e-58,1,2017-03-07,working,1,True,0.9666666666666667,traffic,0.001
612,0,0,0.3559675482490239,False,,2,1.0,1.3322733644367878e-51,1,2017-03-08,working,1,True,0.9666666666666667,traffic,0.001
613,0,0,0.19873155427492295,False,,2,1.0,8.457209117283556e-54,1,2017-03-09,working,1,True,0.9666666666666667,traffic,0.001
614,0,0,0.3587007798877608,False,,2,1.0,6.206173782327793e-39,1,2017-03-10,working,1,True,0.9666666666666667,traffic,0.001
615,1,1,0.6039197407798564,False,,2,0.9999999999999991,2.4463203980541024e-14,0,2017-03-11,weekend,0,True,0.9666666666666667,traffic,0.001
616,0,0,0.3816893464193582,False,,2,1.0,1.9839503028961854e-55,1,2017-03-14,working,1,True,0.9666666666666667,traffic,0.001
617,0,0,0.7061248968457279,False,,2,1.0,8.746468720512285e-36,1,2017-03-16,working,1,True,0.9666666666666667,traffic,0.001
618,0,0,0.48888512951521923,False,,2,1.0,1.749014577014091e-34,1,2017-03-17,working,1,True,0.9666666666666667,traffic,0.001
619,1,1,0.8221681661678694,False,,2,0.9999999999999982,5.668594359030392e-14,0,2017-03-18,weekend,0,True,0.9666666666666667,traffic,0.001
620,1,1,0.1809465309661119,False,,2,0.9999999999999996,1.1238158424936988e-14,0,2017-03-19,weekend,0,True,0.9666666666666667,traffic,0.001
621,0,0,0.2877211873188729,False,,2,1.0,3.531198646038451e-57,1,2017-03-20,working,1,True,0.9666666666666667,traffic,0.001
622,0,0,0.477978216921393,False,,2,1.0,2.5610301833009897e-52,1,2017-03-22,working,1,True,0.9666666666666667,traffic,0.001
623,0,0,0.40512716275240035,False,,2,1.0,1.8714853560166974e-52,1,2017-03-23,working,1,True,0.9666666666666667,traffic,0.001
624,0,0,0.7003833945946227,False,,2,1.0,1.3216399126014858e-38,1,2017-03-24,working,1,True,0.9666666666666667,traffic,0.001
625,1,1,0.3198086100752815,False,,2,0.9999999999999969,1.0345930719867055e-13,0,2017-03-25,weekend,0,True,0.9666666666666667,traffic,0.001
626,1,1,0.5329196804788938,False,,2,1.0,2.8811836903516227e-15,0,2017-03-26,weekend,0,True,0.9666666666666667,traffic,0.001
627,0,0,0.20348321377238296,False,,2,1.0,2.3372560833340282e-51,1,2017-03-27,working,1,True,1.0,traffic,0.001
628,0,0,0.43440201693586156,False,,2,1.0,4.878294732953361e-47,1,2017-03-28,working,1,True,1.0,traffic,0.001
629,0,0,0.43748181013011156,False,,2,1.0,3.251332091633502e-52,1,2017-03-29,working,1,True,1.0,traffic,0.001
630,0,0,0.40824125635342257,False,,2,1.0,5.2259374797117657e-51,1,2017-03-30,working,1,True,1.0,traffic,0.001
631,0,0,0.6526148645496888,False,,2,1.0,7.947838171248385e-38,1,2017-03-31,working,1,True,1.0,traffic,0.001
632,1,1,0.6805163079826781,False,,2,0.9999999999999751,7.94812421020772e-13,0,2017-04-01,weekend,0,True,1.0,traffic,0.001
633,1,1,0.3943392629982479,False,,2,0.9999999999999645,1.136821748322522e-12,0,2017-04-02,weekend,0,True,1.0,traffic,0.001
634,0,0,0.3016949644115925,False,,2,1.0,1.467675447425589e-55,1,2017-04-03,working,1,True,1.0,traffic,0.001
635,0,0,0.36320306870931535,False,,2,1.0,5.7697848857854826e-55,1,2017-04-04,working,1,True,1.0,traffic,0.001
636,0,0,0.4817034767533639,False,,2,1.0,7.849521938212611e-50,1,2017-04-05,working,1,True,1.0,traffic,0.001
637,1,1,0.6537412583518178,False,,2,0.9999999999983098,4.7498875809183024e-11,0,2017-04-08,weekend,0,True,1.0,traffic,0.001
638,1,1,0.49059595132115974,False,,2,1.0,1.3821991258423784e-15,0,2017-04-09,weekend,0,True,1.0,traffic,0.001
639,0,0,0.25166853177083115,False,,2,1.0,2.1294325676434844e-53,1,2017-04-10,working,1,True,1.0,traffic,0.001
640,0,0,0.0891258277295652,False,,2,1.0,2.885376802356242e-40,1,2017-04-11,working,1,True,1.0,traffic,0.001
641,0,0,0.4173720615115457,False,,2,1.0,5.263132829002819e-55,1,2017-04-12,working,1,True,1.0,traffic,0.001
642,0,0,0.07265467451678592,False,,2,1.0,4.663428877415915e-30,1,2017-04-14,working,1,True,1.0,traffic,0.001
643,1,1,0.29265312444681163,False,,2,0.9999999999998539,4.458185895653775e-12,0,2017-04-15,weekend,0,True,1.0,traffic,0.001
644,1,1,0.4747067687629346,False,,2,1.0,1.4354524542142774e-15,0,2017-04-16,weekend,0,True,1.0,traffic,0.001
645,0,0,0.3978613553921982,False,,2,1.0,7.011455423589391e-56,1,2017-04-17,working,1,True,1.0,traffic,0.001
646,0,0,0.34516483880418664,False,,2,1.0,6.65817703140723e-55,1,2017-04-18,working,1,True,1.0,traffic,0.001
647,0,0,0.449047252177378,False,,2,1.0,2.302268726259795e-52,1,2017-04-19,working,1,True,1.0,traffic,0.001
648,0,0,0.46870573149137473,False,,2,1.0,1.749531649192429e-51,1,2017-04-20,working,1,True,1.0,traffic,0.001
649,0,0,0.2862495094410447,False,,2,1.0,1.7175332915411908e-38,1,2017-04-21,working,1,True,1.0,traffic,0.001
650,1,1,0.8088443194781548,False,,2,0.9999999999987264,3.6166620289919467e-11,0,2017-04-22,weekend,0,True,1.0,traffic,0.001
651,1,1,0.8047618236934776,False,,2,1.0,8.704941583654435e-15,0,2017-04-23,weekend,0,True,1.0,traffic,0.001
652,0,0,0.3432981076144936,False,,2,1.0,1.3269278816485833e-59,1,2017-04-24,working,1,True,1.0,traffic,0.001
653,0,0,0.3417422809149216,False,,2,1.0,2.62859975778588e-60,1,2017-04-25,working,1,True,1.0,traffic,0.001
654,0,0,0.599622013578974,False,,2,1.0,6.043412355753829e-52,1,2017-04-26,working,1,True,1.0,traffic,0.001
655,0,0,0.49804416436485466,False,,2,1.0,7.311361765637395e-51,1,2017-04-27,working,1,True,1.0,traffic,0.001
656,0,0,0.6942436798171203,False,,2,1.0,1.114596947992552e-35,1,2017-04-28,working,1,True,1.0,traffic,0.001
657,1,1,0.40342712386222973,False,,2,0.9999999999774829,5.745717186553428e-10,0,2017-04-29,weekend,0,True,1.0,traffic,0.001
658,1,1,0.466510241941288,False,,2,0.9999999999999956,1.4435859057433342e-13,0,2017-04-30,weekend,0,True,1.0,traffic,0.001
659,0,0,0.42402500544090865,False,,2,1.0,7.342287531378943e-57,1,2017-05-01,working,1,True,1.0,traffic,0.001
660,0,0,0.316435658173723,False,,2,1.0,1.4345610917905172e-58,1,2017-05-02,working,1,True,1.0,traffic,0.001
661,0,0,0.7085930266928964,False,,2,1.0,5.5543355074913376e-46,1,2017-05-03,working,1,True,1.0,traffic,0.001
662,0,0,0.6422519920123899,False,,2,1.0,1.2711729481900928e-51,1,2017-05-04,working,1,True,1.0,traffic,0.001
663,0,0,0.5478884707428429,False,,2,1.0,5.1920613187325954e-39,1,2017-05-05,working,1,True,1.0,traffic,0.001
664,1,1,0.5708906731837131,False,,2,0.9999999999996572,1.0173206481768256e-11,0,2017-05-06,weekend,0,True,1.0,traffic,0.001
665,1,1,0.3352498724196404,False,,2,0.9999999999999987,4.515025140972383e-14,0,2017-05-07,weekend,0,True,1.0,traffic,0.001
666,0,0,0.33664041607646517,False,,2,1.0,3.8332159971230565e-57,1,2017-05-08,working,1,True,1.0,traffic,0.001
667,0,0,0.29055644234093503,False,,2,1.0,4.603283942235757e-60,1,2017-05-09,working,1,True,1.0,traffic,0.001
668,0,0,0.43192202245777794,False,,2,1.0,6.013393051488859e-54,1,2017-05-10,working,1,True,1.0,traffic,0.001
669,0,0,0.26782479781029006,False,,2,1.0,1.1177135293494048e-45,1,2017-05-11,working,1,True,1.0,traffic,0.001
670,0,0,0.168958153546953,False,,2,1.0,1.2932286193064576e-26,1,2017-05-12,working,1,True,1.0,traffic,0.001
671,1,1,0.4020800434725292,False,,2,0.9999999999999973,9.2930284022009e-14,0,2017-05-13,weekend,0,True,1.0,traffic,0.001
672,1,1,0.880454113952688,False,,2,0.9999999999999982,7.386915869175247e-14,0,2017-05-14,weekend,0,True,1.0,traffic,0.001
673,0,0,0.4621778539976896,False,,2,1.0,1.4363144900739942e-53,1,2017-05-15,working,1,True,1.0,traffic,0.001
674,0,0,0.46575257551924554,False,,2,1.0,8.50616117873481e-51,1,2017-05-16,working,1,True,1.0,traffic,0.001
675,0,0,0.3755565844985784,False,,2,1.0,3.1282071444546862e-49,1,2017-05-17,working,1,True,1.0,traffic,0.001
676,0,0,0.46566017850062547,False,,2,1.0,2.16733370982533e-50,1,2017-05-18,working,1,True,1.0,traffic,0.001
677,0,0,0.4707287126567282,False,,2,1.0,5.680481653179967e-37,1,2017-05-19,working,1,True,1.0,traffic,0.001
678,1,1,0.7086956055332189,False,,2,0.9999999999984457,4.3813928553276427e-11,0,2017-05-20,weekend,0,True,1.0,traffic,0.001
679,1,1,0.8585729748024012,False,,2,0.9999999999999982,4.8052563348275463e-14,0,2017-05-21,weekend,0,True,1.0,traffic,0.001
680,0,0,0.580120777311095,False,,2,1.0,2.578235160899694e-51,1,2017-05-22,working,1,True,1.0,traffic,0.001
681,0,0,0.3493237898988902,False,,2,1.0,8.637338059704415e-50,1,2017-05-23,working,1,True,1.0,traffic,0.001
682,0,0,0.27468236106870386,False,,2,1.0,3.739231833579945e-49,1,2017-05-24,working,1,True,1.0,traffic,0.001
683,0,0,0.5416261422248565,False,,2,1.0,1.8424040969073254e-47,1,2017-05-25,working,1,True,1.0,traffic,0.001
684,0,0,0.6702278370879391,False,,2,1.0,2.884204533338438e-35,1,2017-05-26,working,1,True,1.0,traffic,0.001
685,1,1,0.9048638224504465,False,,2,1.0,3.3624916063414117e-16,0,2017-05-27,weekend,0,True,1.0,traffic,0.001
686,1,1,0.9246233095092258,False,,2,1.0,1.0660652014080627e-16,0,2017-05-28,weekend,0,True,1.0,traffic,0.001
687,1,1,0.7830332340292525,False,,2,1.0,9.861447089449741e-16,0,2017-05-29,holiday,0,True,1.0,traffic,0.001
688,0,0,0.33416840207958803,False,,2,1.0,1.5071054335679731e-56,1,2017-05-30,working,1,True,1.0,traffic,0.001
689,0,0,0.46736518626644075,False,,2,1.0,7.663036472837156e-53,1,2017-05-31,working,1,True,1.0,traffic,0.001
690,0,0,0.53019556012601,False,,2,1.0,1.779870097669656e-46,1,2017-06-01,working,1,True,1.0,traffic,0.001
691,0,0,0.5352007175632592,False,,2,1.0,2.509771124591257e-38,1,2017-06-02,working,1,True,1.0,traffic,0.001
692,1,1,0.8673314075663554,False,,2,0.9999999999999982,5.0228058733669174e-14,0,2017-06-03,weekend,0,True,1.0,traffic,0.001
693,1,1,0.07961706971918019,False,,2,1.0,8.449221891953214e-16,0,2017-06-04,weekend,0,True,1.0,traffic,0.001
694,0,0,0.621701840739415,False,,2,1.0,1.2859603692030768e-43,1,2017-06-05,working,1,True,1.0,traffic,0.001
695,0,0,0.44508400560694944,False,,2,1.0,2.877248445226055e-49,1,2017-06-06,working,1,True,1.0,traffic,0.001
696,0,0,0.5873790814408706,False,,2,1.0,2.2770261871682443e-45,1,2017-06-07,working,1,True,1.0,traffic,0.001
697,0,0,0.7771208368080378,False,,2,1.0,6.392883463656811e-39,1,2017-06-08,working,1,True,1.0,traffic,0.001
698,0,0,0.2745169249076452,False,,2,1.0,1.8093286398150554e-36,1,2017-06-09,working,1,True,1.0,traffic,0.001
699,1,1,0.5612600332450701,False,,2,0.9999999999999849,5.072646266297581e-13,0,2017-06-10,weekend,0,True,1.0,traffic,0.001
700,1,1,0.07825450860047804,False,,2,1.0,3.065575268269924e-16,0,2017-06-11,weekend,0,True,1.0,traffic,0.001
701,0,0,0.4852092973393859,False,,2,1.0,3.4194476658781883e-50,1,2017-06-12,working,1,True,1.0,traffic,0.001
702,0,0,0.33901276739094305,False,,2,1.0,3.913794248645256e-48,1,2017-06-13,working,1,True,1.0,traffic,0.001
703,0,0,0.42038138804466235,False,,2,1.0,1.6106399520702294e-43,1,2017-06-14,working,1,True,1.0,traffic,0.001
704,0,0,0.47114475131563105,False,,2,1.0,1.2012867911813146e-38,1,2017-06-15,working,1,True,1.0,traffic,0.001
705,0,0,0.21183018761107905,False,,2,1.0,2.525621531285361e-50,1,2017-06-16,working,1,True,1.0,traffic,0.001
706,0,0,0.6953243467027104,False,,2,0.9999999999945395,1.470677364151397e-10,0,2017-06-17,weekend,1,False,0.9666666666666667,traffic,0.001
707,1,1,0.9441789748437106,False,,2,1.0,3.332309309863067e-16,0,2017-06-18,weekend,0,True,0.9666666666666667,traffic,0.001
708,0,0,0.5000829956976103,False,,2,1.0,2.900169816962299e-43,1,2017-06-19,working,1,True,0.9666666666666667,traffic,0.001
709,0,0,0.5493191098520744,False,,2,1.0,1.0666060301019147e-45,1,2017-06-20,working,1,True,0.9666666666666667,traffic,0.001
710,0,0,0.5233991978366292,False,,2,1.0,5.952248764735383e-47,1,2017-06-21,working,1,True,0.9666666666666667,traffic,0.001
711,0,0,0.5695032517661658,False,,2,1.0,1.4136483257442135e-39,1,2017-06-22,working,1,True,0.9666666666666667,traffic,0.001
712,0,0,0.6791043054911552,False,,2,1.0,1.2998415780447634e-28,1,2017-06-23,working,1,True,0.9666666666666667,traffic,0.001
713,1,1,0.38339170657871613,False,,2,0.9999999998991864,2.421321007916461e-09,0,2017-06-24,weekend,0,True,0.9666666666666667,traffic,0.001
714,1,1,0.9522917282737715,False,,2,1.0,2.0246751848744223e-14,0,2017-06-25,weekend,0,True,0.9666666666666667,traffic,0.001
715,0,0,0.4642363890864786,False,,2,1.0,1.748407008234786e-46,1,2017-06-26,working,1,True,0.9666666666666667,traffic,0.001
716,0,0,0.4820203630300611,False,,2,1.0,1.374047839214726e-49,1,2017-06-27,working,1,True,0.9666666666666667,traffic,0.001
717,0,0,0.5789515001290115,False,,2,1.0,1.663987461011123e-46,1,2017-06-28,working,1,True,0.9666666666666667,traffic,0.001
718,0,0,0.6755075012155194,False,,2,1.0,1.0503388505648772e-37,1,2017-06-29,working,1,True,0.9666666666666667,traffic,0.001
719,0,0,0.6012078805234635,False,,2,1.0,2.2668933194020034e-33,1,2017-06-30,working,1,True,0.9666666666666667,traffic,0.001
720,1,1,0.014364429102415165,False,,2,0.9999999905417405,1.8421263266238545e-07,0,2017-07-01,weekend,0,True,0.9666666666666667,traffic,0.001
721,0,0,0.6832233277983308,False,,2,1.0,8.912132366726503e-16,1,2017-07-03,working,1,True,0.9666666666666667,traffic,0.001
722,1,1,0.03619362490318723,False,,2,0.9999999999998062,5.869733443414527e-12,0,2017-07-04,holiday,0,True,0.9666666666666667,traffic,0.001
723,0,0,0.2522872969146582,False,,2,1.0,8.974732852891433e-31,1,2017-07-05,working,1,True,0.9666666666666667,traffic,0.001
724,0,0,0.4020055027754528,False,,2,1.0,2.4296332762939496e-44,1,2017-07-06,working,1,True,0.9666666666666667,traffic,0.001
725,0,0,0.4533496390913735,False,,2,1.0,5.471782043325721e-35,1,2017-07-07,working,1,True,0.9666666666666667,traffic,0.001
726,1,1,0.8953964740969381,False,,2,0.9999999999999396,1.889493949306043e-12,0,2017-07-08,weekend,0,True,0.9666666666666667,traffic,0.001
727,1,1,0.9233715325423911,False,,2,1.0,1.341158667316735e-15,0,2017-07-09,weekend,0,True,0.9666666666666667,traffic,0.001
728,0,0,0.4474950531339995,False,,2,1.0,1.1548150107660783e-50,1,2017-07-11,working,1,True,0.9666666666666667,traffic,0.001
729,0,0,0.48442235883485674,False,,2,1.0,3.337531045372168e-48,1,2017-07-12,working,1,True,0.9666666666666667,traffic,0.001
730,0,0,0.5248827498731397,False,,2,1.0,3.0379936448960555e-46,1,2017-07-13,working,1,True,0.9666666666666667,traffic,0.001
731,0,0,0.30603395892822816,False,,2,1.0,1.9806188825184303e-31,1,2017-07-14,working,1,True,0.9666666666666667,traffic,0.001
732,1,1,0.7025238764886976,False,,2,0.9999999999999059,2.9206568329605156e-12,0,2017-07-15,weekend,0,True,0.9666666666666667,traffic,0.001
733,1,1,0.954035366511654,False,,2,1.0,1.0318721829999256e-16,0,2017-07-16,weekend,0,True,0.9666666666666667,traffic,0.001
734,0,0,0.3572991077079564,False,,2,1.0,4.752894859937277e-47,1,2017-07-17,working,1,True,0.9666666666666667,traffic,0.001
735,0,0,0.3675504541044671,False,,2,1.0,2.1430461276429345e-55,1,2017-07-18,working,1,True,0.9666666666666667,traffic,0.001
736,0,0,0.5787532172568863,False,,2,1.0,4.484267640580263e-48,1,2017-07-19,working,1,True,1.0,traffic,0.001
737,0,0,0.52797317775346,False,,2,1.0,7.888401847555083e-43,1,2017-07-20,working,1,True,1.0,traffic,0.001
738,0,0,0.39986661901127407,False,,2,1.0,2.4366301090618255e-33,1,2017-07-21,working,1,True,1.0,traffic,0.001
739,1,1,0.857596648533016,False,,2,0.9999999999999272,2.2809749032292712e-12,0,2017-07-22,weekend,0,True,1.0,traffic,0.001
740,1,1,0.09622380458919717,False,,2,1.0,2.0879837550489894e-17,0,2017-07-23,weekend,0,True,1.0,traffic,0.001
741,0,0,0.44454306248374553,False,,2,1.0,5.306731900301074e-52,1,2017-07-24,working,1,True,1.0,traffic,0.001
742,0,0,0.3507250257167513,False,,2,1.0,9.618548047821552e-54,1,2017-07-25,working,1,True,1.0,traffic,0.001
743,0,0,0.18424556065034087,False,,2,1.0,1.1023921206984348e-45,1,2017-07-26,working,1,True,1.0,traffic,0.001
744,0,0,0.3216448564633652,False,,2,1.0,5.171561119846763e-35,1,2017-07-27,working,1,True,1.0,traffic,0.001
745,0,0,0.45167980984087397,False,,2,1.0,7.200041615387291e-27,1,2017-07-28,working,1,True,1.0,traffic,0.001
746,1,1,0.42706606123433516,False,,2,1.0,4.412630935156757e-16,0,2017-07-29,weekend,0,True,1.0,traffic,0.001
747,1,1,0.2769892092922538,False,,2,1.0,5.64171921491126e-17,0,2017-07-30,weekend,0,True,1.0,traffic,0.001
748,0,0,0.48031195962938444,False,,2,1.0,1.6445249877877345e-45,1,2017-07-31,working,1,True,1.0,traffic,0.001
749,0,0,0.5427011576986485,False,,2,1.0,3.496952091485987e-51,1,2017-08-01,working,1,True,1.0,traffic,0.001
750,0,0,0.713929516500933,False,,2,1.0,9.580582967590454e-47,1,2017-08-02,working,1,True,1.0,traffic,0.001
751,0,0,0.6286743761823559,False,,2,1.0,1.7091919439982433e-43,1,2017-08-03,working,1,True,1.0,traffic,0.001
752,0,0,0.4599561032808687,False,,2,1.0,1.0454015714783209e-38,1,2017-08-04,working,1,True,1.0,traffic,0.001
753,1,1,0.13651510358821375,False,,2,0.9999999999952063,1.2973633129434875e-10,0,2017-08-05,weekend,0,True,1.0,traffic,0.001
754,1,1,0.8993924282589635,False,,2,1.0,6.987659389094022e-17,0,2017-08-06,weekend,0,True,1.0,traffic,0.001
755,0,0,0.4551930730861154,False,,2,1.0,3.0981898782048257e-53,1,2017-08-07,working,1,True,1.0,traffic,0.001
756,0,0,0.45753326697062,False,,2,1.0,3.5266699184055423e-51,1,2017-08-08,working,1,True,1.0,traffic,0.001
757,0,0,0.5051045633031355,False,,2,1.0,2.153294746488338e-53,1,2017-08-09,working,1,True,1.0,traffic,0.001
758,0,0,0.5268922173795842,False,,2,1.0,1.8666125231560874e-53,1,2017-08-10,working,1,True,1.0,traffic,0.001
759,0,0,0.6239227008593224,False,,2,1.0,2.5175102643311684e-38,1,2017-08-11,working,1,True,1.0,traffic,0.001
760,1,1,0.7685948510865764,False,,2,0.9999999999999867,4.39805376709307e-13,0,2017-08-12,weekend,0,True,1.0,traffic,0.001
761,1,1,0.7319769361570518,False,,2,1.0,1.6360769893424283e-16,0,2017-08-13,weekend,0,True,1.0,traffic,0.001
762,0,0,0.38723533847349717,False,,2,1.0,5.791815700036573e-57,1,2017-08-14,working,1,True,1.0,traffic,0.001
763,0,0,0.48509883223656114,False,,2,1.0,8.928010890232346e-53,1,2017-08-15,working,1,True,1.0,traffic,0.001
764,0,0,0.4525352131048099,False,,2,1.0,9.212213539083048e-50,1,2017-08-17,working,1,True,1.0,traffic,0.001
765,0,0,0.5358111934576752,False,,2,1.0,1.5625372899604537e-36,1,2017-08-18,working,1,True,1.0,traffic,0.001
766,1,1,0.04890083110095178,False,,2,0.9999999999931328,1.8338401264725775e-10,0,2017-08-19,weekend,0,True,1.0,traffic,0.001
767,1,1,0.11941152302766092,False,,2,1.0,1.1780461839993248e-15,0,2017-08-20,weekend,0,True,1.0,traffic,0.001
768,0,0,0.15108449449450623,False,,2,1.0,4.067557884147535e-52,1,2017-08-21,working,1,True,1.0,traffic,0.001
769,0,0,0.3706797523295091,False,,2,1.0,1.9040995704863913e-42,1,2017-08-22,working,1,True,1.0,traffic,0.001
770,0,0,0.5179886622799639,False,,2,1.0,1.5035961961296777e-52,1,2017-08-23,working,1,True,1.0,traffic,0.001
771,0,0,0.46618326981148295,False,,2,1.0,1.331499960850398e-51,0,2017-08-24,holiday,1,False,0.9666666666666667,traffic,0.001
772,0,0,0.3117010403016281,False,,2,1.0,9.126994872730977e-40,1,2017-08-25,working,1,True,0.9666666666666667,traffic,0.001
773,1,1,0.32846256469834045,False,,2,0.9999999999385127,1.5071853594865136e-09,0,2017-08-26,weekend,0,True,0.9666666666666667,traffic,0.001
774,1,1,0.199793787099759,False,,2,0.9999999999999969,1.071292613077532e-13,0,2017-08-27,weekend,0,True,0.9666666666666667,traffic,0.001
775,0,0,0.35749515591535896,False,,2,1.0,3.8807605628681277e-57,1,2017-08-28,working,1,True,0.9666666666666667,traffic,0.001
776,0,0,0.3864515564327247,False,,2,1.0,1.1556936748192993e-56,1,2017-08-29,working,1,True,0.9666666666666667,traffic,0.001
777,0,0,0.443064927908455,False,,2,1.0,7.781143851594331e-55,1,2017-08-30,working,1,True,0.9666666666666667,traffic,0.001
778,0,0,0.43554091157702457,False,,2,1.0,1.1850671953284884e-49,1,2017-08-31,working,1,True,0.9666666666666667,traffic,0.001
779,0,0,0.7341923209793086,False,,2,1.0,2.0031029763229384e-36,1,2017-09-01,working,1,True,0.9666666666666667,traffic,0.001
780,1,1,0.5933967199637775,False,,2,0.9999999998668541,3.160826077813455e-09,0,2017-09-02,weekend,0,True,0.9666666666666667,traffic,0.001
781,1,1,0.9598906347785546,False,,2,1.0,5.8868639344319646e-15,0,2017-09-03,weekend,0,True,0.9666666666666667,traffic,0.001
782,1,1,0.6477034338279786,False,,2,0.9999999999885212,3.006346572782008e-10,0,2017-09-04,holiday,0,True,0.9666666666666667,traffic,0.001
783,0,0,0.2660641976168405,False,,2,1.0,4.1925789107396964e-64,1,2017-09-05,working,1,True,0.9666666666666667,traffic,0.001
784,0,0,0.41969716348941466,False,,2,1.0,2.301561931992273e-61,1,2017-09-06,working,1,True,0.9666666666666667,traffic,0.001
785,0,0,0.39533672914223295,False,,2,1.0,1.1302930187751276e-57,1,2017-09-07,working,1,True,0.9666666666666667,traffic,0.001
786,0,0,0.46577126415625847,False,,2,1.0,2.1555497301395084e-49,1,2017-09-08,working,1,True,0.9666666666666667,traffic,0.001
787,1,1,0.6800481907135794,False,,2,0.999999999990397,2.5322298708195765e-10,0,2017-09-09,weekend,0,True,0.9666666666666667,traffic,0.001
788,1,1,0.8619901026970784,False,,2,0.9999999999999982,5.474861896906948e-14,0,2017-09-10,weekend,0,True,0.9666666666666667,traffic,0.001
789,0,0,0.2238782694331964,False,,2,1.0,2.7737095136747327e-61,1,2017-09-11,working,1,True,0.9666666666666667,traffic,0.001
790,0,0,0.2820150301739532,False,,2,1.0,1.7132203170706455e-59,1,2017-09-12,working,1,True,0.9666666666666667,traffic,0.001
791,0,0,0.4863012136696018,False,,2,1.0,3.54347375296925e-55,1,2017-09-13,working,1,True,0.9666666666666667,traffic,0.001
792,0,0,0.5170790390905176,False,,2,1.0,1.587431178683818e-55,1,2017-09-14,working,1,True,0.9666666666666667,traffic,0.001
793,0,0,0.3959081325402442,False,,2,1.0,7.02213845107501e-44,1,2017-09-15,working,1,True,0.9666666666666667,traffic,0.001
794,1,1,0.6859119105214972,False,,2,0.9999999999974847,6.968821738837353e-11,0,2017-09-16,weekend,0,True,0.9666666666666667,traffic,0.001
795,1,1,0.655207511735078,False,,2,1.0,1.210430194791705e-15,0,2017-09-17,weekend,0,True,0.9666666666666667,traffic,0.001
796,0,0,0.2643087933667106,False,,2,1.0,2.101024982575294e-63,1,2017-09-18,working,1,True,0.9666666666666667,traffic,0.001
797,0,0,0.3172006812957242,False,,2,1.0,4.108414463377785e-66,1,2017-09-19,working,1,True,0.9666666666666667,traffic,0.001
798,0,0,0.4133696239082899,False,,2,1.0,5.334431444064155e-53,1,2017-09-20,working,1,True,0.9666666666666667,traffic,0.001
799,0,0,0.4469501838591086,False,,2,1.0,1.334120925116184e-41,1,2017-09-22,working,1,True,0.9666666666666667,traffic,0.001
800,1,1,0.8438849200277401,False,,2,0.9999999999985256,4.1628591905429485e-11,0,2017-09-23,weekend,0,True,0.9666666666666667,traffic,0.001
801,1,1,0.5752608845273193,False,,2,0.9999999999999991,2.2558613122786005e-14,0,2017-09-24,weekend,0,True,1.0,traffic,0.001
802,0,0,0.21980971366030982,False,,2,1.0,1.235419930104195e-52,1,2017-09-25,working,1,True,1.0,traffic,0.001
803,0,0,0.26012001554624564,False,,2,1.0,2.386839283144702e-64,1,2017-09-26,working,1,True,1.0,traffic,0.001
804,0,0,0.3432782720944052,False,,2,1.0,2.113942626371956e-57,1,2017-09-28,working,1,True,1.0,traffic,0.001
805,0,0,0.5109617152303967,False,,2,1.0,2.5856251684881557e-44,1,2017-09-29,working,1,True,1.0,traffic,0.001
806,1,1,0.22290488582983783,False,,2,0.9999999976158103,4.972085973315553e-08,0,2017-09-30,weekend,0,True,1.0,traffic,0.001
807,1,1,0.0949949624089604,False,,2,0.9999999953537287,9.379520981587694e-08,0,2017-10-01,weekend,0,True,1.0,traffic,0.001
808,0,0,0.16827737542795584,False,,2,1.0,8.433540557759106e-67,1,2017-10-02,working,1,True,1.0,traffic,0.001
809,0,0,0.37305763717781437,False,,2,1.0,1.106930228445564e-61,1,2017-10-03,working,1,True,1.0,traffic,0.001
810,0,0,0.5047513625387969,False,,2,1.0,3.0975355623884746e-60,1,2017-10-04,working,1,True,1.0,traffic,0.001
811,0,0,0.4573403925221897,False,,2,1.0,2.439832655969945e-57,1,2017-10-05,working,1,True,1.0,traffic,0.001
812,0,0,0.3318411818028181,False,,2,1.0,1.750516750344142e-47,1,2017-10-06,working,1,True,1.0,traffic,0.001
813,1,1,0.23690411509184342,False,,2,0.9999999999999143,2.6609396272117367e-12,0,2017-10-07,weekend,0,True,1.0,traffic,0.001
814,1,1,0.27433797866919934,False,,2,1.0,3.948031884398067e-15,0,2017-10-08,weekend,0,True,1.0,traffic,0.001
815,0,0,0.27881759712147075,False,,2,1.0,4.277521352686363e-64,0,2017-10-09,holiday,1,False,0.9666666666666667,traffic,0.001
816,0,0,0.42520537502305233,False,,2,1.0,1.4497352757022415e-61,1,2017-10-10,working,1,True,0.9666666666666667,traffic,0.001
817,0,0,0.3771463923017156,False,,2,1.0,4.4723090055953456e-58,1,2017-10-11,working,1,True,0.9666666666666667,traffic,0.001
818,0,0,0.5635195455295134,False,,2,1.0,3.503629166739284e-52,1,2017-10-12,working,1,True,0.9666666666666667,traffic,0.001
819,0,0,0.3520520380459076,False,,2,1.0,3.243286461849392e-45,1,2017-10-13,working,1,True,0.9666666666666667,traffic,0.001
820,1,1,0.10568436359623515,False,,2,0.9999999999894509,2.771771996482311e-10,0,2017-10-14,weekend,0,True,0.9666666666666667,traffic,0.001
821,1,1,0.26385978084735845,False,,2,0.999999999993876,1.642352453992478e-10,0,2017-10-15,weekend,0,True,0.9666666666666667,traffic,0.001
822,0,0,0.15255388598025998,False,,2,1.0,5.854682121333052e-60,1,2017-10-16,working,1,True,0.9666666666666667,traffic,0.001
823,0,0,0.240564699798415,False,,2,1.0,4.528876498554516e-51,1,2017-10-17,working,1,True,0.9666666666666667,traffic,0.001
824,0,0,0.3915647061479308,False,,2,1.0,1.634320375217121e-53,1,2017-10-18,working,1,True,0.9666666666666667,traffic,0.001
825,0,0,0.5731216005978699,False,,2,1.0,8.52657132193892e-46,1,2017-10-19,working,1,True,0.9666666666666667,traffic,0.001
826,0,0,0.44104400228654345,False,,2,1.0,1.883394560373968e-37,1,2017-10-20,working,1,True,0.9666666666666667,traffic,0.001
827,1,1,0.9971392408956675,False,,2,0.9999999999999982,6.815009187509158e-14,0,2017-10-21,weekend,0,True,0.9666666666666667,traffic,0.001
828,1,1,0.9156343106315987,False,,2,1.0,8.98091145432392e-16,0,2017-10-22,weekend,0,True,0.9666666666666667,traffic,0.001
829,0,0,0.3023420023735683,False,,2,1.0,7.600536120532488e-60,1,2017-10-23,working,1,True,0.9666666666666667,traffic,0.001
830,0,0,0.2913714425864013,False,,2,1.0,5.015020650299741e-60,1,2017-10-24,working,1,True,0.9666666666666667,traffic,0.001
831,0,0,0.3578326171985953,False,,2,1.0,1.203038866694069e-57,1,2017-10-25,working,1,True,0.9666666666666667,traffic,0.001
832,0,0,0.4082230838334683,False,,2,1.0,6.874487855402216e-50,1,2017-10-26,working,1,True,0.9666666666666667,traffic,0.001
833,0,0,0.5734165627188392,False,,2,1.0,7.261130059679235e-42,1,2017-10-27,working,1,True,0.9666666666666667,traffic,0.001
834,1,1,0.12235719008204303,False,,2,0.9999999999899885,2.6357491365304983e-10,0,2017-10-28,weekend,0,True,0.9666666666666667,traffic,0.001
835,1,1,0.7749321163315936,False,,2,1.0,9.23094679980278e-17,0,2017-10-29,weekend,0,True,0.9666666666666667,traffic,0.001
836,0,0,0.3591477265969393,False,,2,1.0,1.8166505921352687e-59,1,2017-10-30,working,1,True,0.9666666666666667,traffic,0.001
837,0,0,0.25619991346716037,False,,2,1.0,5.296959583367515e-61,1,2017-10-31,working,1,True,0.9666666666666667,traffic,0.001
838,0,0,0.6027495341229416,False,,2,1.0,2.1568126126379938e-51,1,2017-11-01,working,1,True,0.9666666666666667,traffic,0.001
839,0,0,0.48649741850300654,False,,2,1.0,2.0335115133110295e-53,1,2017-11-02,working,1,True,0.9666666666666667,traffic,0.001
840,0,0,0.7660215273556051,False,,2,1.0,2.867308545731682e-42,1,2017-11-03,working,1,True,0.9666666666666667,traffic,0.001
841,1,1,0.12867299775805036,False,,2,0.999999999457394,1.2118907785267173e-08,0,2017-11-04,weekend,0,True,0.9666666666666667,traffic,0.001
842,1,1,0.027118018403299363,False,,2,0.9999999999941824,1.5631919099509419e-10,0,2017-11-05,weekend,0,True,0.9666666666666667,traffic,0.001
843,0,0,0.14018735942179636,False,,2,1.0,6.21785143975171e-70,1,2017-11-06,working,1,True,0.9666666666666667,traffic,0.001
844,0,0,0.3256824401598844,False,,2,1.0,1.2196047821008378e-63,1,2017-11-07,working,1,True,0.9666666666666667,traffic,0.001
845,0,0,0.6139551150807621,False,,2,1.0,1.0711727495372888e-41,0,2017-11-10,holiday,1,False,0.9666666666666667,traffic,0.001
846,1,1,0.16211500954087674,False,,2,0.9999999999722018,7.034610777398421e-10,0,2017-11-12,weekend,0,True,0.9666666666666667,traffic,0.001
847,0,0,0.24005334015918336,False,,2,1.0,4.957462009158714e-69,1,2017-11-13,working,1,True,0.9666666666666667,traffic,0.001
848,0,0,0.3256079635281913,False,,2,1.0,1.449568362782593e-60,1,2017-11-14,working,1,True,0.9666666666666667,traffic,0.001
849,0,0,0.3097639579889435,False,,2,1.0,1.3614406493439464e-52,1,2017-11-16,working,1,True,0.9666666666666667,traffic,0.001
850,0,0,0.4789592747307604,False,,2,1.0,7.320386754473973e-39,1,2017-11-17,working,1,True,0.9666666666666667,traffic,0.001
851,1,1,0.12432519097309609,False,,2,0.999999999796743,4.739249522895408e-09,0,2017-11-18,weekend,0,True,0.9666666666666667,traffic,0.001
852,1,1,0.15497757076612012,False,,2,0.9999999999844922,4.014938800132036e-10,0,2017-11-19,weekend,0,True,0.9666666666666667,traffic,0.001
853,0,0,0.40398363300737894,False,,2,1.0,3.5824324655662223e-59,1,2017-11-20,working,1,True,0.9666666666666667,traffic,0.001
854,0,0,0.46333006908988106,False,,2,1.0,1.5741998824743015e-58,1,2017-11-21,working,1,True,0.9666666666666667,traffic,0.001
855,0,0,0.8136725831600061,False,,2,1.0,2.3436663230586068e-45,1,2017-11-22,working,1,True,0.9666666666666667,traffic,0.001
856,1,1,0.8620574668496093,False,,2,1.0,1.1559524980431646e-16,0,2017-11-23,holiday,0,True,0.9666666666666667,traffic,0.001
857,0,0,0.17735819356587773,False,,2,0.9999972534054329,3.7917142792669165e-05,1,2017-11-24,working,1,True,0.9666666666666667,traffic,0.001
858,1,1,0.7626755313610555,False,,2,0.9999999999999876,4.18728601699987e-13,0,2017-11-25,weekend,0,True,0.9666666666666667,traffic,0.001
859,1,1,0.5527232293303699,False,,2,0.9999999999999973,8.042041616619556e-14,0,2017-11-26,weekend,0,True,0.9666666666666667,traffic,0.001
860,0,0,0.18649920347898358,False,,2,1.0,1.3402083101446324e-66,1,2017-11-27,working,1,True,0.9666666666666667,traffic,0.001
861,0,0,0.30445632185763577,False,,2,1.0,2.7307742959810424e-64,1,2017-11-28,working,1,True,0.9666666666666667,traffic,0.001
862,0,0,0.20957864266333753,False,,2,1.0,8.807066441395144e-58,1,2017-11-29,working,1,True,0.9666666666666667,traffic,0.001
863,0,0,0.5241200256314902,False,,2,1.0,2.1701506044724515e-48,1,2017-11-30,working,1,True,0.9666666666666667,traffic,0.001
864,0,0,0.27045921023206954,False,,2,1.0,9.443107911805753e-43,1,2017-12-01,working,1,True,0.9666666666666667,traffic,0.001
865,1,1,0.9223046221142359,False,,2,0.9999999999909779,2.384807952731802e-10,0,2017-12-02,weekend,0,True,0.9666666666666667,traffic,0.001
866,1,1,0.4997579389718846,False,,2,0.9999999999999982,4.935737056360834e-14,0,2017-12-03,weekend,0,True,0.9666666666666667,traffic,0.001
867,0,0,0.5456484537224813,False,,2,1.0,1.883542055759702e-52,1,2017-12-04,working,1,True,0.9666666666666667,traffic,0.001
868,0,0,0.8546946782747665,False,,2,1.0,4.3483504123176524e-43,1,2017-12-06,working,1,True,0.9666666666666667,traffic,0.001
869,0,0,0.7264264593133758,False,,2,1.0,7.143288197985279e-51,1,2017-12-07,working,1,True,0.9666666666666667,traffic,0.001
870,0,0,0.7537605461139306,False,,2,1.0,8.332985363157839e-44,1,2017-12-08,working,1,True,0.9666666666666667,traffic,0.001
871,1,1,0.7831863242897024,False,,2,0.9999999999924434,2.0105839199078446e-10,0,2017-12-09,weekend,0,True,0.9666666666666667,traffic,0.001
872,1,1,0.8041181600353992,False,,2,0.9999999999999982,4.3855751323378436e-14,0,2017-12-10,weekend,0,True,0.9666666666666667,traffic,0.001
873,0,0,0.6007895897641584,False,,2,1.0,1.5620416599761078e-54,1,2017-12-11,working,1,True,0.9666666666666667,traffic,0.001
874,0,0,0.3957474429003252,False,,2,1.0,1.5050247723296965e-56,1,2017-12-12,working,1,True,0.9666666666666667,traffic,0.001
875,0,0,0.47248133123565805,False,,2,1.0,1.6574012864391794e-53,1,2017-12-13,working,1,True,1.0,traffic,0.001
876,0,0,0.517595699967321,False,,2,1.0,7.154671836158866e-50,1,2017-12-14,working,1,True,1.0,traffic,0.001
877,0,0,0.6664192309067272,False,,2,1.0,3.891564423999775e-39,1,2017-12-15,working,1,True,1.0,traffic,0.001
878,1,1,0.881607905893507,False,,2,0.9999999999999467,1.6642334752702203e-12,0,2017-12-16,weekend,0,True,1.0,traffic,0.001
879,1,1,0.8004452388652603,False,,2,0.9999999999999787,7.032797958405263e-13,0,2017-12-17,weekend,0,True,1.0,traffic,0.001
880,0,0,0.40425091515010025,False,,2,1.0,9.543231725687651e-61,1,2017-12-18,working,1,True,1.0,traffic,0.001
881,0,0,0.541722832521075,False,,2,1.0,8.637929878993084e-56,1,2017-12-19,working,1,True,1.0,traffic,0.001
882,0,0,0.6307373172855211,False,,2,1.0,4.880022126657075e-53,1,2017-12-20,working,1,True,1.0,traffic,0.001
883,0,0,0.6826460793189911,False,,2,1.0,2.2347907338436628e-48,1,2017-12-21,working,1,True,1.0,traffic,0.001
884,0,0,0.8606426415448261,False,,2,1.0,3.906002278414887e-30,1,2017-12-22,working,1,True,1.0,traffic,0.001
885,1,1,0.1458723255854048,False,,2,0.9999999999999998,8.329276221421848e-15,0,2017-12-24,weekend,0,True,1.0,traffic,0.001
886,1,1,0.9126690909307564,False,,2,1.0,7.724094907304456e-16,0,2017-12-25,holiday,0,True,1.0,traffic,0.001
887,0,0,0.6660647651429357,False,,2,1.0,3.7405843690509205e-30,1,2017-12-26,working,1,True,1.0,traffic,0.001
888,0,0,0.6438790869382705,False,,2,1.0,1.3298142103909835e-37,1,2017-12-27,working,1,True,1.0,traffic,0.001
889,0,0,0.6630661280375016,False,,2,1.0,3.296424752942843e-30,1,2017-12-28,working,1,True,1.0,traffic,0.001
890,0,0,0.6960421678547984,False,,2,1.0,4.4546935547971356e-27,1,2017-12-29,working,1,True,1.0,traffic,0.001
891,1,1,0.5526067855228012,False,,2,0.9999999999999982,6.104745891164046e-14,0,2017-12-30,weekend,0,True,1.0,traffic,0.001
892,1,1,0.9307645694000708,False,,2,1.0,2.612033366686504e-16,0,2017-12-31,weekend,0,True,1.0,traffic,0.001
893,-1,1,2.0076696959433573e-13,True,,2,0.9999998592300968,2.361575427681416e-06,0,2018-01-01,holiday,-1,False,0.9666666666666667,traffic,0.001
894,0,0,0.30102235838500624,False,,2,1.0,1.8059506965396815e-58,1,2018-01-02,working,1,True,0.9666666666666667,traffic,0.001
895,0,0,0.4518833742449727,False,,2,1.0,5.634739296206757e-56,1,2018-01-03,working,1,True,0.9666666666666667,traffic,0.001
896,0,0,0.3763285281938582,False,,2,1.0,1.1461907881678025e-54,1,2018-01-04,working,1,True,0.9666666666666667,traffic,0.001
897,0,0,0.5127839037956956,False,,2,1.0,5.3688963564810275e-43,1,2018-01-05,working,1,True,0.9666666666666667,traffic,0.001
898,1,1,0.6102177360851697,False,,2,0.9999999999947784,1.4087957312572095e-10,0,2018-01-06,weekend,0,True,0.9666666666666667,traffic,0.001
899,1,1,0.6970959619233312,False,,2,0.9999999999999982,5.42395035872547e-14,0,2018-01-07,weekend,0,True,0.9666666666666667,traffic,0.001
900,0,0,0.3487776944698825,False,,2,1.0,3.2984867658140947e-66,1,2018-01-08,working,1,True,0.9666666666666667,traffic,0.001
901,0,0,0.24479163951079908,False,,2,1.0,4.7667810956988275e-59,1,2018-01-09,working,1,True,0.9666666666666667,traffic,0.001
902,0,0,0.4007039988388955,False,,2,1.0,8.353307605260052e-60,1,2018-01-10,working,1,True,0.9666666666666667,traffic,0.001
903,0,0,0.595576600027875,False,,2,1.0,4.366275483855692e-53,1,2018-01-11,working,1,True,0.9666666666666667,traffic,0.001
904,0,0,0.6186945409366769,False,,2,1.0,5.383216635601621e-46,1,2018-01-12,working,1,True,0.9666666666666667,traffic,0.001
905,1,1,0.45793059538822684,False,,2,0.999999999942724,1.4080295954673286e-09,0,2018-01-13,weekend,0,True,0.9666666666666667,traffic,0.001
906,1,1,0.11116974608546935,False,,2,0.9999999999992426,2.1895195873158896e-11,0,2018-01-14,weekend,0,True,0.9666666666666667,traffic,0.001
907,0,0,0.849269923723016,False,,2,1.0,1.8250894434649347e-37,0,2018-01-15,holiday,1,False,0.9333333333333333,traffic,0.001
908,0,0,0.5596652496511869,False,,2,1.0,1.6640263930002263e-59,1,2018-01-16,working,1,True,0.9333333333333333,traffic,0.001
909,0,0,0.28937513602061843,False,,2,1.0,9.581094014980887e-58,1,2018-01-17,working,1,True,0.9333333333333333,traffic,0.001
910,0,0,0.5861037468086565,False,,2,1.0,2.261763875189198e-49,1,2018-01-19,working,1,True,0.9333333333333333,traffic,0.001
911,1,1,0.12762531352069248,False,,2,0.9999999999948213,1.3975799922241887e-10,0,2018-01-20,weekend,0,True,0.9333333333333333,traffic,0.001
912,1,1,0.0010956689965878797,False,,2,0.999999999962478,9.382969988398569e-10,0,2018-01-21,weekend,0,True,0.9333333333333333,traffic,0.001
913,-1,0,0.00034931859933425176,True,,2,1.0,4.077511853737168e-91,1,2018-01-22,working,-1,False,0.9,traffic,0.001
914,0,0,0.7178509711454399,False,,2,1.0,1.1152757556122375e-45,1,2018-01-23,working,1,True,0.9,traffic,0.001
915,0,0,0.5260019876481448,False,,2,1.0,5.0041841173401626e-58,1,2018-01-24,working,1,True,0.9,traffic,0.001
916,0,0,0.6544327684255598,False,,2,1.0,3.080511885181148e-53,1,2018-01-25,working,1,True,0.9,traffic,0.001
917,0,0,0.8223376341205988,False,,2,1.0,2.815592489022706e-33,1,2018-01-26,working,1,True,0.9,traffic,0.001
918,1,1,0.5589809133980541,False,,2,0.9999999999187876,1.9681040225138813e-09,0,2018-01-27,weekend,0,True,0.9,traffic,0.001
919,1,1,0.3076030078840369,False,,2,0.9999999999646407,8.862923559239496e-10,0,2018-01-28,weekend,0,True,0.9,traffic,0.001
920,0,0,0.469993081478292,False,,2,1.0,5.221862162577455e-59,1,2018-01-29,working,1,True,0.9,traffic,0.001
921,0,0,0.40571530480001433,False,,2,1.0,6.0700232631017645e-55,1,2018-01-30,working,1,True,0.9,traffic,0.001
922,0,0,0.5234970499249796,False,,2,1.0,9.332268225595931e-48,1,2018-02-01,working,1,True,0.9,traffic,0.001
923,0,0,0.5990293185423301,False,,2,1.0,1.6382908121428435e-30,1,2018-02-02,working,1,True,0.9333333333333333,traffic,0.001
924,1,1,0.2088386107292524,False,,2,0.999999999995639,1.1843864514707317e-10,0,2018-02-03,weekend,0,True,0.9333333333333333,traffic,0.001
925,1,1,0.009574645506760729,False,,2,0.9999999999526104,1.173963810884818e-09,0,2018-02-04,weekend,0,True,0.9333333333333333,traffic,0.001
926,0,0,0.5138654803287959,False,,2,1.0,4.2759961363104056e-45,1,2018-02-05,working,1,True,0.9333333333333333,traffic,0.001
927,0,0,0.41470392692824726,False,,2,1.0,8.428183500618643e-60,1,2018-02-06,working,1,True,0.9333333333333333,traffic,0.001
928,0,0,0.6504496968839844,False,,2,1.0,7.604530428612763e-52,1,2018-02-07,working,1,True,0.9333333333333333,traffic,0.001
929,0,0,0.35448897039493266,False,,2,1.0,4.594005857631417e-54,1,2018-02-08,working,1,True,0.9333333333333333,traffic,0.001
930,0,0,0.4932391578799533,False,,2,1.0,3.3773700224469456e-44,1,2018-02-09,working,1,True,0.9333333333333333,traffic,0.001
931,1,1,0.0321732329714365,False,,2,0.9999999985605075,3.074608693209704e-08,0,2018-02-10,weekend,0,True,0.9333333333333333,traffic,0.001
932,1,1,0.004571049056207103,False,,2,0.9999999995932383,9.202087835576916e-09,0,2018-02-11,weekend,0,True,0.9333333333333333,traffic,0.001
933,0,0,0.26490950650626904,False,,2,1.0,9.285901841023955e-65,1,2018-02-12,working,1,True,0.9333333333333333,traffic,0.001
934,0,0,0.32157545518032427,False,,2,1.0,7.819427214312983e-61,1,2018-02-13,working,1,True,0.9333333333333333,traffic,0.001
935,0,0,0.6038730515425867,False,,2,1.0,3.7343592349067005e-53,1,2018-02-14,working,1,True,0.9333333333333333,traffic,0.001
936,0,0,0.44094625006583144,False,,2,1.0,2.5406756778661902e-51,1,2018-02-15,working,1,True,0.9333333333333333,traffic,0.001
937,0,0,0.604812832700093,False,,2,1.0,3.5100900620202136e-44,1,2018-02-16,working,1,True,0.9666666666666667,traffic,0.001
938,1,1,0.5963007680893431,False,,2,0.9999999999920206,2.1188665916710545e-10,0,2018-02-17,weekend,0,True,0.9666666666666667,traffic,0.001
939,1,1,0.7830585658943212,False,,2,1.0,6.929199573043396e-15,0,2018-02-18,weekend,0,True,0.9666666666666667,traffic,0.001
940,0,0,0.4741950538578903,False,,2,1.0,3.59560722992457e-49,0,2018-02-19,holiday,1,False,0.9333333333333333,traffic,0.001
941,0,0,0.5733487856114401,False,,2,1.0,8.993067459836642e-58,1,2018-02-20,working,1,True,0.9333333333333333,traffic,0.001
942,0,0,0.49020810292132155,False,,2,1.0,3.199230051082565e-58,1,2018-02-21,working,1,True,0.9333333333333333,traffic,0.001
943,0,0,0.43094399918458454,False,,2,1.0,2.3760045869629557e-58,1,2018-02-22,working,1,True,0.9666666666666667,traffic,0.001
944,0,0,0.6403146910847843,False,,2,1.0,1.0110272293061782e-36,1,2018-02-23,working,1,True,0.9666666666666667,traffic,0.001
945,1,1,0.002609272242871571,False,,2,0.9995955489155023,0.003564337419041738,0,2018-02-24,weekend,0,True,0.9666666666666667,traffic,0.001
946,1,1,0.03578299130137423,False,,2,0.9999999999997604,7.204700089087857e-12,0,2018-02-25,weekend,0,True,0.9666666666666667,traffic,0.001
947,0,0,0.5332422370267715,False,,2,1.0,5.0740569550597327e-57,1,2018-02-26,working,1,True,0.9666666666666667,traffic,0.001
948,0,0,0.4744710833800929,False,,2,1.0,2.0632033332098114e-55,1,2018-02-27,working,1,True,0.9666666666666667,traffic,0.001
949,0,0,0.5716116889599656,False,,2,1.0,9.18995774882013e-55,1,2018-02-28,working,1,True,0.9666666666666667,traffic,0.001
950,0,0,0.6594352430244197,False,,2,1.0,4.6136579047340297e-51,1,2018-03-01,working,1,True,0.9666666666666667,traffic,0.001
951,0,0,0.6861632055083136,False,,2,1.0,2.1699163134664946e-42,1,2018-03-02,working,1,True,0.9666666666666667,traffic,0.001
952,1,1,0.8915818288122647,False,,2,0.9999999999999183,2.5643216997153666e-12,0,2018-03-03,weekend,0,True,0.9666666666666667,traffic,0.001
953,1,1,0.8373305838101561,False,,2,1.0,5.776539714431256e-16,0,2018-03-04,weekend,0,True,0.9666666666666667,traffic,0.001
954,-1,0,6.66432949654931e-05,True,,2,1.0,3.4797325920887813e-82,1,2018-03-05,working,-1,False,0.9333333333333333,traffic,0.001
955,0,0,0.3903100202528733,False,,2,1.0,1.294156231331067e-60,1,2018-03-06,working,1,True,0.9333333333333333,traffic,0.001
956,0,0,0.5343308879639708,False,,2,1.0,9.32569818817293e-54,1,2018-03-07,working,1,True,0.9333333333333333,traffic,0.001
957,0,0,0.39970019129178297,False,,2,1.0,1.3161278202089644e-50,1,2018-03-08,working,1,True,0.9333333333333333,traffic,0.001
958,0,0,0.4394779508658787,False,,2,1.0,3.559703825411828e-42,1,2018-03-09,working,1,True,0.9333333333333333,traffic,0.001
959,0,0,0.2798436841402046,False,,2,1.0,2.888499619335631e-53,1,2018-03-12,working,1,True,0.9333333333333333,traffic,0.001
960,0,0,0.4809774143558416,False,,2,1.0,1.5238820279516473e-47,1,2018-03-13,working,1,True,0.9333333333333333,traffic,0.001
961,0,0,0.5420001008262099,False,,2,1.0,3.158512600062608e-53,1,2018-03-14,working,1,True,0.9333333333333333,traffic,0.001
962,1,1,0.2767214033600348,False,,2,0.999999999958959,1.0225980905090793e-09,0,2018-03-17,weekend,0,True,0.9333333333333333,traffic,0.001
963,1,1,0.0658450428609203,False,,2,0.9999999999999999,7.0120513291168156e-15,0,2018-03-18,weekend,0,True,0.9333333333333333,traffic,0.001
964,0,0,0.31735980358864363,False,,2,1.0,8.874756009766862e-59,1,2018-03-19,working,1,True,0.9333333333333333,traffic,0.001
965,0,0,0.3773782353602761,False,,2,1.0,2.0793716957136795e-59,1,2018-03-20,working,1,True,0.9333333333333333,traffic,0.001
966,0,0,0.42214045303320913,False,,2,1.0,7.494308297211456e-59,1,2018-03-21,working,1,True,0.9333333333333333,traffic,0.001
967,0,0,0.3568272962749213,False,,2,1.0,1.431887593109719e-55,1,2018-03-22,working,1,True,0.9333333333333333,traffic,0.001
968,0,0,0.39093185982754475,False,,2,1.0,8.846030669582982e-44,1,2018-03-23,working,1,True,0.9333333333333333,traffic,0.001
969,1,1,0.16186228000243824,False,,2,0.9999999999999989,4.0580130642896316e-14,0,2018-03-25,weekend,0,True,0.9333333333333333,traffic,0.001
970,0,0,0.361781556076462,False,,2,1.0,3.6414679116353136e-61,1,2018-03-26,working,1,True,0.9666666666666667,traffic,0.001
971,0,0,0.4237021966465512,False,,2,1.0,1.9360334489713338e-59,1,2018-03-27,working,1,True,0.9666666666666667,traffic,0.001
972,0,0,0.4719297930210261,False,,2,1.0,8.05299793687204e-54,1,2018-03-28,working,1,True,0.9666666666666667,traffic,0.001
973,0,0,0.8288974263906248,False,,2,1.0,1.306358199447414e-32,1,2018-03-30,working,1,True,0.9666666666666667,traffic,0.001
974,1,1,0.9612497366847691,False,,2,0.9999999999998419,4.835124121246181e-12,0,2018-03-31,weekend,0,True,0.9666666666666667,traffic,0.001
975,1,1,0.21840619766650407,False,,2,0.9999999999999987,5.022048761425433e-14,0,2018-04-01,weekend,0,True,0.9666666666666667,traffic,0.001
976,0,0,0.4846978179589889,False,,2,1.0,6.595360378572063e-57,1,2018-04-02,working,1,True,0.9666666666666667,traffic,0.001
977,0,0,0.3965903463198413,False,,2,1.0,1.0570170479682288e-50,1,2018-04-03,working,1,True,0.9666666666666667,traffic,0.001
978,0,0,0.8000752264012577,False,,2,1.0,6.202682465535989e-49,1,2018-04-04,working,1,True,0.9666666666666667,traffic,0.001
979,0,0,0.4420427224331261,False,,2,1.0,5.210103565903159e-47,1,2018-04-05,working,1,True,0.9666666666666667,traffic,0.001
980,0,0,0.4327489735792078,False,,2,1.0,5.949019931029845e-35,1,2018-04-06,working,1,True,0.9666666666666667,traffic,0.001
981,1,1,0.03375952256943903,False,,2,0.9999999998245244,4.117278142695203e-09,0,2018-04-07,weekend,0,True,0.9666666666666667,traffic,0.001
982,1,1,0.1773190093291876,False,,2,0.9999999999999754,7.980081553138387e-13,0,2018-04-08,weekend,0,True,0.9666666666666667,traffic,0.001
983,0,0,0.39463708490584265,False,,2,1.0,7.098800522088055e-63,1,2018-04-09,working,1,True,0.9666666666666667,traffic,0.001
984,0,0,0.32346305400111325,False,,2,1.0,1.326858565854553e-62,1,2018-04-10,working,1,True,1.0,traffic,0.001
985,0,0,0.4588871899034849,False,,2,1.0,2.68799435061882e-58,1,2018-04-11,working,1,True,1.0,traffic,0.001
986,0,0,0.4859389623893554,False,,2,1.0,5.0100360605487465e-58,1,2018-04-12,working,1,True,1.0,traffic,0.001
987,0,0,0.5334231331725428,False,,2,1.0,3.3000446921846972e-53,1,2018-04-13,working,1,True,1.0,traffic,0.001
988,0,0,0.016821014282469647,False,,2,0.9999999999999716,9.469194573805673e-13,0,2018-04-14,weekend,1,False,0.9666666666666667,traffic,0.001
989,1,1,0.002027005465584525,False,,2,0.9999999758327526,4.4801889242947145e-07,0,2018-04-15,weekend,0,True,0.9666666666666667,traffic,0.001
990,0,0,0.7472935816079374,False,,2,1.0,4.894637359199694e-53,1,2018-04-16,working,1,True,0.9666666666666667,traffic,0.001
991,0,0,0.46328411364889766,False,,2,1.0,4.2700992431314615e-54,1,2018-04-17,working,1,True,0.9666666666666667,traffic,0.001
992,0,0,0.5951776661485644,False,,2,1.0,3.552984791844347e-45,1,2018-04-18,working,1,True,0.9666666666666667,traffic,0.001
993,0,0,0.5939178788261124,False,,2,1.0,1.1039377579392836e-53,1,2018-04-19,working,1,True,0.9666666666666667,traffic,0.001
994,0,0,0.6124488585848697,False,,2,1.0,7.301426487518537e-41,1,2018-04-20,working,1,True,0.9666666666666667,traffic,0.001
995,1,1,0.13217017275778617,False,,2,0.9999999998729805,3.021372432032848e-09,0,2018-04-21,weekend,0,True,0.9666666666666667,traffic,0.001
996,1,1,0.9923339303574213,False,,2,1.0,6.457119700698549e-16,0,2018-04-22,weekend,0,True,0.9666666666666667,traffic,0.001
997,0,0,0.3439530661514673,False,,2,1.0,3.455667045635843e-59,1,2018-04-23,working,1,True,0.9666666666666667,traffic,0.001
998,0,0,0.3605391931753081,False,,2,1.0,6.358656651017892e-62,1,2018-04-24,working,1,True,0.9666666666666667,traffic,0.001
999,0,0,0.36545735888608555,False,,2,1.0,2.0245703898280255e-61,1,2018-04-25,working,1,True,0.9666666666666667,traffic,0.001
1000,0,0,0.48959761584461026,False,,2,1.0,5.316138387041568e-55,1,2018-04-26,working,1,True,0.9666666666666667,traffic,0.001
1001,0,0,0.6608662678706398,False,,2,1.0,2.6392929322378995e-42,1,2018-04-27,working,1,True,0.9666666666666667,traffic,0.001
1002,1,1,0.032752458097855236,False,,2,0.999999973725397,4.848889421302922e-07,0,2018-04-28,weekend,0,True,0.9666666666666667,traffic,0.001
1003,1,1,0.35539358974945484,False,,2,0.9999999999999991,3.729693981733881e-14,0,2018-04-29,weekend,0,True,0.9666666666666667,traffic,0.001
1004,0,0,0.41641458389792724,False,,2,1.0,1.6273380700011606e-59,1,2018-04-30,working,1,True,0.9666666666666667,traffic,0.001
1005,0,0,0.4571129106863075,False,,2,1.0,8.471779932238094e-56,1,2018-05-01,working,1,True,0.9666666666666667,traffic,0.001
1006,0,0,0.4520742216306626,False,,2,1.0,1.3636249155891918e-60,1,2018-05-02,working,1,True,0.9666666666666667,traffic,0.001
1007,0,0,0.4498341218947837,False,,2,1.0,1.0593112454363115e-54,1,2018-05-03,working,1,True,0.9666666666666667,traffic,0.001
1008,0,0,0.7333057750453729,False,,2,1.0,2.7695771618425286e-42,1,2018-05-04,working,1,True,0.9666666666666667,traffic,0.001
1009,1,1,0.6902286195563028,False,,2,1.0,8.588508460019276e-15,0,2018-05-06,weekend,0,True,0.9666666666666667,traffic,0.001
1010,0,0,0.3295004570140775,False,,2,1.0,2.834635284226323e-57,1,2018-05-07,working,1,True,0.9666666666666667,traffic,0.001
1011,0,0,0.3060040267396582,False,,2,1.0,1.0376158855805162e-59,1,2018-05-08,working,1,True,0.9666666666666667,traffic,0.001
1012,0,0,0.38560711492226696,False,,2,1.0,9.862886778075306e-59,1,2018-05-09,working,1,True,0.9666666666666667,traffic,0.001
1013,0,0,0.5558128117765291,False,,2,1.0,3.524551152708888e-51,1,2018-05-10,working,1,True,0.9666666666666667,traffic,0.001
1014,0,0,0.6014720456697809,False,,2,1.0,1.4660226979228075e-44,1,2018-05-11,working,1,True,0.9666666666666667,traffic,0.001
1015,1,1,0.45727044135989614,False,,2,0.9999999830697935,3.1988213543292864e-07,0,2018-05-12,weekend,0,True,0.9666666666666667,traffic,0.001
1016,1,1,0.9885919945759644,False,,2,1.0,7.022218796120384e-15,0,2018-05-13,weekend,0,True,0.9666666666666667,traffic,0.001
1017,0,0,0.29078350787657886,False,,2,1.0,1.2950682169807308e-57,1,2018-05-14,working,1,True,0.9666666666666667,traffic,0.001
1018,0,0,0.21410055330138075,False,,2,1.0,1.7582952042795587e-54,1,2018-05-15,working,1,True,1.0,traffic,0.001
1019,0,0,0.5359032294989168,False,,2,1.0,5.493613627114148e-41,1,2018-05-16,working,1,True,1.0,traffic,0.001
1020,0,0,0.490346826396712,False,,2,1.0,3.2509173324749117e-43,1,2018-05-17,working,1,True,1.0,traffic,0.001
1021,0,0,0.6062100712540004,False,,2,1.0,3.311598057609917e-39,1,2018-05-18,working,1,True,1.0,traffic,0.001
1022,1,1,0.6654506512104896,False,,2,0.9999999999901865,2.585562515268832e-10,0,2018-05-19,weekend,0,True,1.0,traffic,0.001
1023,1,1,0.9438067125583571,False,,2,1.0,3.357475149121942e-15,0,2018-05-20,weekend,0,True,1.0,traffic,0.001
1024,0,0,0.08826504375456824,False,,2,1.0,1.6433911661831297e-59,1,2018-05-21,working,1,True,1.0,traffic,0.001
1025,0,0,0.3763945260258665,False,,2,1.0,1.0580100295255042e-57,1,2018-05-22,working,1,True,1.0,traffic,0.001
1026,0,0,0.5072872722388966,False,,2,1.0,4.5035956661402196e-54,1,2018-05-23,working,1,True,1.0,traffic,0.001
1027,0,0,0.5009286902903691,False,,2,1.0,3.319211331174951e-53,1,2018-05-24,working,1,True,1.0,traffic,0.001
1028,0,0,0.5987858652766991,False,,2,1.0,2.0139288314891165e-41,1,2018-05-25,working,1,True,1.0,traffic,0.001
1029,1,1,0.7628044992136372,False,,2,0.9999999999999352,2.0409499714455206e-12,0,2018-05-26,weekend,0,True,1.0,traffic,0.001
1030,1,1,0.7433607201153294,False,,2,0.9999999999999991,4.3531033476777417e-14,0,2018-05-27,weekend,0,True,1.0,traffic,0.001
1031,1,1,0.9091579280641261,False,,2,1.0,3.02711051351151e-15,0,2018-05-28,holiday,0,True,1.0,traffic,0.001
1032,0,0,0.3015485738557635,False,,2,1.0,4.772501927424862e-60,1,2018-05-29,working,1,True,1.0,traffic,0.001
1033,0,0,0.4494914518529844,False,,2,1.0,4.190680579243351e-57,1,2018-05-30,working,1,True,1.0,traffic,0.001
1034,0,0,0.4854516954854563,False,,2,1.0,1.3149361344541163e-49,1,2018-05-31,working,1,True,1.0,traffic,0.001
1035,0,0,0.5563322461193672,False,,2,1.0,1.120350727053655e-37,1,2018-06-01,working,1,True,1.0,traffic,0.001
1036,1,1,0.9965452432316151,False,,2,1.0,2.2689180629401463e-14,0,2018-06-03,weekend,0,True,1.0,traffic,0.001
1037,0,0,0.4650915634887248,False,,2,1.0,1.93218871342409e-52,1,2018-06-04,working,1,True,1.0,traffic,0.001
1038,0,0,0.5287556535970928,False,,2,1.0,4.363494371843648e-51,1,2018-06-05,working,1,True,1.0,traffic,0.001
1039,0,0,0.6490263754455274,False,,2,1.0,6.80869774134119e-46,1,2018-06-06,working,1,True,1.0,traffic,0.001
1040,0,0,0.6648261469469741,False,,2,1.0,1.8330075890190828e-46,1,2018-06-07,working,1,True,1.0,traffic,0.001
1041,0,0,0.3292029421636142,False,,2,1.0,1.7252099338487664e-37,1,2018-06-08,working,1,True,1.0,traffic,0.001
1042,1,1,0.28472234820592196,False,,2,0.9999999999955849,1.1984853811220697e-10,0,2018-06-09,weekend,0,True,1.0,traffic,0.001
1043,1,1,0.964861536572499,False,,2,1.0,7.990773880655179e-17,0,2018-06-10,weekend,0,True,1.0,traffic,0.001
1044,0,0,0.34331112485387044,False,,2,1.0,2.743103653477047e-53,1,2018-06-11,working,1,True,1.0,traffic,0.001
1045,0,0,0.5097972495106899,False,,2,1.0,4.7906197435244986e-51,1,2018-06-12,working,1,True,1.0,traffic,0.001
1046,0,0,0.6603241421029464,False,,2,1.0,8.06340519311509e-47,1,2018-06-13,working,1,True,1.0,traffic,0.001
1047,0,0,0.5250125580100775,False,,2,1.0,5.630837579147991e-47,1,2018-06-14,working,1,True,1.0,traffic,0.001
1048,0,0,0.46854909428714675,False,,2,1.0,7.353086655299749e-37,1,2018-06-15,working,1,True,1.0,traffic,0.001
1049,1,1,0.986040759699368,False,,2,0.9999999999999982,4.065143383862727e-14,0,2018-06-16,weekend,0,True,1.0,traffic,0.001
1050,1,1,0.9979236231253231,False,,2,1.0,1.1015198557440051e-16,0,2018-06-17,weekend,0,True,1.0,traffic,0.001
1051,0,0,0.3904081629707538,False,,2,1.0,6.2901599173838375e-55,1,2018-06-18,working,1,True,1.0,traffic,0.001
1052,0,0,0.5012173775971096,False,,2,1.0,9.782648369055877e-52,1,2018-06-19,working,1,True,1.0,traffic,0.001
1053,0,0,0.5239089277054467,False,,2,1.0,4.907532563243753e-51,1,2018-06-20,working,1,True,1.0,traffic,0.001
1054,0,0,0.7705326259010818,False,,2,1.0,1.587210751535132e-45,1,2018-06-21,working,1,True,1.0,traffic,0.001
1055,0,0,0.25123094767630477,False,,2,1.0,9.009690937452178e-38,1,2018-06-22,working,1,True,1.0,traffic,0.001
1056,1,1,0.35656886614194216,False,,2,0.9999999999374154,1.5329787470163693e-09,0,2018-06-23,weekend,0,True,1.0,traffic,0.001
1057,1,1,0.955789238258571,False,,2,1.0,1.6865336906051502e-14,0,2018-06-24,weekend,0,True,1.0,traffic,0.001
1058,0,0,0.6542783883294172,False,,2,1.0,8.682142888541563e-49,1,2018-06-25,working,1,True,1.0,traffic,0.001
1059,0,0,0.5567906001358043,False,,2,1.0,1.2931887760400823e-50,1,2018-06-26,working,1,True,1.0,traffic,0.001
1060,0,0,0.6245055478515786,False,,2,1.0,5.844689873183459e-49,1,2018-06-27,working,1,True,1.0,traffic,0.001
1061,0,0,0.530092027608907,False,,2,1.0,6.718966251053552e-45,1,2018-06-28,working,1,True,1.0,traffic,0.001
1062,0,0,0.6707945094232259,False,,2,1.0,1.362208160713896e-34,1,2018-06-29,working,1,True,1.0,traffic,0.001
1063,1,1,0.8325185146254295,False,,2,0.9999999999992006,2.3049952545881423e-11,0,2018-06-30,weekend,0,True,1.0,traffic,0.001
1064,1,1,0.28809016935726656,False,,2,1.0,1.4230111100688968e-15,0,2018-07-01,weekend,0,True,1.0,traffic,0.001
1065,0,0,0.42652305744748964,False,,2,1.0,3.958919764578893e-36,1,2018-07-02,working,1,True,1.0,traffic,0.001
1066,0,0,0.6314963615883027,False,,2,1.0,5.7885630483304124e-40,1,2018-07-03,working,1,True,1.0,traffic,0.001
1067,1,1,0.029616930908693866,False,,2,0.9999999999959854,1.0936423372411355e-10,0,2018-07-04,holiday,0,True,1.0,traffic,0.001
1068,0,0,0.48374827152678135,False,,2,1.0,4.703463121850377e-32,1,2018-07-05,working,1,True,1.0,traffic,0.001
1069,0,0,0.6456308786081288,False,,2,1.0,1.73930721110868e-31,1,2018-07-06,working,1,True,1.0,traffic,0.001
1070,1,1,0.7845463889040758,False,,2,0.9999999999998632,4.181549267552894e-12,0,2018-07-07,weekend,0,True,1.0,traffic,0.001
1071,1,1,0.8433151792505172,False,,2,1.0,7.776848451107538e-17,0,2018-07-08,weekend,0,True,1.0,traffic,0.001
1072,0,0,0.49325859103042724,False,,2,1.0,1.899800617133737e-49,1,2018-07-09,working,1,True,1.0,traffic,0.001
1073,0,0,0.4519035402728247,False,,2,1.0,9.110159021397941e-51,1,2018-07-10,working,1,True,1.0,traffic,0.001
1074,0,0,0.693161630093989,False,,2,1.0,2.108836503130063e-49,1,2018-07-11,working,1,True,1.0,traffic,0.001
1075,0,0,0.49179793226621193,False,,2,1.0,2.471164388174268e-51,1,2018-07-12,working,1,True,1.0,traffic,0.001
1076,0,0,0.6311662184456017,False,,2,1.0,1.0737313328144642e-39,1,2018-07-13,working,1,True,1.0,traffic,0.001
1077,1,1,0.720595006268103,False,,2,0.9999999999928333,1.910717325343145e-10,0,2018-07-14,weekend,0,True,1.0,traffic,0.001
1078,1,1,0.9896093690145624,False,,2,1.0,2.309056590577133e-16,0,2018-07-15,weekend,0,True,1.0,traffic,0.001
1079,0,0,0.484815293819322,False,,2,1.0,9.116003571204756e-49,1,2018-07-16,working,1,True,1.0,traffic,0.001
1080,0,0,0.48034959571790203,False,,2,1.0,6.203717961253307e-54,1,2018-07-17,working,1,True,1.0,traffic,0.001
1081,0,0,0.5717838821420704,False,,2,1.0,7.451321413042536e-50,1,2018-07-18,working,1,True,1.0,traffic,0.001
1082,0,0,0.5012363052276145,False,,2,1.0,2.1033844194179425e-48,1,2018-07-19,working,1,True,1.0,traffic,0.001
1083,0,0,0.6965290942020705,False,,2,1.0,1.2992930868967594e-38,1,2018-07-20,working,1,True,1.0,traffic,0.001
1084,1,1,0.6828305118063032,False,,2,0.999999999971112,7.29937173645212e-10,0,2018-07-21,weekend,0,True,1.0,traffic,0.001
1085,1,1,0.8859310268007405,False,,2,1.0,1.7541908239105342e-16,0,2018-07-22,weekend,0,True,1.0,traffic,0.001
1086,0,0,0.4935075232984142,False,,2,1.0,2.0439513956371088e-50,1,2018-07-23,working,1,True,1.0,traffic,0.001
1087,0,0,0.5486133206317283,False,,2,1.0,5.251421119258294e-52,1,2018-07-24,working,1,True,1.0,traffic,0.001
1088,0,0,0.4141574778556878,False,,2,1.0,3.4343301418198627e-50,1,2018-07-25,working,1,True,1.0,traffic,0.001
1089,0,0,0.501022292913178,False,,2,1.0,8.684629522692034e-47,1,2018-07-26,working,1,True,1.0,traffic,0.001
1090,0,0,0.5648142828436902,False,,2,1.0,2.706261096161439e-38,1,2018-07-27,working,1,True,1.0,traffic,0.001
1091,1,1,0.47149947167035444,False,,2,0.9999999999397104,1.4790172511189052e-09,0,2018-07-28,weekend,0,True,1.0,traffic,0.001
1092,1,1,0.7513649288078422,False,,2,0.9999999999999991,1.9283876558129485e-14,0,2018-07-29,weekend,0,True,1.0,traffic,0.001
1093,0,0,0.4977481750700926,False,,2,1.0,5.439736190919622e-53,1,2018-07-30,working,1,True,1.0,traffic,0.001
1094,0,0,0.7751207207539658,False,,2,1.0,9.860177652266078e-45,1,2018-07-31,working,1,True,1.0,traffic,0.001
1095,0,0,0.7757986372984295,False,,2,1.0,5.294659865251998e-47,1,2018-08-01,working,1,True,1.0,traffic,0.001
1096,0,0,0.6262909561739252,False,,2,1.0,6.087943701035721e-47,1,2018-08-02,working,1,True,1.0,traffic,0.001
1097,0,0,0.7082580191716337,False,,2,1.0,1.1164443182644658e-37,1,2018-08-03,working,1,True,1.0,traffic,0.001
1098,1,1,0.7236145703276686,False,,2,0.9999999999390301,1.495024056888696e-09,0,2018-08-04,weekend,0,True,1.0,traffic,0.001
1099,1,1,0.9888792908974166,False,,2,1.0,1.3173292743399385e-16,0,2018-08-05,weekend,0,True,1.0,traffic,0.001
1100,0,0,0.4855589400232946,False,,2,1.0,1.5553572711026009e-50,1,2018-08-06,working,1,True,1.0,traffic,0.001
1101,0,0,0.5224428269088282,False,,2,1.0,8.132221592410642e-50,1,2018-08-08,working,1,True,1.0,traffic,0.001
1102,0,0,0.5778319345920897,False,,2,1.0,1.155267201142548e-42,1,2018-08-09,working,1,True,1.0,traffic,0.001
1103,0,0,0.6125997786302138,False,,2,1.0,2.8200269264522665e-36,1,2018-08-10,working,1,True,1.0,traffic,0.001
1104,1,1,0.5459185001222722,False,,2,0.9999999999974536,7.053313720282771e-11,0,2018-08-11,weekend,0,True,1.0,traffic,0.001
1105,1,1,0.9838577041396862,False,,2,1.0,1.6271021281786573e-16,0,2018-08-12,weekend,0,True,1.0,traffic,0.001
1106,0,0,0.54287933639942,False,,2,1.0,7.309096247471079e-51,1,2018-08-13,working,1,True,1.0,traffic,0.001
1107,0,0,0.24598953169500676,False,,2,1.0,1.6101638808157662e-52,1,2018-08-14,working,1,True,1.0,traffic,0.001
1108,0,0,0.5370659022211914,False,,2,1.0,8.122693919389081e-49,1,2018-08-15,working,1,True,1.0,traffic,0.001
1109,0,0,0.6546174486641871,False,,2,1.0,2.0041097882102927e-49,1,2018-08-16,working,1,True,1.0,traffic,0.001
1110,0,0,0.6692297963764449,False,,2,1.0,7.726529197315602e-37,1,2018-08-17,working,1,True,1.0,traffic,0.001
1111,1,1,0.759764815542286,False,,2,0.9999999999874243,3.2820820547265164e-10,0,2018-08-18,weekend,0,True,1.0,traffic,0.001
1112,1,1,0.8939905248501886,False,,2,1.0,1.0720048465305311e-16,0,2018-08-19,weekend,0,True,1.0,traffic,0.001
1113,0,0,0.36869428217367595,False,,2,1.0,2.691923198234997e-46,1,2018-08-20,working,1,True,1.0,traffic,0.001
1114,0,0,0.44649188004617524,False,,2,1.0,2.6276922029306428e-55,1,2018-08-21,working,1,True,1.0,traffic,0.001
1115,0,0,0.5582516037840135,False,,2,1.0,2.1738411377405657e-54,1,2018-08-22,working,1,True,1.0,traffic,0.001
1116,0,0,0.6761283973998298,False,,2,1.0,1.7361635994113218e-38,1,2018-08-24,working,1,True,1.0,traffic,0.001
1117,1,1,0.035750091751829687,False,,2,0.9999819382025932,0.0002153273745722244,0,2018-08-25,weekend,0,True,1.0,traffic,0.001
1118,1,1,0.8954031437974971,False,,2,0.9999999999999876,4.049184873215274e-13,0,2018-08-26,weekend,0,True,1.0,traffic,0.001
1119,0,0,0.3745300728116152,False,,2,1.0,2.6003217513492e-60,1,2018-08-27,working,1,True,1.0,traffic,0.001
1120,0,0,0.45915947772215615,False,,2,1.0,1.663835773814556e-58,1,2018-08-28,working,1,True,1.0,traffic,0.001
1121,0,0,0.5779308805227719,False,,2,1.0,2.179368707753619e-56,1,2018-08-29,working,1,True,1.0,traffic,0.001
1122,0,0,0.7297545927325735,False,,2,1.0,4.221670025867994e-48,1,2018-08-30,working,1,True,1.0,traffic,0.001
1123,0,0,0.734341262162777,False,,2,1.0,8.074539299620901e-38,1,2018-08-31,working,1,True,1.0,traffic,0.001
1124,1,1,0.5424948863495709,False,,2,0.9999999998122417,4.392772627411093e-09,0,2018-09-01,weekend,0,True,1.0,traffic,0.001
1125,1,1,0.9954958215719584,False,,2,1.0,7.254290643328529e-15,0,2018-09-02,weekend,0,True,1.0,traffic,0.001
1126,1,1,0.6861896016012514,False,,2,0.9999999999917559,2.1865115179047531e-10,0,2018-09-03,holiday,0,True,1.0,traffic,0.001
1127,0,0,0.3866095259870627,False,,2,1.0,7.667828732661213e-64,1,2018-09-04,working,1,True,1.0,traffic,0.001
1128,0,0,0.3554444804051194,False,,2,1.0,2.368057193160829e-64,1,2018-09-05,working,1,True,1.0,traffic,0.001
1129,0,0,0.47979186321447453,False,,2,1.0,3.553496845028872e-57,1,2018-09-06,working,1,True,1.0,traffic,0.001
1130,0,0,0.5562248862259385,False,,2,1.0,9.042203747198005e-50,1,2018-09-07,working,1,True,1.0,traffic,0.001
1131,1,1,0.6694004670498932,False,,2,0.9999999994166213,1.298727582706745e-08,0,2018-09-08,weekend,0,True,1.0,traffic,0.001
1132,1,1,0.505922546762118,False,,2,0.9999999999958238,1.1359388969265918e-10,0,2018-09-09,weekend,0,True,1.0,traffic,0.001
1133,0,0,0.30588882911476456,False,,2,1.0,3.570826097252004e-65,1,2018-09-10,working,1,True,1.0,traffic,0.001
1134,0,0,0.2040482427287884,False,,2,1.0,7.379914380763234e-59,1,2018-09-11,working,1,True,1.0,traffic,0.001
1135,0,0,0.19262592803604994,False,,2,1.0,7.887719554783576e-52,1,2018-09-12,working,1,True,1.0,traffic,0.001
1136,0,0,0.5987079186083679,False,,2,1.0,1.1637501592911075e-50,1,2018-09-13,working,1,True,1.0,traffic,0.001
1137,0,0,0.604204769523945,False,,2,1.0,1.2185795312572085e-47,1,2018-09-14,working,1,True,1.0,traffic,0.001
1138,1,1,0.7262240043087917,False,,2,0.9999999997388143,6.0244561758491275e-09,0,2018-09-15,weekend,0,True,1.0,traffic,0.001
1139,1,1,0.935134110941148,False,,2,1.0,2.4012843156221922e-15,0,2018-09-16,weekend,0,True,1.0,traffic,0.001
1140,0,0,0.26761122343361776,False,,2,1.0,1.7472814502545537e-67,1,2018-09-17,working,1,True,1.0,traffic,0.001
1141,0,0,0.30535556881951226,False,,2,1.0,2.2428404437668052e-58,1,2018-09-18,working,1,True,1.0,traffic,0.001
1142,0,0,0.42644267736670277,False,,2,1.0,1.7065129988445234e-57,1,2018-09-19,working,1,True,1.0,traffic,0.001
1143,0,0,0.49330948502301075,False,,2,1.0,4.007337980801139e-52,1,2018-09-20,working,1,True,1.0,traffic,0.001
1144,0,0,0.5262910162488186,False,,2,1.0,1.9485569535209122e-44,1,2018-09-21,working,1,True,1.0,traffic,0.001
1145,1,1,0.20681391665633034,False,,2,0.9999999999044205,2.3007004894676882e-09,0,2018-09-22,weekend,0,True,1.0,traffic,0.001
1146,1,1,0.6461355796188994,False,,2,0.9999999999998161,5.5743085444004855e-12,0,2018-09-23,weekend,0,True,1.0,traffic,0.001
1147,0,0,0.21327373731170662,False,,2,1.0,7.625262944405057e-68,1,2018-09-24,working,1,True,1.0,traffic,0.001
1148,0,0,0.27858737718384025,False,,2,1.0,7.828535553810079e-67,1,2018-09-25,working,1,True,1.0,traffic,0.001
1149,0,0,0.4034204076948987,False,,2,1.0,1.014147307845138e-58,1,2018-09-26,working,1,True,1.0,traffic,0.001
1150,0,0,0.5525240610870263,False,,2,1.0,2.0621050735623026e-51,1,2018-09-27,working,1,True,1.0,traffic,0.001
1151,0,0,0.22860366357314313,False,,2,1.0,1.1464661326383371e-41,1,2018-09-28,working,1,True,1.0,traffic,0.001
1152,1,1,0.10810099918836165,False,,2,0.9999999999995248,1.395795676140713e-11,0,2018-09-29,weekend,0,True,1.0,traffic,0.001
1153,1,1,0.21639743488606447,False,,2,1.0,4.138766576554803e-15,0,2018-09-30,weekend,0,True,1.0,traffic,0.001
0,0,0,0.16721779835097506,False,,2,1.0,5.086961716137871e-58,1,2013-01-14,working,1,True,,traffic,1e-06
1,0,0,0.3463403782293916,False,,2,1.0,7.722411463572787e-48,1,2013-01-17,working,1,True,,traffic,1e-06
2,0,0,0.5188000503927757,False,,2,1.0,2.8782474368058337e-40,1,2013-02-01,working,1,True,,traffic,1e-06
3,1,1,0.6291490649057281,False,,2,0.9999999995997433,9.061376348172759e-09,0,2013-02-02,weekend,0,True,,traffic,1e-06
4,0,0,0.518989936993645,False,,2,1.0,9.717093512994873e-48,1,2013-02-04,working,1,True,,traffic,1e-06
5,0,0,0.6727624846171951,False,,2,1.0,7.335418556651328e-40,0,2013-02-18,holiday,1,False,,traffic,1e-06
6,0,0,0.5889696350942915,False,,2,1.0,2.5654621856406853e-25,1,2013-02-22,working,1,True,,traffic,1e-06
7,1,1,0.9271379493112357,False,,2,0.9999999999983027,4.7700353585056696e-11,0,2013-02-23,weekend,0,True,,traffic,1e-06
8,1,1,0.6785364682699149,False,,2,1.0,5.143690443538877e-15,0,2013-02-24,weekend,0,True,,traffic,1e-06
9,0,0,0.28767109917373307,False,,2,1.0,1.3141708284096497e-43,1,2013-03-21,working,1,True,0.9,traffic,1e-06
10,0,0,0.4414579120341772,False,,2,1.0,2.6291605647881472e-30,1,2013-03-22,working,1,True,0.9090909090909091,traffic,1e-06
11,1,1,0.5744240813315891,False,,2,0.9999999999992237,2.241371869155307e-11,0,2013-03-23,weekend,0,True,0.9166666666666666,traffic,1e-06
12,1,1,0.792451716245957,False,,2,1.0,7.404173748379726e-17,0,2013-03-24,weekend,0,True,0.9230769230769231,traffic,1e-06
13,0,0,0.05854982746007425,False,,2,1.0,6.629118090977428e-41,1,2013-03-25,working,1,True,0.9285714285714286,traffic,1e-06
14,0,0,0.2934208222833687,False,,2,1.0,5.9565427050063306e-55,1,2013-03-26,working,1,True,0.9333333333333333,traffic,1e-06
15,0,0,0.47964403257043353,False,,2,1.0,1.3443025740783448e-40,1,2013-03-28,working,1,True,0.9375,traffic,1e-06
16,0,0,0.6158435514749776,False,,2,1.0,1.4538090739413414e-27,1,2013-03-29,working,1,True,0.9411764705882353,traffic,1e-06
17,1,1,0.6448448406940246,False,,2,0.9999999999999432,1.7922894196706984e-12,0,2013-03-30,weekend,0,True,0.9444444444444444,traffic,1e-06
18,1,1,0.34217851326304255,False,,2,1.0,3.8019282190319475e-17,0,2013-03-31,weekend,0,True,0.9473684210526315,traffic,1e-06
19,0,0,0.34868451579244747,False,,2,1.0,5.439384810272542e-54,1,2013-04-02,working,1,True,0.95,traffic,1e-06
20,0,0,0.3772355823623888,False,,2,1.0,9.29087191816669e-49,1,2013-04-03,working,1,True,0.9523809523809523,traffic,1e-06
21,1,1,0.5735517747217502,False,,2,1.0,5.776089403248278e-17,0,2013-04-07,weekend,0,True,0.9545454545454546,traffic,1e-06
22,0,0,0.24211568139033635,False,,2,1.0,6.930292525352293e-53,1,2013-04-08,working,1,True,0.9565217391304348,traffic,1e-06
23,0,0,0.22947028947132395,False,,2,1.0,1.3304651914869345e-53,1,2013-04-09,working,1,True,0.9583333333333334,traffic,1e-06
24,0,0,0.27577015600032795,False,,2,1.0,5.507002466796969e-58,1,2013-04-10,working,1,True,0.96,traffic,1e-06
25,0,0,0.24632056496074503,False,,2,1.0,2.263265607344221e-34,1,2013-04-11,working,1,True,0.9615384615384616,traffic,1e-06
26,0,0,0.6460310345489044,False,,2,1.0,1.036491336614887e-37,1,2013-04-12,working,1,True,0.9629629629629629,traffic,1e-06
27,1,1,0.06429916133056444,False,,2,0.9999999982095245,3.785205924558392e-08,0,2013-04-13,weekend,0,True,0.9642857142857143,traffic,1e-06
28,1,1,0.38777878024817813,False,,2,1.0,4.859160136467733e-15,0,2013-04-14,weekend,0,True,0.9655172413793104,traffic,1e-06
29,0,0,0.17784310777274104,False,,2,1.0,2.3690647387646627e-59,1,2013-04-15,working,1,True,0.9666666666666667,traffic,1e-06
30,0,0,0.2321631158590583,False,,2,1.0,8.044239252292735e-56,1,2013-04-16,working,1,True,0.9666666666666667,traffic,1e-06
31,0,0,0.17264756903359368,False,,2,1.0,3.362260053155805e-63,1,2013-04-18,working,1,True,0.9666666666666667,traffic,1e-06
32,1,1,0.5872595935461773,False,,2,1.0,7.147219189889564e-16,0,2013-04-21,weekend,0,True,0.9666666666666667,traffic,1e-06
33,0,0,0.1757726498106194,False,,2,1.0,8.12106351468212e-65,1,2013-04-22,working,1,True,0.9666666666666667,traffic,1e-06
34,0,0,0.36327346494439156,False,,2,1.0,1.5566396821726724e-52,1,2013-04-23,working,1,True,0.9666666666666667,traffic,1e-06
35,0,0,0.39414222886929207,False,,2,1.0,5.8299188317067945e-50,1,2013-04-25,working,1,True,1.0,traffic,1e-06
36,1,1,0.4092093062169492,False,,2,0.9999999997985713,4.698440836222171e-09,0,2013-04-27,weekend,0,True,1.0,traffic,1e-06
37,1,1,0.8989972413486886,False,,2,1.0,1.3964150617798263e-16,0,2013-04-28,weekend,0,True,1.0,traffic,1e-06
38,0,0,0.31246606285761636,False,,2,1.0,2.1855123391966417e-53,1,2013-04-29,working,1,True,1.0,traffic,1e-06
39,0,0,0.3842397253483002,False,,2,1.0,1.2915597630616016e-55,1,2013-04-30,working,1,True,1.0,traffic,1e-06
40,0,0,0.44715062020472884,False,,2,1.0,3.481433633133839e-51,1,2013-05-02,working,1,True,1.0,traffic,1e-06
41,0,0,0.500598411700985,False,,2,1.0,9.698307667046271e-40,1,2013-05-03,working,1,True,1.0,traffic,1e-06
42,1,1,0.5444733271534106,False,,2,0.9999999996921405,7.05040999842224e-09,0,2013-05-04,weekend,0,True,1.0,traffic,1e-06
43,1,1,0.605083310686426,False,,2,1.0,3.317676986243213e-15,0,2013-05-05,weekend,0,True,1.0,traffic,1e-06
44,0,0,0.32461915722807094,False,,2,1.0,1.2285649957948056e-54,1,2013-05-06,working,1,True,1.0,traffic,1e-06
45,0,0,0.04871521191368082,False,,2,1.0,3.484060454391979e-52,1,2013-05-07,working,1,True,1.0,traffic,1e-06
46,0,0,0.32633878976405106,False,,2,1.0,6.946405696174436e-43,1,2013-05-08,working,1,True,1.0,traffic,1e-06
47,0,0,0.5172436263970108,False,,2,1.0,8.756202273764775e-50,1,2013-05-09,working,1,True,1.0,traffic,1e-06
48,0,0,0.5563793672746093,False,,2,1.0,1.2439340683787162e-40,1,2013-05-10,working,1,True,1.0,traffic,1e-06
49,1,1,0.33021760801562805,False,,2,0.9999999992550039,1.6403057039593175e-08,0,2013-05-11,weekend,0,True,1.0,traffic,1e-06
50,1,1,0.9979884449693864,False,,2,1.0,3.1082766999967606e-16,0,2013-05-12,weekend,0,True,1.0,traffic,1e-06
51,0,0,0.21386880963512203,False,,2,1.0,2.7289310785539884e-61,1,2013-05-13,working,1,True,1.0,traffic,1e-06
52,0,0,0.41378470828548347,False,,2,1.0,2.7002182929919956e-50,1,2013-05-14,working,1,True,1.0,traffic,1e-06
53,0,0,0.4979610612766371,False,,2,1.0,1.0767780898902177e-48,1,2013-05-15,working,1,True,1.0,traffic,1e-06
54,0,0,0.43532566750828294,False,,2,1.0,1.543141176437655e-48,1,2013-05-16,working,1,True,1.0,traffic,1e-06
55,1,1,0.5693875805663102,False,,2,0.999999999995234,1.2901020778533636e-10,0,2013-05-18,weekend,0,True,1.0,traffic,1e-06
56,1,1,0.8510135363361799,False,,2,1.0,5.602330710279944e-16,0,2013-05-19,weekend,0,True,1.0,traffic,1e-06
57,0,0,0.34829398919476773,False,,2,1.0,2.3313832765781905e-53,1,2013-05-21,working,1,True,1.0,traffic,1e-06
58,0,0,0.2737454588190132,False,,2,1.0,3.0216802955594404e-59,1,2013-05-22,working,1,True,1.0,traffic,1e-06
59,0,0,0.40432175732534287,False,,2,1.0,6.289579433273675e-55,1,2013-05-23,working,1,True,1.0,traffic,1e-06
60,0,0,0.7525186811568041,False,,2,1.0,4.769339453353132e-40,1,2013-05-24,working,1,True,1.0,traffic,1e-06
61,1,1,0.7914562358170768,False,,2,0.9999999999968265,8.720285442594347e-11,0,2013-05-25,weekend,0,True,1.0,traffic,1e-06
62,1,1,0.9682899270640812,False,,2,1.0,3.839985566291007e-17,0,2013-05-26,weekend,0,True,1.0,traffic,1e-06
63,1,1,0.7372707347720282,False,,2,0.9999999999999982,4.8897547975373345e-14,0,2013-05-27,holiday,0,True,1.0,traffic,1e-06
64,0,0,0.6316338880453054,False,,2,1.0,3.1294377757625766e-46,1,2013-05-30,working,1,True,1.0,traffic,1e-06
65,0,0,0.6165668807596087,False,,2,1.0,9.056683152528985e-40,1,2013-05-31,working,1,True,1.0,traffic,1e-06
66,1,1,0.29436361209776934,False,,2,0.9999999802817727,3.6955354049687e-07,0,2013-06-01,weekend,0,True,1.0,traffic,1e-06
67,1,1,0.9932305311472237,False,,2,0.9999999999999964,1.0337935582094576e-13,0,2013-06-02,weekend,0,True,1.0,traffic,1e-06
68,0,0,0.4624941992547871,False,,2,1.0,2.0569327728050716e-55,1,2013-06-03,working,1,True,1.0,traffic,1e-06
69,0,0,0.3576256008364943,False,,2,1.0,2.808229727798839e-56,1,2013-06-04,working,1,True,1.0,traffic,1e-06
70,0,0,0.46115825088219153,False,,2,1.0,1.1413900198406153e-52,1,2013-06-05,working,1,True,1.0,traffic,1e-06
71,0,0,0.5523068871031418,False,,2,1.0,2.2270742337619824e-48,1,2013-06-06,working,1,True,1.0,traffic,1e-06
72,0,0,0.5301479544944021,False,,2,1.0,1.7813192810511445e-39,1,2013-06-07,working,1,True,1.0,traffic,1e-06
73,1,1,0.2573284662777119,False,,2,0.9999999999890075,2.8838152743189323e-10,0,2013-06-08,weekend,0,True,1.0,traffic,1e-06
74,-1,1,5.958468361254056e-09,True,,2,0.9999999994731255,1.1783061002200707e-08,0,2013-06-09,weekend,-1,False,0.9666666666666667,traffic,1e-06
75,0,0,0.37775978811478855,False,,2,1.0,3.0005798879083528e-49,1,2013-06-10,working,1,True,0.9666666666666667,traffic,1e-06
76,0,0,0.38125139994340257,False,,2,1.0,1.0925250440434617e-50,1,2013-06-12,working,1,True,0.9666666666666667,traffic,1e-06
77,0,0,0.6151350500012407,False,,2,1.0,1.5954444547700073e-35,1,2013-06-14,working,1,True,0.9666666666666667,traffic,1e-06
78,1,1,0.6929785770412857,False,,2,0.9999999999884537,3.0233207873482564e-10,0,2013-06-15,weekend,0,True,0.9666666666666667,traffic,1e-06
79,1,1,0.9153605730488812,False,,2,1.0,1.0934189099791344e-17,0,2013-06-16,weekend,0,True,0.9666666666666667,traffic,1e-06
80,0,0,0.5676752566276124,False,,2,1.0,1.0962163832950836e-48,1,2013-06-17,working,1,True,0.9666666666666667,traffic,1e-06
81,0,0,0.5008314863606673,False,,2,1.0,3.050756268440677e-54,1,2013-06-18,working,1,True,0.9666666666666667,traffic,1e-06
82,0,0,0.5359395868925156,False,,2,1.0,9.425514863685722e-55,1,2013-06-25,working,1,True,0.9666666666666667,traffic,1e-06
83,0,0,0.6235888833464278,False,,2,1.0,8.445698221199337e-48,1,2013-06-26,working,1,True,0.9666666666666667,traffic,1e-06
84,1,1,0.976453369947481,False,,2,1.0,4.331113817544547e-17,0,2013-06-30,weekend,0,True,0.9666666666666667,traffic,1e-06
85,0,0,0.511450851017323,False,,2,1.0,3.840784989341969e-46,1,2013-07-01,working,1,True,0.9666666666666667,traffic,1e-06
86,0,0,0.5940181310182657,False,,2,1.0,4.382725352322104e-50,1,2013-07-02,working,1,True,0.9666666666666667,traffic,1e-06
87,1,1,0.0015604284381393596,False,,2,0.9999999998895159,2.643461097002478e-09,0,2013-07-04,holiday,0,True,0.9666666666666667,traffic,1e-06
88,1,1,0.8280769853263104,False,,2,1.0,4.875210492448009e-16,0,2013-07-07,weekend,0,True,0.9666666666666667,traffic,1e-06
89,0,0,0.3901122918541314,False,,2,1.0,7.508185258915661e-52,1,2013-07-08,working,1,True,0.9666666666666667,traffic,1e-06
90,0,0,0.41575153380589525,False,,2,1.0,3.501133091125051e-48,1,2013-07-09,working,1,True,0.9666666666666667,traffic,1e-06
91,0,0,0.5044943029371487,False,,2,1.0,2.293361591215351e-46,1,2013-07-10,working,1,True,0.9666666666666667,traffic,1e-06
92,1,1,0.8821478816337722,False,,2,0.999999999999817,5.56069487604825e-12,0,2013-07-13,weekend,0,True,0.9666666666666667,traffic,1e-06
93,1,1,0.8496603756876514,False,,2,1.0,7.197216116925617e-16,0,2013-07-14,weekend,0,True,0.9666666666666667,traffic,1e-06
94,1,1,0.9267850303450701,False,,2,1.0,1.1539907097404202e-17,0,2013-07-21,weekend,0,True,0.9666666666666667,traffic,1e-06
95,0,0,0.5889317574271837,False,,2,1.0,1.6429157108494554e-47,1,2013-07-25,working,1,True,0.9666666666666667,traffic,1e-06
96,1,1,0.48896475054380584,False,,2,0.9999999997924318,4.835408347097215e-09,0,2013-07-27,weekend,0,True,0.9666666666666667,traffic,1e-06
97,1,1,0.9822484305167067,False,,2,1.0,1.643523692781906e-17,0,2013-07-28,weekend,0,True,0.9666666666666667,traffic,1e-06
98,0,0,0.5594810506588483,False,,2,1.0,1.8809527131216653e-33,1,2013-08-02,working,1,True,0.9666666666666667,traffic,1e-06
99,1,1,0.9681388669478042,False,,2,1.0,1.583021753904064e-17,0,2013-08-04,weekend,0,True,0.9666666666666667,traffic,1e-06
100,0,0,0.43670103039632036,False,,2,1.0,1.7244460570244213e-52,1,2013-08-06,working,1,True,0.9666666666666667,traffic,1e-06
101,0,0,0.5238394343799566,False,,2,1.0,2.664792862859645e-56,1,2013-08-12,working,1,True,0.9666666666666667,traffic,1e-06
102,0,0,0.665622119207423,False,,2,1.0,4.605747367766711e-54,1,2013-08-13,working,1,True,0.9666666666666667,traffic,1e-06
103,1,1,0.6386268646198843,False,,2,0.9999999999914913,2.2540112420715171e-10,0,2013-08-17,weekend,0,True,0.9666666666666667,traffic,1e-06
104,0,0,0.6029742730925407,False,,2,1.0,2.2575525180258771e-54,1,2013-08-19,working,1,True,1.0,traffic,1e-06
105,0,0,0.5225256737973563,False,,2,1.0,1.3070900590637637e-53,1,2013-08-20,working,1,True,1.0,traffic,1e-06
106,0,0,0.6103883521475426,False,,2,1.0,1.2556957273209604e-51,0,2013-08-22,holiday,1,False,0.9666666666666667,traffic,1e-06
107,0,0,0.4525426688201842,False,,2,1.0,5.133325894188867e-60,1,2013-10-09,working,1,True,0.9666666666666667,traffic,1e-06
108,0,0,0.3807948399249925,False,,2,1.0,2.413764097131081e-54,1,2013-10-10,working,1,True,0.9666666666666667,traffic,1e-06
109,1,1,0.521898074483758,False,,2,0.9999999999999991,2.706525519043329e-14,0,2013-11-10,weekend,0,True,0.9666666666666667,traffic,1e-06
110,0,0,0.2608984785018841,False,,2,1.0,5.507149613040391e-68,1,2013-11-12,working,1,True,0.9666666666666667,traffic,1e-06
111,0,0,0.46141320402604347,False,,2,1.0,2.9965149986221844e-59,1,2013-11-13,working,1,True,0.9666666666666667,traffic,1e-06
112,0,0,0.5312156217966428,False,,2,1.0,7.1754789098355e-46,1,2013-11-15,working,1,True,0.9666666666666667,traffic,1e-06
113,0,0,0.24049600905458804,False,,2,1.0,1.3253215788680658e-71,1,2013-11-19,working,1,True,0.9666666666666667,traffic,1e-06
114,0,0,0.42294734978499143,False,,2,1.0,8.277814939039958e-65,1,2013-11-20,working,1,True,0.9666666666666667,traffic,1e-06
115,0,0,0.5883704116396591,False,,2,1.0,1.513467987283281e-57,1,2013-11-21,working,1,True,0.9666666666666667,traffic,1e-06
116,0,0,0.3119708862390685,False,,2,1.0,3.6504736125967075e-44,1,2013-11-22,working,1,True,0.9666666666666667,traffic,1e-06
117,1,1,0.6603124394675399,False,,2,0.9999999999973248,7.395504008531217e-11,0,2013-11-23,weekend,0,True,0.9666666666666667,traffic,1e-06
118,1,1,0.8814663543728416,False,,2,1.0,1.2511329061644101e-15,0,2013-11-24,weekend,0,True,0.9666666666666667,traffic,1e-06
119,0,0,0.7546605626492584,False,,2,1.0,1.494836294282894e-45,1,2013-11-27,working,1,True,0.9666666666666667,traffic,1e-06
120,1,1,0.20514246909969652,False,,2,0.9999999999999725,8.922111131204367e-13,0,2013-11-30,weekend,0,True,0.9666666666666667,traffic,1e-06
121,1,1,0.3504535720955026,False,,2,1.0,6.761454058425459e-15,0,2013-12-01,weekend,0,True,0.9666666666666667,traffic,1e-06
122,0,0,0.44248804669954983,False,,2,1.0,5.197147814893453e-64,1,2013-12-02,working,1,True,0.9666666666666667,traffic,1e-06
123,0,0,0.5719647958493803,False,,2,1.0,5.999972240609353e-51,1,2013-12-04,working,1,True,0.9666666666666667,traffic,1e-06
124,0,0,0.6677982108634855,False,,2,1.0,4.636907455233705e-55,1,2013-12-12,working,1,True,0.9666666666666667,traffic,1e-06
125,0,0,0.736488299568625,False,,2,1.0,3.5766732902686245e-47,1,2013-12-13,working,1,True,0.9666666666666667,traffic,1e-06
126,1,1,0.70038441613296,False,,2,0.9999999999958682,1.1243966277150906e-10,0,2013-12-14,weekend,0,True,0.9666666666666667,traffic,1e-06
127,1,1,0.5812390569309234,False,,2,0.9999999999999956,1.513052747416684e-13,0,2013-12-15,weekend,0,True,0.9666666666666667,traffic,1e-06
128,0,0,0.504842142052754,False,,2,1.0,3.1079886647089794e-51,1,2013-12-30,working,1,True,0.9666666666666667,traffic,1e-06
129,1,1,0.10386379975631516,False,,2,0.9999999999874237,3.2823099358650793e-10,0,2014-01-18,weekend,0,True,0.9666666666666667,traffic,1e-06
130,0,0,0.6386377972803248,False,,2,1.0,1.1785304141334476e-60,1,2014-01-22,working,1,True,0.9666666666666667,traffic,1e-06
131,1,1,0.14698470951585307,False,,2,0.9999999987343411,2.7196066913262555e-08,0,2014-01-25,weekend,0,True,0.9666666666666667,traffic,1e-06
132,0,0,0.37172522299156596,False,,2,1.0,1.0035093682095366e-60,1,2014-01-27,working,1,True,0.9666666666666667,traffic,1e-06
133,0,0,0.5055461779668846,False,,2,1.0,3.657749715891893e-55,1,2014-01-28,working,1,True,0.9666666666666667,traffic,1e-06
134,0,0,0.4597928143901343,False,,2,1.0,1.0012372275925374e-61,1,2014-01-29,working,1,True,0.9666666666666667,traffic,1e-06
135,0,0,0.5743616636268567,False,,2,1.0,2.0652385357351475e-40,1,2014-01-30,working,1,True,0.9666666666666667,traffic,1e-06
136,0,0,0.6696901251502505,False,,2,1.0,1.5891145462711628e-40,1,2014-01-31,working,1,True,1.0,traffic,1e-06
137,1,1,0.6489023112422916,False,,2,0.9999999999982467,4.922271761942184e-11,0,2014-02-01,weekend,0,True,1.0,traffic,1e-06
138,1,1,0.1266575165223363,False,,2,0.9999999999999831,5.526942734195192e-13,0,2014-02-02,weekend,0,True,1.0,traffic,1e-06
139,0,0,0.43411068970592903,False,,2,1.0,5.67929731687597e-63,1,2014-02-03,working,1,True,1.0,traffic,1e-06
140,0,0,0.3816396294060013,False,,2,1.0,5.304629472858081e-62,1,2014-02-04,working,1,True,1.0,traffic,1e-06
141,0,0,0.34361798698194773,False,,2,1.0,9.0857979959027e-65,1,2014-02-05,working,1,True,1.0,traffic,1e-06
142,0,0,0.5358190583047246,False,,2,1.0,3.380727337965841e-53,1,2014-02-06,working,1,True,1.0,traffic,1e-06
143,0,0,0.6609276119073988,False,,2,1.0,8.859277690272587e-45,1,2014-02-07,working,1,True,1.0,traffic,1e-06
144,1,1,0.6679851686369513,False,,2,0.9999999999940483,1.5979328354617845e-10,0,2014-02-08,weekend,0,True,1.0,traffic,1e-06
145,1,1,0.10541880153844801,False,,2,0.9999999999999998,6.866940303711332e-15,0,2014-02-09,weekend,0,True,1.0,traffic,1e-06
146,0,0,0.2028489224929468,False,,2,1.0,1.4467292525006983e-56,1,2014-02-10,working,1,True,1.0,traffic,1e-06
147,0,0,0.4729013254553901,False,,2,1.0,4.254033237772878e-61,1,2014-02-11,working,1,True,1.0,traffic,1e-06
148,0,0,0.5531032594349494,False,,2,1.0,1.4064396349310952e-59,1,2014-02-12,working,1,True,1.0,traffic,1e-06
149,0,0,0.5440540389470978,False,,2,1.0,1.5894321663456606e-56,1,2014-02-13,working,1,True,1.0,traffic,1e-06
150,0,0,0.5527219888006003,False,,2,1.0,2.4380191122905522e-42,1,2014-02-14,working,1,True,1.0,traffic,1e-06
151,1,1,0.3334486540465752,False,,2,0.9999999999099751,2.172384380126376e-09,0,2014-02-15,weekend,0,True,1.0,traffic,1e-06
152,1,1,0.8159560885750062,False,,2,1.0,5.025290781258721e-15,0,2014-02-16,weekend,0,True,1.0,traffic,1e-06
153,0,0,0.17584232248560447,False,,2,1.0,4.58846295465619e-48,0,2014-02-17,holiday,1,False,0.9666666666666667,traffic,1e-06
154,0,0,0.6264186710561876,False,,2,1.0,6.686406103717521e-57,1,2014-02-18,working,1,True,0.9666666666666667,traffic,1e-06
155,0,0,0.596623738025174,False,,2,1.0,4.215191725985254e-56,1,2014-02-19,working,1,True,0.9666666666666667,traffic,1e-06
156,0,0,0.04779580206996903,False,,2,1.0,5.434543606220277e-75,1,2014-02-20,working,1,True,0.9666666666666667,traffic,1e-06
157,0,0,0.01858661009700338,False,,2,1.0,8.380884534235327e-40,1,2014-02-21,working,1,True,0.9666666666666667,traffic,1e-06
158,1,1,0.09076685244510439,False,,2,0.9999999495843414,8.975481546256127e-07,0,2014-02-22,weekend,0,True,0.9666666666666667,traffic,1e-06
159,1,1,0.7434002977583056,False,,2,1.0,1.278107706333276e-16,0,2014-02-23,weekend,0,True,0.9666666666666667,traffic,1e-06
160,0,0,0.4870479261506876,False,,2,1.0,1.0434035267082908e-59,1,2014-02-24,working,1,True,0.9666666666666667,traffic,1e-06
161,0,0,0.7087160741135667,False,,2,1.0,1.9970319778034532e-55,1,2014-02-25,working,1,True,0.9666666666666667,traffic,1e-06
162,0,0,0.6226997972825397,False,,2,1.0,9.48370494447914e-56,1,2014-02-26,working,1,True,0.9666666666666667,traffic,1e-06
163,0,0,0.7180418081911566,False,,2,1.0,5.884107624404865e-53,1,2014-02-27,working,1,True,0.9666666666666667,traffic,1e-06
164,0,0,0.6376319109502337,False,,2,1.0,4.135940807865585e-43,1,2014-02-28,working,1,True,0.9666666666666667,traffic,1e-06
165,1,1,0.6540874737515079,False,,2,0.9999999998729319,3.0224877246975684e-09,0,2014-03-01,weekend,0,True,0.9666666666666667,traffic,1e-06
166,1,1,0.34992490959766814,False,,2,1.0,1.0870861034527457e-14,0,2014-03-02,weekend,0,True,0.9666666666666667,traffic,1e-06
167,0,0,0.23947146528248073,False,,2,1.0,1.158217311068686e-47,1,2014-03-03,working,1,True,0.9666666666666667,traffic,1e-06
168,0,0,0.422771678930576,False,,2,1.0,3.743192592248684e-58,1,2014-03-05,working,1,True,0.9666666666666667,traffic,1e-06
169,0,0,0.38653502854522537,False,,2,1.0,2.417748583058752e-52,1,2014-03-06,working,1,True,0.9666666666666667,traffic,1e-06
170,0,0,0.4562802695907735,False,,2,1.0,3.5962053077199733e-41,1,2014-03-07,working,1,True,0.9666666666666667,traffic,1e-06
171,1,1,0.5338789019540584,False,,2,0.9999999999998455,4.723386508290172e-12,0,2014-03-08,weekend,0,True,0.9666666666666667,traffic,1e-06
172,0,0,0.4668318076638992,False,,2,1.0,3.0888054279023784e-47,1,2014-03-10,working,1,True,0.9666666666666667,traffic,1e-06
173,0,0,0.4537817003496393,False,,2,1.0,6.049448173019013e-48,1,2014-03-11,working,1,True,0.9666666666666667,traffic,1e-06
174,0,0,0.3057628275490892,False,,2,1.0,1.0248833271818583e-52,1,2014-03-12,working,1,True,0.9666666666666667,traffic,1e-06
175,0,0,0.49326621356122036,False,,2,1.0,3.863664229288377e-49,1,2014-03-13,working,1,True,0.9666666666666667,traffic,1e-06
176,0,0,0.7682199303288594,False,,2,1.0,5.120204118610945e-41,1,2014-03-14,working,1,True,0.9666666666666667,traffic,1e-06
177,1,1,0.07388922891814294,False,,2,0.9999999985476308,3.1008185097699697e-08,0,2014-03-15,weekend,0,True,0.9666666666666667,traffic,1e-06
178,1,1,0.16355200165385317,False,,2,0.9999999999999998,6.804902121340681e-15,0,2014-03-16,weekend,0,True,0.9666666666666667,traffic,1e-06
179,0,0,0.25829265284220587,False,,2,1.0,4.521390075567114e-59,1,2014-03-17,working,1,True,0.9666666666666667,traffic,1e-06
180,0,0,0.4745442404019783,False,,2,1.0,1.0241948813958283e-49,1,2014-03-18,working,1,True,0.9666666666666667,traffic,1e-06
181,0,0,0.7994720528535942,False,,2,1.0,7.416203763233836e-51,1,2014-03-19,working,1,True,0.9666666666666667,traffic,1e-06
182,0,0,0.6176289509132145,False,,2,1.0,2.0570980921318833e-54,1,2014-03-20,working,1,True,0.9666666666666667,traffic,1e-06
183,0,0,0.6434176779991707,False,,2,1.0,1.0283915692997833e-41,1,2014-03-21,working,1,True,1.0,traffic,1e-06
184,1,1,0.6296732839402572,False,,2,0.9999999999943796,1.5121334805447861e-10,0,2014-03-22,weekend,0,True,1.0,traffic,1e-06
185,1,1,0.549419320325528,False,,2,1.0,7.179754377198969e-15,0,2014-03-23,weekend,0,True,1.0,traffic,1e-06
186,0,0,0.30565152420020364,False,,2,1.0,1.8275368918038876e-66,1,2014-03-24,working,1,True,1.0,traffic,1e-06
187,0,0,0.4048216800355169,False,,2,1.0,8.799952354922466e-63,1,2014-03-25,working,1,True,1.0,traffic,1e-06
188,0,0,0.41613864257593397,False,,2,1.0,6.3205058720819185e-56,1,2014-03-26,working,1,True,1.0,traffic,1e-06
189,0,0,0.4737318549969729,False,,2,1.0,5.881749106289538e-53,1,2014-03-27,working,1,True,1.0,traffic,1e-06
190,0,0,0.777016757612342,False,,2,1.0,2.5759745305774073e-46,1,2014-03-28,working,1,True,1.0,traffic,1e-06
191,1,1,0.5005646154999608,False,,2,0.9999999999797646,5.185035958172868e-10,0,2014-03-29,weekend,0,True,1.0,traffic,1e-06
192,1,1,0.658572964399387,False,,2,1.0,1.3365184284414713e-15,0,2014-03-30,weekend,0,True,1.0,traffic,1e-06
193,0,0,0.5832863547406344,False,,2,1.0,1.9897710835995005e-54,1,2014-03-31,working,1,True,1.0,traffic,1e-06
194,0,0,0.5138717248050808,False,,2,1.0,1.8674657215651993e-57,1,2014-04-01,working,1,True,1.0,traffic,1e-06
195,0,0,0.39810088328251864,False,,2,1.0,1.0696935329900539e-59,1,2014-04-03,working,1,True,1.0,traffic,1e-06
196,0,0,0.6947398308925856,False,,2,1.0,4.100021231025803e-25,1,2014-04-04,working,1,True,1.0,traffic,1e-06
197,1,1,0.16585771995055534,False,,2,0.9999999999575442,1.0564087953739028e-09,0,2014-04-05,weekend,0,True,1.0,traffic,1e-06
198,1,1,0.9084775724388474,False,,2,1.0,1.7005155276897424e-16,0,2014-04-06,weekend,0,True,1.0,traffic,1e-06
199,0,0,0.39679979276552685,False,,2,1.0,1.5521228348567925e-62,1,2014-04-07,working,1,True,1.0,traffic,1e-06
200,0,0,0.20292505545152015,False,,2,1.0,4.9379289063195025e-62,1,2014-04-08,working,1,True,1.0,traffic,1e-06
201,0,0,0.5697914279162655,False,,2,1.0,7.579056275936974e-56,1,2014-04-09,working,1,True,1.0,traffic,1e-06
202,0,0,0.5018849507130592,False,,2,1.0,9.718808389454322e-51,1,2014-04-10,working,1,True,1.0,traffic,1e-06
203,0,0,0.657683662589664,False,,2,1.0,8.898336626029103e-44,1,2014-04-11,working,1,True,1.0,traffic,1e-06
204,1,1,0.4319406434096517,False,,2,0.9999999998651186,3.2002872790104527e-09,0,2014-04-12,weekend,0,True,1.0,traffic,1e-06
205,1,1,0.653176688011855,False,,2,1.0,6.420855526790505e-16,0,2014-04-13,weekend,0,True,1.0,traffic,1e-06
206,0,0,0.3799752741303536,False,,2,1.0,1.2802465653363836e-63,1,2014-04-14,working,1,True,1.0,traffic,1e-06
207,0,0,0.42438898654687984,False,,2,1.0,4.6137776516056996e-61,1,2014-04-15,working,1,True,1.0,traffic,1e-06
208,0,0,0.3904737960362241,False,,2,1.0,3.570184287827293e-64,1,2014-04-16,working,1,True,1.0,traffic,1e-06
209,0,0,0.5699624202713471,False,,2,1.0,2.01434539496377e-54,1,2014-04-17,working,1,True,1.0,traffic,1e-06
210,0,0,0.6712636666694405,False,,2,1.0,7.611254315080588e-34,1,2014-04-18,working,1,True,1.0,traffic,1e-06
211,1,1,0.3171287820118881,False,,2,0.999999999998971,2.9435956295523304e-11,0,2014-04-19,weekend,0,True,1.0,traffic,1e-06
212,0,0,0.33586351318418417,False,,2,1.0,1.1812437324732153e-54,1,2014-04-21,working,1,True,1.0,traffic,1e-06
213,0,0,0.3114949606912724,False,,2,1.0,4.0401106135415194e-60,1,2014-04-22,working,1,True,1.0,traffic,1e-06
214,0,0,0.39821155416660736,False,,2,1.0,8.769702981245293e-62,1,2014-04-23,working,1,True,1.0,traffic,1e-06
215,0,0,0.16710186569913313,False,,2,1.0,2.0121321098599723e-50,1,2014-04-24,working,1,True,1.0,traffic,1e-06
216,0,0,0.3049869208902992,False,,2,1.0,4.142058504607172e-34,1,2014-04-25,working,1,True,1.0,traffic,1e-06
217,1,1,0.3254613729729554,False,,2,0.9999999999988032,3.405450105401914e-11,0,2014-04-26,weekend,0,True,1.0,traffic,1e-06
218,1,1,0.5140572679861202,False,,2,1.0,1.6743609865713668e-15,0,2014-04-27,weekend,0,True,1.0,traffic,1e-06
219,0,0,0.04440291167075233,False,,2,1.0,8.059479837487027e-63,1,2014-04-28,working,1,True,1.0,traffic,1e-06
220,0,0,0.45688851399367025,False,,2,1.0,3.650545580119071e-61,1,2014-05-05,working,1,True,1.0,traffic,1e-06
221,0,0,0.31025899195933315,False,,2,1.0,2.6465569087657897e-51,1,2014-05-07,working,1,True,1.0,traffic,1e-06
222,0,0,0.5741993865864496,False,,2,1.0,2.1828386054289917e-55,1,2014-05-08,working,1,True,1.0,traffic,1e-06
223,0,0,0.20949519603765,False,,2,1.0,2.2637211980282662e-42,1,2014-05-09,working,1,True,1.0,traffic,1e-06
224,1,1,0.5095831772126114,False,,2,0.9999999999999645,1.1401779132775497e-12,0,2014-05-10,weekend,0,True,1.0,traffic,1e-06
225,1,1,0.7877948574933469,False,,2,1.0,5.678930454979008e-15,0,2014-05-11,weekend,0,True,1.0,traffic,1e-06
226,0,0,0.33604177999907975,False,,2,1.0,5.173227393669603e-65,1,2014-05-12,working,1,True,1.0,traffic,1e-06
227,0,0,0.07363475431226879,False,,2,1.0,5.041994047707404e-56,1,2014-05-13,working,1,True,1.0,traffic,1e-06
228,0,0,0.29053159387574734,False,,2,1.0,6.810324605990538e-44,1,2014-05-14,working,1,True,1.0,traffic,1e-06
229,0,0,0.5690206204451818,False,,2,1.0,7.375763500842376e-52,1,2014-05-15,working,1,True,1.0,traffic,1e-06
230,0,0,0.7534724902106053,False,,2,1.0,2.445192894475858e-37,1,2014-05-16,working,1,True,1.0,traffic,1e-06
231,1,1,0.28153429204355696,False,,2,0.999999999657156,7.814699440523179e-09,0,2014-05-17,weekend,0,True,1.0,traffic,1e-06
232,1,1,0.9816644706841265,False,,2,1.0,9.41539663604432e-15,0,2014-05-18,weekend,0,True,1.0,traffic,1e-06
233,0,0,0.47722373569803733,False,,2,1.0,5.10814875131165e-58,1,2014-05-19,working,1,True,1.0,traffic,1e-06
234,0,0,0.2755325957379385,False,,2,1.0,3.5170345784217576e-56,1,2014-05-20,working,1,True,1.0,traffic,1e-06
235,0,0,0.6178459770219835,False,,2,1.0,7.432160975433146e-51,1,2014-05-22,working,1,True,1.0,traffic,1e-06
236,0,0,0.6292586458611547,False,,2,1.0,8.284681027911855e-42,1,2014-05-23,working,1,True,1.0,traffic,1e-06
237,1,1,0.5610686604231665,False,,2,0.9999999999984999,4.234103482081832e-11,0,2014-05-24,weekend,0,True,1.0,traffic,1e-06
238,1,1,0.8514794035522671,False,,2,1.0,3.9294473647668293e-17,0,2014-05-25,weekend,0,True,1.0,traffic,1e-06
239,1,1,0.9118651047573111,False,,2,1.0,2.336312586436014e-14,0,2014-05-26,holiday,0,True,1.0,traffic,1e-06
240,0,0,0.5057627947995533,False,,2,1.0,1.836767608404505e-55,1,2014-05-27,working,1,True,1.0,traffic,1e-06
241,0,0,0.5373282065903011,False,,2,1.0,9.413040983556992e-58,1,2014-05-28,working,1,True,1.0,traffic,1e-06
242,0,0,0.6345690777156301,False,,2,1.0,7.978517014486222e-50,1,2014-05-29,working,1,True,1.0,traffic,1e-06
243,0,0,0.6460391730278361,False,,2,1.0,1.6832473210924521e-41,1,2014-05-30,working,1,True,1.0,traffic,1e-06
244,1,1,0.3900416257676628,False,,2,0.9999999996649729,7.644241893231222e-09,0,2014-05-31,weekend,0,True,1.0,traffic,1e-06
245,1,1,0.9819605825308567,False,,2,1.0,2.6326090646563648e-14,0,2014-06-01,weekend,0,True,1.0,traffic,1e-06
246,0,0,0.6627146039000937,False,,2,1.0,3.516908045645853e-54,1,2014-06-02,working,1,True,1.0,traffic,1e-06
247,0,0,0.6517259186664659,False,,2,1.0,3.907603645235983e-49,1,2014-06-05,working,1,True,1.0,traffic,1e-06
248,0,0,0.48048272312576623,False,,2,1.0,2.3166551121133166e-39,1,2014-06-06,working,1,True,1.0,traffic,1e-06
249,1,1,0.6121902112178066,False,,2,0.9999999999973559,7.312201581520917e-11,0,2014-06-07,weekend,0,True,1.0,traffic,1e-06
250,1,1,0.8726502060956574,False,,2,1.0,1.0658819952113217e-15,0,2014-06-08,weekend,0,True,1.0,traffic,1e-06
251,1,1,0.7728092989400068,False,,2,1.0,1.0363680301152268e-17,0,2014-07-06,weekend,0,True,1.0,traffic,1e-06
252,0,0,0.44525032672638815,False,,2,1.0,1.5849255121502465e-47,1,2014-07-07,working,1,True,1.0,traffic,1e-06
253,0,0,0.6124650307223705,False,,2,1.0,6.236170260552135e-50,1,2014-07-09,working,1,True,1.0,traffic,1e-06
254,0,0,0.7121844890880822,False,,2,1.0,5.728999441435776e-43,1,2014-07-10,working,1,True,1.0,traffic,1e-06
255,1,1,0.5039832154368284,False,,2,0.999999999997673,6.46564971514845e-11,0,2014-07-12,weekend,0,True,1.0,traffic,1e-06
256,1,1,0.9873047665272939,False,,2,1.0,7.077463573609616e-16,0,2014-07-13,weekend,0,True,1.0,traffic,1e-06
257,0,0,0.7040999479229815,False,,2,1.0,1.1955699999394507e-52,1,2014-07-15,working,1,True,1.0,traffic,1e-06
258,0,0,0.6402528394238747,False,,2,1.0,1.0154504888566546e-46,1,2014-07-16,working,1,True,1.0,traffic,1e-06
259,0,0,0.6490929014950046,False,,2,1.0,8.26782784210511e-47,1,2014-07-17,working,1,True,1.0,traffic,1e-06
260,0,0,0.6879173977296759,False,,2,1.0,1.0668347780759266e-38,1,2014-07-18,working,1,True,1.0,traffic,1e-06
261,1,1,0.7686663650678945,False,,2,0.9999999999978861,5.893047670859976e-11,0,2014-07-19,weekend,0,True,1.0,traffic,1e-06
262,1,1,0.7097691965121604,False,,2,1.0,2.4977377023702473e-17,0,2014-07-20,weekend,0,True,1.0,traffic,1e-06
263,0,0,0.4808920484772392,False,,2,1.0,6.994004191346742e-47,1,2014-07-21,working,1,True,1.0,traffic,1e-06
264,0,0,0.6957367215016008,False,,2,1.0,9.582310138042442e-51,1,2014-07-22,working,1,True,1.0,traffic,1e-06
265,0,0,0.7538283292442924,False,,2,1.0,1.618517011589769e-49,1,2014-07-23,working,1,True,1.0,traffic,1e-06
266,1,1,0.6633058469573951,False,,2,0.9999999999997149,8.52921045653553e-12,0,2014-07-26,weekend,0,True,1.0,traffic,1e-06
267,0,0,0.7439813703461138,False,,2,1.0,3.8085062078257555e-52,1,2014-08-05,working,1,True,1.0,traffic,1e-06
268,0,0,0.7923316225256896,False,,2,1.0,8.484860697298137e-49,1,2014-08-06,working,1,True,1.0,traffic,1e-06
269,1,1,0.9662955813228908,False,,2,1.0,3.479528167161748e-17,0,2015-06-28,weekend,0,True,1.0,traffic,1e-06
270,0,0,0.22430604395074163,False,,2,1.0,1.380438675411883e-32,1,2015-07-02,working,1,True,1.0,traffic,1e-06
271,1,1,0.003931170606355596,False,,2,0.9997739953365447,0.002123278084828982,0,2015-07-03,holiday,0,True,1.0,traffic,1e-06
272,1,1,8.505597266346438e-05,False,,2,0.99999999999552,1.2153585613377898e-10,0,2015-07-04,weekend,0,True,1.0,traffic,1e-06
273,1,1,0.27098159697567364,False,,2,1.0,5.891675618820976e-18,0,2015-07-05,weekend,0,True,1.0,traffic,1e-06
274,0,0,0.5735364383250832,False,,2,1.0,3.675519699561496e-41,1,2015-07-06,working,1,True,1.0,traffic,1e-06
275,0,0,0.4121431288514291,False,,2,1.0,8.737001622283059e-50,1,2015-07-07,working,1,True,1.0,traffic,1e-06
276,0,0,0.5597325014434469,False,,2,1.0,2.6986137317458568e-48,1,2015-07-08,working,1,True,1.0,traffic,1e-06
277,0,0,0.5460101845155663,False,,2,1.0,1.0467307472707998e-45,1,2015-07-09,working,1,True,1.0,traffic,1e-06
278,0,0,0.6089909374905933,False,,2,1.0,1.8650569855501754e-36,1,2015-07-10,working,1,True,1.0,traffic,1e-06
279,1,1,0.9099191342647155,False,,2,0.9999999999999734,8.510599240706466e-13,0,2015-07-11,weekend,0,True,1.0,traffic,1e-06
280,0,0,0.5799254004828533,False,,2,1.0,6.040164938470212e-55,1,2015-07-13,working,1,True,1.0,traffic,1e-06
281,0,0,0.4322086058591232,False,,2,1.0,1.620616458674409e-46,1,2015-07-14,working,1,True,1.0,traffic,1e-06
282,0,0,0.5662889931145545,False,,2,1.0,3.503479474163334e-45,1,2015-07-15,working,1,True,1.0,traffic,1e-06
283,0,0,0.669253087748456,False,,2,1.0,8.536302526657557e-45,1,2015-07-16,working,1,True,1.0,traffic,1e-06
284,0,0,0.6391322547625045,False,,2,1.0,1.0460607305731092e-37,1,2015-07-17,working,1,True,1.0,traffic,1e-06
285,1,1,0.7431514324869686,False,,2,0.9999999999996838,9.411199045792633e-12,0,2015-07-18,weekend,0,True,1.0,traffic,1e-06
286,1,1,0.31748470367239856,False,,2,1.0,4.195450789829999e-17,0,2015-07-19,weekend,0,True,1.0,traffic,1e-06
287,0,0,0.585486381720185,False,,2,1.0,1.0263872638980051e-45,1,2015-07-20,working,1,True,1.0,traffic,1e-06
288,0,0,0.6048573331813105,False,,2,1.0,2.8070381539270883e-47,1,2015-07-21,working,1,True,1.0,traffic,1e-06
289,0,0,0.6757376590028792,False,,2,1.0,8.003972489511617e-49,1,2015-07-22,working,1,True,1.0,traffic,1e-06
290,0,0,0.6542633970850136,False,,2,1.0,3.400845102059168e-41,1,2015-07-23,working,1,True,1.0,traffic,1e-06
291,-1,0,1.664357039367202e-19,True,,2,1.0,3.329014104975951e-147,1,2015-07-24,working,-1,False,0.9666666666666667,traffic,1e-06
292,-1,0,1.8738931465633154e-173,True,,2,1.0,-0.0,0,2015-07-25,weekend,-1,False,0.9333333333333333,traffic,1e-06
293,1,1,0.07280015376215146,False,,2,1.0,3.2562674997319204e-18,0,2015-07-26,weekend,0,True,0.9333333333333333,traffic,1e-06
294,0,0,0.40373585998358696,False,,2,1.0,4.33394119783271e-47,1,2015-07-27,working,1,True,0.9333333333333333,traffic,1e-06
295,0,0,0.5657079196483137,False,,2,1.0,1.3341501818165844e-41,1,2015-07-28,working,1,True,0.9333333333333333,traffic,1e-06
296,0,0,0.5527055819939304,False,,2,1.0,2.468773483932377e-35,1,2015-07-31,working,1,True,0.9333333333333333,traffic,1e-06
297,1,1,0.33471626970674967,False,,2,0.9999999999933094,1.7885019658089556e-10,0,2015-08-01,weekend,0,True,0.9333333333333333,traffic,1e-06
298,1,1,0.8974002094589884,False,,2,1.0,1.2270188748531656e-17,0,2015-08-02,weekend,0,True,0.9333333333333333,traffic,1e-06
299,0,0,0.5775361443349953,False,,2,1.0,1.6164694968735242e-50,1,2015-08-03,working,1,True,0.9333333333333333,traffic,1e-06
300,0,0,0.4484365728475908,False,,2,1.0,7.271047610199916e-47,1,2015-08-04,working,1,True,0.9333333333333333,traffic,1e-06
301,0,0,0.5649349756206083,False,,2,1.0,1.6848680818370847e-43,1,2015-08-06,working,1,True,0.9333333333333333,traffic,1e-06
302,0,0,0.4608475793135969,False,,2,1.0,4.923166313367134e-38,1,2015-08-07,working,1,True,0.9333333333333333,traffic,1e-06
303,1,1,0.7268450366406016,False,,2,0.999999999999992,2.7015974825791364e-13,0,2015-08-08,weekend,0,True,0.9333333333333333,traffic,1e-06
304,1,1,0.8601386664231961,False,,2,1.0,4.255559736499746e-17,0,2015-08-09,weekend,0,True,0.9333333333333333,traffic,1e-06
305,0,0,0.5169000535984869,False,,2,1.0,6.677560772610829e-52,1,2015-08-11,working,1,True,0.9333333333333333,traffic,1e-06
306,0,0,0.5808757248592609,False,,2,1.0,1.5225411349859164e-46,1,2015-08-12,working,1,True,0.9333333333333333,traffic,1e-06
307,0,0,0.6840733859450365,False,,2,1.0,2.982289490573236e-45,1,2015-08-13,working,1,True,0.9333333333333333,traffic,1e-06
308,0,0,0.7621546975558582,False,,2,1.0,8.537136647004985e-38,1,2015-08-14,working,1,True,0.9333333333333333,traffic,1e-06
309,1,1,0.5577313445663497,False,,2,0.9999999999997575,7.276007670347873e-12,0,2015-08-15,weekend,0,True,0.9333333333333333,traffic,1e-06
310,1,1,0.4973686469757045,False,,2,1.0,6.673999962184623e-16,0,2015-08-16,weekend,0,True,0.9333333333333333,traffic,1e-06
311,0,0,0.4297973148896925,False,,2,1.0,1.3535774860732635e-59,1,2015-08-18,working,1,True,0.9333333333333333,traffic,1e-06
312,0,0,0.6776473193846315,False,,2,1.0,4.433491018818057e-54,1,2015-08-19,working,1,True,0.9333333333333333,traffic,1e-06
313,0,0,0.6189395399258251,False,,2,1.0,5.690150462064844e-51,1,2015-08-20,working,1,True,0.9333333333333333,traffic,1e-06
314,0,0,0.7292936256078009,False,,2,1.0,1.064952991810988e-38,1,2015-08-21,working,1,True,0.9333333333333333,traffic,1e-06
315,1,1,0.45941416055033235,False,,2,1.0,1.6751418776697012e-16,0,2015-08-23,weekend,0,True,0.9333333333333333,traffic,1e-06
316,0,0,0.431391502662523,False,,2,1.0,5.138928577374168e-60,1,2015-08-24,working,1,True,0.9333333333333333,traffic,1e-06
317,0,0,0.6453277531948038,False,,2,1.0,2.001132315665009e-55,1,2015-08-26,working,1,True,0.9333333333333333,traffic,1e-06
318,0,0,0.5896401057949707,False,,2,1.0,3.1352708784516942e-55,0,2015-08-27,holiday,1,False,0.9,traffic,1e-06
319,0,0,0.8340939567410302,False,,2,1.0,3.673475176981247e-43,1,2015-08-28,working,1,True,0.9,traffic,1e-06
320,0,0,0.49049334881000806,False,,2,1.0,1.2282403338576071e-57,1,2015-08-31,working,1,True,0.9,traffic,1e-06
321,0,0,0.8127961519530817,False,,2,1.0,9.068699993881532e-51,1,2015-09-03,working,1,True,0.9333333333333333,traffic,1e-06
322,0,0,0.7007722187235519,False,,2,1.0,5.257234636141035e-37,1,2015-09-04,working,1,True,0.9666666666666667,traffic,1e-06
323,1,1,0.5296090022619262,False,,2,0.9999999999986153,3.918288962928771e-11,0,2015-09-05,weekend,0,True,0.9666666666666667,traffic,1e-06
324,1,1,0.9999903341036469,False,,2,1.0,1.857718366536007e-16,0,2015-09-06,weekend,0,True,0.9666666666666667,traffic,1e-06
325,1,1,0.13115427375556604,False,,2,0.9999999969232656,6.337887333437286e-08,0,2015-09-07,holiday,0,True,0.9666666666666667,traffic,1e-06
326,0,0,0.32801544016227513,False,,2,1.0,1.0529331611754562e-63,1,2015-09-08,working,1,True,0.9666666666666667,traffic,1e-06
327,0,0,0.19799055710946564,False,,2,1.0,7.351084886516064e-67,1,2015-09-09,working,1,True,0.9666666666666667,traffic,1e-06
328,0,0,0.6296226977704016,False,,2,1.0,5.047681270674473e-58,1,2015-09-10,working,1,True,0.9666666666666667,traffic,1e-06
329,0,0,0.3125189275932592,False,,2,1.0,1.1124219762340862e-49,1,2015-09-11,working,1,True,0.9666666666666667,traffic,1e-06
330,1,1,3.948898482961884e-06,False,,2,0.9999999995810143,9.466244335076813e-09,0,2015-09-12,weekend,0,True,0.9666666666666667,traffic,1e-06
331,1,1,0.37748188866408705,False,,2,1.0,5.188107084969316e-18,0,2015-09-13,weekend,0,True,0.9666666666666667,traffic,1e-06
332,0,0,0.14785104383176553,False,,2,1.0,2.3015977716452195e-54,1,2015-09-15,working,1,True,0.9666666666666667,traffic,1e-06
333,0,0,0.6560359625325298,False,,2,1.0,2.3875091372880618e-52,1,2015-09-17,working,1,True,0.9666666666666667,traffic,1e-06
334,0,0,0.6631214252128126,False,,2,1.0,1.5402391312100254e-45,1,2015-09-18,working,1,True,0.9666666666666667,traffic,1e-06
335,1,1,0.0985719299970083,False,,2,0.9999995349401822,7.246143324954571e-06,0,2015-09-19,weekend,0,True,0.9666666666666667,traffic,1e-06
336,0,0,0.35718944662447416,False,,2,1.0,1.2255950507117959e-64,1,2015-10-13,working,1,True,0.9666666666666667,traffic,1e-06
337,1,1,0.49178375055347534,False,,2,0.9999999999999236,2.3783478559060993e-12,0,2016-02-06,weekend,0,True,0.9666666666666667,traffic,1e-06
338,1,1,0.00638465040098868,False,,2,0.9999999998008988,4.646460168496134e-09,0,2016-02-07,weekend,0,True,0.9666666666666667,traffic,1e-06
339,0,0,0.2893411769467851,False,,2,1.0,7.317922993023852e-63,1,2016-02-08,working,1,True,0.9666666666666667,traffic,1e-06
340,0,0,0.03905404389746098,False,,2,1.0,3.27749543092892e-38,1,2016-04-21,working,1,True,0.9666666666666667,traffic,1e-06
341,0,0,0.6015909232913899,False,,2,1.0,4.472613764309739e-52,1,2016-04-28,working,1,True,0.9666666666666667,traffic,1e-06
342,0,0,0.00036068833199629803,False,,2,1.0,1.0294255046543121e-84,1,2016-04-29,working,1,True,0.9666666666666667,traffic,1e-06
343,1,1,0.7517368397222846,False,,2,0.9999999999998419,4.8090195977134525e-12,0,2016-04-30,weekend,0,True,0.9666666666666667,traffic,1e-06
344,1,1,0.30787105376909873,False,,2,0.9999999999998366,4.979957129471528e-12,0,2016-05-01,weekend,0,True,0.9666666666666667,traffic,1e-06
345,0,0,0.0006819085246486545,False,,2,1.0,1.4102350987253233e-106,1,2016-05-02,working,1,True,0.9666666666666667,traffic,1e-06
346,0,0,0.39742642341569867,False,,2,1.0,3.686056208602682e-61,1,2016-05-03,working,1,True,0.9666666666666667,traffic,1e-06
347,0,0,0.5336498218772732,False,,2,1.0,5.59463841989805e-42,1,2016-05-04,working,1,True,0.9666666666666667,traffic,1e-06
348,0,0,0.10485312823573509,False,,2,1.0,1.2704522459094017e-37,1,2016-05-05,working,1,True,1.0,traffic,1e-06
349,0,0,0.6350032672736357,False,,2,1.0,2.143899373602148e-36,1,2016-05-06,working,1,True,1.0,traffic,1e-06
350,1,1,0.77743605866292,False,,2,0.9999999999999734,8.657179698564194e-13,0,2016-05-07,weekend,0,True,1.0,traffic,1e-06
351,1,1,0.8998753886858245,False,,2,1.0,5.796883740500854e-15,0,2016-05-08,weekend,0,True,1.0,traffic,1e-06
352,0,0,0.294159870058652,False,,2,1.0,1.949354972143016e-62,1,2016-05-09,working,1,True,1.0,traffic,1e-06
353,0,0,0.28375476801209576,False,,2,1.0,2.088901104574933e-63,1,2016-05-10,working,1,True,1.0,traffic,1e-06
354,0,0,0.42238876778628603,False,,2,1.0,3.130841071235249e-62,1,2016-05-11,working,1,True,1.0,traffic,1e-06
355,0,0,0.4679436778748952,False,,2,1.0,5.855786888898212e-57,1,2016-05-12,working,1,True,1.0,traffic,1e-06
356,0,0,0.6752084895348447,False,,2,1.0,2.2576934439396844e-43,1,2016-05-13,working,1,True,1.0,traffic,1e-06
357,1,1,0.7274779905262085,False,,2,0.9999999999999858,4.564456836064028e-13,0,2016-05-14,weekend,0,True,1.0,traffic,1e-06
358,1,1,0.9328918769042811,False,,2,1.0,1.9561756229260887e-16,0,2016-05-15,weekend,0,True,1.0,traffic,1e-06
359,0,0,0.28350104620825084,False,,2,1.0,1.3368023437100964e-61,1,2016-05-17,working,1,True,1.0,traffic,1e-06
360,0,0,0.4223678618442175,False,,2,1.0,4.040765385936327e-61,1,2016-05-18,working,1,True,1.0,traffic,1e-06
361,0,0,0.44031388696656987,False,,2,1.0,4.056660885975925e-54,1,2016-05-19,working,1,True,1.0,traffic,1e-06
362,0,0,0.49007389440801863,False,,2,1.0,7.17870442329671e-41,1,2016-05-20,working,1,True,1.0,traffic,1e-06
363,1,1,0.003361717755344523,False,,2,0.999999588168945,6.466839919346216e-06,0,2016-05-21,weekend,0,True,1.0,traffic,1e-06
364,1,1,0.10790719298471253,False,,2,1.0,6.828173131112837e-16,0,2016-05-22,weekend,0,True,1.0,traffic,1e-06
365,0,0,0.2908996201722236,False,,2,1.0,2.2396749110148894e-50,1,2016-05-23,working,1,True,1.0,traffic,1e-06
366,0,0,0.6857552994449716,False,,2,1.0,5.36401062141776e-32,1,2016-06-03,working,1,True,1.0,traffic,1e-06
367,1,1,0.5361995251672227,False,,2,0.9999999998865441,2.7115498405870177e-09,0,2016-06-04,weekend,0,True,1.0,traffic,1e-06
368,1,1,0.9294602792603488,False,,2,1.0,4.1710630401088243e-16,0,2016-06-05,weekend,0,True,1.0,traffic,1e-06
369,0,0,0.57597855429143,False,,2,1.0,5.799282968210008e-51,1,2016-06-06,working,1,True,1.0,traffic,1e-06
370,0,0,0.35981659328077104,False,,2,1.0,8.3711785178566445e-50,1,2016-06-07,working,1,True,1.0,traffic,1e-06
371,0,0,0.08996062258545169,False,,2,1.0,4.725523925431768e-40,1,2016-06-08,working,1,True,1.0,traffic,1e-06
372,0,0,0.70959138591507,False,,2,1.0,1.4088297550876143e-43,1,2016-06-09,working,1,True,1.0,traffic,1e-06
373,0,0,0.651216664320089,False,,2,1.0,3.647312918877663e-36,1,2016-06-10,working,1,True,1.0,traffic,1e-06
374,1,1,0.9950230988273204,False,,2,1.0,1.3261518063901013e-14,0,2016-06-11,weekend,0,True,1.0,traffic,1e-06
375,1,1,0.6628928464751334,False,,2,1.0,2.9275800822860314e-17,0,2016-06-12,weekend,0,True,1.0,traffic,1e-06
376,0,0,0.5334275361036511,False,,2,1.0,7.970092894247356e-49,1,2016-06-13,working,1,True,1.0,traffic,1e-06
377,0,0,0.3449585677947158,False,,2,1.0,2.077953561150289e-54,1,2016-06-14,working,1,True,1.0,traffic,1e-06
378,0,0,0.6414276105984085,False,,2,1.0,5.728135090889295e-46,1,2016-06-15,working,1,True,1.0,traffic,1e-06
379,0,0,0.766855837598319,False,,2,1.0,2.604403820641762e-44,1,2016-06-16,working,1,True,1.0,traffic,1e-06
380,0,0,0.7598710763058161,False,,2,1.0,3.266620428495527e-36,1,2016-06-17,working,1,True,1.0,traffic,1e-06
381,1,1,0.4205591215859948,False,,2,0.9999999992868656,1.5732708729125583e-08,0,2016-06-18,weekend,0,True,1.0,traffic,1e-06
382,1,1,0.8210327473101334,False,,2,1.0,2.5451844587445383e-14,0,2016-06-19,weekend,0,True,1.0,traffic,1e-06
383,0,0,0.6161210202905198,False,,2,1.0,1.9826569617122408e-50,1,2016-06-20,working,1,True,1.0,traffic,1e-06
384,0,0,0.5898751963408113,False,,2,1.0,1.6823365480338906e-50,1,2016-06-21,working,1,True,1.0,traffic,1e-06
385,0,0,0.5458540245590264,False,,2,1.0,3.414548363478331e-45,1,2016-06-22,working,1,True,1.0,traffic,1e-06
386,0,0,0.3178016946991671,False,,2,1.0,1.1120724549328163e-33,1,2016-06-23,working,1,True,1.0,traffic,1e-06
387,0,0,0.41064557922733613,False,,2,1.0,7.168144371551603e-30,1,2016-06-24,working,1,True,1.0,traffic,1e-06
388,1,1,0.041822622022054876,False,,2,0.9999999999760885,6.087102705828441e-10,0,2016-06-25,weekend,0,True,1.0,traffic,1e-06
389,1,1,0.40989262493599005,False,,2,1.0,1.3817991154684345e-15,0,2016-06-26,weekend,0,True,1.0,traffic,1e-06
390,0,0,0.5392927265880814,False,,2,1.0,1.20525224075241e-51,1,2016-06-27,working,1,True,1.0,traffic,1e-06
391,0,0,0.4934806234435579,False,,2,1.0,7.486900305701162e-49,1,2016-06-28,working,1,True,1.0,traffic,1e-06
392,0,0,0.5878811479142314,False,,2,1.0,7.665600105956645e-45,1,2016-06-30,working,1,True,1.0,traffic,1e-06
393,0,0,0.6970684363702657,False,,2,1.0,3.348906150460721e-31,1,2016-07-01,working,1,True,1.0,traffic,1e-06
394,1,1,0.5138670174075166,False,,2,0.9999999999998881,3.4594929284350823e-12,0,2016-07-02,weekend,0,True,1.0,traffic,1e-06
395,1,1,0.40836625346088035,False,,2,0.9999999999999991,4.253497776936621e-14,0,2016-07-03,weekend,0,True,1.0,traffic,1e-06
396,1,1,0.00568668697521828,False,,2,0.9999999999999911,2.919785886397473e-13,0,2016-07-04,holiday,0,True,1.0,traffic,1e-06
397,0,0,0.05508149990748061,False,,2,1.0,9.304530453474966e-36,1,2016-07-05,working,1,True,1.0,traffic,1e-06
398,0,0,0.18590709704005454,False,,2,1.0,4.937935928942574e-45,1,2016-07-06,working,1,True,1.0,traffic,1e-06
399,0,0,0.539092228089747,False,,2,1.0,1.068722565484368e-43,1,2016-07-07,working,1,True,1.0,traffic,1e-06
400,0,0,0.6760649124941689,False,,2,1.0,6.255955689333003e-40,1,2016-07-08,working,1,True,1.0,traffic,1e-06
401,-1,0,1.477568163844527e-131,True,,2,1.0,-0.0,0,2016-07-09,weekend,-1,False,0.9666666666666667,traffic,1e-06
402,1,1,0.061598842479119065,False,,2,0.9999999922366205,1.5273554791141716e-07,0,2016-07-10,weekend,0,True,0.9666666666666667,traffic,1e-06
403,0,0,0.4308640550745337,False,,2,1.0,5.407571643001561e-53,1,2016-07-11,working,1,True,0.9666666666666667,traffic,1e-06
404,0,0,0.5480275855777983,False,,2,1.0,5.375935140365998e-50,1,2016-07-14,working,1,True,0.9666666666666667,traffic,1e-06
405,0,0,0.692598348172365,False,,2,1.0,9.875398580869418e-39,1,2016-07-15,working,1,True,0.9666666666666667,traffic,1e-06
406,1,1,0.965896369336967,False,,2,0.9999999999999911,3.057891759750184e-13,0,2016-07-16,weekend,0,True,0.9666666666666667,traffic,1e-06
407,1,1,0.9452818227018972,False,,2,1.0,1.8882158035033015e-17,0,2016-07-17,weekend,0,True,0.9666666666666667,traffic,1e-06
408,0,0,0.451458667927983,False,,2,1.0,1.965753929949906e-45,1,2016-07-18,working,1,True,0.9666666666666667,traffic,1e-06
409,0,0,0.392027400186338,False,,2,1.0,6.399288060449325e-53,1,2016-07-19,working,1,True,0.9666666666666667,traffic,1e-06
410,0,0,0.5976843592459851,False,,2,1.0,3.866996394689894e-52,1,2016-07-20,working,1,True,0.9666666666666667,traffic,1e-06
411,0,0,0.6234121712383629,False,,2,1.0,1.936414084124585e-52,1,2016-07-21,working,1,True,0.9666666666666667,traffic,1e-06
412,-1,0,2.2117148792027497e-40,True,,2,1.0,5.271194080394503e-229,1,2016-07-22,working,-1,False,0.9333333333333333,traffic,1e-06
413,-1,0,9.194224679312284e-206,True,,2,1.0,-0.0,0,2016-07-23,weekend,-1,False,0.9,traffic,1e-06
414,-1,0,2.1383655163308619e-134,True,,2,1.0,-0.0,0,2016-07-24,weekend,-1,False,0.8666666666666667,traffic,1e-06
415,0,0,0.017715743807943676,False,,2,1.0,5.243473886480565e-37,1,2016-07-25,working,1,True,0.8666666666666667,traffic,1e-06
416,0,0,0.43915099507275757,False,,2,1.0,1.2377756640305312e-54,1,2016-07-26,working,1,True,0.8666666666666667,traffic,1e-06
417,0,0,0.6328664550181675,False,,2,1.0,3.465399838029812e-56,1,2016-07-27,working,1,True,0.8666666666666667,traffic,1e-06
418,0,0,0.4272476503760345,False,,2,1.0,1.0072923029108253e-50,1,2016-07-28,working,1,True,0.8666666666666667,traffic,1e-06
419,0,0,0.06880092574020387,False,,2,1.0,4.82211910708531e-41,1,2016-07-29,working,1,True,0.8666666666666667,traffic,1e-06
420,0,0,4.959028425254307e-05,False,,2,0.9992477035038078,0.006162815749707211,0,2016-07-30,weekend,1,False,0.8333333333333334,traffic,1e-06
421,-1,1,1.0248523030299644e-10,True,,2,0.959961880999989,0.16806527305389807,0,2016-07-31,weekend,-1,False,0.8,traffic,1e-06
422,0,0,0.5167228192358317,False,,2,1.0,3.842403918372513e-46,1,2016-08-01,working,1,True,0.8,traffic,1e-06
423,0,0,0.6903032087088086,False,,2,1.0,1.505506009207618e-45,1,2016-08-02,working,1,True,0.8,traffic,1e-06
424,0,0,0.5665511480403489,False,,2,1.0,4.801373319882882e-46,1,2016-08-03,working,1,True,0.8,traffic,1e-06
425,0,0,0.857173229956371,False,,2,1.0,4.5856932766337887e-35,1,2016-08-04,working,1,True,0.8,traffic,1e-06
426,0,0,0.5720598158259687,False,,2,1.0,2.205473772161449e-27,1,2016-08-05,working,1,True,0.8,traffic,1e-06
427,1,1,0.22513269699384494,False,,2,0.9999999998307496,3.977324268386939e-09,0,2016-08-06,weekend,0,True,0.8,traffic,1e-06
428,1,1,0.993860037922626,False,,2,1.0,6.26784743865746e-17,0,2016-08-07,weekend,0,True,0.8,traffic,1e-06
429,0,0,0.4850975302942635,False,,2,1.0,3.916862941413084e-41,1,2016-08-08,working,1,True,0.8,traffic,1e-06
430,0,0,0.39875032760659723,False,,2,1.0,2.7643237596863147e-40,1,2016-08-09,working,1,True,0.8,traffic,1e-06
431,0,0,0.4614657954902302,False,,2,1.0,9.090046168436108e-46,1,2016-08-10,working,1,True,0.8333333333333334,traffic,1e-06
432,0,0,0.8075318176905616,False,,2,1.0,3.7123181103988454e-36,1,2016-08-11,working,1,True,0.8333333333333334,traffic,1e-06
433,0,0,0.6373312721490887,False,,2,1.0,6.17340992286735e-38,1,2016-08-12,working,1,True,0.8333333333333334,traffic,1e-06
434,1,1,0.1293653940924669,False,,2,1.0,9.846850136527417e-18,0,2016-08-13,weekend,0,True,0.8333333333333334,traffic,1e-06
435,1,1,0.27032786700859973,False,,2,1.0,8.330302933267131e-18,0,2016-08-14,weekend,0,True,0.8333333333333334,traffic,1e-06
436,0,0,0.4916222299707288,False,,2,1.0,1.4004656210873474e-53,1,2016-08-15,working,1,True,0.8333333333333334,traffic,1e-06
437,0,0,0.5202961143530742,False,,2,1.0,9.634807597617759e-54,1,2016-08-16,working,1,True,0.8333333333333334,traffic,1e-06
438,0,0,0.6487280465951804,False,,2,1.0,1.3333047206081978e-44,1,2016-08-17,working,1,True,0.8333333333333334,traffic,1e-06
439,0,0,0.7164865479067384,False,,2,1.0,1.2004808024620964e-49,1,2016-08-18,working,1,True,0.8333333333333334,traffic,1e-06
440,0,0,0.798262421961093,False,,2,1.0,9.604223767717932e-28,1,2016-08-19,working,1,True,0.8333333333333334,traffic,1e-06
441,1,1,0.9212343094034258,False,,2,0.9999999999999609,1.2571409863021247e-12,0,2016-08-20,weekend,0,True,0.8333333333333334,traffic,1e-06
442,1,1,0.8076239467859042,False,,2,1.0,8.146226836353029e-16,0,2016-08-21,weekend,0,True,0.8666666666666667,traffic,1e-06
443,0,0,0.7222922509821451,False,,2,1.0,1.2392061679919123e-46,1,2016-08-22,working,1,True,0.9,traffic,1e-06
444,0,0,0.6553651158174476,False,,2,1.0,7.254381148860041e-50,1,2016-08-23,working,1,True,0.9333333333333333,traffic,1e-06
445,0,0,0.7985529403692824,False,,2,1.0,4.302829986317685e-49,0,2016-08-25,holiday,1,False,0.9,traffic,1e-06
446,0,0,0.8300825426321403,False,,2,1.0,1.9166805910002088e-39,1,2016-08-26,working,1,True,0.9,traffic,1e-06
447,1,1,0.8659778915078111,False,,2,0.9999999999996767,9.616936359242845e-12,0,2016-08-27,weekend,0,True,0.9,traffic,1e-06
448,1,1,0.7215546088757818,False,,2,0.9999999999999964,1.1014743733729465e-13,0,2016-08-28,weekend,0,True,0.9,traffic,1e-06
449,0,0,0.41376140700845176,False,,2,1.0,1.0168771002990159e-53,1,2016-08-29,working,1,True,0.9,traffic,1e-06
450,0,0,0.556678080855856,False,,2,1.0,6.095919824687826e-59,1,2016-08-30,working,1,True,0.9333333333333333,traffic,1e-06
451,-1,0,2.3576217738153042e-27,True,,2,1.0,6.4621942938169e-193,1,2016-08-31,working,-1,False,0.9333333333333333,traffic,1e-06
452,0,0,0.7744421438721044,False,,2,1.0,2.2855870612062375e-38,1,2016-09-02,working,1,True,0.9333333333333333,traffic,1e-06
453,1,1,0.16849084629593383,False,,2,0.99999999943432,1.2610702643711657e-08,0,2016-09-03,weekend,0,True,0.9333333333333333,traffic,1e-06
454,1,1,0.28589848695896736,False,,2,0.9999999995164495,1.085564024096e-08,0,2016-09-04,weekend,0,True,0.9333333333333333,traffic,1e-06
455,1,1,0.35239500428111653,False,,2,0.9999999999250155,1.823144354534818e-09,0,2016-09-05,holiday,0,True,0.9333333333333333,traffic,1e-06
456,0,0,0.4915347457552236,False,,2,1.0,7.2582572701415e-63,1,2016-09-06,working,1,True,0.9333333333333333,traffic,1e-06
457,-1,0,3.9820251595678207e-53,True,,2,1.0,3.582786028266599e-291,1,2016-09-07,working,-1,False,0.9,traffic,1e-06
458,-1,0,4.6039463226939545e-119,True,,2,1.0,-0.0,1,2016-09-08,working,-1,False,0.8666666666666667,traffic,1e-06
459,0,0,0.44012407666677766,False,,2,1.0,2.3398920233618224e-44,1,2016-09-09,working,1,True,0.8666666666666667,traffic,1e-06
460,1,1,0.08986668194550416,False,,2,0.9999993205224976,1.032937715532303e-05,0,2016-09-10,weekend,0,True,0.8666666666666667,traffic,1e-06
461,1,1,0.009912641840936185,False,,2,0.9999999998870406,2.700172252771898e-09,0,2016-09-11,weekend,0,True,0.8666666666666667,traffic,1e-06
462,0,0,0.31116171562833717,False,,2,1.0,2.5795920482312562e-64,1,2016-09-12,working,1,True,0.8666666666666667,traffic,1e-06
463,0,0,0.4370275267330743,False,,2,1.0,2.7120300681968833e-61,1,2016-09-13,working,1,True,0.8666666666666667,traffic,1e-06
464,0,0,0.47830999905744875,False,,2,1.0,3.434336176992429e-59,1,2016-09-14,working,1,True,0.8666666666666667,traffic,1e-06
465,0,0,0.6464268749858486,False,,2,1.0,4.4166249434977426e-55,1,2016-09-15,working,1,True,0.8666666666666667,traffic,1e-06
466,0,0,0.5957736674726111,False,,2,1.0,1.0052974193657903e-50,1,2016-09-16,working,1,True,0.8666666666666667,traffic,1e-06
467,1,1,0.12348235700467171,False,,2,0.9999999982665386,3.6702831479682186e-08,0,2016-09-17,weekend,0,True,0.8666666666666667,traffic,1e-06
468,0,0,0.3628320534595411,False,,2,1.0,9.287275475528471e-52,1,2016-09-19,working,1,True,0.8666666666666667,traffic,1e-06
469,0,0,0.23491972777394438,False,,2,1.0,2.589383689198238e-69,1,2016-09-22,working,1,True,0.8666666666666667,traffic,1e-06
470,0,0,0.531912031525686,False,,2,1.0,6.718504393141047e-47,1,2016-09-23,working,1,True,0.8666666666666667,traffic,1e-06
471,1,1,0.1391662121075687,False,,2,0.9999997351135739,4.276317074312836e-06,0,2016-09-24,weekend,0,True,0.8666666666666667,traffic,1e-06
472,0,0,0.4691116875282165,False,,2,1.0,2.461536958765547e-58,1,2016-09-26,working,1,True,0.8666666666666667,traffic,1e-06
473,0,0,0.22422168858404037,False,,2,1.0,2.9367329017338106e-68,1,2016-09-28,working,1,True,0.8666666666666667,traffic,1e-06
474,0,0,0.517605150627519,False,,2,1.0,3.8127725060780515e-61,1,2016-09-29,working,1,True,0.8666666666666667,traffic,1e-06
475,0,0,0.5861740003062674,False,,2,1.0,2.2061291776782754e-44,1,2016-09-30,working,1,True,0.9,traffic,1e-06
476,1,1,0.16161994930387744,False,,2,0.9999998972504536,1.7560895551402127e-06,0,2016-10-01,weekend,0,True,0.9,traffic,1e-06
477,1,1,0.526610807869216,False,,2,0.9999999999999991,3.9084264521175944e-14,0,2016-10-02,weekend,0,True,0.9,traffic,1e-06
478,0,0,0.305461246627922,False,,2,1.0,8.59161231517525e-57,1,2016-10-03,working,1,True,0.9,traffic,1e-06
479,0,0,0.3808523703574227,False,,2,1.0,8.748936807059992e-48,1,2016-10-04,working,1,True,0.9,traffic,1e-06
480,0,0,0.3242899748271614,False,,2,1.0,1.667074948370844e-55,1,2016-10-05,working,1,True,0.9,traffic,1e-06
481,0,0,0.4454386306676784,False,,2,1.0,8.88385598204333e-52,1,2016-10-06,working,1,True,0.9333333333333333,traffic,1e-06
482,0,0,0.06417176781586369,False,,2,1.0,1.7735053665371573e-44,1,2016-10-11,working,1,True,0.9333333333333333,traffic,1e-06
483,0,0,0.27119523568853493,False,,2,1.0,2.3621876763461672e-66,1,2016-10-12,working,1,True,0.9333333333333333,traffic,1e-06
484,0,0,0.3621996963073554,False,,2,1.0,1.2579544173010232e-54,1,2016-10-13,working,1,True,0.9333333333333333,traffic,1e-06
485,0,0,0.22383115049758384,False,,2,1.0,1.3570877988319501e-56,1,2016-10-17,working,1,True,0.9333333333333333,traffic,1e-06
486,0,0,0.5836194011190134,False,,2,1.0,6.607578062023194e-50,1,2016-10-18,working,1,True,0.9333333333333333,traffic,1e-06
487,1,1,0.660254126439364,False,,2,0.999999999999801,6.01171453285278e-12,0,2016-10-23,weekend,0,True,0.9666666666666667,traffic,1e-06
488,0,0,0.376388654702425,False,,2,1.0,3.1865669808815706e-57,1,2016-10-24,working,1,True,1.0,traffic,1e-06
489,0,0,0.28857676332772264,False,,2,1.0,1.4972945388911668e-63,1,2016-10-25,working,1,True,1.0,traffic,1e-06
490,0,0,0.21451395231229936,False,,2,1.0,2.1701974063355908e-58,1,2016-10-26,working,1,True,1.0,traffic,1e-06
491,0,0,0.34919098253039327,False,,2,1.0,2.5538641301683624e-52,1,2016-10-27,working,1,True,1.0,traffic,1e-06
492,0,0,0.5699384013486792,False,,2,1.0,2.330886998560595e-40,1,2016-10-28,working,1,True,1.0,traffic,1e-06
493,1,1,0.07367519937026477,False,,2,0.9999998816469884,2.0060354949669615e-06,0,2016-10-29,weekend,0,True,1.0,traffic,1e-06
494,1,1,0.9342970923356901,False,,2,1.0,1.9534217601895126e-15,0,2016-10-30,weekend,0,True,1.0,traffic,1e-06
495,0,0,0.29646039553632925,False,,2,1.0,1.2205071598738365e-61,1,2016-10-31,working,1,True,1.0,traffic,1e-06
496,0,0,0.34441788126031714,False,,2,1.0,1.3738889990884047e-52,1,2016-11-01,working,1,True,1.0,traffic,1e-06
497,0,0,0.46604661301265093,False,,2,1.0,4.0390572440807494e-56,1,2016-11-02,working,1,True,1.0,traffic,1e-06
498,0,0,0.4776218162753415,False,,2,1.0,1.0054694703784728e-40,1,2016-11-03,working,1,True,1.0,traffic,1e-06
499,0,0,0.6023718877266451,False,,2,1.0,2.5124859867515792e-43,1,2016-11-04,working,1,True,1.0,traffic,1e-06
500,1,1,0.882590382601142,False,,2,0.9999999999999005,3.0705360761545334e-12,0,2016-11-05,weekend,0,True,1.0,traffic,1e-06
501,1,1,0.007189103651919043,False,,2,0.9999999957281238,8.659610264532019e-08,0,2016-11-06,weekend,0,True,1.0,traffic,1e-06
502,0,0,0.16384853885912143,False,,2,1.0,7.724617284849382e-71,1,2016-11-07,working,1,True,1.0,traffic,1e-06
503,0,0,0.30414511827266383,False,,2,1.0,5.807742135902928e-66,1,2016-11-08,working,1,True,1.0,traffic,1e-06
504,0,0,0.5080138178079256,False,,2,1.0,4.176593145521956e-53,1,2016-11-09,working,1,True,1.0,traffic,1e-06
505,0,0,0.5956575224488008,False,,2,1.0,1.3829972478659333e-47,1,2016-11-10,working,1,True,1.0,traffic,1e-06
506,0,0,0.6641654306728115,False,,2,1.0,9.333511571483756e-47,0,2016-11-11,holiday,1,False,0.9666666666666667,traffic,1e-06
507,1,1,0.5682432024677171,False,,2,0.9999999995637499,9.838661207001888e-09,0,2016-11-12,weekend,0,True,0.9666666666666667,traffic,1e-06
508,1,1,0.7066781195789911,False,,2,0.9999999999943459,1.5209716921868596e-10,0,2016-11-13,weekend,0,True,0.9666666666666667,traffic,1e-06
509,0,0,0.3141512653487559,False,,2,1.0,1.4411656518167309e-61,1,2016-11-14,working,1,True,0.9666666666666667,traffic,1e-06
510,0,0,0.3591231606456196,False,,2,1.0,2.550450347206344e-57,1,2016-11-15,working,1,True,0.9666666666666667,traffic,1e-06
511,0,0,0.5408287816617825,False,,2,1.0,9.980831066344465e-58,1,2016-11-16,working,1,True,0.9666666666666667,traffic,1e-06
512,0,0,0.4005703213397061,False,,2,1.0,8.53095642855339e-56,1,2016-11-17,working,1,True,0.9666666666666667,traffic,1e-06
513,0,0,0.630928246046349,False,,2,1.0,8.621937590216863e-47,1,2016-11-18,working,1,True,0.9666666666666667,traffic,1e-06
514,1,1,0.028319015718210955,False,,2,0.9999728612821868,0.0003124897318166839,0,2016-11-19,weekend,0,True,0.9666666666666667,traffic,1e-06
515,1,1,0.024159015718747828,False,,2,0.9998251705532918,0.0016873860259581665,0,2016-11-20,weekend,0,True,0.9666666666666667,traffic,1e-06
516,0,0,0.2856780985370845,False,,2,1.0,2.2929821022812927e-59,1,2016-11-21,working,1,True,0.9666666666666667,traffic,1e-06
517,0,0,0.4376579550173106,False,,2,1.0,6.588177536400808e-63,1,2016-11-22,working,1,True,0.9666666666666667,traffic,1e-06
518,0,0,0.8326942547852553,False,,2,1.0,1.5765196420454202e-45,1,2016-11-23,working,1,True,0.9666666666666667,traffic,1e-06
519,1,1,0.8070513141412924,False,,2,0.9999999999992859,2.0684472300191382e-11,1,2016-11-25,working,0,False,0.9333333333333333,traffic,1e-06
520,1,1,0.9702698327369896,False,,2,0.9999999999999947,1.8224923830034141e-13,0,2016-11-26,weekend,0,True,0.9333333333333333,traffic,1e-06
521,1,1,0.3961297584698517,False,,2,0.9999999999997833,6.547021974800199e-12,0,2016-11-27,weekend,0,True,0.9333333333333333,traffic,1e-06
522,0,0,0.23729639380679743,False,,2,1.0,7.996178083825534e-66,1,2016-11-28,working,1,True,0.9333333333333333,traffic,1e-06
523,0,0,0.33816136721851187,False,,2,1.0,9.789053603432833e-65,1,2016-11-29,working,1,True,0.9333333333333333,traffic,1e-06
524,0,0,0.5083085734953552,False,,2,1.0,6.078228909198941e-57,1,2016-11-30,working,1,True,0.9333333333333333,traffic,1e-06
525,0,0,0.43929767127454633,False,,2,1.0,2.2315058153083065e-56,1,2016-12-01,working,1,True,0.9333333333333333,traffic,1e-06
526,1,1,0.8598305519066732,False,,2,0.9999999999991847,2.3505343427504406e-11,0,2016-12-03,weekend,0,True,0.9333333333333333,traffic,1e-06
527,0,0,0.8576490559059274,False,,2,1.0,2.1170367094003147e-45,1,2016-12-08,working,1,True,0.9333333333333333,traffic,1e-06
528,0,0,0.4516599819191465,False,,2,1.0,3.0474089006043615e-41,1,2016-12-09,working,1,True,0.9333333333333333,traffic,1e-06
529,1,1,0.46869674685362184,False,,2,0.9999999999893374,2.800397141507763e-10,0,2016-12-10,weekend,0,True,0.9333333333333333,traffic,1e-06
530,1,1,0.6911563997773458,False,,2,1.0,9.005418274428077e-16,0,2016-12-11,weekend,0,True,0.9333333333333333,traffic,1e-06
531,0,0,0.844561248953976,False,,2,1.0,6.437669979135784e-42,1,2016-12-12,working,1,True,0.9333333333333333,traffic,1e-06
532,0,0,0.6576830163396039,False,,2,1.0,4.0880435745788557e-45,1,2016-12-13,working,1,True,0.9333333333333333,traffic,1e-06
533,0,0,0.8528210314423527,False,,2,1.0,6.743959546607149e-51,1,2016-12-14,working,1,True,0.9333333333333333,traffic,1e-06
534,0,0,0.6536549453319684,False,,2,1.0,1.8709153959471318e-50,1,2016-12-15,working,1,True,0.9333333333333333,traffic,1e-06
535,1,1,0.12175203764207412,False,,2,0.9999999996031674,8.987269112684051e-09,0,2016-12-17,weekend,0,True,0.9333333333333333,traffic,1e-06
536,0,0,0.6261638891109056,False,,2,1.0,1.2089245506318469e-58,1,2016-12-19,working,1,True,0.9666666666666667,traffic,1e-06
537,0,0,0.805798739670665,False,,2,1.0,4.39255358442628e-45,1,2016-12-20,working,1,True,0.9666666666666667,traffic,1e-06
538,0,0,0.8678959410096134,False,,2,1.0,4.063761591640057e-42,1,2016-12-21,working,1,True,0.9666666666666667,traffic,1e-06
539,0,0,0.812169832487959,False,,2,1.0,3.3207283194568e-39,1,2016-12-22,working,1,True,0.9666666666666667,traffic,1e-06
540,0,0,0.8402894716954489,False,,2,1.0,3.585666163513878e-17,1,2016-12-23,working,1,True,0.9666666666666667,traffic,1e-06
541,1,1,0.8499795061117416,False,,2,0.9999999999999964,1.1220846565346794e-13,0,2016-12-24,weekend,0,True,0.9666666666666667,traffic,1e-06
542,1,1,0.0003299651167826078,False,,2,1.0,4.112317796043516e-16,0,2016-12-25,weekend,0,True,0.9666666666666667,traffic,1e-06
543,0,0,0.2843874351537784,False,,2,0.9999990290691325,1.4413478528009506e-05,0,2016-12-26,holiday,1,False,0.9333333333333333,traffic,1e-06
544,0,0,0.6055347290467501,False,,2,1.0,4.123730936986765e-35,1,2016-12-27,working,1,True,0.9333333333333333,traffic,1e-06
545,0,0,0.9589122903155236,False,,2,1.0,9.418697652676256e-33,1,2016-12-28,working,1,True,0.9333333333333333,traffic,1e-06
546,0,0,0.6987420375704508,False,,2,1.0,1.4784338180050172e-26,1,2016-12-29,working,1,True,0.9333333333333333,traffic,1e-06
547,0,0,0.7993948128493986,False,,2,1.0,1.0303148322597349e-16,1,2016-12-30,working,1,True,0.9333333333333333,traffic,1e-06
548,1,1,0.005605684680983279,False,,2,0.9999999999999583,1.3330151375274875e-12,0,2016-12-31,weekend,0,True,0.9333333333333333,traffic,1e-06
549,-1,1,9.280658248460126e-11,True,,2,0.9999998855303,1.944033841515931e-06,0,2017-01-01,weekend,-1,False,0.9333333333333333,traffic,1e-06
550,0,0,0.5243567811711012,False,,2,0.7647567483432274,0.5455346133253859,0,2017-01-02,holiday,1,False,0.9,traffic,1e-06
551,0,0,0.4920236664310589,False,,2,1.0,1.2574304533980363e-47,1,2017-01-03,working,1,True,0.9,traffic,1e-06
552,0,0,0.42231736267582903,False,,2,1.0,7.532658576774206e-56,1,2017-01-04,working,1,True,0.9,traffic,1e-06
553,0,0,0.7253033810226757,False,,2,1.0,1.2825125825189425e-47,1,2017-01-05,working,1,True,0.9,traffic,1e-06
554,0,0,0.7124779337112439,False,,2,1.0,5.4764463433650514e-40,1,2017-01-06,working,1,True,0.9,traffic,1e-06
555,1,1,0.723991431917614,False,,2,0.99999999926181,1.625997652460917e-08,0,2017-01-07,weekend,0,True,0.9,traffic,1e-06
556,1,1,0.3724744600191142,False,,2,0.9999999996004494,9.046100011570504e-09,0,2017-01-08,weekend,0,True,0.9,traffic,1e-06
557,0,0,0.4055543830040175,False,,2,1.0,2.6267563556883604e-50,1,2017-01-09,working,1,True,0.9,traffic,1e-06
558,0,0,0.5974602645934133,False,,2,1.0,9.738075020682097e-47,1,2017-01-10,working,1,True,0.9,traffic,1e-06
559,0,0,0.6578800663106479,False,,2,1.0,5.255840968515082e-46,1,2017-01-11,working,1,True,0.9,traffic,1e-06
560,0,0,0.4926702747375725,False,,2,1.0,8.590848450262888e-48,1,2017-01-12,working,1,True,0.9,traffic,1e-06
561,0,0,0.5288849775511515,False,,2,1.0,1.7191243924928726e-45,1,2017-01-13,working,1,True,0.9,traffic,1e-06
562,1,1,0.9949197979800836,False,,2,0.9999999999999982,7.24051632996048e-14,0,2017-01-14,weekend,0,True,0.9,traffic,1e-06
563,1,1,0.5508977607542636,False,,2,0.9999999999999973,8.382656084318311e-14,0,2017-01-15,weekend,0,True,0.9,traffic,1e-06
564,0,0,0.6714884129668761,False,,2,1.0,1.427985300069585e-43,0,2017-01-16,holiday,1,False,0.8666666666666667,traffic,1e-06
565,0,0,0.37208276317311667,False,,2,1.0,7.178314188252819e-57,1,2017-01-17,working,1,True,0.8666666666666667,traffic,1e-06
566,0,0,0.7727837217982684,False,,2,1.0,2.4461016183642915e-44,1,2017-01-18,working,1,True,0.8666666666666667,traffic,1e-06
567,0,0,0.7711822874457344,False,,2,1.0,1.6447807299991645e-37,1,2017-01-19,working,1,True,0.8666666666666667,traffic,1e-06
568,0,0,0.661794840324675,False,,2,1.0,5.022499752368147e-43,1,2017-01-20,working,1,True,0.8666666666666667,traffic,1e-06
569,1,1,0.1160697381416633,False,,2,0.9999999999434431,1.391060047465646e-09,0,2017-01-21,weekend,0,True,0.8666666666666667,traffic,1e-06
570,1,1,0.8424335684019055,False,,2,0.9999999999994209,1.689595906349038e-11,0,2017-01-22,weekend,0,True,0.8666666666666667,traffic,1e-06
571,0,0,0.40235910160835275,False,,2,1.0,3.5415721127389974e-58,1,2017-01-23,working,1,True,0.8666666666666667,traffic,1e-06
572,0,0,0.38291241600434395,False,,2,1.0,1.7216331842933164e-58,1,2017-01-24,working,1,True,0.8666666666666667,traffic,1e-06
573,0,0,0.5924071065073708,False,,2,1.0,8.120092627549065e-43,1,2017-01-25,working,1,True,0.9,traffic,1e-06
574,0,0,0.38390024479213747,False,,2,1.0,7.434866566244546e-52,1,2017-01-26,working,1,True,0.9,traffic,1e-06
575,0,0,0.6751951853207142,False,,2,1.0,1.4788407415506118e-39,1,2017-01-27,working,1,True,0.9,traffic,1e-06
576,1,1,0.7566158813381643,False,,2,0.9999999999803473,5.041414747773553e-10,0,2017-01-28,weekend,0,True,0.9,traffic,1e-06
577,1,1,0.2026988436937559,False,,2,0.999999999999968,1.0204905954181735e-12,0,2017-01-29,weekend,0,True,0.9,traffic,1e-06
578,0,0,0.24343441652844575,False,,2,1.0,4.839120707059851e-59,1,2017-01-30,working,1,True,0.9,traffic,1e-06
579,0,0,0.33671377694511356,False,,2,1.0,6.135184741002592e-59,1,2017-01-31,working,1,True,0.9333333333333333,traffic,1e-06
580,0,0,0.4240154481409076,False,,2,1.0,3.1047550716926677e-54,1,2017-02-01,working,1,True,0.9666666666666667,traffic,1e-06
581,0,0,0.48858055371825004,False,,2,1.0,2.96326298150885e-55,1,2017-02-02,working,1,True,0.9666666666666667,traffic,1e-06
582,0,0,0.6009634944411106,False,,2,1.0,1.8117638916642464e-34,1,2017-02-03,working,1,True,0.9666666666666667,traffic,1e-06
583,1,1,0.25739502456584706,False,,2,1.0,2.542031991891096e-17,0,2017-02-04,weekend,0,True,0.9666666666666667,traffic,1e-06
584,1,1,0.0034641467356693865,False,,2,0.9999999999998028,5.966063426426115e-12,0,2017-02-05,weekend,0,True,0.9666666666666667,traffic,1e-06
585,0,0,0.265083447754753,False,,2,1.0,1.0647358746536707e-60,1,2017-02-06,working,1,True,0.9666666666666667,traffic,1e-06
586,0,0,0.3342010997096824,False,,2,1.0,5.57261225097536e-58,1,2017-02-07,working,1,True,0.9666666666666667,traffic,1e-06
587,0,0,0.3517106586520293,False,,2,1.0,2.3111196418286626e-42,1,2017-02-08,working,1,True,0.9666666666666667,traffic,1e-06
588,0,0,0.5256918867984877,False,,2,1.0,7.775558129019477e-52,1,2017-02-09,working,1,True,0.9666666666666667,traffic,1e-06
589,0,0,0.4563822144840156,False,,2,1.0,2.2165570230897773e-51,1,2017-02-10,working,1,True,0.9666666666666667,traffic,1e-06
590,1,1,0.4126435543409652,False,,2,1.0,1.234885251994579e-14,0,2017-02-11,weekend,0,True,0.9666666666666667,traffic,1e-06
591,1,1,0.21780443528956975,False,,2,0.9999999999999987,4.163944176975678e-14,0,2017-02-12,weekend,0,True,0.9666666666666667,traffic,1e-06
592,0,0,0.41200517631753225,False,,2,1.0,7.811941653439983e-53,1,2017-02-15,working,1,True,0.9666666666666667,traffic,1e-06
593,0,0,0.6383504571681382,False,,2,1.0,2.902480599112014e-41,1,2017-02-16,working,1,True,0.9666666666666667,traffic,1e-06
594,0,0,0.6646809441805464,False,,2,1.0,7.674771794740897e-41,1,2017-02-17,working,1,True,1.0,traffic,1e-06
595,1,1,0.34529114711360687,False,,2,0.9999999999989231,3.0758755619622855e-11,0,2017-02-18,weekend,0,True,1.0,traffic,1e-06
596,1,1,0.39778491515714937,False,,2,0.9999999999999947,1.8562444280672702e-13,0,2017-02-19,weekend,0,True,1.0,traffic,1e-06
597,0,0,0.6595295169191002,False,,2,1.0,1.2636637579513933e-41,0,2017-02-20,holiday,1,False,0.9666666666666667,traffic,1e-06
598,0,0,0.6595081442137047,False,,2,1.0,8.656691798359719e-46,1,2017-02-22,working,1,True,0.9666666666666667,traffic,1e-06
599,0,0,0.7303634835956248,False,,2,1.0,4.943453520553546e-53,1,2017-02-23,working,1,True,0.9666666666666667,traffic,1e-06
600,0,0,0.5391605318753625,False,,2,1.0,3.367975509462863e-40,1,2017-02-24,working,1,True,0.9666666666666667,traffic,1e-06
601,1,1,0.6306210994577679,False,,2,0.9999999895365894,2.0273256625598337e-07,0,2017-02-25,weekend,0,True,0.9666666666666667,traffic,1e-06
602,1,1,0.14598756123595555,False,,2,0.9999998617019679,2.3225570647710817e-06,0,2017-02-26,weekend,0,True,0.9666666666666667,traffic,1e-06
603,0,0,0.20494454048146837,False,,2,1.0,5.072260912305794e-55,1,2017-02-27,working,1,True,0.9666666666666667,traffic,1e-06
604,0,0,0.5009097306867036,False,,2,1.0,2.6146893847984807e-50,1,2017-02-28,working,1,True,0.9666666666666667,traffic,1e-06
605,0,0,0.9406148553140535,False,,2,1.0,1.0213397841347766e-32,1,2017-03-01,working,1,True,0.9666666666666667,traffic,1e-06
606,0,0,0.43410307735840464,False,,2,1.0,2.0301056695695314e-53,1,2017-03-02,working,1,True,0.9666666666666667,traffic,1e-06
607,0,0,0.6583603089043153,False,,2,1.0,1.1547594621076588e-39,1,2017-03-03,working,1,True,0.9666666666666667,traffic,1e-06
608,1,1,0.8697617443924321,False,,2,0.9999999999999769,7.59614546191781e-13,0,2017-03-04,weekend,0,True,0.9666666666666667,traffic,1e-06
609,1,1,0.6317659402664189,False,,2,0.9999999999999947,1.66787536069548e-13,0,2017-03-05,weekend,0,True,0.9666666666666667,traffic,1e-06
610,0,0,0.39169096672029896,False,,2,1.0,1.2073199622531635e-55,1,2017-03-06,working,1,True,0.9666666666666667,traffic,1e-06
611,0,0,0.27229072195443554,False,,2,1.0,3.322458533121265e-57,1,2017-03-07,working,1,True,0.9666666666666667,traffic,1e-06
612,0,0,0.3683394399082246,False,,2,1.0,1.2065903532007254e-50,1,2017-03-08,working,1,True,0.9666666666666667,traffic,1e-06
613,0,0,0.20823190233402283,False,,2,1.0,1.0441253876684942e-52,1,2017-03-09,working,1,True,0.9666666666666667,traffic,1e-06
614,0,0,0.3709981211992272,False,,2,1.0,4.028674327809118e-38,1,2017-03-10,working,1,True,0.9666666666666667,traffic,1e-06
615,1,1,0.651322545986754,False,,2,0.9999999999999991,2.5287887471126615e-14,0,2017-03-11,weekend,0,True,0.9666666666666667,traffic,1e-06
616,0,0,0.39396114389816295,False,,2,1.0,1.9753880841767716e-54,1,2017-03-14,working,1,True,0.9666666666666667,traffic,1e-06
617,0,0,0.7151120968181567,False,,2,1.0,4.3541775749199654e-35,1,2017-03-16,working,1,True,0.9666666666666667,traffic,1e-06
618,0,0,0.5015081003189488,False,,2,1.0,9.058301248569193e-34,1,2017-03-17,working,1,True,0.9666666666666667,traffic,1e-06
619,1,1,0.848199754505103,False,,2,0.9999999999999982,6.272317464103826e-14,0,2017-03-18,weekend,0,True,0.9666666666666667,traffic,1e-06
620,1,1,0.19337007209973395,False,,2,0.9999999999999996,1.4787770144051296e-14,0,2017-03-19,weekend,0,True,0.9666666666666667,traffic,1e-06
621,0,0,0.29897720683070045,False,,2,1.0,3.703346950049658e-56,1,2017-03-20,working,1,True,0.9666666666666667,traffic,1e-06
622,0,0,0.4902713485133192,False,,2,1.0,2.1562925174774176e-51,1,2017-03-22,working,1,True,0.9666666666666667,traffic,1e-06
623,0,0,0.4172735250590393,False,,2,1.0,1.880207102341634e-51,1,2017-03-23,working,1,True,0.9666666666666667,traffic,1e-06
624,0,0,0.7105251971152233,False,,2,1.0,7.067481156214293e-38,1,2017-03-24,working,1,True,0.9666666666666667,traffic,1e-06
625,1,1,0.3509917170455688,False,,2,0.9999999999999964,1.1738157803980956e-13,0,2017-03-25,weekend,0,True,0.9666666666666667,traffic,1e-06
626,1,1,0.5536686032645866,False,,2,1.0,3.804789504154722e-15,0,2017-03-26,weekend,0,True,0.9666666666666667,traffic,1e-06
627,0,0,0.21280196115052635,False,,2,1.0,2.411107325585417e-50,1,2017-03-27,working,1,True,1.0,traffic,1e-06
628,0,0,0.4462005210241163,False,,2,1.0,3.729113271697833e-46,1,2017-03-28,working,1,True,1.0,traffic,1e-06
629,0,0,0.4496553317774048,False,,2,1.0,2.6637730428371083e-51,1,2017-03-29,working,1,True,1.0,traffic,1e-06
630,0,0,0.420257207238751,False,,2,1.0,4.993820145493157e-50,1,2017-03-30,working,1,True,1.0,traffic,1e-06
631,0,0,0.663303380776004,False,,2,1.0,4.231982515593008e-37,1,2017-03-31,working,1,True,1.0,traffic,1e-06
632,1,1,0.7224857235154429,False,,2,0.9999999999999751,8.006193040136786e-13,0,2017-04-01,weekend,0,True,1.0,traffic,1e-06
633,1,1,0.40438886899582416,False,,2,0.999999999999952,1.527752750135938e-12,0,2017-04-02,weekend,0,True,1.0,traffic,1e-06
634,0,0,0.31273901470145393,False,,2,1.0,1.3847177824713044e-54,1,2017-04-03,working,1,True,1.0,traffic,1e-06
635,0,0,0.3742614640020259,False,,2,1.0,6.334009771908158e-54,1,2017-04-04,working,1,True,1.0,traffic,1e-06
636,0,0,0.49348764600098083,False,,2,1.0,6.0735887990485456e-49,1,2017-04-05,working,1,True,1.0,traffic,1e-06
637,1,1,0.6861105167266994,False,,2,0.999999999998213,5.01235399457563e-11,0,2017-04-08,weekend,0,True,1.0,traffic,1e-06
638,1,1,0.5304678142628536,False,,2,1.0,1.5497994400476363e-15,0,2017-04-09,weekend,0,True,1.0,traffic,1e-06
639,0,0,0.2617508648245891,False,,2,1.0,1.6648164094899885e-52,1,2017-04-10,working,1,True,1.0,traffic,1e-06
640,0,0,0.09461077655845139,False,,2,1.0,1.558563481528615e-39,1,2017-04-11,working,1,True,1.0,traffic,1e-06
641,0,0,0.42919492042079477,False,,2,1.0,5.123411424314918e-54,1,2017-04-12,working,1,True,1.0,traffic,1e-06
642,0,0,0.07742250796251338,False,,2,1.0,2.1536806708054332e-29,1,2017-04-14,working,1,True,1.0,traffic,1e-06
643,1,1,0.33780677608526977,False,,2,0.9999999999998659,4.1077215965345825e-12,0,2017-04-15,weekend,0,True,1.0,traffic,1e-06
644,1,1,0.4984945040816454,False,,2,1.0,1.8282180292021768e-15,0,2017-04-16,weekend,0,True,1.0,traffic,1e-06
645,0,0,0.4098673319352393,False,,2,1.0,6.181300321745911e-55,1,2017-04-17,working,1,True,1.0,traffic,1e-06
646,0,0,0.35676587483905087,False,,2,1.0,5.833869141328849e-54,1,2017-04-18,working,1,True,1.0,traffic,1e-06
647,0,0,0.4608805799174507,False,,2,1.0,1.7680395094885264e-51,1,2017-04-19,working,1,True,1.0,traffic,1e-06
648,0,0,0.48076053305915745,False,,2,1.0,1.422844934594026e-50,1,2017-04-20,working,1,True,1.0,traffic,1e-06
649,0,0,0.2966076790781475,False,,2,1.0,1.0820645713249126e-37,1,2017-04-21,working,1,True,1.0,traffic,1e-06
650,1,1,0.8248422935252487,False,,2,0.9999999999985203,4.1766429913937314e-11,0,2017-04-22,weekend,0,True,1.0,traffic,1e-06
651,1,1,0.8100667680422328,False,,2,1.0,1.2277248198143202e-14,0,2017-04-23,weekend,0,True,1.0,traffic,1e-06
652,0,0,0.354365639579407,False,,2,1.0,1.3733726720640467e-58,1,2017-04-24,working,1,True,1.0,traffic,1e-06
653,0,0,0.35292913284758626,False,,2,1.0,2.8252765263433524e-59,1,2017-04-25,working,1,True,1.0,traffic,1e-06
654,0,0,0.6107766730239075,False,,2,1.0,4.56295203786647e-51,1,2017-04-26,working,1,True,1.0,traffic,1e-06
655,0,0,0.5098006148959446,False,,2,1.0,5.99981642708702e-50,1,2017-04-27,working,1,True,1.0,traffic,1e-06
656,0,0,0.7033499786302766,False,,2,1.0,5.414281141415072e-35,1,2017-04-28,working,1,True,1.0,traffic,1e-06
657,1,1,0.4314637846847674,False,,2,0.9999999999757581,6.167926103274587e-10,0,2017-04-29,weekend,0,True,1.0,traffic,1e-06
658,1,1,0.4749766060543644,False,,2,0.9999999999999938,1.9954447200322065e-13,0,2017-04-30,weekend,0,True,1.0,traffic,1e-06
659,0,0,0.4354168863517333,False,,2,1.0,7.080557310150283e-56,1,2017-05-01,working,1,True,1.0,traffic,1e-06
660,0,0,0.32723702741794175,False,,2,1.0,1.5329251074983888e-57,1,2017-05-02,working,1,True,1.0,traffic,1e-06
661,0,0,0.7174925514770333,False,,2,1.0,3.239708894703268e-45,1,2017-05-03,working,1,True,1.0,traffic,1e-06
662,0,0,0.6525412002182134,False,,2,1.0,1.0000618805549772e-50,1,2017-05-04,working,1,True,1.0,traffic,1e-06
663,0,0,0.5589339414631074,False,,2,1.0,2.908811342999098e-38,1,2017-05-05,working,1,True,1.0,traffic,1e-06
664,1,1,0.6033904624232354,False,,2,0.9999999999996323,1.0903077462661302e-11,0,2017-05-06,weekend,0,True,1.0,traffic,1e-06
665,1,1,0.3477567843189952,False,,2,0.9999999999999982,5.996486275737822e-14,0,2017-05-07,weekend,0,True,1.0,traffic,1e-06
666,0,0,0.347454430851532,False,,2,1.0,3.4493183490643456e-56,1,2017-05-08,working,1,True,1.0,traffic,1e-06
667,0,0,0.30090797362890287,False,,2,1.0,5.203106746071085e-59,1,2017-05-09,working,1,True,1.0,traffic,1e-06
668,0,0,0.44314523730479827,False,,2,1.0,5.075720056530453e-53,1,2017-05-10,working,1,True,1.0,traffic,1e-06
669,0,0,0.2776901302433777,False,,2,1.0,9.019819364154864e-45,1,2017-05-11,working,1,True,1.0,traffic,1e-06
670,0,0,0.17636042804771448,False,,2,1.0,4.839700378127932e-26,1,2017-05-12,working,1,True,1.0,traffic,1e-06
671,1,1,0.4425851999106865,False,,2,0.9999999999999973,9.565187260231147e-14,0,2017-05-13,weekend,0,True,1.0,traffic,1e-06
672,1,1,0.885441841992533,False,,2,0.9999999999999964,9.993176022296261e-14,0,2017-05-14,weekend,0,True,1.0,traffic,1e-06
673,0,0,0.47313230549690255,False,,2,1.0,1.1615833158547522e-52,1,2017-05-15,working,1,True,1.0,traffic,1e-06
674,0,0,0.4769553555165005,False,,2,1.0,6.623073083342279e-50,1,2017-05-16,working,1,True,1.0,traffic,1e-06
675,0,0,0.3863484152271105,False,,2,1.0,2.2570821724065028e-48,1,2017-05-17,working,1,True,1.0,traffic,1e-06
676,0,0,0.47668578377974924,False,,2,1.0,1.743836115289381e-49,1,2017-05-18,working,1,True,1.0,traffic,1e-06
677,0,0,0.4818084832691897,False,,2,1.0,2.8696395829958758e-36,1,2017-05-19,working,1,True,1.0,traffic,1e-06
678,1,1,0.7371969684530246,False,,2,0.9999999999983489,4.643834695301892e-11,0,2017-05-20,weekend,0,True,1.0,traffic,1e-06
679,1,1,0.8601786067733899,False,,2,0.9999999999999982,6.72861178810881e-14,0,2017-05-21,weekend,0,True,1.0,traffic,1e-06
680,0,0,0.5903854379944922,False,,2,1.0,1.8756943494793304e-50,1,2017-05-22,working,1,True,1.0,traffic,1e-06
681,0,0,0.35967398407247403,False,,2,1.0,6.2266537573480425e-49,1,2017-05-23,working,1,True,1.0,traffic,1e-06
682,0,0,0.2841822822750881,False,,2,1.0,3.160373394934736e-48,1,2017-05-24,working,1,True,1.0,traffic,1e-06
683,0,0,0.5522491302917714,False,,2,1.0,1.219779913369662e-46,1,2017-05-25,working,1,True,1.0,traffic,1e-06
684,0,0,0.6791322125402879,False,,2,1.0,1.349774595395526e-34,1,2017-05-26,working,1,True,1.0,traffic,1e-06
685,1,1,0.9252256590656376,False,,2,1.0,3.5953319363648806e-16,0,2017-05-27,weekend,0,True,1.0,traffic,1e-06
686,1,1,0.9383055296671777,False,,2,1.0,1.2324201046684568e-16,0,2017-05-28,weekend,0,True,1.0,traffic,1e-06
687,1,1,0.799917411951304,False,,2,1.0,1.2417357097055491e-15,0,2017-05-29,holiday,0,True,1.0,traffic,1e-06
688,0,0,0.3447591774564721,False,,2,1.0,1.3544142593754065e-55,1,2017-05-30,working,1,True,1.0,traffic,1e-06
689,0,0,0.4781766600821791,False,,2,1.0,6.103227078407183e-52,1,2017-05-31,working,1,True,1.0,traffic,1e-06
690,0,0,0.5406054500080462,False,,2,1.0,1.1519276860923387e-45,1,2017-06-01,working,1,True,1.0,traffic,1e-06
691,0,0,0.5455331311155989,False,,2,1.0,1.3454657503012897e-37,1,2017-06-02,working,1,True,1.0,traffic,1e-06
692,1,1,0.8893678177914105,False,,2,0.9999999999999982,5.335830553100917e-14,0,2017-06-03,weekend,0,True,1.0,traffic,1e-06
693,1,1,0.10149138264379412,False,,2,1.0,7.472265702842138e-16,0,2017-06-04,weekend,0,True,1.0,traffic,1e-06
694,0,0,0.630685674710068,False,,2,1.0,6.580685764380349e-43,1,2017-06-05,working,1,True,1.0,traffic,1e-06
695,0,0,0.45571204034141716,False,,2,1.0,1.9766148766381003e-48,1,2017-06-06,working,1,True,1.0,traffic,1e-06
696,0,0,0.5974576096530166,False,,2,1.0,1.3523413219126158e-44,1,2017-06-07,working,1,True,1.0,traffic,1e-06
697,0,0,0.7832825350062899,False,,2,1.0,2.8889946083318114e-38,1,2017-06-08,working,1,True,1.0,traffic,1e-06
698,0,0,0.28370030297494714,False,,2,1.0,9.985243321368766e-36,1,2017-06-09,working,1,True,1.0,traffic,1e-06
699,1,1,0.6051175271703235,False,,2,0.9999999999999849,5.002800456472244e-13,0,2017-06-10,weekend,0,True,1.0,traffic,1e-06
700,1,1,0.09092484750358361,False,,2,1.0,3.437459912486242e-16,0,2017-06-11,weekend,0,True,1.0,traffic,1e-06
701,0,0,0.4957848958223964,False,,2,1.0,2.299736311675969e-49,1,2017-06-12,working,1,True,1.0,traffic,1e-06
702,0,0,0.34912840382652466,False,,2,1.0,2.6537622035011344e-47,1,2017-06-13,working,1,True,1.0,traffic,1e-06
703,0,0,0.4310157884581521,False,,2,1.0,9.868639059770201e-43,1,2017-06-14,working,1,True,1.0,traffic,1e-06
704,0,0,0.48136962081753953,False,,2,1.0,5.669032328288011e-38,1,2017-06-15,working,1,True,1.0,traffic,1e-06
705,0,0,0.22013364104519034,False,,2,1.0,1.397646490900964e-49,1,2017-06-16,working,1,True,1.0,traffic,1e-06
706,0,0,0.7056573342296342,False,,2,0.9999999999897584,2.693975919540816e-10,0,2017-06-17,weekend,1,False,0.9666666666666667,traffic,1e-06
707,1,1,0.9526031192737758,False,,2,1.0,4.016355533765876e-16,0,2017-06-18,weekend,0,True,0.9666666666666667,traffic,1e-06
708,0,0,0.510408904505097,False,,2,1.0,1.5034388523446837e-42,1,2017-06-19,working,1,True,0.9666666666666667,traffic,1e-06
709,0,0,0.5596410715960476,False,,2,1.0,6.015815510369821e-45,1,2017-06-20,working,1,True,0.9666666666666667,traffic,1e-06
710,0,0,0.5336663286106553,False,,2,1.0,3.567982376292772e-46,1,2017-06-21,working,1,True,0.9666666666666667,traffic,1e-06
711,0,0,0.5791931083757103,False,,2,1.0,6.837911526744964e-39,1,2017-06-22,working,1,True,0.9666666666666667,traffic,1e-06
712,0,0,0.686784315029813,False,,2,1.0,4.631631862482669e-28,1,2017-06-23,working,1,True,0.9666666666666667,traffic,1e-06
713,1,1,0.41555866705803324,False,,2,0.999999999900453,2.392153857700916e-09,0,2017-06-24,weekend,0,True,0.9666666666666667,traffic,1e-06
714,1,1,0.9550244867737429,False,,2,1.0,2.6411423547979695e-14,0,2017-06-25,weekend,0,True,0.9666666666666667,traffic,1e-06
715,0,0,0.47461395772499737,False,,2,1.0,9.900245958743107e-46,1,2017-06-26,working,1,True,0.9666666666666667,traffic,1e-06
716,0,0,0.49235565305728257,False,,2,1.0,8.824276914668674e-49,1,2017-06-27,working,1,True,0.9666666666666667,traffic,1e-06
717,0,0,0.5892189381092687,False,,2,1.0,9.875630698624928e-46,1,2017-06-28,working,1,True,0.9666666666666667,traffic,1e-06
718,0,0,0.6836955775947848,False,,2,1.0,4.5365392211287735e-37,1,2017-06-29,working,1,True,0.9666666666666667,traffic,1e-06
719,0,0,0.6104802024102141,False,,2,1.0,9.41038310889705e-33,1,2017-06-30,working,1,True,0.9666666666666667,traffic,1e-06
720,1,1,0.0186647061283959,False,,2,0.9999999923409657,1.5078631676063243e-07,0,2017-07-01,weekend,0,True,0.9666666666666667,traffic,1e-06
721,0,0,0.6917075580280325,False,,2,1.0,1.7043491930127325e-15,1,2017-07-03,working,1,True,0.9666666666666667,traffic,1e-06
722,1,1,0.04694984885518601,False,,2,0.9999999999998384,4.92011960737933e-12,0,2017-07-04,holiday,0,True,0.9666666666666667,traffic,1e-06
723,0,0,0.26081925140869683,False,,2,1.0,2.852573278409197e-30,1,2017-07-05,working,1,True,0.9666666666666667,traffic,1e-06
724,0,0,0.41223643772825885,False,,2,1.0,1.363349257402484e-43,1,2017-07-06,working,1,True,0.9666666666666667,traffic,1e-06
725,0,0,0.4635567145773247,False,,2,1.0,2.3651601239183587e-34,1,2017-07-07,working,1,True,0.9666666666666667,traffic,1e-06
726,1,1,0.9097078783471848,False,,2,0.9999999999999343,2.056130479411846e-12,0,2017-07-08,weekend,0,True,0.9666666666666667,traffic,1e-06
727,1,1,0.927314192422111,False,,2,1.0,1.7896988031559273e-15,0,2017-07-09,weekend,0,True,0.9666666666666667,traffic,1e-06
728,0,0,0.4577626608905869,False,,2,1.0,7.641826775656467e-50,1,2017-07-11,working,1,True,0.9666666666666667,traffic,1e-06
729,0,0,0.49474151152255985,False,,2,1.0,1.9732745486722506e-47,1,2017-07-12,working,1,True,0.9666666666666667,traffic,1e-06
730,0,0,0.5349200687387627,False,,2,1.0,1.7844557102191967e-45,1,2017-07-13,working,1,True,0.9666666666666667,traffic,1e-06
731,0,0,0.31468686382033356,False,,2,1.0,8.428717936635485e-31,1,2017-07-14,working,1,True,0.9666666666666667,traffic,1e-06
732,1,1,0.7326023845792182,False,,2,0.9999999999999023,3.035062379779935e-12,0,2017-07-15,weekend,0,True,0.9666666666666667,traffic,1e-06
733,1,1,0.9597711799443401,False,,2,1.0,1.2871688492621298e-16,0,2017-07-16,weekend,0,True,0.9666666666666667,traffic,1e-06
734,0,0,0.36718234254894233,False,,2,1.0,2.5076285431147458e-46,1,2017-07-17,working,1,True,0.9666666666666667,traffic,1e-06
735,0,0,0.3776912487836705,False,,2,1.0,1.6253882448931155e-54,1,2017-07-18,working,1,True,0.9666666666666667,traffic,1e-06
736,0,0,0.5883125848861108,False,,2,1.0,2.4703038025668055e-47,1,2017-07-19,working,1,True,1.0,traffic,1e-06
737,0,0,0.537622990291613,False,,2,1.0,3.9347823081607435e-42,1,2017-07-20,working,1,True,1.0,traffic,1e-06
738,0,0,0.4097165407277721,False,,2,1.0,9.788512471256863e-33,1,2017-07-21,working,1,True,1.0,traffic,1e-06
739,1,1,0.8778685835243353,False,,2,0.9999999999999236,2.3757733758688797e-12,0,2017-07-22,weekend,0,True,1.0,traffic,1e-06
740,1,1,0.11101447077880651,False,,2,1.0,2.3257509061406016e-17,0,2017-07-23,weekend,0,True,1.0,traffic,1e-06
741,0,0,0.4546729577274446,False,,2,1.0,3.338217827497595e-51,1,2017-07-24,working,1,True,1.0,traffic,1e-06
742,0,0,0.3604853701255062,False,,2,1.0,6.629439485633198e-53,1,2017-07-25,working,1,True,1.0,traffic,1e-06
743,0,0,0.1916922050951007,False,,2,1.0,7.488774286262449e-45,1,2017-07-26,working,1,True,1.0,traffic,1e-06
744,0,0,0.33074061809359917,False,,2,1.0,2.118106985076913e-34,1,2017-07-27,working,1,True,1.0,traffic,1e-06
745,0,0,0.46119176777139703,False,,2,1.0,2.1985713192010317e-26,1,2017-07-28,working,1,True,1.0,traffic,1e-06
746,1,1,0.47200178255936054,False,,2,1.0,4.424323840939172e-16,0,2017-07-29,weekend,0,True,1.0,traffic,1e-06
747,1,1,0.3039559887528334,False,,2,1.0,6.438072004724715e-17,0,2017-07-30,weekend,0,True,1.0,traffic,1e-06
748,0,0,0.49013313160056393,False,,2,1.0,7.969830071416467e-45,1,2017-07-31,working,1,True,1.0,traffic,1e-06
749,0,0,0.5524286320449874,False,,2,1.0,2.1090839867374651e-50,1,2017-08-01,working,1,True,1.0,traffic,1e-06
750,0,0,0.7216830746455409,False,,2,1.0,4.8062768751742225e-46,1,2017-08-02,working,1,True,1.0,traffic,1e-06
751,0,0,0.6378475217550186,False,,2,1.0,8.570021370841586e-43,1,2017-08-03,working,1,True,1.0,traffic,1e-06
752,0,0,0.46981371020123774,False,,2,1.0,4.956329290070231e-38,1,2017-08-04,working,1,True,1.0,traffic,1e-06
753,1,1,0.1618316156568386,False,,2,0.9999999999958018,1.1417442101868026e-10,0,2017-08-05,weekend,0,True,1.0,traffic,1e-06
754,1,1,0.9113089880547774,False,,2,1.0,8.399325845236478e-17,0,2017-08-06,weekend,0,True,1.0,traffic,1e-06
755,0,0,0.4654002496266818,False,,2,1.0,1.9292303608092984e-52,1,2017-08-07,working,1,True,1.0,traffic,1e-06
756,0,0,0.4676917838025648,False,,2,1.0,2.1091146531792452e-50,1,2017-08-08,working,1,True,1.0,traffic,1e-06
757,0,0,0.5148606354774792,False,,2,1.0,1.3421604988973067e-52,1,2017-08-09,working,1,True,1.0,traffic,1e-06
758,0,0,0.5367042801312834,False,,2,1.0,1.260375634070269e-52,1,2017-08-10,working,1,True,1.0,traffic,1e-06
759,0,0,0.6327031345107923,False,,2,1.0,1.1620524626703643e-37,1,2017-08-11,working,1,True,1.0,traffic,1e-06
760,1,1,0.7956768395782726,False,,2,0.9999999999999858,4.595708548345099e-13,0,2017-08-12,weekend,0,True,1.0,traffic,1e-06
761,1,1,0.7429834171025642,False,,2,1.0,2.15950775972197e-16,0,2017-08-13,weekend,0,True,1.0,traffic,1e-06
762,0,0,0.3971107471362016,False,,2,1.0,4.0421862500272646e-56,1,2017-08-14,working,1,True,1.0,traffic,1e-06
763,0,0,0.495087302349553,False,,2,1.0,5.79105036849485e-52,1,2017-08-15,working,1,True,1.0,traffic,1e-06
764,0,0,0.4625929118387322,False,,2,1.0,5.544954319031089e-49,1,2017-08-17,working,1,True,1.0,traffic,1e-06
765,0,0,0.5452718437191573,False,,2,1.0,6.47759615543647e-36,1,2017-08-18,working,1,True,1.0,traffic,1e-06
766,1,1,0.061871946992381785,False,,2,0.9999999999943595,1.517354163195855e-10,0,2017-08-19,weekend,0,True,1.0,traffic,1e-06
767,1,1,0.13052893012869235,False,,2,1.0,1.4032079514524017e-15,0,2017-08-20,weekend,0,True,1.0,traffic,1e-06
768,0,0,0.157492759958564,False,,2,1.0,2.9722783121622917e-51,1,2017-08-21,working,1,True,1.0,traffic,1e-06
769,0,0,0.3799762439488242,False,,2,1.0,8.388020822364817e-42,1,2017-08-22,working,1,True,1.0,traffic,1e-06
770,0,0,0.5277368327281764,False,,2,1.0,8.867364284566456e-52,1,2017-08-23,working,1,True,1.0,traffic,1e-06
771,0,0,0.4759469335793042,False,,2,1.0,8.060643763763501e-51,0,2017-08-24,holiday,1,False,0.9666666666666667,traffic,1e-06
772,0,0,0.32066077876421395,False,,2,1.0,4.47397394464795e-39,1,2017-08-25,working,1,True,0.9666666666666667,traffic,1e-06
773,1,1,0.35600130596878027,False,,2,0.9999999999387965,1.500517722029594e-09,0,2017-08-26,weekend,0,True,0.9666666666666667,traffic,1e-06
774,1,1,0.21045192680371272,False,,2,0.999999999999996,1.3182927935438064e-13,0,2017-08-27,weekend,0,True,0.9666666666666667,traffic,1e-06
775,0,0,0.3671016163295903,False,,2,1.0,2.642614501624553e-56,1,2017-08-28,working,1,True,0.9666666666666667,traffic,1e-06
776,0,0,0.39628231537638536,False,,2,1.0,7.91556001850204e-56,1,2017-08-29,working,1,True,0.9666666666666667,traffic,1e-06
777,0,0,0.4530655258702264,False,,2,1.0,4.945245263406985e-54,1,2017-08-30,working,1,True,0.9666666666666667,traffic,1e-06
778,0,0,0.44563104107638873,False,,2,1.0,6.687036812472791e-49,1,2017-08-31,working,1,True,0.9666666666666667,traffic,1e-06
779,0,0,0.7414900227114494,False,,2,1.0,7.519034786565351e-36,1,2017-09-01,working,1,True,0.9666666666666667,traffic,1e-06
780,1,1,0.6116605119748377,False,,2,0.9999999998533298,3.4676968497256607e-09,0,2017-09-02,weekend,0,True,0.9666666666666667,traffic,1e-06
781,1,1,0.9642306641875451,False,,2,1.0,7.152188822236522e-15,0,2017-09-03,weekend,0,True,0.9666666666666667,traffic,1e-06
782,1,1,0.6518217563721904,False,,2,0.9999999999854472,3.77688608314427e-10,0,2017-09-04,holiday,0,True,0.9666666666666667,traffic,1e-06
783,0,0,0.2748611126286213,False,,2,1.0,3.46972388724817e-63,1,2017-09-05,working,1,True,0.9666666666666667,traffic,1e-06
784,0,0,0.4295810838789322,False,,2,1.0,1.7607973071655846e-60,1,2017-09-06,working,1,True,0.9666666666666667,traffic,1e-06
785,0,0,0.4049962905185491,False,,2,1.0,8.201280399294103e-57,1,2017-09-07,working,1,True,0.9666666666666667,traffic,1e-06
786,0,0,0.4756754999651379,False,,2,1.0,1.2457215665442689e-48,1,2017-09-08,working,1,True,0.9666666666666667,traffic,1e-06
787,1,1,0.6986197803589995,False,,2,0.99999999998942,2.779558709776842e-10,0,2017-09-09,weekend,0,True,0.9666666666666667,traffic,1e-06
788,1,1,0.8648014385340395,False,,2,0.9999999999999982,7.141560356926585e-14,0,2017-09-10,weekend,0,True,0.9666666666666667,traffic,1e-06
789,0,0,0.23199237284617444,False,,2,1.0,2.0732400673047837e-60,1,2017-09-11,working,1,True,0.9666666666666667,traffic,1e-06
790,0,0,0.29096920500102513,False,,2,1.0,1.2364279949840117e-58,1,2017-09-12,working,1,True,0.9666666666666667,traffic,1e-06
791,0,0,0.4961771627820497,False,,2,1.0,2.1854010681635313e-54,1,2017-09-13,working,1,True,0.9666666666666667,traffic,1e-06
792,0,0,0.5267212597051443,False,,2,1.0,1.035039911735531e-54,1,2017-09-14,working,1,True,0.9666666666666667,traffic,1e-06
793,0,0,0.40520657385108005,False,,2,1.0,3.700655744414535e-43,1,2017-09-15,working,1,True,0.9666666666666667,traffic,1e-06
794,1,1,0.7113120702485934,False,,2,0.9999999999973737,7.265788236354031e-11,0,2017-09-16,weekend,0,True,0.9666666666666667,traffic,1e-06
795,1,1,0.6657142011885633,False,,2,1.0,1.573343187782973e-15,0,2017-09-17,weekend,0,True,0.9666666666666667,traffic,1e-06
796,0,0,0.2726863149438242,False,,2,1.0,1.6912547356028302e-62,1,2017-09-18,working,1,True,0.9666666666666667,traffic,1e-06
797,0,0,0.32636576752972773,False,,2,1.0,3.634831471351969e-65,1,2017-09-19,working,1,True,0.9666666666666667,traffic,1e-06
798,0,0,0.4226877681582695,False,,2,1.0,3.531521868224801e-52,1,2017-09-20,working,1,True,0.9666666666666667,traffic,1e-06
799,0,0,0.4561628108029309,False,,2,1.0,6.324424876452255e-41,1,2017-09-22,working,1,True,0.9666666666666667,traffic,1e-06
800,1,1,0.8581912631971378,False,,2,0.9999999999983871,4.541933134846443e-11,0,2017-09-23,weekend,0,True,0.9666666666666667,traffic,1e-06
801,1,1,0.6066078697656536,False,,2,0.9999999999999991,2.4199854478121664e-14,0,2017-09-24,weekend,0,True,1.0,traffic,1e-06
802,0,0,0.22742254640995566,False,,2,1.0,6.691485637006896e-52,1,2017-09-25,working,1,True,1.0,traffic,1e-06
803,0,0,0.26864228953188146,False,,2,1.0,1.9810491586810783e-63,1,2017-09-26,working,1,True,1.0,traffic,1e-06
804,0,0,0.3525005034843615,False,,2,1.0,1.5134854581769705e-56,1,2017-09-28,working,1,True,1.0,traffic,1e-06
805,0,0,0.5205250274894233,False,,2,1.0,1.2274257968259587e-43,1,2017-09-29,working,1,True,1.0,traffic,1e-06
806,1,1,0.24320405337457732,False,,2,0.999999997638533,4.926961070269485e-08,0,2017-09-30,weekend,0,True,1.0,traffic,1e-06
807,1,1,0.09883752589144947,False,,2,0.9999999945302919,1.0952565816382092e-07,0,2017-10-01,weekend,0,True,1.0,traffic,1e-06
808,0,0,0.17495231197884925,False,,2,1.0,7.16209022447684e-66,1,2017-10-02,working,1,True,1.0,traffic,1e-06
809,0,0,0.3826872695087491,False,,2,1.0,8.281453920586027e-61,1,2017-10-03,working,1,True,1.0,traffic,1e-06
810,0,0,0.5143078014204068,False,,2,1.0,2.1408734375122987e-59,1,2017-10-04,working,1,True,1.0,traffic,1e-06
811,0,0,0.4670485749444466,False,,2,1.0,1.6383087664689315e-56,1,2017-10-05,working,1,True,1.0,traffic,1e-06
812,0,0,0.34067054417849457,False,,2,1.0,1.0203397876940185e-46,1,2017-10-06,working,1,True,1.0,traffic,1e-06
813,1,1,0.2685469460243356,False,,2,0.9999999999999196,2.4976224970698894e-12,0,2017-10-07,weekend,0,True,1.0,traffic,1e-06
814,1,1,0.2855202438114122,False,,2,1.0,4.9960677171832944e-15,0,2017-10-08,weekend,0,True,1.0,traffic,1e-06
815,0,0,0.2873935857041227,False,,2,1.0,3.297299452531457e-63,0,2017-10-09,holiday,1,False,0.9666666666666667,traffic,1e-06
816,0,0,0.43482258906383764,False,,2,1.0,1.0876842396250665e-60,1,2017-10-10,working,1,True,0.9666666666666667,traffic,1e-06
817,0,0,0.3864279046607662,False,,2,1.0,3.00674839925242e-57,1,2017-10-11,working,1,True,0.9666666666666667,traffic,1e-06
818,0,0,0.5726994854816678,False,,2,1.0,1.9710409575271798e-51,1,2017-10-12,working,1,True,0.9666666666666667,traffic,1e-06
819,0,0,0.36111496761873324,False,,2,1.0,1.7304527891068188e-44,1,2017-10-13,working,1,True,0.9666666666666667,traffic,1e-06
820,1,1,0.12363124590373745,False,,2,0.9999999999904015,2.531093867706304e-10,0,2017-10-14,weekend,0,True,0.9666666666666667,traffic,1e-06
821,1,1,0.2657019919621205,False,,2,0.9999999999920335,2.115555137963446e-10,0,2017-10-15,weekend,0,True,0.9666666666666667,traffic,1e-06
822,0,0,0.15871794251410787,False,,2,1.0,4.733435067708455e-59,1,2017-10-16,working,1,True,0.9666666666666667,traffic,1e-06
823,0,0,0.24826230465881735,False,,2,1.0,2.2917451703970014e-50,1,2017-10-17,working,1,True,0.9666666666666667,traffic,1e-06
824,0,0,0.4007743518101835,False,,2,1.0,1.0407611455189287e-52,1,2017-10-18,working,1,True,0.9666666666666667,traffic,1e-06
825,0,0,0.5820017016995447,False,,2,1.0,3.7787920233777884e-45,1,2017-10-19,working,1,True,0.9666666666666667,traffic,1e-06
826,0,0,0.4503198555790335,False,,2,1.0,7.648087370639748e-37,1,2017-10-20,working,1,True,0.9666666666666667,traffic,1e-06
827,1,1,0.9976282780466685,False,,2,0.9999999999999982,7.955080316928965e-14,0,2017-10-21,weekend,0,True,0.9666666666666667,traffic,1e-06
828,1,1,0.9238010087896492,False,,2,1.0,1.0826024928459396e-15,0,2017-10-22,weekend,0,True,0.9666666666666667,traffic,1e-06
829,0,0,0.3109095851377445,False,,2,1.0,4.940838669467811e-59,1,2017-10-23,working,1,True,0.9666666666666667,traffic,1e-06
830,0,0,0.2997836289970341,False,,2,1.0,3.776890197806011e-59,1,2017-10-24,working,1,True,0.9666666666666667,traffic,1e-06
831,0,0,0.36688335268674205,False,,2,1.0,8.032451934829138e-57,1,2017-10-25,working,1,True,0.9666666666666667,traffic,1e-06
832,0,0,0.4172616583380296,False,,2,1.0,3.88324253317648e-49,1,2017-10-26,working,1,True,0.9666666666666667,traffic,1e-06
833,0,0,0.5820614318677804,False,,2,1.0,3.126800741745273e-41,1,2017-10-27,working,1,True,0.9666666666666667,traffic,1e-06
834,1,1,0.1424638338936418,False,,2,0.9999999999909568,2.3900213217635027e-10,0,2017-10-28,weekend,0,True,0.9666666666666667,traffic,1e-06
835,1,1,0.7958012564985402,False,,2,1.0,1.0671140666155346e-16,0,2017-10-29,weekend,0,True,0.9666666666666667,traffic,1e-06
836,0,0,0.3681678170857795,False,,2,1.0,1.139255442478737e-58,1,2017-10-30,working,1,True,0.9666666666666667,traffic,1e-06
837,0,0,0.26400430902955707,False,,2,1.0,4.1184585272180314e-60,1,2017-10-31,working,1,True,0.9666666666666667,traffic,1e-06
838,0,0,0.6109017702652468,False,,2,1.0,1.0399671680250608e-50,1,2017-11-01,working,1,True,0.9666666666666667,traffic,1e-06
839,0,0,0.4957392070112172,False,,2,1.0,1.155907505531453e-52,1,2017-11-02,working,1,True,0.9666666666666667,traffic,1e-06
840,0,0,0.7720359791738699,False,,2,1.0,1.1559538500516792e-41,1,2017-11-03,working,1,True,0.9666666666666667,traffic,1e-06
841,1,1,0.1445490343878435,False,,2,0.9999999994779025,1.168097445298944e-08,0,2017-11-04,weekend,0,True,0.9666666666666667,traffic,1e-06
842,1,1,0.02897737028069459,False,,2,0.9999999999929727,1.8749224118680846e-10,0,2017-11-05,weekend,0,True,0.9666666666666667,traffic,1e-06
843,0,0,0.14601638027810301,False,,2,1.0,5.505030854485668e-69,1,2017-11-06,working,1,True,0.9666666666666667,traffic,1e-06
844,0,0,0.33428825049197997,False,,2,1.0,8.763970369919055e-63,1,2017-11-07,working,1,True,0.9666666666666667,traffic,1e-06
845,0,0,0.6220647790617082,False,,2,1.0,4.2673270697038845e-41,0,2017-11-10,holiday,1,False,0.9666666666666667,traffic,1e-06
846,1,1,0.16343990197596014,False,,2,0.9999999999640237,9.011425988474089e-10,0,2017-11-12,weekend,0,True,0.9666666666666667,traffic,1e-06
847,0,0,0.24780210851780854,False,,2,1.0,4.214533014894061e-68,1,2017-11-13,working,1,True,0.9666666666666667,traffic,1e-06
848,0,0,0.3341360292326673,False,,2,1.0,1.0827032673987595e-59,1,2017-11-14,working,1,True,0.9666666666666667,traffic,1e-06
849,0,0,0.3179327390121279,False,,2,1.0,8.63182467791916e-52,1,2017-11-16,working,1,True,0.9666666666666667,traffic,1e-06
850,0,0,0.4878110854644424,False,,2,1.0,2.8981885892226247e-38,1,2017-11-17,working,1,True,0.9666666666666667,traffic,1e-06
851,1,1,0.14288750754665033,False,,2,0.9999999998153322,4.3235299807641666e-09,0,2017-11-18,weekend,0,True,0.9666666666666667,traffic,1e-06
852,1,1,0.15754904936596817,False,,2,0.9999999999804281,5.021554232060948e-10,0,2017-11-19,weekend,0,True,0.9666666666666667,traffic,1e-06
853,0,0,0.4128517741080731,False,,2,1.0,2.426054819487139e-58,1,2017-11-20,working,1,True,0.9666666666666667,traffic,1e-06
854,0,0,0.4724111518320784,False,,2,1.0,9.478451181404216e-58,1,2017-11-21,working,1,True,0.9666666666666667,traffic,1e-06
855,0,0,0.8190914920111657,False,,2,1.0,9.52312148948945e-45,1,2017-11-22,working,1,True,0.9666666666666667,traffic,1e-06
856,1,1,0.88021287822973,False,,2,1.0,1.276312711959604e-16,0,2017-11-23,holiday,0,True,0.9666666666666667,traffic,1e-06
857,0,0,0.18474380049418357,False,,2,0.9999961950790938,5.128734106023747e-05,1,2017-11-24,working,1,True,0.9666666666666667,traffic,1e-06
858,1,1,0.7872084599451118,False,,2,0.9999999999999867,4.3916190386795633e-13,0,2017-11-25,weekend,0,True,0.9666666666666667,traffic,1e-06
859,1,1,0.5579590680409032,False,,2,0.9999999999999973,1.0351525958226852e-13,0,2017-11-26,weekend,0,True,0.9666666666666667,traffic,1e-06
860,0,0,0.1932040936645972,False,,2,1.0,1.0159138271724142e-65,1,2017-11-27,working,1,True,0.9666666666666667,traffic,1e-06
861,0,0,0.31274342857405196,False,,2,1.0,1.899920849883185e-63,1,2017-11-28,working,1,True,0.9666666666666667,traffic,1e-06
862,0,0,0.21651127556860955,False,,2,1.0,6.192628381249815e-57,1,2017-11-29,working,1,True,0.9666666666666667,traffic,1e-06
863,0,0,0.532563437009234,False,,2,1.0,1.0422255996223839e-47,1,2017-11-30,working,1,True,0.9666666666666667,traffic,1e-06
864,0,0,0.278145579748089,False,,2,1.0,4.52151038236507e-42,1,2017-12-01,working,1,True,0.9666666666666667,traffic,1e-06
865,1,1,0.9246375532414238,False,,2,0.9999999999891607,2.8449084206440627e-10,0,2017-12-02,weekend,0,True,0.9666666666666667,traffic,1e-06
866,1,1,0.5106387108534824,False,,2,0.9999999999999982,6.117860396040795e-14,0,2017-12-03,weekend,0,True,0.9666666666666667,traffic,1e-06
867,0,0,0.5543396660801545,False,,2,1.0,9.806428787443693e-52,1,2017-12-04,working,1,True,0.9666666666666667,traffic,1e-06
868,0,0,0.8587095805009423,False,,2,1.0,1.5031703225710967e-42,1,2017-12-06,working,1,True,0.9666666666666667,traffic,1e-06
869,0,0,0.7333014363271617,False,,2,1.0,3.345628937354203e-50,1,2017-12-07,working,1,True,0.9666666666666667,traffic,1e-06
870,0,0,0.760040954026967,False,,2,1.0,3.4972889375661884e-43,1,2017-12-08,working,1,True,0.9666666666666667,traffic,1e-06
871,1,1,0.7943553818007042,False,,2,0.9999999999914326,2.2688294947136428e-10,0,2017-12-09,weekend,0,True,0.9666666666666667,traffic,1e-06
872,1,1,0.8057028885639819,False,,2,0.9999999999999982,5.706424583352524e-14,0,2017-12-10,weekend,0,True,0.9666666666666667,traffic,1e-06
873,0,0,0.6093404860358089,False,,2,1.0,7.821919192162341e-54,1,2017-12-11,working,1,True,0.9666666666666667,traffic,1e-06
874,0,0,0.40425426134496245,False,,2,1.0,9.164328795662529e-56,1,2017-12-12,working,1,True,0.9666666666666667,traffic,1e-06
875,0,0,0.4811709378660146,False,,2,1.0,8.57283946511675e-53,1,2017-12-13,working,1,True,1.0,traffic,1e-06
876,0,0,0.5260571682546109,False,,2,1.0,3.785528245609243e-49,1,2017-12-14,working,1,True,1.0,traffic,1e-06
877,0,0,0.6738539311268988,False,,2,1.0,1.3775296367978473e-38,1,2017-12-15,working,1,True,1.0,traffic,1e-06
878,1,1,0.892104783618756,False,,2,0.9999999999999414,1.8662087096510874e-12,0,2017-12-16,weekend,0,True,1.0,traffic,1e-06
879,1,1,0.8015752798204543,False,,2,0.9999999999999716,9.105747751610096e-13,0,2017-12-17,weekend,0,True,1.0,traffic,1e-06
880,0,0,0.41316897785557427,False,,2,1.0,5.974714870847146e-60,1,2017-12-18,working,1,True,1.0,traffic,1e-06
881,0,0,0.5503018270635707,False,,2,1.0,4.721510731909972e-55,1,2017-12-19,working,1,True,1.0,traffic,1e-06
882,0,0,0.6383310020182278,False,,2,1.0,2.4602362541380576e-52,1,2017-12-20,working,1,True,1.0,traffic,1e-06
883,0,0,0.6900110754682716,False,,2,1.0,1.0179858947190089e-47,1,2017-12-21,working,1,True,1.0,traffic,1e-06
884,0,0,0.8648984783538342,False,,2,1.0,1.0538088580362657e-29,1,2017-12-22,working,1,True,1.0,traffic,1e-06
885,1,1,0.16588152028384232,False,,2,0.9999999999999998,8.317952147562674e-15,0,2017-12-24,weekend,0,True,1.0,traffic,1e-06
886,1,1,0.9233798654315667,False,,2,1.0,8.729878253972635e-16,0,2017-12-25,holiday,0,True,1.0,traffic,1e-06
887,0,0,0.6747981660044631,False,,2,1.0,9.422216587191305e-30,1,2017-12-26,working,1,True,1.0,traffic,1e-06
888,0,0,0.6520236503164711,False,,2,1.0,4.513544213272786e-37,1,2017-12-27,working,1,True,1.0,traffic,1e-06
889,0,0,0.6705813963672953,False,,2,1.0,8.51085604452659e-30,1,2017-12-28,working,1,True,1.0,traffic,1e-06
890,0,0,0.7029092393778684,False,,2,1.0,1.1686497430143882e-26,1,2017-12-29,working,1,True,1.0,traffic,1e-06
891,1,1,0.587210546693721,False,,2,0.9999999999999982,6.187067818460839e-14,0,2017-12-30,weekend,0,True,1.0,traffic,1e-06
892,1,1,0.9409106075490532,False,,2,1.0,2.920622681643716e-16,0,2017-12-31,weekend,0,True,1.0,traffic,1e-06
893,-1,1,3.8726818993930376e-13,True,,2,0.9999999002031977,1.7085342043806695e-06,0,2018-01-01,holiday,-1,False,0.9666666666666667,traffic,1e-06
894,0,0,0.30898857635812127,False,,2,1.0,1.1771769815208522e-57,1,2018-01-02,working,1,True,0.9666666666666667,traffic,1e-06
895,0,0,0.4606016199093747,False,,2,1.0,2.9094648119846518e-55,1,2018-01-03,working,1,True,0.9666666666666667,traffic,1e-06
896,0,0,0.3847979689073477,False,,2,1.0,6.486878730860068e-54,1,2018-01-04,working,1,True,0.9666666666666667,traffic,1e-06
897,0,0,0.52145340545802,False,,2,1.0,2.210612147762371e-42,1,2018-01-05,working,1,True,0.9666666666666667,traffic,1e-06
898,1,1,0.6321234154698863,False,,2,0.9999999999944453,1.4951594839219572e-10,0,2018-01-06,weekend,0,True,0.9666666666666667,traffic,1e-06
899,1,1,0.7036700256618569,False,,2,0.9999999999999982,6.814403467327841e-14,0,2018-01-07,weekend,0,True,0.9666666666666667,traffic,1e-06
900,0,0,0.35724185895431293,False,,2,1.0,2.343520070854001e-65,1,2018-01-08,working,1,True,0.9666666666666667,traffic,1e-06
901,0,0,0.25194440874034446,False,,2,1.0,3.1393982217802612e-58,1,2018-01-09,working,1,True,0.9666666666666667,traffic,1e-06
902,0,0,0.4092848391291791,False,,2,1.0,4.958818565157193e-59,1,2018-01-10,working,1,True,0.9666666666666667,traffic,1e-06
903,0,0,0.6024849383858506,False,,2,1.0,2.1891277429524375e-52,1,2018-01-11,working,1,True,0.9666666666666667,traffic,1e-06
904,0,0,0.6267066503630401,False,,2,1.0,2.3305483391570958e-45,1,2018-01-12,working,1,True,0.9666666666666667,traffic,1e-06
905,1,1,0.4865963320583395,False,,2,0.9999999999436735,1.3856191182273979e-09,0,2018-01-13,weekend,0,True,0.9666666666666667,traffic,1e-06
906,1,1,0.12212622182008512,False,,2,0.9999999999992033,2.298834237050279e-11,0,2018-01-14,weekend,0,True,0.9666666666666667,traffic,1e-06
907,0,0,0.8538377955924997,False,,2,1.0,5.2152233159614475e-37,0,2018-01-15,holiday,1,False,0.9333333333333333,traffic,1e-06
908,0,0,0.5679470678228138,False,,2,1.0,9.398530818220095e-59,1,2018-01-16,working,1,True,0.9333333333333333,traffic,1e-06
909,0,0,0.2966811915851067,False,,2,1.0,6.41874200047675e-57,1,2018-01-17,working,1,True,0.9333333333333333,traffic,1e-06
910,0,0,0.5940155232620024,False,,2,1.0,1.1157234187234045e-48,1,2018-01-19,working,1,True,0.9333333333333333,traffic,1e-06
911,1,1,0.14834080526474988,False,,2,0.9999999999953975,1.2474784416503205e-10,0,2018-01-20,weekend,0,True,0.9333333333333333,traffic,1e-06
912,1,1,0.0012637187609322673,False,,2,0.9999999999595346,1.0088418591489581e-09,0,2018-01-21,weekend,0,True,0.9333333333333333,traffic,1e-06
913,0,0,0.00038062456407048263,False,,2,1.0,7.72429297059036e-90,1,2018-01-22,working,1,True,0.9333333333333333,traffic,1e-06
914,0,0,0.7262118277167775,False,,2,1.0,4.287075581689342e-45,1,2018-01-23,working,1,True,0.9333333333333333,traffic,1e-06
915,0,0,0.5368027184156625,False,,2,1.0,2.780017640829528e-57,1,2018-01-24,working,1,True,0.9333333333333333,traffic,1e-06
916,0,0,0.6639106687868719,False,,2,1.0,1.478189189230894e-52,1,2018-01-25,working,1,True,0.9333333333333333,traffic,1e-06
917,0,0,0.8286468715777751,False,,2,1.0,7.861398661042586e-33,1,2018-01-26,working,1,True,0.9333333333333333,traffic,1e-06
918,1,1,0.5769310873769018,False,,2,0.9999999999133165,2.0950335356975135e-09,0,2018-01-27,weekend,0,True,0.9333333333333333,traffic,1e-06
919,1,1,0.30593799496198554,False,,2,0.9999999999538081,1.145481393908591e-09,0,2018-01-28,weekend,0,True,0.9333333333333333,traffic,1e-06
920,0,0,0.4807638892368934,False,,2,1.0,3.0146673116167453e-58,1,2018-01-29,working,1,True,0.9333333333333333,traffic,1e-06
921,0,0,0.4164963328250661,False,,2,1.0,3.214964190927218e-54,1,2018-01-30,working,1,True,0.9333333333333333,traffic,1e-06
922,0,0,0.5340747424485977,False,,2,1.0,3.9381550322775645e-47,1,2018-02-01,working,1,True,0.9333333333333333,traffic,1e-06
923,0,0,0.6087487800665323,False,,2,1.0,4.593092277500829e-30,1,2018-02-02,working,1,True,0.9666666666666667,traffic,1e-06
924,1,1,0.2337901607213388,False,,2,0.9999999999958926,1.1179532530633596e-10,0,2018-02-03,weekend,0,True,0.9666666666666667,traffic,1e-06
925,1,1,0.01131391766078452,False,,2,0.9999999999528253,1.1688459134907023e-09,0,2018-02-04,weekend,0,True,0.9666666666666667,traffic,1e-06
926,0,0,0.5252398485812757,False,,2,1.0,1.422185675028808e-44,1,2018-02-05,working,1,True,0.9666666666666667,traffic,1e-06
927,0,0,0.4255604505391743,False,,2,1.0,4.666547966086222e-59,1,2018-02-06,working,1,True,0.9666666666666667,traffic,1e-06
928,0,0,0.6600054448177,False,,2,1.0,3.211224181827937e-51,1,2018-02-07,working,1,True,0.9666666666666667,traffic,1e-06
929,0,0,0.36443778721026177,False,,2,1.0,2.4267626028034056e-53,1,2018-02-08,working,1,True,0.9666666666666667,traffic,1e-06
930,0,0,0.5036715393887448,False,,2,1.0,1.35836232111764e-43,1,2018-02-09,working,1,True,0.9666666666666667,traffic,1e-06
931,1,1,0.03831918907116279,False,,2,0.9999999987255672,2.737578844680833e-08,0,2018-02-10,weekend,0,True,0.9666666666666667,traffic,1e-06
932,1,1,0.004949687148014911,False,,2,0.9999999995242463,1.0688346389793188e-08,0,2018-02-11,weekend,0,True,0.9666666666666667,traffic,1e-06
933,0,0,0.27461618647326586,False,,2,1.0,5.6136403844646114e-64,1,2018-02-12,working,1,True,0.9666666666666667,traffic,1e-06
934,0,0,0.33124969616076305,False,,2,1.0,4.759415051387271e-60,1,2018-02-13,working,1,True,0.9666666666666667,traffic,1e-06
935,0,0,0.614072660513628,False,,2,1.0,1.6296598290368337e-52,1,2018-02-14,working,1,True,0.9666666666666667,traffic,1e-06
936,0,0,0.4512084571014921,False,,2,1.0,1.1556303656590195e-50,1,2018-02-15,working,1,True,0.9666666666666667,traffic,1e-06
937,0,0,0.6145602958565712,False,,2,1.0,1.32652571788803e-43,1,2018-02-16,working,1,True,1.0,traffic,1e-06
938,1,1,0.6139934485154419,False,,2,0.9999999999913598,2.28744879593003e-10,0,2018-02-17,weekend,0,True,1.0,traffic,1e-06
939,1,1,0.79005311249887,False,,2,1.0,8.682911576505143e-15,0,2018-02-18,weekend,0,True,1.0,traffic,1e-06
940,0,0,0.48568911441476514,False,,2,1.0,1.4206696592389193e-48,0,2018-02-19,holiday,1,False,0.9666666666666667,traffic,1e-06
941,0,0,0.5834820593379471,False,,2,1.0,4.488164311097512e-57,1,2018-02-20,working,1,True,0.9666666666666667,traffic,1e-06
942,0,0,0.5009077096294698,False,,2,1.0,1.6144901166636813e-57,1,2018-02-21,working,1,True,0.9666666666666667,traffic,1e-06
943,0,0,0.44187659861286066,False,,2,1.0,1.2518757410150469e-57,1,2018-02-22,working,1,True,0.9666666666666667,traffic,1e-06
944,0,0,0.6492796328003287,False,,2,1.0,3.220024890354612e-36,1,2018-02-23,working,1,True,0.9666666666666667,traffic,1e-06
945,1,1,0.002865123213603046,False,,2,0.9995782768039169,0.0036989132781198703,0,2018-02-24,weekend,0,True,0.9666666666666667,traffic,1e-06
946,1,1,0.041918725428650855,False,,2,0.9999999999997673,7.002385123786953e-12,0,2018-02-25,weekend,0,True,0.9666666666666667,traffic,1e-06
947,0,0,0.543950602143014,False,,2,1.0,2.3669974815301704e-56,1,2018-02-26,working,1,True,0.9666666666666667,traffic,1e-06
948,0,0,0.4847192784523615,False,,2,1.0,1.0285397636704637e-54,1,2018-02-27,working,1,True,0.9666666666666667,traffic,1e-06
949,0,0,0.5818997944299416,False,,2,1.0,4.0915342333666525e-54,1,2018-02-28,working,1,True,0.9666666666666667,traffic,1e-06
950,0,0,0.6685226887369469,False,,2,1.0,1.925380303549209e-50,1,2018-03-01,working,1,True,0.9666666666666667,traffic,1e-06
951,0,0,0.6946459926617592,False,,2,1.0,7.557557550116606e-42,1,2018-03-02,working,1,True,0.9666666666666667,traffic,1e-06
952,1,1,0.900728740821209,False,,2,0.9999999999999076,2.8424126969081804e-12,0,2018-03-03,weekend,0,True,0.9666666666666667,traffic,1e-06
953,1,1,0.846550718726341,False,,2,1.0,7.040787287776885e-16,0,2018-03-04,weekend,0,True,0.9666666666666667,traffic,1e-06
954,0,0,7.899925571709382e-05,False,,2,1.0,3.353974230560267e-81,1,2018-03-05,working,1,True,0.9666666666666667,traffic,1e-06
955,0,0,0.4011764928395518,False,,2,1.0,7.834967694401037e-60,1,2018-03-06,working,1,True,0.9666666666666667,traffic,1e-06
956,0,0,0.5475249931509523,False,,2,1.0,4.1761702759453257e-53,1,2018-03-07,working,1,True,0.9666666666666667,traffic,1e-06
957,0,0,0.41144130990980676,False,,2,1.0,6.2447877261977625e-50,1,2018-03-08,working,1,True,0.9666666666666667,traffic,1e-06
958,0,0,0.4515568750309411,False,,2,1.0,1.3674281240833226e-41,1,2018-03-09,working,1,True,0.9666666666666667,traffic,1e-06
959,0,0,0.2911901926059121,False,,2,1.0,1.4589564334552294e-52,1,2018-03-12,working,1,True,0.9666666666666667,traffic,1e-06
960,0,0,0.4937678116353317,False,,2,1.0,6.2167703748995e-47,1,2018-03-13,working,1,True,0.9666666666666667,traffic,1e-06
961,0,0,0.5552738087571738,False,,2,1.0,1.3442647772599335e-52,1,2018-03-14,working,1,True,0.9666666666666667,traffic,1e-06
962,1,1,0.29952690740617594,False,,2,0.9999999999597975,1.0025296012873506e-09,0,2018-03-17,weekend,0,True,0.9666666666666667,traffic,1e-06
963,1,1,0.07031294043925654,False,,2,0.9999999999999998,9.156308498811642e-15,0,2018-03-18,weekend,0,True,0.9666666666666667,traffic,1e-06
964,0,0,0.32924770007582876,False,,2,1.0,4.805464171281597e-58,1,2018-03-19,working,1,True,0.9666666666666667,traffic,1e-06
965,0,0,0.39076914624970605,False,,2,1.0,1.0462455359909468e-58,1,2018-03-20,working,1,True,0.9666666666666667,traffic,1e-06
966,0,0,0.43553581290305704,False,,2,1.0,3.701084041106317e-58,1,2018-03-21,working,1,True,0.9666666666666667,traffic,1e-06
967,0,0,0.36872961991341413,False,,2,1.0,6.922463588665436e-55,1,2018-03-22,working,1,True,0.9666666666666667,traffic,1e-06
968,0,0,0.4025553209228785,False,,2,1.0,3.5515503157048025e-43,1,2018-03-23,working,1,True,0.9666666666666667,traffic,1e-06
969,1,1,0.17263090780978219,False,,2,0.9999999999999987,4.844811475958067e-14,0,2018-03-25,weekend,0,True,0.9666666666666667,traffic,1e-06
970,0,0,0.3756207899218419,False,,2,1.0,1.8184054781642712e-60,1,2018-03-26,working,1,True,1.0,traffic,1e-06
971,0,0,0.4365343250163508,False,,2,1.0,9.879143935895315e-59,1,2018-03-27,working,1,True,1.0,traffic,1e-06
972,0,0,0.4850970312813846,False,,2,1.0,3.4396767561841287e-53,1,2018-03-28,working,1,True,1.0,traffic,1e-06
973,0,0,0.8359153112420801,False,,2,1.0,3.3426388608589344e-32,1,2018-03-30,working,1,True,1.0,traffic,1e-06
974,1,1,0.9650457589852959,False,,2,0.9999999999998224,5.38330077011754e-12,0,2018-03-31,weekend,0,True,1.0,traffic,1e-06
975,1,1,0.22962555357205647,False,,2,0.9999999999999982,6.039873043703364e-14,0,2018-04-01,weekend,0,True,1.0,traffic,1e-06
976,0,0,0.4983552736422584,False,,2,1.0,3.1921305796197036e-56,1,2018-04-02,working,1,True,1.0,traffic,1e-06
977,0,0,0.4123052705026337,False,,2,1.0,4.2421958011982937e-50,1,2018-04-03,working,1,True,1.0,traffic,1e-06
978,0,0,0.8078037937751413,False,,2,1.0,2.320297292863012e-48,1,2018-04-04,working,1,True,1.0,traffic,1e-06
979,0,0,0.4543410294349417,False,,2,1.0,2.1394541444017993e-46,1,2018-04-05,working,1,True,1.0,traffic,1e-06
980,0,0,0.4451785876979655,False,,2,1.0,1.762588374698462e-34,1,2018-04-06,working,1,True,1.0,traffic,1e-06
981,1,1,0.040015814470821656,False,,2,0.9999999998415829,3.7332233512365145e-09,0,2018-04-07,weekend,0,True,1.0,traffic,1e-06
982,1,1,0.18325512913674277,False,,2,0.999999999999968,1.0250233924828869e-12,0,2018-04-08,weekend,0,True,1.0,traffic,1e-06
983,0,0,0.40790993019348154,False,,2,1.0,3.711531322799663e-62,1,2018-04-09,working,1,True,1.0,traffic,1e-06
984,0,0,0.33610861565797384,False,,2,1.0,6.991494667949911e-62,1,2018-04-10,working,1,True,1.0,traffic,1e-06
985,0,0,0.4723229763523856,False,,2,1.0,1.245674432762381e-57,1,2018-04-11,working,1,True,1.0,traffic,1e-06
986,0,0,0.49833459570814287,False,,2,1.0,2.3974880781587944e-57,1,2018-04-12,working,1,True,1.0,traffic,1e-06
987,0,0,0.5478401052496107,False,,2,1.0,1.3205379732178073e-52,1,2018-04-13,working,1,True,1.0,traffic,1e-06
988,0,0,0.019057509314078458,False,,2,0.9999999999999609,1.2963791760431817e-12,0,2018-04-14,weekend,1,False,0.9666666666666667,traffic,1e-06
989,1,1,0.002514464902311375,False,,2,0.9999999785959688,3.993925132511263e-07,0,2018-04-15,weekend,0,True,0.9666666666666667,traffic,1e-06
990,0,0,0.756536316258,False,,2,1.0,1.9601002704228302e-52,1,2018-04-16,working,1,True,0.9666666666666667,traffic,1e-06
991,0,0,0.47477305039389395,False,,2,1.0,1.9842604429213156e-53,1,2018-04-17,working,1,True,0.9666666666666667,traffic,1e-06
992,0,0,0.609257214540442,False,,2,1.0,1.0976351735947435e-44,1,2018-04-18,working,1,True,0.9666666666666667,traffic,1e-06
993,0,0,0.6049556662070588,False,,2,1.0,4.762541640870955e-53,1,2018-04-19,working,1,True,0.9666666666666667,traffic,1e-06
994,0,0,0.6228907576015192,False,,2,1.0,2.4183493979442805e-40,1,2018-04-20,working,1,True,0.9666666666666667,traffic,1e-06
995,1,1,0.14705754936091917,False,,2,0.9999999998779523,2.9079824410913778e-09,0,2018-04-21,weekend,0,True,0.9666666666666667,traffic,1e-06
996,1,1,0.9925647293302079,False,,2,1.0,8.511804972769794e-16,0,2018-04-22,weekend,0,True,0.9666666666666667,traffic,1e-06
997,0,0,0.35709897144450753,False,,2,1.0,1.5702955896105786e-58,1,2018-04-23,working,1,True,0.9666666666666667,traffic,1e-06
998,0,0,0.37320734389166527,False,,2,1.0,3.16785467819742e-61,1,2018-04-24,working,1,True,0.9666666666666667,traffic,1e-06
999,0,0,0.3777490715041391,False,,2,1.0,1.0085649577629691e-60,1,2018-04-25,working,1,True,0.9666666666666667,traffic,1e-06
1000,0,0,0.5013947998902277,False,,2,1.0,2.3473037035245388e-54,1,2018-04-26,working,1,True,0.9666666666666667,traffic,1e-06
1001,0,0,0.6708516961267627,False,,2,1.0,8.840195125253768e-42,1,2018-04-27,working,1,True,0.9666666666666667,traffic,1e-06
1002,1,1,0.03777957641760568,False,,2,0.9999999757739281,4.49050508377696e-07,0,2018-04-28,weekend,0,True,0.9666666666666667,traffic,1e-06
1003,1,1,0.364374909743958,False,,2,0.9999999999999987,4.7483446315076985e-14,0,2018-04-29,weekend,0,True,0.9666666666666667,traffic,1e-06
1004,0,0,0.42968508363484526,False,,2,1.0,7.503756458261599e-59,1,2018-04-30,working,1,True,0.9666666666666667,traffic,1e-06
1005,0,0,0.47055189219150206,False,,2,1.0,3.485404943708702e-55,1,2018-05-01,working,1,True,0.9666666666666667,traffic,1e-06
1006,0,0,0.46467948310091545,False,,2,1.0,6.571093612522991e-60,1,2018-05-02,working,1,True,0.9666666666666667,traffic,1e-06
1007,0,0,0.4621684540116575,False,,2,1.0,4.509979452181274e-54,1,2018-05-03,working,1,True,0.9666666666666667,traffic,1e-06
1008,0,0,0.7419386805008001,False,,2,1.0,9.282913916522577e-42,1,2018-05-04,working,1,True,0.9666666666666667,traffic,1e-06
1009,1,1,0.7014967230112101,False,,2,1.0,1.0638051863684222e-14,0,2018-05-06,weekend,0,True,0.9666666666666667,traffic,1e-06
1010,0,0,0.34177886300273225,False,,2,1.0,1.2436268191682607e-56,1,2018-05-07,working,1,True,0.9666666666666667,traffic,1e-06
1011,0,0,0.31813627572262426,False,,2,1.0,4.825337649284177e-59,1,2018-05-08,working,1,True,0.9666666666666667,traffic,1e-06
1012,0,0,0.3975191019731459,False,,2,1.0,4.7982389431557344e-58,1,2018-05-09,working,1,True,0.9666666666666667,traffic,1e-06
1013,0,0,0.5674406268756076,False,,2,1.0,1.360251076121311e-50,1,2018-05-10,working,1,True,0.9666666666666667,traffic,1e-06
1014,0,0,0.6122847529977187,False,,2,1.0,5.066311586970917e-44,1,2018-05-11,working,1,True,0.9666666666666667,traffic,1e-06
1015,1,1,0.4713620040663674,False,,2,0.9999999822474833,3.3457704557191267e-07,0,2018-05-12,weekend,0,True,0.9666666666666667,traffic,1e-06
1016,1,1,0.9888280420747283,False,,2,1.0,9.016661874294507e-15,0,2018-05-13,weekend,0,True,0.9666666666666667,traffic,1e-06
1017,0,0,0.30247243175074784,False,,2,1.0,5.89116725290975e-57,1,2018-05-14,working,1,True,0.9666666666666667,traffic,1e-06
1018,0,0,0.2230789022462849,False,,2,1.0,8.805331110800291e-54,1,2018-05-15,working,1,True,1.0,traffic,1e-06
1019,0,0,0.5475264656816936,False,,2,1.0,1.8091796692757483e-40,1,2018-05-16,working,1,True,1.0,traffic,1e-06
1020,0,0,0.5020228227066592,False,,2,1.0,1.1146632657492108e-42,1,2018-05-17,working,1,True,1.0,traffic,1e-06
1021,0,0,0.6169403027237021,False,,2,1.0,1.0030369092485627e-38,1,2018-05-18,working,1,True,1.0,traffic,1e-06
1022,1,1,0.6810187679707591,False,,2,0.9999999999892202,2.829982401734668e-10,0,2018-05-19,weekend,0,True,1.0,traffic,1e-06
1023,1,1,0.9459671794032238,False,,2,1.0,4.27761399732068e-15,0,2018-05-20,weekend,0,True,1.0,traffic,1e-06
1024,0,0,0.09420618584636047,False,,2,1.0,8.080768046422415e-59,1,2018-05-21,working,1,True,1.0,traffic,1e-06
1025,0,0,0.38813686397558955,False,,2,1.0,4.874485387369492e-57,1,2018-05-22,working,1,True,1.0,traffic,1e-06
1026,0,0,0.5196081067935137,False,,2,1.0,1.8771476429133982e-53,1,2018-05-23,working,1,True,1.0,traffic,1e-06
1027,0,0,0.5132028056658116,False,,2,1.0,1.349138060905357e-52,1,2018-05-24,working,1,True,1.0,traffic,1e-06
1028,0,0,0.6098862643091307,False,,2,1.0,6.643912181614856e-41,1,2018-05-25,working,1,True,1.0,traffic,1e-06
1029,1,1,0.7840174470999963,False,,2,0.9999999999999316,2.131245074013739e-12,0,2018-05-26,weekend,0,True,1.0,traffic,1e-06
1030,1,1,0.762211213973723,False,,2,0.9999999999999982,4.990207811036476e-14,0,2018-05-27,weekend,0,True,1.0,traffic,1e-06
1031,1,1,0.9158341584729466,False,,2,1.0,3.6039024166046484e-15,0,2018-05-28,holiday,0,True,1.0,traffic,1e-06
1032,0,0,0.31375529104432354,False,,2,1.0,2.179433925818345e-59,1,2018-05-29,working,1,True,1.0,traffic,1e-06
1033,0,0,0.46187063033863385,False,,2,1.0,1.8630215761750698e-56,1,2018-05-30,working,1,True,1.0,traffic,1e-06
1034,0,0,0.4974238810175977,False,,2,1.0,4.981326394191589e-49,1,2018-05-31,working,1,True,1.0,traffic,1e-06
1035,0,0,0.5674710152483435,False,,2,1.0,3.359067367080463e-37,1,2018-06-01,working,1,True,1.0,traffic,1e-06
1036,1,1,0.9964415825449766,False,,2,1.0,2.9710827330343616e-14,0,2018-06-03,weekend,0,True,1.0,traffic,1e-06
1037,0,0,0.477743028139361,False,,2,1.0,7.533153931987753e-52,1,2018-06-04,working,1,True,1.0,traffic,1e-06
1038,0,0,0.5408941354738559,False,,2,1.0,1.6672561055655467e-50,1,2018-06-05,working,1,True,1.0,traffic,1e-06
1039,0,0,0.6596113333567244,False,,2,1.0,2.2740788653449225e-45,1,2018-06-06,working,1,True,1.0,traffic,1e-06
1040,0,0,0.6754161598306299,False,,2,1.0,6.252565609117823e-46,1,2018-06-07,working,1,True,1.0,traffic,1e-06
1041,0,0,0.34013212871920295,False,,2,1.0,5.489701866594616e-37,1,2018-06-08,working,1,True,1.0,traffic,1e-06
1042,1,1,0.3035355731421241,False,,2,0.9999999999952993,1.273116500292012e-10,0,2018-06-09,weekend,0,True,1.0,traffic,1e-06
1043,1,1,0.967412362264638,False,,2,1.0,1.0085434754219294e-16,0,2018-06-10,weekend,0,True,1.0,traffic,1e-06
1044,0,0,0.35570886150055525,False,,2,1.0,1.0875235857201355e-52,1,2018-06-11,working,1,True,1.0,traffic,1e-06
1045,0,0,0.5217845392967135,False,,2,1.0,1.8578538761896148e-50,1,2018-06-12,working,1,True,1.0,traffic,1e-06
1046,0,0,0.6711537635457561,False,,2,1.0,2.733539172166526e-46,1,2018-06-13,working,1,True,1.0,traffic,1e-06
1047,0,0,0.5368191098439852,False,,2,1.0,1.972799468555802e-46,1,2018-06-14,working,1,True,1.0,traffic,1e-06
1048,0,0,0.4805824282779181,False,,2,1.0,2.215737994260056e-36,1,2018-06-15,working,1,True,1.0,traffic,1e-06
1049,1,1,0.9878917995279387,False,,2,0.9999999999999982,4.628247819854752e-14,0,2018-06-16,weekend,0,True,1.0,traffic,1e-06
1050,1,1,0.9980685144211251,False,,2,1.0,1.4122436451997477e-16,0,2018-06-17,weekend,0,True,1.0,traffic,1e-06
1051,0,0,0.40287548126199435,False,,2,1.0,2.563892946242137e-54,1,2018-06-18,working,1,True,1.0,traffic,1e-06
1052,0,0,0.5135021425323465,False,,2,1.0,3.7466844177136096e-51,1,2018-06-19,working,1,True,1.0,traffic,1e-06
1053,0,0,0.5361372271569718,False,,2,1.0,1.8500680111468877e-50,1,2018-06-20,working,1,True,1.0,traffic,1e-06
1054,0,0,0.7785623755755514,False,,2,1.0,5.444328607998048e-45,1,2018-06-21,working,1,True,1.0,traffic,1e-06
1055,0,0,0.2607735145361033,False,,2,1.0,3.0876861348257104e-37,1,2018-06-22,working,1,True,1.0,traffic,1e-06
1056,1,1,0.3799658080828712,False,,2,0.9999999999377849,1.524287000788348e-09,0,2018-06-23,weekend,0,True,1.0,traffic,1e-06
1057,1,1,0.9570344255491459,False,,2,1.0,2.137623667449098e-14,0,2018-06-24,weekend,0,True,1.0,traffic,1e-06
1058,0,0,0.6655906221921903,False,,2,1.0,3.0375501852990526e-48,1,2018-06-25,working,1,True,1.0,traffic,1e-06
1059,0,0,0.568718892514503,False,,2,1.0,4.802160456618903e-50,1,2018-06-26,working,1,True,1.0,traffic,1e-06
1060,0,0,0.6354799376305369,False,,2,1.0,2.1392296993045006e-48,1,2018-06-27,working,1,True,1.0,traffic,1e-06
1061,0,0,0.5419946280811216,False,,2,1.0,2.229192995716612e-44,1,2018-06-28,working,1,True,1.0,traffic,1e-06
1062,0,0,0.6809427596313923,False,,2,1.0,3.7743321237478115e-34,1,2018-06-29,working,1,True,1.0,traffic,1e-06
1063,1,1,0.8426702196429152,False,,2,0.9999999999991083,2.5637224303953877e-11,0,2018-06-30,weekend,0,True,1.0,traffic,1e-06
1064,1,1,0.3183529254651684,False,,2,1.0,1.4519338421728807e-15,0,2018-07-01,weekend,0,True,1.0,traffic,1e-06
1065,0,0,0.439887334192465,False,,2,1.0,1.0364410336216148e-35,1,2018-07-02,working,1,True,1.0,traffic,1e-06
1066,0,0,0.6425308795916758,False,,2,1.0,1.725201828422459e-39,1,2018-07-03,working,1,True,1.0,traffic,1e-06
1067,1,1,0.035202217045076464,False,,2,0.9999999999962554,1.0226474746314193e-10,0,2018-07-04,holiday,0,True,1.0,traffic,1e-06
1068,0,0,0.4961074445242829,False,,2,1.0,1.0940566705664297e-31,1,2018-07-05,working,1,True,1.0,traffic,1e-06
1069,0,0,0.6557018591799075,False,,2,1.0,4.4147786855647265e-31,1,2018-07-06,working,1,True,1.0,traffic,1e-06
1070,1,1,0.8044091776275153,False,,2,0.9999999999998597,4.28734487859467e-12,0,2018-07-07,weekend,0,True,1.0,traffic,1e-06
1071,1,1,0.8543974911322095,False,,2,1.0,9.348709217665026e-17,0,2018-07-08,weekend,0,True,1.0,traffic,1e-06
1072,0,0,0.5056357276114711,False,,2,1.0,6.735697905513522e-49,1,2018-07-09,working,1,True,1.0,traffic,1e-06
1073,0,0,0.46382286040018383,False,,2,1.0,3.4380234742963753e-50,1,2018-07-10,working,1,True,1.0,traffic,1e-06
1074,0,0,0.7034205188140822,False,,2,1.0,7.342402907524782e-49,1,2018-07-11,working,1,True,1.0,traffic,1e-06
1075,0,0,0.5046814427290134,False,,2,1.0,9.077891035622066e-51,1,2018-07-12,working,1,True,1.0,traffic,1e-06
1076,0,0,0.6413108608839195,False,,2,1.0,3.261891716315513e-39,1,2018-07-13,working,1,True,1.0,traffic,1e-06
1077,1,1,0.7391655683410996,False,,2,0.9999999999925961,1.971487881280649e-10,0,2018-07-14,weekend,0,True,1.0,traffic,1e-06
1078,1,1,0.9903315146705413,False,,2,1.0,2.9023915325655632e-16,0,2018-07-15,weekend,0,True,1.0,traffic,1e-06
1079,0,0,0.4974803631262573,False,,2,1.0,3.0970451555921576e-48,1,2018-07-16,working,1,True,1.0,traffic,1e-06
1080,0,0,0.4922243449196889,False,,2,1.0,2.5059820502952184e-53,1,2018-07-17,working,1,True,1.0,traffic,1e-06
1081,0,0,0.583018295729874,False,,2,1.0,2.684710637386191e-49,1,2018-07-18,working,1,True,1.0,traffic,1e-06
1082,0,0,0.5132081458373723,False,,2,1.0,7.45203137902567e-48,1,2018-07-19,working,1,True,1.0,traffic,1e-06
1083,0,0,0.7057891618421899,False,,2,1.0,3.851000889325869e-38,1,2018-07-20,working,1,True,1.0,traffic,1e-06
1084,1,1,0.7002765593740508,False,,2,0.9999999999699831,7.573053066473525e-10,0,2018-07-21,weekend,0,True,1.0,traffic,1e-06
1085,1,1,0.8935205770824962,False,,2,1.0,2.1402294413613495e-16,0,2018-07-22,weekend,0,True,1.0,traffic,1e-06
1086,0,0,0.5063026907785648,False,,2,1.0,7.181103260829222e-50,1,2018-07-23,working,1,True,1.0,traffic,1e-06
1087,0,0,0.5601628476844169,False,,2,1.0,1.997308930296114e-51,1,2018-07-24,working,1,True,1.0,traffic,1e-06
1088,0,0,0.4255479517420835,False,,2,1.0,1.3456634069773195e-49,1,2018-07-25,working,1,True,1.0,traffic,1e-06
1089,0,0,0.5122684042776267,False,,2,1.0,3.0304529687539973e-46,1,2018-07-26,working,1,True,1.0,traffic,1e-06
1090,0,0,0.5756746207307364,False,,2,1.0,8.013334495783691e-38,1,2018-07-27,working,1,True,1.0,traffic,1e-06
1091,1,1,0.49185167566482724,False,,2,0.999999999937895,1.5217058779385732e-09,0,2018-07-28,weekend,0,True,1.0,traffic,1e-06
1092,1,1,0.760390847548051,False,,2,0.9999999999999991,2.3292219298163736e-14,0,2018-07-29,weekend,0,True,1.0,traffic,1e-06
1093,0,0,0.510150617815311,False,,2,1.0,2.035596135754417e-52,1,2018-07-30,working,1,True,1.0,traffic,1e-06
1094,0,0,0.7828314428256868,False,,2,1.0,3.054812763044709e-44,1,2018-07-31,working,1,True,1.0,traffic,1e-06
1095,0,0,0.7841566810828607,False,,2,1.0,1.729747614911484e-46,1,2018-08-01,working,1,True,1.0,traffic,1e-06
1096,0,0,0.6369354501087692,False,,2,1.0,2.0429971606496185e-46,1,2018-08-02,working,1,True,1.0,traffic,1e-06
1097,0,0,0.7174321375643771,False,,2,1.0,3.084981457662474e-37,1,2018-08-03,working,1,True,1.0,traffic,1e-06
1098,1,1,0.7366011425391139,False,,2,0.999999999935123,1.586804684223539e-09,0,2018-08-04,weekend,0,True,1.0,traffic,1e-06
1099,1,1,0.989965177462261,False,,2,1.0,1.6124344880747463e-16,0,2018-08-05,weekend,0,True,1.0,traffic,1e-06
1100,0,0,0.49823998893657373,False,,2,1.0,5.397579098404925e-50,1,2018-08-06,working,1,True,1.0,traffic,1e-06
1101,0,0,0.5332535652218218,False,,2,1.0,3.0425186139644334e-49,1,2018-08-08,working,1,True,1.0,traffic,1e-06
1102,0,0,0.5889581470482046,False,,2,1.0,3.5032437556728966e-42,1,2018-08-09,working,1,True,1.0,traffic,1e-06
1103,0,0,0.6224974714926745,False,,2,1.0,8.030656987672152e-36,1,2018-08-10,working,1,True,1.0,traffic,1e-06
1104,1,1,0.5712207533602114,False,,2,0.9999999999974296,7.116109517704287e-11,0,2018-08-11,weekend,0,True,1.0,traffic,1e-06
1105,1,1,0.9848921832664778,False,,2,1.0,2.0428988606314857e-16,0,2018-08-12,weekend,0,True,1.0,traffic,1e-06
1106,0,0,0.5551121708019366,False,,2,1.0,2.571685320548029e-50,1,2018-08-13,working,1,True,1.0,traffic,1e-06
1107,0,0,0.2555100101719822,False,,2,1.0,6.996317057867485e-52,1,2018-08-14,working,1,True,1.0,traffic,1e-06
1108,0,0,0.5495996450310239,False,,2,1.0,2.64844640178052e-48,1,2018-08-15,working,1,True,1.0,traffic,1e-06
1109,0,0,0.6644887449602643,False,,2,1.0,7.167626015020781e-49,1,2018-08-16,working,1,True,1.0,traffic,1e-06
1110,0,0,0.6787555889530071,False,,2,1.0,2.1696860928097427e-36,1,2018-08-17,working,1,True,1.0,traffic,1e-06
1111,1,1,0.7722779674847752,False,,2,0.9999999999864695,3.5215590751719524e-10,0,2018-08-18,weekend,0,True,1.0,traffic,1e-06
1112,1,1,0.9043756923315998,False,,2,1.0,1.2469971025291032e-16,0,2018-08-19,weekend,0,True,1.0,traffic,1e-06
1113,0,0,0.38149226763884886,False,,2,1.0,8.07784313111287e-46,1,2018-08-20,working,1,True,1.0,traffic,1e-06
1114,0,0,0.4588345860723831,False,,2,1.0,1.0203499546523496e-54,1,2018-08-21,working,1,True,1.0,traffic,1e-06
1115,0,0,0.5699620784169119,False,,2,1.0,8.317189831382379e-54,1,2018-08-22,working,1,True,1.0,traffic,1e-06
1116,0,0,0.686053305635497,False,,2,1.0,4.817987644467034e-38,1,2018-08-24,working,1,True,1.0,traffic,1e-06
1117,1,1,0.039152673142594546,False,,2,0.9999826687501985,0.00020733357973381478,0,2018-08-25,weekend,0,True,1.0,traffic,1e-06
1118,1,1,0.8971703833197244,False,,2,0.999999999999984,5.01371477683747e-13,0,2018-08-26,weekend,0,True,1.0,traffic,1e-06
1119,0,0,0.38746891340353223,False,,2,1.0,1.0988385569984035e-59,1,2018-08-27,working,1,True,1.0,traffic,1e-06
1120,0,0,0.47106563857365924,False,,2,1.0,6.997116870415807e-58,1,2018-08-28,working,1,True,1.0,traffic,1e-06
1121,0,0,0.5889821220013916,False,,2,1.0,8.89809545071493e-56,1,2018-08-29,working,1,True,1.0,traffic,1e-06
1122,0,0,0.7386711770241904,False,,2,1.0,1.4023283948046428e-47,1,2018-08-30,working,1,True,1.0,traffic,1e-06
1123,0,0,0.7426867704449545,False,,2,1.0,2.2458268507814166e-37,1,2018-08-31,working,1,True,1.0,traffic,1e-06
1124,1,1,0.5555335744999732,False,,2,0.9999999997972822,4.727217601685261e-09,0,2018-09-01,weekend,0,True,1.0,traffic,1e-06
1125,1,1,0.9958530529293691,False,,2,1.0,8.755451035416998e-15,0,2018-09-02,weekend,0,True,1.0,traffic,1e-06
1126,1,1,0.6875804919939286,False,,2,0.9999999999900329,2.624550451681662e-10,0,2018-09-03,holiday,0,True,1.0,traffic,1e-06
1127,0,0,0.3990349583430472,False,,2,1.0,3.5106489800210624e-63,1,2018-09-04,working,1,True,1.0,traffic,1e-06
1128,0,0,0.3665953941692831,False,,2,1.0,1.1425445705139263e-63,1,2018-09-05,working,1,True,1.0,traffic,1e-06
1129,0,0,0.4910619901354103,False,,2,1.0,1.49889108352139e-56,1,2018-09-06,working,1,True,1.0,traffic,1e-06
1130,0,0,0.5665097776343526,False,,2,1.0,3.4536517682034015e-49,1,2018-09-07,working,1,True,1.0,traffic,1e-06
1131,1,1,0.6802147514480721,False,,2,0.9999999993733821,1.3905086919183937e-08,0,2018-09-08,weekend,0,True,1.0,traffic,1e-06
1132,1,1,0.5085372463738798,False,,2,0.9999999999948725,1.3842366879396626e-10,0,2018-09-09,weekend,0,True,1.0,traffic,1e-06
1133,0,0,0.31717793978932585,False,,2,1.0,1.6924248150025278e-64,1,2018-09-10,working,1,True,1.0,traffic,1e-06
1134,0,0,0.21265576545164627,False,,2,1.0,3.619589305315447e-58,1,2018-09-11,working,1,True,1.0,traffic,1e-06
1135,0,0,0.20118472158275497,False,,2,1.0,3.239228985586517e-51,1,2018-09-12,working,1,True,1.0,traffic,1e-06
1136,0,0,0.6097483459259401,False,,2,1.0,4.0205203622867113e-50,1,2018-09-13,working,1,True,1.0,traffic,1e-06
1137,0,0,0.6138417429038485,False,,2,1.0,4.424733286684674e-47,1,2018-09-14,working,1,True,1.0,traffic,1e-06
1138,1,1,0.7384836403202907,False,,2,0.999999999722986,6.3732476995700875e-09,0,2018-09-15,weekend,0,True,1.0,traffic,1e-06
1139,1,1,0.937415761194534,False,,2,1.0,2.995729806510052e-15,0,2018-09-16,weekend,0,True,1.0,traffic,1e-06
1140,0,0,0.2785482640681831,False,,2,1.0,8.776106612833768e-67,1,2018-09-17,working,1,True,1.0,traffic,1e-06
1141,0,0,0.3155028309615664,False,,2,1.0,1.0254972568590823e-57,1,2018-09-18,working,1,True,1.0,traffic,1e-06
1142,0,0,0.4383400279890927,False,,2,1.0,6.83886419659249e-57,1,2018-09-19,working,1,True,1.0,traffic,1e-06
1143,0,0,0.5041528884416393,False,,2,1.0,1.5981247001953848e-51,1,2018-09-20,working,1,True,1.0,traffic,1e-06
1144,0,0,0.5367307862970261,False,,2,1.0,6.521218789572907e-44,1,2018-09-21,working,1,True,1.0,traffic,1e-06
1145,1,1,0.21676999662652677,False,,2,0.9999999998950213,2.5171014897727525e-09,0,2018-09-22,weekend,0,True,1.0,traffic,1e-06
1146,1,1,0.648227833598434,False,,2,0.9999999999997717,6.868301952725759e-12,0,2018-09-23,weekend,0,True,1.0,traffic,1e-06
1147,0,0,0.2228359676928029,False,,2,1.0,3.841734453903344e-67,1,2018-09-24,working,1,True,1.0,traffic,1e-06
1148,0,0,0.28916037586537274,False,,2,1.0,3.9221071304422283e-66,1,2018-09-25,working,1,True,1.0,traffic,1e-06
1149,0,0,0.4138336514985704,False,,2,1.0,4.4782305539474726e-58,1,2018-09-26,working,1,True,1.0,traffic,1e-06
1150,0,0,0.5638683856572435,False,,2,1.0,7.332022155652613e-51,1,2018-09-27,working,1,True,1.0,traffic,1e-06
1151,0,0,0.23689580250556297,False,,2,1.0,3.9253066325246193e-41,1,2018-09-28,working,1,True,1.0,traffic,1e-06
1152,1,1,0.12246440567793078,False,,2,0.9999999999995457,1.3366492486426523e-11,0,2018-09-29,weekend,0,True,1.0,traffic,1e-06
1153,1,1,0.22382371299615395,False,,2,1.0,5.207062175792022e-15,0,2018-09-30,weekend,0,True,1.0,traffic,1e-06
