method,error,basis_size,dataset,group,seed,m,draw
law_L1,0.1341107871720116,16,Chinatown,daily,11,1,0
law_Lall,0.1341107871720116,16,Chinatown,daily,11,1,0
raw_1nn_ed,0.1282798833819242,24,Chinatown,daily,11,1,0
raw_centroid,0.1282798833819242,24,Chinatown,daily,11,1,0
law_L1,0.2682215743440233,8,Chinatown,daily,11,1,1
law_Lall,0.2682215743440233,8,Chinatown,daily,11,1,1
raw_1nn_ed,0.2623906705539358,24,Chinatown,daily,11,1,1
raw_centroid,0.2623906705539358,24,Chinatown,daily,11,1,1
law_L1,0.1924198250728863,16,Chinatown,daily,11,1,2
law_Lall,0.1924198250728863,16,Chinatown,daily,11,1,2
raw_1nn_ed,0.19533527696793,24,Chinatown,daily,11,1,2
raw_centroid,0.19533527696793,24,Chinatown,daily,11,1,2
law_L1,0.2448979591836734,16,Chinatown,daily,11,1,3
law_Lall,0.2448979591836734,16,Chinatown,daily,11,1,3
raw_1nn_ed,0.2448979591836734,24,Chinatown,daily,11,1,3
raw_centroid,0.2448979591836734,24,Chinatown,daily,11,1,3
law_L1,0.597667638483965,16,Chinatown,daily,11,1,4
law_Lall,0.597667638483965,16,Chinatown,daily,11,1,4
raw_1nn_ed,0.5860058309037901,24,Chinatown,daily,11,1,4
raw_centroid,0.5860058309037901,24,Chinatown,daily,11,1,4
law_L1,0.2507288629737609,16,Chinatown,daily,11,2,0
law_Lall,0.2215743440233236,16,Chinatown,daily,11,2,0
raw_1nn_ed,0.2069970845481049,24,Chinatown,daily,11,2,0
raw_centroid,0.2507288629737609,24,Chinatown,daily,11,2,0
law_L1,0.1224489795918367,16,Chinatown,daily,11,2,1
law_Lall,0.1661807580174927,16,Chinatown,daily,11,2,1
raw_1nn_ed,0.1895043731778425,24,Chinatown,daily,11,2,1
raw_centroid,0.1224489795918367,24,Chinatown,daily,11,2,1
law_L1,0.2653061224489796,16,Chinatown,daily,11,2,2
law_Lall,0.2623906705539358,16,Chinatown,daily,11,2,2
raw_1nn_ed,0.2594752186588921,24,Chinatown,daily,11,2,2
raw_centroid,0.2653061224489796,24,Chinatown,daily,11,2,2
law_L1,0.239067055393586,16,Chinatown,daily,11,2,3
law_Lall,0.151603498542274,16,Chinatown,daily,11,2,3
raw_1nn_ed,0.1545189504373177,24,Chinatown,daily,11,2,3
raw_centroid,0.239067055393586,24,Chinatown,daily,11,2,3
law_L1,0.3119533527696793,16,Chinatown,daily,11,2,4
law_Lall,0.2448979591836734,16,Chinatown,daily,11,2,4
raw_1nn_ed,0.2244897959183673,24,Chinatown,daily,11,2,4
raw_centroid,0.314868804664723,24,Chinatown,daily,11,2,4
law_L1,0.19533527696793,16,Chinatown,daily,11,5,0
law_Lall,0.0787172011661807,16,Chinatown,daily,11,5,0
raw_1nn_ed,0.0787172011661807,24,Chinatown,daily,11,5,0
raw_centroid,0.1924198250728863,24,Chinatown,daily,11,5,0
law_L1,0.0932944606413994,16,Chinatown,daily,11,5,1
law_Lall,0.1486880466472303,16,Chinatown,daily,11,5,1
raw_1nn_ed,0.151603498542274,24,Chinatown,daily,11,5,1
raw_centroid,0.0903790087463556,24,Chinatown,daily,11,5,1
law_L1,0.0262390670553935,16,Chinatown,daily,11,5,2
law_Lall,0.0816326530612244,16,Chinatown,daily,11,5,2
raw_1nn_ed,0.0787172011661807,24,Chinatown,daily,11,5,2
raw_centroid,0.0262390670553935,24,Chinatown,daily,11,5,2
law_L1,0.2915451895043732,16,Chinatown,daily,11,5,3
law_Lall,0.107871720116618,16,Chinatown,daily,11,5,3
raw_1nn_ed,0.1020408163265306,24,Chinatown,daily,11,5,3
raw_centroid,0.2886297376093295,24,Chinatown,daily,11,5,3
law_L1,0.2303206997084548,8,Chinatown,daily,11,5,4
law_Lall,0.1720116618075801,8,Chinatown,daily,11,5,4
raw_1nn_ed,0.1778425655976676,24,Chinatown,daily,11,5,4
raw_centroid,0.2186588921282798,24,Chinatown,daily,11,5,4
law_L1,0.2099125364431487,16,Chinatown,daily,11,10,0
law_Lall,0.0524781341107871,16,Chinatown,daily,11,10,0
raw_1nn_ed,0.0553935860058309,24,Chinatown,daily,11,10,0
raw_centroid,0.2099125364431487,24,Chinatown,daily,11,10,0
law_L1,0.2099125364431487,16,Chinatown,daily,11,10,1
law_Lall,0.0524781341107871,16,Chinatown,daily,11,10,1
raw_1nn_ed,0.0553935860058309,24,Chinatown,daily,11,10,1
raw_centroid,0.2099125364431487,24,Chinatown,daily,11,10,1
law_L1,0.2099125364431487,16,Chinatown,daily,11,10,2
law_Lall,0.0524781341107871,16,Chinatown,daily,11,10,2
raw_1nn_ed,0.0553935860058309,24,Chinatown,daily,11,10,2
raw_centroid,0.2099125364431487,24,Chinatown,daily,11,10,2
law_L1,0.2099125364431487,16,Chinatown,daily,11,10,3
law_Lall,0.0524781341107871,16,Chinatown,daily,11,10,3
raw_1nn_ed,0.0553935860058309,24,Chinatown,daily,11,10,3
raw_centroid,0.2099125364431487,24,Chinatown,daily,11,10,3
law_L1,0.2099125364431487,16,Chinatown,daily,11,10,4
law_Lall,0.0524781341107871,16,Chinatown,daily,11,10,4
raw_1nn_ed,0.0553935860058309,24,Chinatown,daily,11,10,4
raw_centroid,0.2099125364431487,24,Chinatown,daily,11,10,4
law_L1,0.2594752186588921,8,Chinatown,daily,23,1,0
law_Lall,0.2594752186588921,8,Chinatown,daily,23,1,0
raw_1nn_ed,0.2565597667638484,24,Chinatown,daily,23,1,0
raw_centroid,0.2565597667638484,24,Chinatown,daily,23,1,0
law_L1,0.1632653061224489,16,Chinatown,daily,23,1,1
law_Lall,0.1632653061224489,16,Chinatown,daily,23,1,1
raw_1nn_ed,0.1603498542274052,24,Chinatown,daily,23,1,1
raw_centroid,0.1603498542274052,24,Chinatown,daily,23,1,1
law_L1,0.0816326530612244,8,Chinatown,daily,23,1,2
law_Lall,0.0816326530612244,8,Chinatown,daily,23,1,2
raw_1nn_ed,0.0553935860058309,24,Chinatown,daily,23,1,2
raw_centroid,0.0553935860058309,24,Chinatown,daily,23,1,2
law_L1,0.1632653061224489,16,Chinatown,daily,23,1,3
law_Lall,0.1632653061224489,16,Chinatown,daily,23,1,3
raw_1nn_ed,0.1603498542274052,24,Chinatown,daily,23,1,3
raw_centroid,0.1603498542274052,24,Chinatown,daily,23,1,3
law_L1,0.0437317784256559,16,Chinatown,daily,23,1,4
law_Lall,0.0437317784256559,16,Chinatown,daily,23,1,4
raw_1nn_ed,0.0466472303206997,24,Chinatown,daily,23,1,4
raw_centroid,0.0466472303206997,24,Chinatown,daily,23,1,4
law_L1,0.2653061224489796,8,Chinatown,daily,23,2,0
law_Lall,0.1224489795918367,8,Chinatown,daily,23,2,0
raw_1nn_ed,0.0932944606413994,24,Chinatown,daily,23,2,0
raw_centroid,0.2623906705539358,24,Chinatown,daily,23,2,0
law_L1,0.1807580174927113,16,Chinatown,daily,23,2,1
law_Lall,0.1545189504373177,16,Chinatown,daily,23,2,1
raw_1nn_ed,0.1545189504373177,24,Chinatown,daily,23,2,1
raw_centroid,0.1807580174927113,24,Chinatown,daily,23,2,1
law_L1,0.0379008746355685,16,Chinatown,daily,23,2,2
law_Lall,0.0699708454810495,16,Chinatown,daily,23,2,2
raw_1nn_ed,0.0699708454810495,24,Chinatown,daily,23,2,2
raw_centroid,0.0408163265306122,24,Chinatown,daily,23,2,2
law_L1,0.5539358600583091,8,Chinatown,daily,23,2,3
law_Lall,0.5481049562682215,8,Chinatown,daily,23,2,3
raw_1nn_ed,0.5335276967930029,24,Chinatown,daily,23,2,3
raw_centroid,0.5481049562682215,24,Chinatown,daily,23,2,3
law_L1,0.314868804664723,8,Chinatown,daily,23,2,4
law_Lall,0.3819241982507289,8,Chinatown,daily,23,2,4
raw_1nn_ed,0.3206997084548105,24,Chinatown,daily,23,2,4
raw_centroid,0.2915451895043732,24,Chinatown,daily,23,2,4
law_L1,0.2478134110787172,16,Chinatown,daily,23,5,0
law_Lall,0.1661807580174927,16,Chinatown,daily,23,5,0
raw_1nn_ed,0.1632653061224489,24,Chinatown,daily,23,5,0
raw_centroid,0.2478134110787172,24,Chinatown,daily,23,5,0
law_L1,0.1253644314868804,16,Chinatown,daily,23,5,1
law_Lall,0.0845481049562682,16,Chinatown,daily,23,5,1
raw_1nn_ed,0.0816326530612244,24,Chinatown,daily,23,5,1
raw_centroid,0.1253644314868804,24,Chinatown,daily,23,5,1
law_L1,0.239067055393586,16,Chinatown,daily,23,5,2
law_Lall,0.0728862973760933,16,Chinatown,daily,23,5,2
raw_1nn_ed,0.0728862973760933,24,Chinatown,daily,23,5,2
raw_centroid,0.2361516034985422,24,Chinatown,daily,23,5,2
law_L1,0.2565597667638484,16,Chinatown,daily,23,5,3
law_Lall,0.2040816326530612,16,Chinatown,daily,23,5,3
raw_1nn_ed,0.2011661807580174,24,Chinatown,daily,23,5,3
raw_centroid,0.2565597667638484,24,Chinatown,daily,23,5,3
law_L1,0.0233236151603498,16,Chinatown,daily,23,5,4
law_Lall,0.0699708454810495,16,Chinatown,daily,23,5,4
raw_1nn_ed,0.0728862973760933,24,Chinatown,daily,23,5,4
raw_centroid,0.0233236151603498,24,Chinatown,daily,23,5,4
law_L1,0.2099125364431487,16,Chinatown,daily,23,10,0
law_Lall,0.0524781341107871,16,Chinatown,daily,23,10,0
raw_1nn_ed,0.0553935860058309,24,Chinatown,daily,23,10,0
raw_centroid,0.2099125364431487,24,Chinatown,daily,23,10,0
law_L1,0.2099125364431487,16,Chinatown,daily,23,10,1
law_Lall,0.0524781341107871,16,Chinatown,daily,23,10,1
raw_1nn_ed,0.0553935860058309,24,Chinatown,daily,23,10,1
raw_centroid,0.2099125364431487,24,Chinatown,daily,23,10,1
law_L1,0.2099125364431487,16,Chinatown,daily,23,10,2
law_Lall,0.0524781341107871,16,Chinatown,daily,23,10,2
raw_1nn_ed,0.0553935860058309,24,Chinatown,daily,23,10,2
raw_centroid,0.2099125364431487,24,Chinatown,daily,23,10,2
law_L1,0.2099125364431487,16,Chinatown,daily,23,10,3
law_Lall,0.0524781341107871,16,Chinatown,daily,23,10,3
raw_1nn_ed,0.0553935860058309,24,Chinatown,daily,23,10,3
raw_centroid,0.2099125364431487,24,Chinatown,daily,23,10,3
law_L1,0.2099125364431487,16,Chinatown,daily,23,10,4
law_Lall,0.0524781341107871,16,Chinatown,daily,23,10,4
raw_1nn_ed,0.0553935860058309,24,Chinatown,daily,23,10,4
raw_centroid,0.2099125364431487,24,Chinatown,daily,23,10,4
law_L1,0.2798833819241982,16,Chinatown,daily,42,1,0
law_Lall,0.2798833819241982,16,Chinatown,daily,42,1,0
raw_1nn_ed,0.2798833819241982,24,Chinatown,daily,42,1,0
raw_centroid,0.2798833819241982,24,Chinatown,daily,42,1,0
law_L1,0.1428571428571428,8,Chinatown,daily,42,1,1
law_Lall,0.1428571428571428,8,Chinatown,daily,42,1,1
raw_1nn_ed,0.1224489795918367,24,Chinatown,daily,42,1,1
raw_centroid,0.1224489795918367,24,Chinatown,daily,42,1,1
law_L1,0.2594752186588921,16,Chinatown,daily,42,1,2
law_Lall,0.2594752186588921,16,Chinatown,daily,42,1,2
raw_1nn_ed,0.2565597667638484,24,Chinatown,daily,42,1,2
raw_centroid,0.2565597667638484,24,Chinatown,daily,42,1,2
law_L1,0.6647230320699709,8,Chinatown,daily,42,1,3
law_Lall,0.6647230320699709,8,Chinatown,daily,42,1,3
raw_1nn_ed,0.6618075801749271,24,Chinatown,daily,42,1,3
raw_centroid,0.6618075801749271,24,Chinatown,daily,42,1,3
law_L1,0.4723032069970845,8,Chinatown,daily,42,1,4
law_Lall,0.4723032069970845,8,Chinatown,daily,42,1,4
raw_1nn_ed,0.3994169096209912,24,Chinatown,daily,42,1,4
raw_centroid,0.3994169096209912,24,Chinatown,daily,42,1,4
law_L1,0.2040816326530612,16,Chinatown,daily,42,2,0
law_Lall,0.1603498542274052,16,Chinatown,daily,42,2,0
raw_1nn_ed,0.151603498542274,24,Chinatown,daily,42,2,0
raw_centroid,0.2011661807580174,24,Chinatown,daily,42,2,0
law_L1,0.227405247813411,16,Chinatown,daily,42,2,1
law_Lall,0.2099125364431487,16,Chinatown,daily,42,2,1
raw_1nn_ed,0.2099125364431487,24,Chinatown,daily,42,2,1
raw_centroid,0.227405247813411,24,Chinatown,daily,42,2,1
law_L1,0.2623906705539358,16,Chinatown,daily,42,2,2
law_Lall,0.2565597667638484,16,Chinatown,daily,42,2,2
raw_1nn_ed,0.2565597667638484,24,Chinatown,daily,42,2,2
raw_centroid,0.2623906705539358,24,Chinatown,daily,42,2,2
law_L1,0.2565597667638484,16,Chinatown,daily,42,2,3
law_Lall,0.2682215743440233,16,Chinatown,daily,42,2,3
raw_1nn_ed,0.271137026239067,24,Chinatown,daily,42,2,3
raw_centroid,0.2536443148688047,24,Chinatown,daily,42,2,3
law_L1,0.1690962099125364,16,Chinatown,daily,42,2,4
law_Lall,0.0962099125364431,16,Chinatown,daily,42,2,4
raw_1nn_ed,0.0991253644314868,24,Chinatown,daily,42,2,4
raw_centroid,0.1661807580174927,24,Chinatown,daily,42,2,4
law_L1,0.0233236151603498,8,Chinatown,daily,42,5,0
law_Lall,0.0816326530612244,8,Chinatown,daily,42,5,0
raw_1nn_ed,0.0787172011661807,24,Chinatown,daily,42,5,0
raw_centroid,0.0233236151603498,24,Chinatown,daily,42,5,0
law_L1,0.1982507288629737,16,Chinatown,daily,42,5,1
law_Lall,0.1778425655976676,16,Chinatown,daily,42,5,1
raw_1nn_ed,0.1807580174927113,24,Chinatown,daily,42,5,1
raw_centroid,0.1982507288629737,24,Chinatown,daily,42,5,1
law_L1,0.2507288629737609,16,Chinatown,daily,42,5,2
law_Lall,0.1895043731778425,16,Chinatown,daily,42,5,2
raw_1nn_ed,0.1924198250728863,24,Chinatown,daily,42,5,2
raw_centroid,0.2507288629737609,24,Chinatown,daily,42,5,2
law_L1,0.0874635568513119,16,Chinatown,daily,42,5,3
law_Lall,0.0408163265306122,16,Chinatown,daily,42,5,3
raw_1nn_ed,0.0495626822157434,24,Chinatown,daily,42,5,3
raw_centroid,0.0874635568513119,24,Chinatown,daily,42,5,3
law_L1,0.19533527696793,16,Chinatown,daily,42,5,4
law_Lall,0.1457725947521866,16,Chinatown,daily,42,5,4
raw_1nn_ed,0.1457725947521866,24,Chinatown,daily,42,5,4
raw_centroid,0.19533527696793,24,Chinatown,daily,42,5,4
law_L1,0.2099125364431487,16,Chinatown,daily,42,10,0
law_Lall,0.0524781341107871,16,Chinatown,daily,42,10,0
raw_1nn_ed,0.0553935860058309,24,Chinatown,daily,42,10,0
raw_centroid,0.2099125364431487,24,Chinatown,daily,42,10,0
law_L1,0.2099125364431487,16,Chinatown,daily,42,10,1
law_Lall,0.0524781341107871,16,Chinatown,daily,42,10,1
raw_1nn_ed,0.0553935860058309,24,Chinatown,daily,42,10,1
raw_centroid,0.2099125364431487,24,Chinatown,daily,42,10,1
law_L1,0.2099125364431487,16,Chinatown,daily,42,10,2
law_Lall,0.0524781341107871,16,Chinatown,daily,42,10,2
raw_1nn_ed,0.0553935860058309,24,Chinatown,daily,42,10,2
raw_centroid,0.2099125364431487,24,Chinatown,daily,42,10,2
law_L1,0.2099125364431487,16,Chinatown,daily,42,10,3
law_Lall,0.0524781341107871,16,Chinatown,daily,42,10,3
raw_1nn_ed,0.0553935860058309,24,Chinatown,daily,42,10,3
raw_centroid,0.2099125364431487,24,Chinatown,daily,42,10,3
law_L1,0.2099125364431487,16,Chinatown,daily,42,10,4
law_Lall,0.0524781341107871,16,Chinatown,daily,42,10,4
raw_1nn_ed,0.0553935860058309,24,Chinatown,daily,42,10,4
raw_centroid,0.2099125364431487,24,Chinatown,daily,42,10,4
law_L1,0.4616132167152575,16,ItalyPowerDemand,daily,11,1,0
law_Lall,0.4616132167152575,16,ItalyPowerDemand,daily,11,1,0
raw_1nn_ed,0.4606413994169096,24,ItalyPowerDemand,daily,11,1,0
raw_centroid,0.4606413994169096,24,ItalyPowerDemand,daily,11,1,0
law_L1,0.4295432458697765,8,ItalyPowerDemand,daily,11,1,1
law_Lall,0.4295432458697765,8,ItalyPowerDemand,daily,11,1,1
raw_1nn_ed,0.4110787172011662,24,ItalyPowerDemand,daily,11,1,1
raw_centroid,0.4110787172011662,24,ItalyPowerDemand,daily,11,1,1
law_L1,0.4295432458697765,16,ItalyPowerDemand,daily,11,1,2
law_Lall,0.4295432458697765,16,ItalyPowerDemand,daily,11,1,2
raw_1nn_ed,0.4266277939747327,24,ItalyPowerDemand,daily,11,1,2
raw_centroid,0.4266277939747327,24,ItalyPowerDemand,daily,11,1,2
law_L1,0.4645286686103013,16,ItalyPowerDemand,daily,11,1,3
law_Lall,0.4645286686103013,16,ItalyPowerDemand,daily,11,1,3
raw_1nn_ed,0.4645286686103013,24,ItalyPowerDemand,daily,11,1,3
raw_centroid,0.4645286686103013,24,ItalyPowerDemand,daily,11,1,3
law_L1,0.13022351797862,16,ItalyPowerDemand,daily,11,1,4
law_Lall,0.13022351797862,16,ItalyPowerDemand,daily,11,1,4
raw_1nn_ed,0.1263362487852283,24,ItalyPowerDemand,daily,11,1,4
raw_centroid,0.1263362487852283,24,ItalyPowerDemand,daily,11,1,4
law_L1,0.0787172011661807,16,ItalyPowerDemand,daily,11,2,0
law_Lall,0.0476190476190476,16,ItalyPowerDemand,daily,11,2,0
raw_1nn_ed,0.0485908649173955,24,ItalyPowerDemand,daily,11,2,0
raw_centroid,0.0835762876579203,24,ItalyPowerDemand,daily,11,2,0
law_L1,0.2662779397473275,16,ItalyPowerDemand,daily,11,2,1
law_Lall,0.1098153547133139,16,ItalyPowerDemand,daily,11,2,1
raw_1nn_ed,0.1127308066083576,24,ItalyPowerDemand,daily,11,2,1
raw_centroid,0.2691933916423712,24,ItalyPowerDemand,daily,11,2,1
law_L1,0.0660835762876579,16,ItalyPowerDemand,daily,11,2,2
law_Lall,0.0592808551992225,16,ItalyPowerDemand,daily,11,2,2
raw_1nn_ed,0.0583090379008746,24,ItalyPowerDemand,daily,11,2,2
raw_centroid,0.0641399416909621,24,ItalyPowerDemand,daily,11,2,2
law_L1,0.075801749271137,8,ItalyPowerDemand,daily,11,2,3
law_Lall,0.0981535471331389,8,ItalyPowerDemand,daily,11,2,3
raw_1nn_ed,0.1068999028182701,24,ItalyPowerDemand,daily,11,2,3
raw_centroid,0.0816326530612244,24,ItalyPowerDemand,daily,11,2,3
law_L1,0.0855199222546161,16,ItalyPowerDemand,daily,11,2,4
law_Lall,0.0447035957240038,16,ItalyPowerDemand,daily,11,2,4
raw_1nn_ed,0.0417881438289601,24,ItalyPowerDemand,daily,11,2,4
raw_centroid,0.0816326530612244,24,ItalyPowerDemand,daily,11,2,4
law_L1,0.0349854227405247,16,ItalyPowerDemand,daily,11,5,0
law_Lall,0.0476190476190476,16,ItalyPowerDemand,daily,11,5,0
raw_1nn_ed,0.0437317784256559,24,ItalyPowerDemand,daily,11,5,0
raw_centroid,0.0359572400388726,24,ItalyPowerDemand,daily,11,5,0
law_L1,0.1370262390670553,16,ItalyPowerDemand,daily,11,5,1
law_Lall,0.1360544217687075,16,ItalyPowerDemand,daily,11,5,1
raw_1nn_ed,0.1321671525753158,24,ItalyPowerDemand,daily,11,5,1
raw_centroid,0.1370262390670553,24,ItalyPowerDemand,daily,11,5,1
law_L1,0.042759961127308,16,ItalyPowerDemand,daily,11,5,2
law_Lall,0.0689990281827016,16,ItalyPowerDemand,daily,11,5,2
raw_1nn_ed,0.0670553935860058,24,ItalyPowerDemand,daily,11,5,2
raw_centroid,0.0417881438289601,24,ItalyPowerDemand,daily,11,5,2
law_L1,0.3576287657920311,16,ItalyPowerDemand,daily,11,5,3
law_Lall,0.0612244897959183,16,ItalyPowerDemand,daily,11,5,3
raw_1nn_ed,0.0544217687074829,24,ItalyPowerDemand,daily,11,5,3
raw_centroid,0.3576287657920311,24,ItalyPowerDemand,daily,11,5,3
law_L1,0.3809523809523809,16,ItalyPowerDemand,daily,11,5,4
law_Lall,0.0602526724975704,16,ItalyPowerDemand,daily,11,5,4
raw_1nn_ed,0.0602526724975704,24,ItalyPowerDemand,daily,11,5,4
raw_centroid,0.3790087463556851,24,ItalyPowerDemand,daily,11,5,4
law_L1,0.1457725947521866,16,ItalyPowerDemand,daily,11,10,0
law_Lall,0.0932944606413994,16,ItalyPowerDemand,daily,11,10,0
raw_1nn_ed,0.0874635568513119,24,ItalyPowerDemand,daily,11,10,0
raw_centroid,0.1448007774538386,24,ItalyPowerDemand,daily,11,10,0
law_L1,0.0689990281827016,16,ItalyPowerDemand,daily,11,10,1
law_Lall,0.0476190476190476,16,ItalyPowerDemand,daily,11,10,1
raw_1nn_ed,0.0485908649173955,24,ItalyPowerDemand,daily,11,10,1
raw_centroid,0.0719144800777453,24,ItalyPowerDemand,daily,11,10,1
law_L1,0.3304178814382896,16,ItalyPowerDemand,daily,11,10,2
law_Lall,0.0544217687074829,16,ItalyPowerDemand,daily,11,10,2
raw_1nn_ed,0.0602526724975704,24,ItalyPowerDemand,daily,11,10,2
raw_centroid,0.3284742468415937,24,ItalyPowerDemand,daily,11,10,2
law_L1,0.0340136054421768,16,ItalyPowerDemand,daily,11,10,3
law_Lall,0.0524781341107871,16,ItalyPowerDemand,daily,11,10,3
raw_1nn_ed,0.0544217687074829,24,ItalyPowerDemand,daily,11,10,3
raw_centroid,0.0340136054421768,24,ItalyPowerDemand,daily,11,10,3
law_L1,0.0417881438289601,16,ItalyPowerDemand,daily,11,10,4
law_Lall,0.0476190476190476,16,ItalyPowerDemand,daily,11,10,4
raw_1nn_ed,0.0456754130223518,24,ItalyPowerDemand,daily,11,10,4
raw_centroid,0.0437317784256559,24,ItalyPowerDemand,daily,11,10,4
law_L1,0.4256559766763848,16,ItalyPowerDemand,daily,23,1,0
law_Lall,0.4256559766763848,16,ItalyPowerDemand,daily,23,1,0
raw_1nn_ed,0.4275996112730806,24,ItalyPowerDemand,daily,23,1,0
raw_centroid,0.4275996112730806,24,ItalyPowerDemand,daily,23,1,0
law_L1,0.4246841593780369,16,ItalyPowerDemand,daily,23,1,1
law_Lall,0.4246841593780369,16,ItalyPowerDemand,daily,23,1,1
raw_1nn_ed,0.4227405247813411,24,ItalyPowerDemand,daily,23,1,1
raw_centroid,0.4227405247813411,24,ItalyPowerDemand,daily,23,1,1
law_L1,0.0417881438289601,16,ItalyPowerDemand,daily,23,1,2
law_Lall,0.0417881438289601,16,ItalyPowerDemand,daily,23,1,2
raw_1nn_ed,0.0408163265306122,24,ItalyPowerDemand,daily,23,1,2
raw_centroid,0.0408163265306122,24,ItalyPowerDemand,daily,23,1,2
law_L1,0.3323615160349854,8,ItalyPowerDemand,daily,23,1,3
law_Lall,0.3323615160349854,8,ItalyPowerDemand,daily,23,1,3
raw_1nn_ed,0.3420796890184645,24,ItalyPowerDemand,daily,23,1,3
raw_centroid,0.3420796890184645,24,ItalyPowerDemand,daily,23,1,3
law_L1,0.1720116618075801,16,ItalyPowerDemand,daily,23,1,4
law_Lall,0.1720116618075801,16,ItalyPowerDemand,daily,23,1,4
raw_1nn_ed,0.1720116618075801,24,ItalyPowerDemand,daily,23,1,4
raw_centroid,0.1720116618075801,24,ItalyPowerDemand,daily,23,1,4
law_L1,0.2040816326530612,16,ItalyPowerDemand,daily,23,2,0
law_Lall,0.2040816326530612,16,ItalyPowerDemand,daily,23,2,0
raw_1nn_ed,0.2137998056365403,24,ItalyPowerDemand,daily,23,2,0
raw_centroid,0.2128279883381924,24,ItalyPowerDemand,daily,23,2,0
law_L1,0.4169096209912536,16,ItalyPowerDemand,daily,23,2,1
law_Lall,0.379980563654033,16,ItalyPowerDemand,daily,23,2,1
raw_1nn_ed,0.3780369290573372,24,ItalyPowerDemand,daily,23,2,1
raw_centroid,0.4169096209912536,24,ItalyPowerDemand,daily,23,2,1
law_L1,0.0709426627793974,8,ItalyPowerDemand,daily,23,2,2
law_Lall,0.0583090379008746,8,ItalyPowerDemand,daily,23,2,2
raw_1nn_ed,0.0592808551992225,24,ItalyPowerDemand,daily,23,2,2
raw_centroid,0.0816326530612244,24,ItalyPowerDemand,daily,23,2,2
law_L1,0.1613216715257531,16,ItalyPowerDemand,daily,23,2,3
law_Lall,0.2759961127308066,16,ItalyPowerDemand,daily,23,2,3
raw_1nn_ed,0.2837706511175898,24,ItalyPowerDemand,daily,23,2,3
raw_centroid,0.1661807580174927,24,ItalyPowerDemand,daily,23,2,3
law_L1,0.1982507288629737,16,ItalyPowerDemand,daily,23,2,4
law_Lall,0.2575315840621963,16,ItalyPowerDemand,daily,23,2,4
raw_1nn_ed,0.2594752186588921,24,ItalyPowerDemand,daily,23,2,4
raw_centroid,0.2021379980563654,24,ItalyPowerDemand,daily,23,2,4
law_L1,0.06511175898931,16,ItalyPowerDemand,daily,23,5,0
law_Lall,0.1098153547133139,16,ItalyPowerDemand,daily,23,5,0
raw_1nn_ed,0.1068999028182701,24,ItalyPowerDemand,daily,23,5,0
raw_centroid,0.06511175898931,24,ItalyPowerDemand,daily,23,5,0
law_L1,0.2847424684159378,16,ItalyPowerDemand,daily,23,5,1
law_Lall,0.1292517006802721,16,ItalyPowerDemand,daily,23,5,1
raw_1nn_ed,0.1292517006802721,24,ItalyPowerDemand,daily,23,5,1
raw_centroid,0.2857142857142857,24,ItalyPowerDemand,daily,23,5,1
law_L1,0.0369290573372206,16,ItalyPowerDemand,daily,23,5,2
law_Lall,0.0524781341107871,16,ItalyPowerDemand,daily,23,5,2
raw_1nn_ed,0.0524781341107871,24,ItalyPowerDemand,daily,23,5,2
raw_centroid,0.0369290573372206,24,ItalyPowerDemand,daily,23,5,2
law_L1,0.0408163265306122,16,ItalyPowerDemand,daily,23,5,3
law_Lall,0.0417881438289601,16,ItalyPowerDemand,daily,23,5,3
raw_1nn_ed,0.042759961127308,24,ItalyPowerDemand,daily,23,5,3
raw_centroid,0.0398445092322643,24,ItalyPowerDemand,daily,23,5,3
law_L1,0.0728862973760933,16,ItalyPowerDemand,daily,23,5,4
law_Lall,0.0932944606413994,16,ItalyPowerDemand,daily,23,5,4
raw_1nn_ed,0.0932944606413994,24,ItalyPowerDemand,daily,23,5,4
raw_centroid,0.0728862973760933,24,ItalyPowerDemand,daily,23,5,4
law_L1,0.0388726919339164,16,ItalyPowerDemand,daily,23,10,0
law_Lall,0.0417881438289601,16,ItalyPowerDemand,daily,23,10,0
raw_1nn_ed,0.0485908649173955,24,ItalyPowerDemand,daily,23,10,0
raw_centroid,0.0369290573372206,24,ItalyPowerDemand,daily,23,10,0
law_L1,0.0310981535471331,16,ItalyPowerDemand,daily,23,10,1
law_Lall,0.0495626822157434,16,ItalyPowerDemand,daily,23,10,1
raw_1nn_ed,0.0485908649173955,24,ItalyPowerDemand,daily,23,10,1
raw_centroid,0.032069970845481,24,ItalyPowerDemand,daily,23,10,1
law_L1,0.0855199222546161,16,ItalyPowerDemand,daily,23,10,2
law_Lall,0.0602526724975704,16,ItalyPowerDemand,daily,23,10,2
raw_1nn_ed,0.0592808551992225,24,ItalyPowerDemand,daily,23,10,2
raw_centroid,0.0855199222546161,24,ItalyPowerDemand,daily,23,10,2
law_L1,0.0621963070942662,16,ItalyPowerDemand,daily,23,10,3
law_Lall,0.0602526724975704,16,ItalyPowerDemand,daily,23,10,3
raw_1nn_ed,0.0573372206025267,24,ItalyPowerDemand,daily,23,10,3
raw_centroid,0.0583090379008746,24,ItalyPowerDemand,daily,23,10,3
law_L1,0.1856171039844509,16,ItalyPowerDemand,daily,23,10,4
law_Lall,0.053449951409135,16,ItalyPowerDemand,daily,23,10,4
raw_1nn_ed,0.0563654033041788,24,ItalyPowerDemand,daily,23,10,4
raw_centroid,0.1836734693877551,24,ItalyPowerDemand,daily,23,10,4
law_L1,0.1117589893100097,16,ItalyPowerDemand,daily,42,1,0
law_Lall,0.1117589893100097,16,ItalyPowerDemand,daily,42,1,0
raw_1nn_ed,0.1137026239067055,24,ItalyPowerDemand,daily,42,1,0
raw_centroid,0.1137026239067055,24,ItalyPowerDemand,daily,42,1,0
law_L1,0.0544217687074829,16,ItalyPowerDemand,daily,42,1,1
law_Lall,0.0544217687074829,16,ItalyPowerDemand,daily,42,1,1
raw_1nn_ed,0.0563654033041788,24,ItalyPowerDemand,daily,42,1,1
raw_centroid,0.0563654033041788,24,ItalyPowerDemand,daily,42,1,1
law_L1,0.4227405247813411,16,ItalyPowerDemand,daily,42,1,2
law_Lall,0.4227405247813411,16,ItalyPowerDemand,daily,42,1,2
raw_1nn_ed,0.423712342079689,24,ItalyPowerDemand,daily,42,1,2
raw_centroid,0.423712342079689,24,ItalyPowerDemand,daily,42,1,2
law_L1,0.0816326530612244,16,ItalyPowerDemand,daily,42,1,3
law_Lall,0.0816326530612244,16,ItalyPowerDemand,daily,42,1,3
raw_1nn_ed,0.0874635568513119,24,ItalyPowerDemand,daily,42,1,3
raw_centroid,0.0874635568513119,24,ItalyPowerDemand,daily,42,1,3
law_L1,0.4596695821185617,16,ItalyPowerDemand,daily,42,1,4
law_Lall,0.4596695821185617,16,ItalyPowerDemand,daily,42,1,4
raw_1nn_ed,0.4586977648202138,24,ItalyPowerDemand,daily,42,1,4
raw_centroid,0.4586977648202138,24,ItalyPowerDemand,daily,42,1,4
law_L1,0.0806608357628765,16,ItalyPowerDemand,daily,42,2,0
law_Lall,0.0826044703595724,16,ItalyPowerDemand,daily,42,2,0
raw_1nn_ed,0.0806608357628765,24,ItalyPowerDemand,daily,42,2,0
raw_centroid,0.0816326530612244,24,ItalyPowerDemand,daily,42,2,0
law_L1,0.2478134110787172,16,ItalyPowerDemand,daily,42,2,1
law_Lall,0.1807580174927113,16,ItalyPowerDemand,daily,42,2,1
raw_1nn_ed,0.1768707482993197,24,ItalyPowerDemand,daily,42,2,1
raw_centroid,0.2448979591836734,24,ItalyPowerDemand,daily,42,2,1
law_L1,0.3984450923226433,16,ItalyPowerDemand,daily,42,2,2
law_Lall,0.3275024295432459,16,ItalyPowerDemand,daily,42,2,2
raw_1nn_ed,0.304178814382896,24,ItalyPowerDemand,daily,42,2,2
raw_centroid,0.3974732750242954,24,ItalyPowerDemand,daily,42,2,2
law_L1,0.3887269193391642,16,ItalyPowerDemand,daily,42,2,3
law_Lall,0.3595724003887269,16,ItalyPowerDemand,daily,42,2,3
raw_1nn_ed,0.3624878522837707,24,ItalyPowerDemand,daily,42,2,3
raw_centroid,0.39067055393586,24,ItalyPowerDemand,daily,42,2,3
law_L1,0.4266277939747327,16,ItalyPowerDemand,daily,42,2,4
law_Lall,0.1088435374149659,16,ItalyPowerDemand,daily,42,2,4
raw_1nn_ed,0.0845481049562682,24,ItalyPowerDemand,daily,42,2,4
raw_centroid,0.4266277939747327,24,ItalyPowerDemand,daily,42,2,4
law_L1,0.0340136054421768,16,ItalyPowerDemand,daily,42,5,0
law_Lall,0.0437317784256559,16,ItalyPowerDemand,daily,42,5,0
raw_1nn_ed,0.0476190476190476,24,ItalyPowerDemand,daily,42,5,0
raw_centroid,0.0349854227405247,24,ItalyPowerDemand,daily,42,5,0
law_L1,0.4275996112730806,16,ItalyPowerDemand,daily,42,5,1
law_Lall,0.1030126336248785,16,ItalyPowerDemand,daily,42,5,1
raw_1nn_ed,0.1049562682215743,24,ItalyPowerDemand,daily,42,5,1
raw_centroid,0.4275996112730806,24,ItalyPowerDemand,daily,42,5,1
law_L1,0.3032069970845481,16,ItalyPowerDemand,daily,42,5,2
law_Lall,0.0466472303206997,16,ItalyPowerDemand,daily,42,5,2
raw_1nn_ed,0.0437317784256559,24,ItalyPowerDemand,daily,42,5,2
raw_centroid,0.3002915451895043,24,ItalyPowerDemand,daily,42,5,2
law_L1,0.1778425655976676,16,ItalyPowerDemand,daily,42,5,3
law_Lall,0.0719144800777453,16,ItalyPowerDemand,daily,42,5,3
raw_1nn_ed,0.0699708454810495,24,ItalyPowerDemand,daily,42,5,3
raw_centroid,0.1797862001943634,24,ItalyPowerDemand,daily,42,5,3
law_L1,0.3867832847424684,16,ItalyPowerDemand,daily,42,5,4
law_Lall,0.1107871720116618,16,ItalyPowerDemand,daily,42,5,4
raw_1nn_ed,0.1088435374149659,24,ItalyPowerDemand,daily,42,5,4
raw_centroid,0.3838678328474247,24,ItalyPowerDemand,daily,42,5,4
law_L1,0.0641399416909621,16,ItalyPowerDemand,daily,42,10,0
law_Lall,0.0777453838678328,16,ItalyPowerDemand,daily,42,10,0
raw_1nn_ed,0.0767735665694849,24,ItalyPowerDemand,daily,42,10,0
raw_centroid,0.0641399416909621,24,ItalyPowerDemand,daily,42,10,0
law_L1,0.1156462585034013,16,ItalyPowerDemand,daily,42,10,1
law_Lall,0.0796890184645286,16,ItalyPowerDemand,daily,42,10,1
raw_1nn_ed,0.075801749271137,24,ItalyPowerDemand,daily,42,10,1
raw_centroid,0.1146744412050534,24,ItalyPowerDemand,daily,42,10,1
law_L1,0.239067055393586,16,ItalyPowerDemand,daily,42,10,2
law_Lall,0.0631681243926141,16,ItalyPowerDemand,daily,42,10,2
raw_1nn_ed,0.0621963070942662,24,ItalyPowerDemand,daily,42,10,2
raw_centroid,0.239067055393586,24,ItalyPowerDemand,daily,42,10,2
law_L1,0.3197278911564626,16,ItalyPowerDemand,daily,42,10,3
law_Lall,0.0903790087463556,16,ItalyPowerDemand,daily,42,10,3
raw_1nn_ed,0.0874635568513119,24,ItalyPowerDemand,daily,42,10,3
raw_centroid,0.3236151603498542,24,ItalyPowerDemand,daily,42,10,3
law_L1,0.1914480077745383,16,ItalyPowerDemand,daily,42,10,4
law_Lall,0.0767735665694849,16,ItalyPowerDemand,daily,42,10,4
raw_1nn_ed,0.075801749271137,24,ItalyPowerDemand,daily,42,10,4
raw_centroid,0.1914480077745383,24,ItalyPowerDemand,daily,42,10,4
law_L1,0.3665436654366543,16,MelbournePedestrian,daily,11,1,0
law_Lall,0.3665436654366543,16,MelbournePedestrian,daily,11,1,0
raw_1nn_ed,0.3669536695366954,24,MelbournePedestrian,daily,11,1,0
raw_centroid,0.3669536695366954,24,MelbournePedestrian,daily,11,1,0
law_L1,0.4768347683476834,8,MelbournePedestrian,daily,11,1,1
law_Lall,0.4768347683476834,8,MelbournePedestrian,daily,11,1,1
raw_1nn_ed,0.4608446084460844,24,MelbournePedestrian,daily,11,1,1
raw_centroid,0.4608446084460844,24,MelbournePedestrian,daily,11,1,1
law_L1,0.5075850758507585,16,MelbournePedestrian,daily,11,1,2
law_Lall,0.5075850758507585,16,MelbournePedestrian,daily,11,1,2
raw_1nn_ed,0.5071750717507175,24,MelbournePedestrian,daily,11,1,2
raw_centroid,0.5071750717507175,24,MelbournePedestrian,daily,11,1,2
law_L1,0.5399753997539976,16,MelbournePedestrian,daily,11,1,3
law_Lall,0.5399753997539976,16,MelbournePedestrian,daily,11,1,3
raw_1nn_ed,0.5395653956539566,24,MelbournePedestrian,daily,11,1,3
raw_centroid,0.5395653956539566,24,MelbournePedestrian,daily,11,1,3
law_L1,0.4239442394423944,16,MelbournePedestrian,daily,11,1,4
law_Lall,0.4239442394423944,16,MelbournePedestrian,daily,11,1,4
raw_1nn_ed,0.4227142271422714,24,MelbournePedestrian,daily,11,1,4
raw_centroid,0.4227142271422714,24,MelbournePedestrian,daily,11,1,4
law_L1,0.4436244362443624,16,MelbournePedestrian,daily,11,2,0
law_Lall,0.3308733087330873,16,MelbournePedestrian,daily,11,2,0
raw_1nn_ed,0.3062730627306273,24,MelbournePedestrian,daily,11,2,0
raw_centroid,0.4432144321443214,24,MelbournePedestrian,daily,11,2,0
law_L1,0.2886428864288642,16,MelbournePedestrian,daily,11,2,1
law_Lall,0.3304633046330463,16,MelbournePedestrian,daily,11,2,1
raw_1nn_ed,0.3218532185321853,24,MelbournePedestrian,daily,11,2,1
raw_centroid,0.2894628946289463,24,MelbournePedestrian,daily,11,2,1
law_L1,0.3403034030340303,16,MelbournePedestrian,daily,11,2,2
law_Lall,0.2648626486264863,16,MelbournePedestrian,daily,11,2,2
raw_1nn_ed,0.2127921279212792,24,MelbournePedestrian,daily,11,2,2
raw_centroid,0.3403034030340303,24,MelbournePedestrian,daily,11,2,2
law_L1,0.3029930299302993,16,MelbournePedestrian,daily,11,2,3
law_Lall,0.3054530545305453,16,MelbournePedestrian,daily,11,2,3
raw_1nn_ed,0.2566625666256663,24,MelbournePedestrian,daily,11,2,3
raw_centroid,0.3062730627306273,24,MelbournePedestrian,daily,11,2,3
law_L1,0.2890528905289053,16,MelbournePedestrian,daily,11,2,4
law_Lall,0.3140631406314063,16,MelbournePedestrian,daily,11,2,4
raw_1nn_ed,0.3058630586305863,24,MelbournePedestrian,daily,11,2,4
raw_centroid,0.2878228782287823,24,MelbournePedestrian,daily,11,2,4
law_L1,0.2820828208282083,16,MelbournePedestrian,daily,11,5,0
law_Lall,0.2152521525215252,16,MelbournePedestrian,daily,11,5,0
raw_1nn_ed,0.1832718327183271,24,MelbournePedestrian,daily,11,5,0
raw_centroid,0.2849528495284953,24,MelbournePedestrian,daily,11,5,0
law_L1,0.3226732267322673,16,MelbournePedestrian,daily,11,5,1
law_Lall,0.2238622386223862,16,MelbournePedestrian,daily,11,5,1
raw_1nn_ed,0.1726117261172611,24,MelbournePedestrian,daily,11,5,1
raw_centroid,0.3239032390323903,24,MelbournePedestrian,daily,11,5,1
law_L1,0.2857728577285773,16,MelbournePedestrian,daily,11,5,2
law_Lall,0.1865518655186551,16,MelbournePedestrian,daily,11,5,2
raw_1nn_ed,0.1533415334153341,24,MelbournePedestrian,daily,11,5,2
raw_centroid,0.2956129561295613,24,MelbournePedestrian,daily,11,5,2
law_L1,0.2997129971299713,16,MelbournePedestrian,daily,11,5,3
law_Lall,0.2341123411234112,16,MelbournePedestrian,daily,11,5,3
raw_1nn_ed,0.1849118491184911,24,MelbournePedestrian,daily,11,5,3
raw_centroid,0.3025830258302583,24,MelbournePedestrian,daily,11,5,3
law_L1,0.2902829028290283,16,MelbournePedestrian,daily,11,5,4
law_Lall,0.2402624026240262,16,MelbournePedestrian,daily,11,5,4
raw_1nn_ed,0.1988519885198852,24,MelbournePedestrian,daily,11,5,4
raw_centroid,0.2878228782287823,24,MelbournePedestrian,daily,11,5,4
law_L1,0.2849528495284953,16,MelbournePedestrian,daily,11,10,0
law_Lall,0.1783517835178351,16,MelbournePedestrian,daily,11,10,0
raw_1nn_ed,0.1209512095120951,24,MelbournePedestrian,daily,11,10,0
raw_centroid,0.2874128741287413,24,MelbournePedestrian,daily,11,10,0
law_L1,0.3148831488314883,16,MelbournePedestrian,daily,11,10,1
law_Lall,0.1845018450184501,16,MelbournePedestrian,daily,11,10,1
raw_1nn_ed,0.1410414104141041,24,MelbournePedestrian,daily,11,10,1
raw_centroid,0.3148831488314883,24,MelbournePedestrian,daily,11,10,1
law_L1,0.2824928249282493,16,MelbournePedestrian,daily,11,10,2
law_Lall,0.1877818778187782,16,MelbournePedestrian,daily,11,10,2
raw_1nn_ed,0.1348913489134891,24,MelbournePedestrian,daily,11,10,2
raw_centroid,0.2841328413284132,24,MelbournePedestrian,daily,11,10,2
law_L1,0.2673226732267322,16,MelbournePedestrian,daily,11,10,3
law_Lall,0.1713817138171381,16,MelbournePedestrian,daily,11,10,3
raw_1nn_ed,0.1291512915129151,24,MelbournePedestrian,daily,11,10,3
raw_centroid,0.2665026650266502,24,MelbournePedestrian,daily,11,10,3
law_L1,0.2861828618286183,16,MelbournePedestrian,daily,11,10,4
law_Lall,0.1701517015170151,16,MelbournePedestrian,daily,11,10,4
raw_1nn_ed,0.1295612956129561,24,MelbournePedestrian,daily,11,10,4
raw_centroid,0.2845428454284542,24,MelbournePedestrian,daily,11,10,4
law_L1,0.3062730627306273,16,MelbournePedestrian,daily,23,1,0
law_Lall,0.3062730627306273,16,MelbournePedestrian,daily,23,1,0
raw_1nn_ed,0.3038130381303813,24,MelbournePedestrian,daily,23,1,0
raw_centroid,0.3038130381303813,24,MelbournePedestrian,daily,23,1,0
law_L1,0.4751947519475195,16,MelbournePedestrian,daily,23,1,1
law_Lall,0.4751947519475195,16,MelbournePedestrian,daily,23,1,1
raw_1nn_ed,0.4756047560475605,24,MelbournePedestrian,daily,23,1,1
raw_centroid,0.4756047560475605,24,MelbournePedestrian,daily,23,1,1
law_L1,0.3386633866338663,16,MelbournePedestrian,daily,23,1,2
law_Lall,0.3386633866338663,16,MelbournePedestrian,daily,23,1,2
raw_1nn_ed,0.3382533825338253,24,MelbournePedestrian,daily,23,1,2
raw_centroid,0.3382533825338253,24,MelbournePedestrian,daily,23,1,2
law_L1,0.4095940959409594,16,MelbournePedestrian,daily,23,1,3
law_Lall,0.4095940959409594,16,MelbournePedestrian,daily,23,1,3
raw_1nn_ed,0.4071340713407134,24,MelbournePedestrian,daily,23,1,3
raw_centroid,0.4071340713407134,24,MelbournePedestrian,daily,23,1,3
law_L1,0.3960639606396064,16,MelbournePedestrian,daily,23,1,4
law_Lall,0.3960639606396064,16,MelbournePedestrian,daily,23,1,4
raw_1nn_ed,0.3985239852398524,24,MelbournePedestrian,daily,23,1,4
raw_centroid,0.3985239852398524,24,MelbournePedestrian,daily,23,1,4
law_L1,0.3161131611316113,16,MelbournePedestrian,daily,23,2,0
law_Lall,0.3038130381303813,16,MelbournePedestrian,daily,23,2,0
raw_1nn_ed,0.2894628946289463,24,MelbournePedestrian,daily,23,2,0
raw_centroid,0.3144731447314473,24,MelbournePedestrian,daily,23,2,0
law_L1,0.3464534645346454,16,MelbournePedestrian,daily,23,2,1
law_Lall,0.2898728987289873,16,MelbournePedestrian,daily,23,2,1
raw_1nn_ed,0.2976629766297663,24,MelbournePedestrian,daily,23,2,1
raw_centroid,0.3489134891348913,24,MelbournePedestrian,daily,23,2,1
law_L1,0.3066830668306683,16,MelbournePedestrian,daily,23,2,2
law_Lall,0.3107831078310783,16,MelbournePedestrian,daily,23,2,2
raw_1nn_ed,0.2968429684296843,24,MelbournePedestrian,daily,23,2,2
raw_centroid,0.3103731037310373,24,MelbournePedestrian,daily,23,2,2
law_L1,0.3095530955309553,16,MelbournePedestrian,daily,23,2,3
law_Lall,0.2701927019270193,16,MelbournePedestrian,daily,23,2,3
raw_1nn_ed,0.2537925379253792,24,MelbournePedestrian,daily,23,2,3
raw_centroid,0.3136531365313653,24,MelbournePedestrian,daily,23,2,3
law_L1,0.3653136531365313,16,MelbournePedestrian,daily,23,2,4
law_Lall,0.3099630996309963,16,MelbournePedestrian,daily,23,2,4
raw_1nn_ed,0.2804428044280442,24,MelbournePedestrian,daily,23,2,4
raw_centroid,0.3554735547355473,24,MelbournePedestrian,daily,23,2,4
law_L1,0.2726527265272653,16,MelbournePedestrian,daily,23,5,0
law_Lall,0.1640016400164001,16,MelbournePedestrian,daily,23,5,0
raw_1nn_ed,0.1484214842148421,24,MelbournePedestrian,daily,23,5,0
raw_centroid,0.2722427224272242,24,MelbournePedestrian,daily,23,5,0
law_L1,0.3300533005330053,16,MelbournePedestrian,daily,23,5,1
law_Lall,0.2177121771217712,16,MelbournePedestrian,daily,23,5,1
raw_1nn_ed,0.1808118081180811,24,MelbournePedestrian,daily,23,5,1
raw_centroid,0.3284132841328413,24,MelbournePedestrian,daily,23,5,1
law_L1,0.3493234932349323,16,MelbournePedestrian,daily,23,5,2
law_Lall,0.1939319393193932,16,MelbournePedestrian,daily,23,5,2
raw_1nn_ed,0.1922919229192292,24,MelbournePedestrian,daily,23,5,2
raw_centroid,0.3489134891348913,24,MelbournePedestrian,daily,23,5,2
law_L1,0.2775727757277573,16,MelbournePedestrian,daily,23,5,3
law_Lall,0.1922919229192292,16,MelbournePedestrian,daily,23,5,3
raw_1nn_ed,0.1500615006150061,24,MelbournePedestrian,daily,23,5,3
raw_centroid,0.2771627716277163,24,MelbournePedestrian,daily,23,5,3
law_L1,0.3050430504305043,16,MelbournePedestrian,daily,23,5,4
law_Lall,0.2271422714227142,16,MelbournePedestrian,daily,23,5,4
raw_1nn_ed,0.1824518245182451,24,MelbournePedestrian,daily,23,5,4
raw_centroid,0.3046330463304633,24,MelbournePedestrian,daily,23,5,4
law_L1,0.3157031570315703,16,MelbournePedestrian,daily,23,10,0
law_Lall,0.1611316113161131,16,MelbournePedestrian,daily,23,10,0
raw_1nn_ed,0.1336613366133661,24,MelbournePedestrian,daily,23,10,0
raw_centroid,0.3140631406314063,24,MelbournePedestrian,daily,23,10,0
law_L1,0.2857728577285773,16,MelbournePedestrian,daily,23,10,1
law_Lall,0.1656416564165641,16,MelbournePedestrian,daily,23,10,1
raw_1nn_ed,0.1180811808118081,24,MelbournePedestrian,daily,23,10,1
raw_centroid,0.2857728577285773,24,MelbournePedestrian,daily,23,10,1
law_L1,0.2496924969249692,16,MelbournePedestrian,daily,23,10,2
law_Lall,0.1476014760147601,16,MelbournePedestrian,daily,23,10,2
raw_1nn_ed,0.1102911029110291,24,MelbournePedestrian,daily,23,10,2
raw_centroid,0.2492824928249282,24,MelbournePedestrian,daily,23,10,2
law_L1,0.2980729807298073,16,MelbournePedestrian,daily,23,10,3
law_Lall,0.1795817958179582,16,MelbournePedestrian,daily,23,10,3
raw_1nn_ed,0.1271012710127101,24,MelbournePedestrian,daily,23,10,3
raw_centroid,0.2988929889298893,24,MelbournePedestrian,daily,23,10,3
law_L1,0.2628126281262812,16,MelbournePedestrian,daily,23,10,4
law_Lall,0.1672816728167281,16,MelbournePedestrian,daily,23,10,4
raw_1nn_ed,0.1225912259122591,24,MelbournePedestrian,daily,23,10,4
raw_centroid,0.2652726527265273,24,MelbournePedestrian,daily,23,10,4
law_L1,0.4202542025420254,16,MelbournePedestrian,daily,42,1,0
law_Lall,0.4202542025420254,16,MelbournePedestrian,daily,42,1,0
raw_1nn_ed,0.4198441984419844,24,MelbournePedestrian,daily,42,1,0
raw_centroid,0.4198441984419844,24,MelbournePedestrian,daily,42,1,0
law_L1,0.4944649446494465,8,MelbournePedestrian,daily,42,1,1
law_Lall,0.4944649446494465,8,MelbournePedestrian,daily,42,1,1
raw_1nn_ed,0.5092250922509225,24,MelbournePedestrian,daily,42,1,1
raw_centroid,0.5092250922509225,24,MelbournePedestrian,daily,42,1,1
law_L1,0.4518245182451824,8,MelbournePedestrian,daily,42,1,2
law_Lall,0.4518245182451824,8,MelbournePedestrian,daily,42,1,2
raw_1nn_ed,0.4493644936449364,24,MelbournePedestrian,daily,42,1,2
raw_centroid,0.4493644936449364,24,MelbournePedestrian,daily,42,1,2
law_L1,0.3382533825338253,16,MelbournePedestrian,daily,42,1,3
law_Lall,0.3382533825338253,16,MelbournePedestrian,daily,42,1,3
raw_1nn_ed,0.3362033620336203,24,MelbournePedestrian,daily,42,1,3
raw_centroid,0.3362033620336203,24,MelbournePedestrian,daily,42,1,3
law_L1,0.2734727347273473,16,MelbournePedestrian,daily,42,1,4
law_Lall,0.2734727347273473,16,MelbournePedestrian,daily,42,1,4
raw_1nn_ed,0.2689626896268963,24,MelbournePedestrian,daily,42,1,4
raw_centroid,0.2689626896268963,24,MelbournePedestrian,daily,42,1,4
law_L1,0.2976629766297663,16,MelbournePedestrian,daily,42,2,0
law_Lall,0.2927429274292742,16,MelbournePedestrian,daily,42,2,0
raw_1nn_ed,0.3083230832308323,24,MelbournePedestrian,daily,42,2,0
raw_centroid,0.2980729807298073,24,MelbournePedestrian,daily,42,2,0
law_L1,0.2554325543255432,16,MelbournePedestrian,daily,42,2,1
law_Lall,0.2648626486264863,16,MelbournePedestrian,daily,42,2,1
raw_1nn_ed,0.2771627716277163,24,MelbournePedestrian,daily,42,2,1
raw_centroid,0.2574825748257482,24,MelbournePedestrian,daily,42,2,1
law_L1,0.4071340713407134,16,MelbournePedestrian,daily,42,2,2
law_Lall,0.3271832718327183,16,MelbournePedestrian,daily,42,2,2
raw_1nn_ed,0.3116031160311603,24,MelbournePedestrian,daily,42,2,2
raw_centroid,0.4046740467404674,24,MelbournePedestrian,daily,42,2,2
law_L1,0.2656826568265683,16,MelbournePedestrian,daily,42,2,3
law_Lall,0.2730627306273063,16,MelbournePedestrian,daily,42,2,3
raw_1nn_ed,0.2431324313243132,24,MelbournePedestrian,daily,42,2,3
raw_centroid,0.2648626486264863,24,MelbournePedestrian,daily,42,2,3
law_L1,0.4067240672406724,16,MelbournePedestrian,daily,42,2,4
law_Lall,0.3370233702337023,16,MelbournePedestrian,daily,42,2,4
raw_1nn_ed,0.3239032390323903,24,MelbournePedestrian,daily,42,2,4
raw_centroid,0.4071340713407134,24,MelbournePedestrian,daily,42,2,4
law_L1,0.2656826568265683,16,MelbournePedestrian,daily,42,5,0
law_Lall,0.2267322673226732,16,MelbournePedestrian,daily,42,5,0
raw_1nn_ed,0.1935219352193521,24,MelbournePedestrian,daily,42,5,0
raw_centroid,0.2660926609266092,24,MelbournePedestrian,daily,42,5,0
law_L1,0.2734727347273473,16,MelbournePedestrian,daily,42,5,1
law_Lall,0.2164821648216482,16,MelbournePedestrian,daily,42,5,1
raw_1nn_ed,0.1722017220172201,24,MelbournePedestrian,daily,42,5,1
raw_centroid,0.2734727347273473,24,MelbournePedestrian,daily,42,5,1
law_L1,0.3386633866338663,16,MelbournePedestrian,daily,42,5,2
law_Lall,0.1935219352193521,16,MelbournePedestrian,daily,42,5,2
raw_1nn_ed,0.1656416564165641,24,MelbournePedestrian,daily,42,5,2
raw_centroid,0.3382533825338253,24,MelbournePedestrian,daily,42,5,2
law_L1,0.3866338663386633,16,MelbournePedestrian,daily,42,5,3
law_Lall,0.2271422714227142,16,MelbournePedestrian,daily,42,5,3
raw_1nn_ed,0.2099220992209922,24,MelbournePedestrian,daily,42,5,3
raw_centroid,0.3866338663386633,24,MelbournePedestrian,daily,42,5,3
law_L1,0.2853628536285363,16,MelbournePedestrian,daily,42,5,4
law_Lall,0.2291922919229192,16,MelbournePedestrian,daily,42,5,4
raw_1nn_ed,0.1943419434194342,24,MelbournePedestrian,daily,42,5,4
raw_centroid,0.2837228372283722,24,MelbournePedestrian,daily,42,5,4
law_L1,0.2993029930299303,16,MelbournePedestrian,daily,42,10,0
law_Lall,0.1734317343173431,16,MelbournePedestrian,daily,42,10,0
raw_1nn_ed,0.1312013120131201,24,MelbournePedestrian,daily,42,10,0
raw_centroid,0.3017630176301763,24,MelbournePedestrian,daily,42,10,0
law_L1,0.2878228782287823,16,MelbournePedestrian,daily,42,10,1
law_Lall,0.2045920459204592,16,MelbournePedestrian,daily,42,10,1
raw_1nn_ed,0.1553915539155391,24,MelbournePedestrian,daily,42,10,1
raw_centroid,0.2870028700287003,24,MelbournePedestrian,daily,42,10,1
law_L1,0.2767527675276753,16,MelbournePedestrian,daily,42,10,2
law_Lall,0.1693316933169331,16,MelbournePedestrian,daily,42,10,2
raw_1nn_ed,0.1348913489134891,24,MelbournePedestrian,daily,42,10,2
raw_centroid,0.2788027880278803,24,MelbournePedestrian,daily,42,10,2
law_L1,0.2988929889298893,16,MelbournePedestrian,daily,42,10,3
law_Lall,0.1754817548175481,16,MelbournePedestrian,daily,42,10,3
raw_1nn_ed,0.1476014760147601,24,MelbournePedestrian,daily,42,10,3
raw_centroid,0.3029930299302993,24,MelbournePedestrian,daily,42,10,3
law_L1,0.2656826568265683,16,MelbournePedestrian,daily,42,10,4
law_Lall,0.1681016810168101,16,MelbournePedestrian,daily,42,10,4
raw_1nn_ed,0.1377613776137761,24,MelbournePedestrian,daily,42,10,4
raw_centroid,0.2656826568265683,24,MelbournePedestrian,daily,42,10,4
law_L1,0.3722222222222222,64,PowerCons,daily,11,1,0
law_Lall,0.3722222222222222,64,PowerCons,daily,11,1,0
raw_1nn_ed,0.3722222222222222,144,PowerCons,daily,11,1,0
raw_centroid,0.3722222222222222,144,PowerCons,daily,11,1,0
law_L1,0.0444444444444444,64,PowerCons,daily,11,1,1
law_Lall,0.0444444444444444,64,PowerCons,daily,11,1,1
raw_1nn_ed,0.0444444444444444,144,PowerCons,daily,11,1,1
raw_centroid,0.0444444444444444,144,PowerCons,daily,11,1,1
law_L1,0.2055555555555555,48,PowerCons,daily,11,1,2
law_Lall,0.2055555555555555,48,PowerCons,daily,11,1,2
raw_1nn_ed,0.2166666666666666,144,PowerCons,daily,11,1,2
raw_centroid,0.2166666666666666,144,PowerCons,daily,11,1,2
law_L1,0.0777777777777777,64,PowerCons,daily,11,1,3
law_Lall,0.0777777777777777,64,PowerCons,daily,11,1,3
raw_1nn_ed,0.0777777777777777,144,PowerCons,daily,11,1,3
raw_centroid,0.0777777777777777,144,PowerCons,daily,11,1,3
law_L1,0.1111111111111111,64,PowerCons,daily,11,1,4
law_Lall,0.1111111111111111,64,PowerCons,daily,11,1,4
raw_1nn_ed,0.1222222222222222,144,PowerCons,daily,11,1,4
raw_centroid,0.1222222222222222,144,PowerCons,daily,11,1,4
law_L1,0.0833333333333333,64,PowerCons,daily,11,2,0
law_Lall,0.1777777777777777,64,PowerCons,daily,11,2,0
raw_1nn_ed,0.1944444444444444,144,PowerCons,daily,11,2,0
raw_centroid,0.0833333333333333,144,PowerCons,daily,11,2,0
law_L1,0.0833333333333333,64,PowerCons,daily,11,2,1
law_Lall,0.0944444444444444,64,PowerCons,daily,11,2,1
raw_1nn_ed,0.0944444444444444,144,PowerCons,daily,11,2,1
raw_centroid,0.0833333333333333,144,PowerCons,daily,11,2,1
law_L1,0.0444444444444444,64,PowerCons,daily,11,2,2
law_Lall,0.1166666666666666,64,PowerCons,daily,11,2,2
raw_1nn_ed,0.1222222222222222,144,PowerCons,daily,11,2,2
raw_centroid,0.0388888888888888,144,PowerCons,daily,11,2,2
law_L1,0.0666666666666666,64,PowerCons,daily,11,2,3
law_Lall,0.0888888888888888,64,PowerCons,daily,11,2,3
raw_1nn_ed,0.0888888888888888,144,PowerCons,daily,11,2,3
raw_centroid,0.0666666666666666,144,PowerCons,daily,11,2,3
law_L1,0.0722222222222222,64,PowerCons,daily,11,2,4
law_Lall,0.1277777777777777,64,PowerCons,daily,11,2,4
raw_1nn_ed,0.1277777777777777,144,PowerCons,daily,11,2,4
raw_centroid,0.0666666666666666,144,PowerCons,daily,11,2,4
law_L1,0.0388888888888888,64,PowerCons,daily,11,5,0
law_Lall,0.0777777777777777,64,PowerCons,daily,11,5,0
raw_1nn_ed,0.0777777777777777,144,PowerCons,daily,11,5,0
raw_centroid,0.0388888888888888,144,PowerCons,daily,11,5,0
law_L1,0.05,64,PowerCons,daily,11,5,1
law_Lall,0.05,64,PowerCons,daily,11,5,1
raw_1nn_ed,0.05,144,PowerCons,daily,11,5,1
raw_centroid,0.05,144,PowerCons,daily,11,5,1
law_L1,0.0611111111111111,64,PowerCons,daily,11,5,2
law_Lall,0.1222222222222222,64,PowerCons,daily,11,5,2
raw_1nn_ed,0.1222222222222222,144,PowerCons,daily,11,5,2
raw_centroid,0.0611111111111111,144,PowerCons,daily,11,5,2
law_L1,0.15,64,PowerCons,daily,11,5,3
law_Lall,0.15,64,PowerCons,daily,11,5,3
raw_1nn_ed,0.1611111111111111,144,PowerCons,daily,11,5,3
raw_centroid,0.15,144,PowerCons,daily,11,5,3
law_L1,0.0888888888888888,64,PowerCons,daily,11,5,4
law_Lall,0.1611111111111111,64,PowerCons,daily,11,5,4
raw_1nn_ed,0.1722222222222222,144,PowerCons,daily,11,5,4
raw_centroid,0.0888888888888888,144,PowerCons,daily,11,5,4
law_L1,0.05,64,PowerCons,daily,11,10,0
law_Lall,0.0666666666666666,64,PowerCons,daily,11,10,0
raw_1nn_ed,0.0666666666666666,144,PowerCons,daily,11,10,0
raw_centroid,0.05,144,PowerCons,daily,11,10,0
law_L1,0.0333333333333333,64,PowerCons,daily,11,10,1
law_Lall,0.0777777777777777,64,PowerCons,daily,11,10,1
raw_1nn_ed,0.0888888888888888,144,PowerCons,daily,11,10,1
raw_centroid,0.0333333333333333,144,PowerCons,daily,11,10,1
law_L1,0.0388888888888888,64,PowerCons,daily,11,10,2
law_Lall,0.0611111111111111,64,PowerCons,daily,11,10,2
raw_1nn_ed,0.0611111111111111,144,PowerCons,daily,11,10,2
raw_centroid,0.0388888888888888,144,PowerCons,daily,11,10,2
law_L1,0.0277777777777777,64,PowerCons,daily,11,10,3
law_Lall,0.0333333333333333,64,PowerCons,daily,11,10,3
raw_1nn_ed,0.0333333333333333,144,PowerCons,daily,11,10,3
raw_centroid,0.0277777777777777,144,PowerCons,daily,11,10,3
law_L1,0.0333333333333333,64,PowerCons,daily,11,10,4
law_Lall,0.0611111111111111,64,PowerCons,daily,11,10,4
raw_1nn_ed,0.0611111111111111,144,PowerCons,daily,11,10,4
raw_centroid,0.0333333333333333,144,PowerCons,daily,11,10,4
law_L1,0.3555555555555555,64,PowerCons,daily,23,1,0
law_Lall,0.3555555555555555,64,PowerCons,daily,23,1,0
raw_1nn_ed,0.3555555555555555,144,PowerCons,daily,23,1,0
raw_centroid,0.3555555555555555,144,PowerCons,daily,23,1,0
law_L1,0.25,48,PowerCons,daily,23,1,1
law_Lall,0.25,48,PowerCons,daily,23,1,1
raw_1nn_ed,0.2388888888888889,144,PowerCons,daily,23,1,1
raw_centroid,0.2388888888888889,144,PowerCons,daily,23,1,1
law_L1,0.1388888888888889,64,PowerCons,daily,23,1,2
law_Lall,0.1388888888888889,64,PowerCons,daily,23,1,2
raw_1nn_ed,0.1388888888888889,144,PowerCons,daily,23,1,2
raw_centroid,0.1388888888888889,144,PowerCons,daily,23,1,2
law_L1,0.0666666666666666,64,PowerCons,daily,23,1,3
law_Lall,0.0666666666666666,64,PowerCons,daily,23,1,3
raw_1nn_ed,0.0722222222222222,144,PowerCons,daily,23,1,3
raw_centroid,0.0722222222222222,144,PowerCons,daily,23,1,3
law_L1,0.1666666666666666,48,PowerCons,daily,23,1,4
law_Lall,0.1666666666666666,48,PowerCons,daily,23,1,4
raw_1nn_ed,0.1611111111111111,144,PowerCons,daily,23,1,4
raw_centroid,0.1611111111111111,144,PowerCons,daily,23,1,4
law_L1,0.4444444444444444,64,PowerCons,daily,23,2,0
law_Lall,0.25,64,PowerCons,daily,23,2,0
raw_1nn_ed,0.2611111111111111,144,PowerCons,daily,23,2,0
raw_centroid,0.4444444444444444,144,PowerCons,daily,23,2,0
law_L1,0.1,64,PowerCons,daily,23,2,1
law_Lall,0.0722222222222222,64,PowerCons,daily,23,2,1
raw_1nn_ed,0.0722222222222222,144,PowerCons,daily,23,2,1
raw_centroid,0.1055555555555555,144,PowerCons,daily,23,2,1
law_L1,0.05,64,PowerCons,daily,23,2,2
law_Lall,0.0666666666666666,64,PowerCons,daily,23,2,2
raw_1nn_ed,0.0666666666666666,144,PowerCons,daily,23,2,2
raw_centroid,0.05,144,PowerCons,daily,23,2,2
law_L1,0.1277777777777777,64,PowerCons,daily,23,2,3
law_Lall,0.15,64,PowerCons,daily,23,2,3
raw_1nn_ed,0.1611111111111111,144,PowerCons,daily,23,2,3
raw_centroid,0.1277777777777777,144,PowerCons,daily,23,2,3
law_L1,0.0888888888888888,64,PowerCons,daily,23,2,4
law_Lall,0.1111111111111111,64,PowerCons,daily,23,2,4
raw_1nn_ed,0.1111111111111111,144,PowerCons,daily,23,2,4
raw_centroid,0.0888888888888888,144,PowerCons,daily,23,2,4
law_L1,0.1,64,PowerCons,daily,23,5,0
law_Lall,0.0722222222222222,64,PowerCons,daily,23,5,0
raw_1nn_ed,0.0666666666666666,144,PowerCons,daily,23,5,0
raw_centroid,0.1055555555555555,144,PowerCons,daily,23,5,0
law_L1,0.0722222222222222,64,PowerCons,daily,23,5,1
law_Lall,0.0611111111111111,64,PowerCons,daily,23,5,1
raw_1nn_ed,0.0555555555555555,144,PowerCons,daily,23,5,1
raw_centroid,0.0722222222222222,144,PowerCons,daily,23,5,1
law_L1,0.0222222222222222,64,PowerCons,daily,23,5,2
law_Lall,0.0444444444444444,64,PowerCons,daily,23,5,2
raw_1nn_ed,0.0444444444444444,144,PowerCons,daily,23,5,2
raw_centroid,0.0222222222222222,144,PowerCons,daily,23,5,2
law_L1,0.0833333333333333,64,PowerCons,daily,23,5,3
law_Lall,0.1,64,PowerCons,daily,23,5,3
raw_1nn_ed,0.0777777777777777,144,PowerCons,daily,23,5,3
raw_centroid,0.0722222222222222,144,PowerCons,daily,23,5,3
law_L1,0.1,64,PowerCons,daily,23,5,4
law_Lall,0.1,64,PowerCons,daily,23,5,4
raw_1nn_ed,0.1,144,PowerCons,daily,23,5,4
raw_centroid,0.0888888888888888,144,PowerCons,daily,23,5,4
law_L1,0.0555555555555555,64,PowerCons,daily,23,10,0
law_Lall,0.1111111111111111,64,PowerCons,daily,23,10,0
raw_1nn_ed,0.1166666666666666,144,PowerCons,daily,23,10,0
raw_centroid,0.0555555555555555,144,PowerCons,daily,23,10,0
law_L1,0.0777777777777777,64,PowerCons,daily,23,10,1
law_Lall,0.0666666666666666,64,PowerCons,daily,23,10,1
raw_1nn_ed,0.0611111111111111,144,PowerCons,daily,23,10,1
raw_centroid,0.0777777777777777,144,PowerCons,daily,23,10,1
law_L1,0.0444444444444444,64,PowerCons,daily,23,10,2
law_Lall,0.0388888888888888,64,PowerCons,daily,23,10,2
raw_1nn_ed,0.0444444444444444,144,PowerCons,daily,23,10,2
raw_centroid,0.0444444444444444,144,PowerCons,daily,23,10,2
law_L1,0.05,64,PowerCons,daily,23,10,3
law_Lall,0.0833333333333333,64,PowerCons,daily,23,10,3
raw_1nn_ed,0.0833333333333333,144,PowerCons,daily,23,10,3
raw_centroid,0.05,144,PowerCons,daily,23,10,3
law_L1,0.0388888888888888,64,PowerCons,daily,23,10,4
law_Lall,0.0611111111111111,64,PowerCons,daily,23,10,4
raw_1nn_ed,0.0555555555555555,144,PowerCons,daily,23,10,4
raw_centroid,0.0388888888888888,144,PowerCons,daily,23,10,4
law_L1,0.0944444444444444,64,PowerCons,daily,42,1,0
law_Lall,0.0944444444444444,64,PowerCons,daily,42,1,0
raw_1nn_ed,0.0944444444444444,144,PowerCons,daily,42,1,0
raw_centroid,0.0944444444444444,144,PowerCons,daily,42,1,0
law_L1,0.1222222222222222,64,PowerCons,daily,42,1,1
law_Lall,0.1222222222222222,64,PowerCons,daily,42,1,1
raw_1nn_ed,0.1222222222222222,144,PowerCons,daily,42,1,1
raw_centroid,0.1222222222222222,144,PowerCons,daily,42,1,1
law_L1,0.2333333333333333,64,PowerCons,daily,42,1,2
law_Lall,0.2333333333333333,64,PowerCons,daily,42,1,2
raw_1nn_ed,0.2611111111111111,144,PowerCons,daily,42,1,2
raw_centroid,0.2611111111111111,144,PowerCons,daily,42,1,2
law_L1,0.2222222222222222,48,PowerCons,daily,42,1,3
law_Lall,0.2222222222222222,48,PowerCons,daily,42,1,3
raw_1nn_ed,0.2166666666666666,144,PowerCons,daily,42,1,3
raw_centroid,0.2166666666666666,144,PowerCons,daily,42,1,3
law_L1,0.2166666666666666,64,PowerCons,daily,42,1,4
law_Lall,0.2166666666666666,64,PowerCons,daily,42,1,4
raw_1nn_ed,0.2222222222222222,144,PowerCons,daily,42,1,4
raw_centroid,0.2222222222222222,144,PowerCons,daily,42,1,4
law_L1,0.0888888888888888,64,PowerCons,daily,42,2,0
law_Lall,0.1611111111111111,64,PowerCons,daily,42,2,0
raw_1nn_ed,0.15,144,PowerCons,daily,42,2,0
raw_centroid,0.0888888888888888,144,PowerCons,daily,42,2,0
law_L1,0.15,64,PowerCons,daily,42,2,1
law_Lall,0.3333333333333333,64,PowerCons,daily,42,2,1
raw_1nn_ed,0.3333333333333333,144,PowerCons,daily,42,2,1
raw_centroid,0.15,144,PowerCons,daily,42,2,1
law_L1,0.1,64,PowerCons,daily,42,2,2
law_Lall,0.1444444444444444,64,PowerCons,daily,42,2,2
raw_1nn_ed,0.1444444444444444,144,PowerCons,daily,42,2,2
raw_centroid,0.0888888888888888,144,PowerCons,daily,42,2,2
law_L1,0.15,64,PowerCons,daily,42,2,3
law_Lall,0.1611111111111111,64,PowerCons,daily,42,2,3
raw_1nn_ed,0.1611111111111111,144,PowerCons,daily,42,2,3
raw_centroid,0.15,144,PowerCons,daily,42,2,3
law_L1,0.0555555555555555,64,PowerCons,daily,42,2,4
law_Lall,0.0666666666666666,64,PowerCons,daily,42,2,4
raw_1nn_ed,0.0666666666666666,144,PowerCons,daily,42,2,4
raw_centroid,0.0555555555555555,144,PowerCons,daily,42,2,4
law_L1,0.1111111111111111,64,PowerCons,daily,42,5,0
law_Lall,0.1777777777777777,64,PowerCons,daily,42,5,0
raw_1nn_ed,0.1777777777777777,144,PowerCons,daily,42,5,0
raw_centroid,0.1111111111111111,144,PowerCons,daily,42,5,0
law_L1,0.0666666666666666,64,PowerCons,daily,42,5,1
law_Lall,0.0888888888888888,64,PowerCons,daily,42,5,1
raw_1nn_ed,0.0888888888888888,144,PowerCons,daily,42,5,1
raw_centroid,0.0666666666666666,144,PowerCons,daily,42,5,1
law_L1,0.0555555555555555,64,PowerCons,daily,42,5,2
law_Lall,0.0833333333333333,64,PowerCons,daily,42,5,2
raw_1nn_ed,0.0944444444444444,144,PowerCons,daily,42,5,2
raw_centroid,0.0555555555555555,144,PowerCons,daily,42,5,2
law_L1,0.1,64,PowerCons,daily,42,5,3
law_Lall,0.1,64,PowerCons,daily,42,5,3
raw_1nn_ed,0.1,144,PowerCons,daily,42,5,3
raw_centroid,0.1,144,PowerCons,daily,42,5,3
law_L1,0.05,64,PowerCons,daily,42,5,4
law_Lall,0.05,64,PowerCons,daily,42,5,4
raw_1nn_ed,0.0444444444444444,144,PowerCons,daily,42,5,4
raw_centroid,0.05,144,PowerCons,daily,42,5,4
law_L1,0.05,64,PowerCons,daily,42,10,0
law_Lall,0.1055555555555555,64,PowerCons,daily,42,10,0
raw_1nn_ed,0.1,144,PowerCons,daily,42,10,0
raw_centroid,0.05,144,PowerCons,daily,42,10,0
law_L1,0.05,64,PowerCons,daily,42,10,1
law_Lall,0.0722222222222222,64,PowerCons,daily,42,10,1
raw_1nn_ed,0.0611111111111111,144,PowerCons,daily,42,10,1
raw_centroid,0.05,144,PowerCons,daily,42,10,1
law_L1,0.0444444444444444,64,PowerCons,daily,42,10,2
law_Lall,0.0833333333333333,64,PowerCons,daily,42,10,2
raw_1nn_ed,0.0722222222222222,144,PowerCons,daily,42,10,2
raw_centroid,0.0444444444444444,144,PowerCons,daily,42,10,2
law_L1,0.0277777777777777,64,PowerCons,daily,42,10,3
law_Lall,0.0555555555555555,64,PowerCons,daily,42,10,3
raw_1nn_ed,0.0555555555555555,144,PowerCons,daily,42,10,3
raw_centroid,0.0277777777777777,144,PowerCons,daily,42,10,3
law_L1,0.1333333333333333,64,PowerCons,daily,42,10,4
law_Lall,0.2277777777777777,64,PowerCons,daily,42,10,4
raw_1nn_ed,0.2277777777777777,144,PowerCons,daily,42,10,4
raw_centroid,0.1333333333333333,144,PowerCons,daily,42,10,4
law_L1,0.6625,32,DodgerLoopDay,daily,11,1,0
law_Lall,0.6625,32,DodgerLoopDay,daily,11,1,0
raw_1nn_ed,0.65,288,DodgerLoopDay,daily,11,1,0
raw_centroid,0.65,288,DodgerLoopDay,daily,11,1,0
law_L1,0.6,32,DodgerLoopDay,daily,11,1,1
law_Lall,0.6,32,DodgerLoopDay,daily,11,1,1
raw_1nn_ed,0.5,288,DodgerLoopDay,daily,11,1,1
raw_centroid,0.5,288,DodgerLoopDay,daily,11,1,1
law_L1,0.5625,32,DodgerLoopDay,daily,11,1,2
law_Lall,0.5625,32,DodgerLoopDay,daily,11,1,2
raw_1nn_ed,0.6125,288,DodgerLoopDay,daily,11,1,2
raw_centroid,0.6125,288,DodgerLoopDay,daily,11,1,2
law_L1,0.575,32,DodgerLoopDay,daily,11,1,3
law_Lall,0.575,32,DodgerLoopDay,daily,11,1,3
raw_1nn_ed,0.5625,288,DodgerLoopDay,daily,11,1,3
raw_centroid,0.5625,288,DodgerLoopDay,daily,11,1,3
law_L1,0.575,32,DodgerLoopDay,daily,11,1,4
law_Lall,0.575,32,DodgerLoopDay,daily,11,1,4
raw_1nn_ed,0.6125,288,DodgerLoopDay,daily,11,1,4
raw_centroid,0.6125,288,DodgerLoopDay,daily,11,1,4
law_L1,0.525,32,DodgerLoopDay,daily,11,2,0
law_Lall,0.6375,32,DodgerLoopDay,daily,11,2,0
raw_1nn_ed,0.5875,288,DodgerLoopDay,daily,11,2,0
raw_centroid,0.5125,288,DodgerLoopDay,daily,11,2,0
law_L1,0.525,32,DodgerLoopDay,daily,11,2,1
law_Lall,0.5125,32,DodgerLoopDay,daily,11,2,1
raw_1nn_ed,0.5125,288,DodgerLoopDay,daily,11,2,1
raw_centroid,0.5125,288,DodgerLoopDay,daily,11,2,1
law_L1,0.5625,32,DodgerLoopDay,daily,11,2,2
law_Lall,0.5625,32,DodgerLoopDay,daily,11,2,2
raw_1nn_ed,0.5375,288,DodgerLoopDay,daily,11,2,2
raw_centroid,0.575,288,DodgerLoopDay,daily,11,2,2
law_L1,0.5625,32,DodgerLoopDay,daily,11,2,3
law_Lall,0.55,32,DodgerLoopDay,daily,11,2,3
raw_1nn_ed,0.5375,288,DodgerLoopDay,daily,11,2,3
raw_centroid,0.525,288,DodgerLoopDay,daily,11,2,3
law_L1,0.575,32,DodgerLoopDay,daily,11,2,4
law_Lall,0.575,32,DodgerLoopDay,daily,11,2,4
raw_1nn_ed,0.6125,288,DodgerLoopDay,daily,11,2,4
raw_centroid,0.575,288,DodgerLoopDay,daily,11,2,4
law_L1,0.55,32,DodgerLoopDay,daily,11,5,0
law_Lall,0.5,32,DodgerLoopDay,daily,11,5,0
raw_1nn_ed,0.6,288,DodgerLoopDay,daily,11,5,0
raw_centroid,0.55,288,DodgerLoopDay,daily,11,5,0
law_L1,0.5625,32,DodgerLoopDay,daily,11,5,1
law_Lall,0.475,32,DodgerLoopDay,daily,11,5,1
raw_1nn_ed,0.5125,288,DodgerLoopDay,daily,11,5,1
raw_centroid,0.55,288,DodgerLoopDay,daily,11,5,1
law_L1,0.5125,32,DodgerLoopDay,daily,11,5,2
law_Lall,0.4875,32,DodgerLoopDay,daily,11,5,2
raw_1nn_ed,0.5,288,DodgerLoopDay,daily,11,5,2
raw_centroid,0.5,288,DodgerLoopDay,daily,11,5,2
law_L1,0.4,32,DodgerLoopDay,daily,11,5,3
law_Lall,0.5,32,DodgerLoopDay,daily,11,5,3
raw_1nn_ed,0.5,288,DodgerLoopDay,daily,11,5,3
raw_centroid,0.425,288,DodgerLoopDay,daily,11,5,3
law_L1,0.4625,32,DodgerLoopDay,daily,11,5,4
law_Lall,0.4625,32,DodgerLoopDay,daily,11,5,4
raw_1nn_ed,0.4125,288,DodgerLoopDay,daily,11,5,4
raw_centroid,0.5125,288,DodgerLoopDay,daily,11,5,4
law_L1,0.4625,32,DodgerLoopDay,daily,11,10,0
law_Lall,0.4875,32,DodgerLoopDay,daily,11,10,0
raw_1nn_ed,0.4125,288,DodgerLoopDay,daily,11,10,0
raw_centroid,0.45,288,DodgerLoopDay,daily,11,10,0
law_L1,0.525,32,DodgerLoopDay,daily,11,10,1
law_Lall,0.4625,32,DodgerLoopDay,daily,11,10,1
raw_1nn_ed,0.4375,288,DodgerLoopDay,daily,11,10,1
raw_centroid,0.5125,288,DodgerLoopDay,daily,11,10,1
law_L1,0.4625,32,DodgerLoopDay,daily,11,10,2
law_Lall,0.5,32,DodgerLoopDay,daily,11,10,2
raw_1nn_ed,0.425,288,DodgerLoopDay,daily,11,10,2
raw_centroid,0.4375,288,DodgerLoopDay,daily,11,10,2
law_L1,0.4875,32,DodgerLoopDay,daily,11,10,3
law_Lall,0.475,32,DodgerLoopDay,daily,11,10,3
raw_1nn_ed,0.4875,288,DodgerLoopDay,daily,11,10,3
raw_centroid,0.5,288,DodgerLoopDay,daily,11,10,3
law_L1,0.4875,32,DodgerLoopDay,daily,11,10,4
law_Lall,0.4875,32,DodgerLoopDay,daily,11,10,4
raw_1nn_ed,0.4375,288,DodgerLoopDay,daily,11,10,4
raw_centroid,0.475,288,DodgerLoopDay,daily,11,10,4
law_L1,0.6375,32,DodgerLoopDay,daily,23,1,0
law_Lall,0.6375,32,DodgerLoopDay,daily,23,1,0
raw_1nn_ed,0.5875,288,DodgerLoopDay,daily,23,1,0
raw_centroid,0.5875,288,DodgerLoopDay,daily,23,1,0
law_L1,0.6625,32,DodgerLoopDay,daily,23,1,1
law_Lall,0.6625,32,DodgerLoopDay,daily,23,1,1
raw_1nn_ed,0.6625,288,DodgerLoopDay,daily,23,1,1
raw_centroid,0.6625,288,DodgerLoopDay,daily,23,1,1
law_L1,0.6125,32,DodgerLoopDay,daily,23,1,2
law_Lall,0.6125,32,DodgerLoopDay,daily,23,1,2
raw_1nn_ed,0.5875,288,DodgerLoopDay,daily,23,1,2
raw_centroid,0.5875,288,DodgerLoopDay,daily,23,1,2
law_L1,0.5625,32,DodgerLoopDay,daily,23,1,3
law_Lall,0.5625,32,DodgerLoopDay,daily,23,1,3
raw_1nn_ed,0.55,288,DodgerLoopDay,daily,23,1,3
raw_centroid,0.55,288,DodgerLoopDay,daily,23,1,3
law_L1,0.6,32,DodgerLoopDay,daily,23,1,4
law_Lall,0.6,32,DodgerLoopDay,daily,23,1,4
raw_1nn_ed,0.6625,288,DodgerLoopDay,daily,23,1,4
raw_centroid,0.6625,288,DodgerLoopDay,daily,23,1,4
law_L1,0.575,32,DodgerLoopDay,daily,23,2,0
law_Lall,0.475,32,DodgerLoopDay,daily,23,2,0
raw_1nn_ed,0.475,288,DodgerLoopDay,daily,23,2,0
raw_centroid,0.55,288,DodgerLoopDay,daily,23,2,0
law_L1,0.4625,32,DodgerLoopDay,daily,23,2,1
law_Lall,0.5125,32,DodgerLoopDay,daily,23,2,1
raw_1nn_ed,0.5,288,DodgerLoopDay,daily,23,2,1
raw_centroid,0.4625,288,DodgerLoopDay,daily,23,2,1
law_L1,0.65,32,DodgerLoopDay,daily,23,2,2
law_Lall,0.5875,32,DodgerLoopDay,daily,23,2,2
raw_1nn_ed,0.65,288,DodgerLoopDay,daily,23,2,2
raw_centroid,0.5875,288,DodgerLoopDay,daily,23,2,2
law_L1,0.4375,32,DodgerLoopDay,daily,23,2,3
law_Lall,0.5,32,DodgerLoopDay,daily,23,2,3
raw_1nn_ed,0.575,288,DodgerLoopDay,daily,23,2,3
raw_centroid,0.475,288,DodgerLoopDay,daily,23,2,3
law_L1,0.5875,32,DodgerLoopDay,daily,23,2,4
law_Lall,0.525,32,DodgerLoopDay,daily,23,2,4
raw_1nn_ed,0.5375,288,DodgerLoopDay,daily,23,2,4
raw_centroid,0.5375,288,DodgerLoopDay,daily,23,2,4
law_L1,0.5375,32,DodgerLoopDay,daily,23,5,0
law_Lall,0.5875,32,DodgerLoopDay,daily,23,5,0
raw_1nn_ed,0.5875,288,DodgerLoopDay,daily,23,5,0
raw_centroid,0.55,288,DodgerLoopDay,daily,23,5,0
law_L1,0.525,32,DodgerLoopDay,daily,23,5,1
law_Lall,0.525,32,DodgerLoopDay,daily,23,5,1
raw_1nn_ed,0.45,288,DodgerLoopDay,daily,23,5,1
raw_centroid,0.525,288,DodgerLoopDay,daily,23,5,1
law_L1,0.475,32,DodgerLoopDay,daily,23,5,2
law_Lall,0.4875,32,DodgerLoopDay,daily,23,5,2
raw_1nn_ed,0.475,288,DodgerLoopDay,daily,23,5,2
raw_centroid,0.425,288,DodgerLoopDay,daily,23,5,2
law_L1,0.5,32,DodgerLoopDay,daily,23,5,3
law_Lall,0.4875,32,DodgerLoopDay,daily,23,5,3
raw_1nn_ed,0.55,288,DodgerLoopDay,daily,23,5,3
raw_centroid,0.5125,288,DodgerLoopDay,daily,23,5,3
law_L1,0.425,32,DodgerLoopDay,daily,23,5,4
law_Lall,0.4875,32,DodgerLoopDay,daily,23,5,4
raw_1nn_ed,0.4625,288,DodgerLoopDay,daily,23,5,4
raw_centroid,0.4625,288,DodgerLoopDay,daily,23,5,4
law_L1,0.5125,32,DodgerLoopDay,daily,23,10,0
law_Lall,0.475,32,DodgerLoopDay,daily,23,10,0
raw_1nn_ed,0.4125,288,DodgerLoopDay,daily,23,10,0
raw_centroid,0.4875,288,DodgerLoopDay,daily,23,10,0
law_L1,0.4625,32,DodgerLoopDay,daily,23,10,1
law_Lall,0.45,32,DodgerLoopDay,daily,23,10,1
raw_1nn_ed,0.4375,288,DodgerLoopDay,daily,23,10,1
raw_centroid,0.475,288,DodgerLoopDay,daily,23,10,1
law_L1,0.5,32,DodgerLoopDay,daily,23,10,2
law_Lall,0.5125,32,DodgerLoopDay,daily,23,10,2
raw_1nn_ed,0.4375,288,DodgerLoopDay,daily,23,10,2
raw_centroid,0.475,288,DodgerLoopDay,daily,23,10,2
law_L1,0.5,32,DodgerLoopDay,daily,23,10,3
law_Lall,0.475,32,DodgerLoopDay,daily,23,10,3
raw_1nn_ed,0.4375,288,DodgerLoopDay,daily,23,10,3
raw_centroid,0.525,288,DodgerLoopDay,daily,23,10,3
law_L1,0.4875,32,DodgerLoopDay,daily,23,10,4
law_Lall,0.4875,32,DodgerLoopDay,daily,23,10,4
raw_1nn_ed,0.375,288,DodgerLoopDay,daily,23,10,4
raw_centroid,0.4875,288,DodgerLoopDay,daily,23,10,4
law_L1,0.6125,32,DodgerLoopDay,daily,42,1,0
law_Lall,0.6125,32,DodgerLoopDay,daily,42,1,0
raw_1nn_ed,0.5875,288,DodgerLoopDay,daily,42,1,0
raw_centroid,0.5875,288,DodgerLoopDay,daily,42,1,0
law_L1,0.5625,32,DodgerLoopDay,daily,42,1,1
law_Lall,0.5625,32,DodgerLoopDay,daily,42,1,1
raw_1nn_ed,0.6125,288,DodgerLoopDay,daily,42,1,1
raw_centroid,0.6125,288,DodgerLoopDay,daily,42,1,1
law_L1,0.6875,48,DodgerLoopDay,daily,42,1,2
law_Lall,0.6875,48,DodgerLoopDay,daily,42,1,2
raw_1nn_ed,0.65,288,DodgerLoopDay,daily,42,1,2
raw_centroid,0.65,288,DodgerLoopDay,daily,42,1,2
law_L1,0.6375,48,DodgerLoopDay,daily,42,1,3
law_Lall,0.6375,48,DodgerLoopDay,daily,42,1,3
raw_1nn_ed,0.6375,288,DodgerLoopDay,daily,42,1,3
raw_centroid,0.6375,288,DodgerLoopDay,daily,42,1,3
law_L1,0.6,32,DodgerLoopDay,daily,42,1,4
law_Lall,0.6,32,DodgerLoopDay,daily,42,1,4
raw_1nn_ed,0.6,288,DodgerLoopDay,daily,42,1,4
raw_centroid,0.6,288,DodgerLoopDay,daily,42,1,4
law_L1,0.5625,32,DodgerLoopDay,daily,42,2,0
law_Lall,0.5875,32,DodgerLoopDay,daily,42,2,0
raw_1nn_ed,0.6,288,DodgerLoopDay,daily,42,2,0
raw_centroid,0.5625,288,DodgerLoopDay,daily,42,2,0
law_L1,0.55,32,DodgerLoopDay,daily,42,2,1
law_Lall,0.5125,32,DodgerLoopDay,daily,42,2,1
raw_1nn_ed,0.55,288,DodgerLoopDay,daily,42,2,1
raw_centroid,0.575,288,DodgerLoopDay,daily,42,2,1
law_L1,0.625,32,DodgerLoopDay,daily,42,2,2
law_Lall,0.6625,32,DodgerLoopDay,daily,42,2,2
raw_1nn_ed,0.5125,288,DodgerLoopDay,daily,42,2,2
raw_centroid,0.6375,288,DodgerLoopDay,daily,42,2,2
law_L1,0.5125,32,DodgerLoopDay,daily,42,2,3
law_Lall,0.5375,32,DodgerLoopDay,daily,42,2,3
raw_1nn_ed,0.5625,288,DodgerLoopDay,daily,42,2,3
raw_centroid,0.5875,288,DodgerLoopDay,daily,42,2,3
law_L1,0.4875,32,DodgerLoopDay,daily,42,2,4
law_Lall,0.5625,32,DodgerLoopDay,daily,42,2,4
raw_1nn_ed,0.5875,288,DodgerLoopDay,daily,42,2,4
raw_centroid,0.55,288,DodgerLoopDay,daily,42,2,4
law_L1,0.45,32,DodgerLoopDay,daily,42,5,0
law_Lall,0.425,32,DodgerLoopDay,daily,42,5,0
raw_1nn_ed,0.45,288,DodgerLoopDay,daily,42,5,0
raw_centroid,0.4875,288,DodgerLoopDay,daily,42,5,0
law_L1,0.55,32,DodgerLoopDay,daily,42,5,1
law_Lall,0.4625,32,DodgerLoopDay,daily,42,5,1
raw_1nn_ed,0.5,288,DodgerLoopDay,daily,42,5,1
raw_centroid,0.5625,288,DodgerLoopDay,daily,42,5,1
law_L1,0.525,32,DodgerLoopDay,daily,42,5,2
law_Lall,0.4375,32,DodgerLoopDay,daily,42,5,2
raw_1nn_ed,0.4125,288,DodgerLoopDay,daily,42,5,2
raw_centroid,0.5,288,DodgerLoopDay,daily,42,5,2
law_L1,0.525,32,DodgerLoopDay,daily,42,5,3
law_Lall,0.4375,32,DodgerLoopDay,daily,42,5,3
raw_1nn_ed,0.475,288,DodgerLoopDay,daily,42,5,3
raw_centroid,0.5125,288,DodgerLoopDay,daily,42,5,3
law_L1,0.4125,32,DodgerLoopDay,daily,42,5,4
law_Lall,0.4875,32,DodgerLoopDay,daily,42,5,4
raw_1nn_ed,0.4625,288,DodgerLoopDay,daily,42,5,4
raw_centroid,0.4375,288,DodgerLoopDay,daily,42,5,4
law_L1,0.4875,32,DodgerLoopDay,daily,42,10,0
law_Lall,0.475,32,DodgerLoopDay,daily,42,10,0
raw_1nn_ed,0.4,288,DodgerLoopDay,daily,42,10,0
raw_centroid,0.475,288,DodgerLoopDay,daily,42,10,0
law_L1,0.4875,32,DodgerLoopDay,daily,42,10,1
law_Lall,0.475,32,DodgerLoopDay,daily,42,10,1
raw_1nn_ed,0.4375,288,DodgerLoopDay,daily,42,10,1
raw_centroid,0.4875,288,DodgerLoopDay,daily,42,10,1
law_L1,0.5125,32,DodgerLoopDay,daily,42,10,2
law_Lall,0.4625,32,DodgerLoopDay,daily,42,10,2
raw_1nn_ed,0.3875,288,DodgerLoopDay,daily,42,10,2
raw_centroid,0.4875,288,DodgerLoopDay,daily,42,10,2
law_L1,0.5,32,DodgerLoopDay,daily,42,10,3
law_Lall,0.475,32,DodgerLoopDay,daily,42,10,3
raw_1nn_ed,0.4125,288,DodgerLoopDay,daily,42,10,3
raw_centroid,0.5,288,DodgerLoopDay,daily,42,10,3
law_L1,0.475,32,DodgerLoopDay,daily,42,10,4
law_Lall,0.4875,32,DodgerLoopDay,daily,42,10,4
raw_1nn_ed,0.425,288,DodgerLoopDay,daily,42,10,4
raw_centroid,0.4875,288,DodgerLoopDay,daily,42,10,4
law_L1,0.036231884057971,32,DodgerLoopWeekend,daily,11,1,0
law_Lall,0.036231884057971,32,DodgerLoopWeekend,daily,11,1,0
raw_1nn_ed,0.0434782608695652,288,DodgerLoopWeekend,daily,11,1,0
raw_centroid,0.0434782608695652,288,DodgerLoopWeekend,daily,11,1,0
law_L1,0.0289855072463768,32,DodgerLoopWeekend,daily,11,1,1
law_Lall,0.0289855072463768,32,DodgerLoopWeekend,daily,11,1,1
raw_1nn_ed,0.0289855072463768,288,DodgerLoopWeekend,daily,11,1,1
raw_centroid,0.0289855072463768,288,DodgerLoopWeekend,daily,11,1,1
law_L1,0.0217391304347826,32,DodgerLoopWeekend,daily,11,1,2
law_Lall,0.0217391304347826,32,DodgerLoopWeekend,daily,11,1,2
raw_1nn_ed,0.0217391304347826,288,DodgerLoopWeekend,daily,11,1,2
raw_centroid,0.0217391304347826,288,DodgerLoopWeekend,daily,11,1,2
law_L1,0.0289855072463768,16,DodgerLoopWeekend,daily,11,1,3
law_Lall,0.0289855072463768,16,DodgerLoopWeekend,daily,11,1,3
raw_1nn_ed,0.0217391304347826,288,DodgerLoopWeekend,daily,11,1,3
raw_centroid,0.0217391304347826,288,DodgerLoopWeekend,daily,11,1,3
law_L1,0.036231884057971,48,DodgerLoopWeekend,daily,11,1,4
law_Lall,0.036231884057971,48,DodgerLoopWeekend,daily,11,1,4
raw_1nn_ed,0.0434782608695652,288,DodgerLoopWeekend,daily,11,1,4
raw_centroid,0.0434782608695652,288,DodgerLoopWeekend,daily,11,1,4
law_L1,0.0507246376811594,32,DodgerLoopWeekend,daily,11,2,0
law_Lall,0.0579710144927536,32,DodgerLoopWeekend,daily,11,2,0
raw_1nn_ed,0.0507246376811594,288,DodgerLoopWeekend,daily,11,2,0
raw_centroid,0.0434782608695652,288,DodgerLoopWeekend,daily,11,2,0
law_L1,0.0144927536231884,32,DodgerLoopWeekend,daily,11,2,1
law_Lall,0.036231884057971,32,DodgerLoopWeekend,daily,11,2,1
raw_1nn_ed,0.0144927536231884,288,DodgerLoopWeekend,daily,11,2,1
raw_centroid,0.0144927536231884,288,DodgerLoopWeekend,daily,11,2,1
law_L1,0.0289855072463768,32,DodgerLoopWeekend,daily,11,2,2
law_Lall,0.0434782608695652,32,DodgerLoopWeekend,daily,11,2,2
raw_1nn_ed,0.0507246376811594,288,DodgerLoopWeekend,daily,11,2,2
raw_centroid,0.036231884057971,288,DodgerLoopWeekend,daily,11,2,2
law_L1,0.0289855072463768,32,DodgerLoopWeekend,daily,11,2,3
law_Lall,0.0144927536231884,32,DodgerLoopWeekend,daily,11,2,3
raw_1nn_ed,0.0434782608695652,288,DodgerLoopWeekend,daily,11,2,3
raw_centroid,0.0434782608695652,288,DodgerLoopWeekend,daily,11,2,3
law_L1,0.0289855072463768,32,DodgerLoopWeekend,daily,11,2,4
law_Lall,0.0144927536231884,32,DodgerLoopWeekend,daily,11,2,4
raw_1nn_ed,0.036231884057971,288,DodgerLoopWeekend,daily,11,2,4
raw_centroid,0.0217391304347826,288,DodgerLoopWeekend,daily,11,2,4
law_L1,0.0144927536231884,32,DodgerLoopWeekend,daily,11,5,0
law_Lall,0.0289855072463768,32,DodgerLoopWeekend,daily,11,5,0
raw_1nn_ed,0.0144927536231884,288,DodgerLoopWeekend,daily,11,5,0
raw_centroid,0.0144927536231884,288,DodgerLoopWeekend,daily,11,5,0
law_L1,0.0144927536231884,32,DodgerLoopWeekend,daily,11,5,1
law_Lall,0.0144927536231884,32,DodgerLoopWeekend,daily,11,5,1
raw_1nn_ed,0.0217391304347826,288,DodgerLoopWeekend,daily,11,5,1
raw_centroid,0.0144927536231884,288,DodgerLoopWeekend,daily,11,5,1
law_L1,0.0144927536231884,32,DodgerLoopWeekend,daily,11,5,2
law_Lall,0.0217391304347826,32,DodgerLoopWeekend,daily,11,5,2
raw_1nn_ed,0.0144927536231884,288,DodgerLoopWeekend,daily,11,5,2
raw_centroid,0.0144927536231884,288,DodgerLoopWeekend,daily,11,5,2
law_L1,0.0144927536231884,32,DodgerLoopWeekend,daily,11,5,3
law_Lall,0.0144927536231884,32,DodgerLoopWeekend,daily,11,5,3
raw_1nn_ed,0.0217391304347826,288,DodgerLoopWeekend,daily,11,5,3
raw_centroid,0.0144927536231884,288,DodgerLoopWeekend,daily,11,5,3
law_L1,0.0144927536231884,32,DodgerLoopWeekend,daily,11,5,4
law_Lall,0.0217391304347826,32,DodgerLoopWeekend,daily,11,5,4
raw_1nn_ed,0.0217391304347826,288,DodgerLoopWeekend,daily,11,5,4
raw_centroid,0.0144927536231884,288,DodgerLoopWeekend,daily,11,5,4
law_L1,0.0144927536231884,32,DodgerLoopWeekend,daily,11,10,0
law_Lall,0.0144927536231884,32,DodgerLoopWeekend,daily,11,10,0
raw_1nn_ed,0.0144927536231884,288,DodgerLoopWeekend,daily,11,10,0
raw_centroid,0.0144927536231884,288,DodgerLoopWeekend,daily,11,10,0
law_L1,0.0144927536231884,32,DodgerLoopWeekend,daily,11,10,1
law_Lall,0.0144927536231884,32,DodgerLoopWeekend,daily,11,10,1
raw_1nn_ed,0.0144927536231884,288,DodgerLoopWeekend,daily,11,10,1
raw_centroid,0.0144927536231884,288,DodgerLoopWeekend,daily,11,10,1
law_L1,0.0144927536231884,32,DodgerLoopWeekend,daily,11,10,2
law_Lall,0.0144927536231884,32,DodgerLoopWeekend,daily,11,10,2
raw_1nn_ed,0.0144927536231884,288,DodgerLoopWeekend,daily,11,10,2
raw_centroid,0.0144927536231884,288,DodgerLoopWeekend,daily,11,10,2
law_L1,0.0144927536231884,32,DodgerLoopWeekend,daily,11,10,3
law_Lall,0.0144927536231884,32,DodgerLoopWeekend,daily,11,10,3
raw_1nn_ed,0.0144927536231884,288,DodgerLoopWeekend,daily,11,10,3
raw_centroid,0.0144927536231884,288,DodgerLoopWeekend,daily,11,10,3
law_L1,0.0144927536231884,32,DodgerLoopWeekend,daily,11,10,4
law_Lall,0.0144927536231884,32,DodgerLoopWeekend,daily,11,10,4
raw_1nn_ed,0.0144927536231884,288,DodgerLoopWeekend,daily,11,10,4
raw_centroid,0.0144927536231884,288,DodgerLoopWeekend,daily,11,10,4
law_L1,0.0289855072463768,32,DodgerLoopWeekend,daily,23,1,0
law_Lall,0.0289855072463768,32,DodgerLoopWeekend,daily,23,1,0
raw_1nn_ed,0.0289855072463768,288,DodgerLoopWeekend,daily,23,1,0
raw_centroid,0.0289855072463768,288,DodgerLoopWeekend,daily,23,1,0
law_L1,0.036231884057971,48,DodgerLoopWeekend,daily,23,1,1
law_Lall,0.036231884057971,48,DodgerLoopWeekend,daily,23,1,1
raw_1nn_ed,0.072463768115942,288,DodgerLoopWeekend,daily,23,1,1
raw_centroid,0.072463768115942,288,DodgerLoopWeekend,daily,23,1,1
law_L1,0.072463768115942,32,DodgerLoopWeekend,daily,23,1,2
law_Lall,0.072463768115942,32,DodgerLoopWeekend,daily,23,1,2
raw_1nn_ed,0.1014492753623188,288,DodgerLoopWeekend,daily,23,1,2
raw_centroid,0.1014492753623188,288,DodgerLoopWeekend,daily,23,1,2
law_L1,0.036231884057971,16,DodgerLoopWeekend,daily,23,1,3
law_Lall,0.036231884057971,16,DodgerLoopWeekend,daily,23,1,3
raw_1nn_ed,0.036231884057971,288,DodgerLoopWeekend,daily,23,1,3
raw_centroid,0.036231884057971,288,DodgerLoopWeekend,daily,23,1,3
law_L1,0.0869565217391304,32,DodgerLoopWeekend,daily,23,1,4
law_Lall,0.0869565217391304,32,DodgerLoopWeekend,daily,23,1,4
raw_1nn_ed,0.0507246376811594,288,DodgerLoopWeekend,daily,23,1,4
raw_centroid,0.0507246376811594,288,DodgerLoopWeekend,daily,23,1,4
law_L1,0.0144927536231884,32,DodgerLoopWeekend,daily,23,2,0
law_Lall,0.0217391304347826,32,DodgerLoopWeekend,daily,23,2,0
raw_1nn_ed,0.0289855072463768,288,DodgerLoopWeekend,daily,23,2,0
raw_centroid,0.0144927536231884,288,DodgerLoopWeekend,daily,23,2,0
law_L1,0.0289855072463768,16,DodgerLoopWeekend,daily,23,2,1
law_Lall,0.0217391304347826,16,DodgerLoopWeekend,daily,23,2,1
raw_1nn_ed,0.0217391304347826,288,DodgerLoopWeekend,daily,23,2,1
raw_centroid,0.0289855072463768,288,DodgerLoopWeekend,daily,23,2,1
law_L1,0.0434782608695652,32,DodgerLoopWeekend,daily,23,2,2
law_Lall,0.0289855072463768,32,DodgerLoopWeekend,daily,23,2,2
raw_1nn_ed,0.0217391304347826,288,DodgerLoopWeekend,daily,23,2,2
raw_centroid,0.0434782608695652,288,DodgerLoopWeekend,daily,23,2,2
law_L1,0.0144927536231884,32,DodgerLoopWeekend,daily,23,2,3
law_Lall,0.0144927536231884,32,DodgerLoopWeekend,daily,23,2,3
raw_1nn_ed,0.0144927536231884,288,DodgerLoopWeekend,daily,23,2,3
raw_centroid,0.0144927536231884,288,DodgerLoopWeekend,daily,23,2,3
law_L1,0.0289855072463768,32,DodgerLoopWeekend,daily,23,2,4
law_Lall,0.0434782608695652,32,DodgerLoopWeekend,daily,23,2,4
raw_1nn_ed,0.036231884057971,288,DodgerLoopWeekend,daily,23,2,4
raw_centroid,0.0289855072463768,288,DodgerLoopWeekend,daily,23,2,4
law_L1,0.0289855072463768,32,DodgerLoopWeekend,daily,23,5,0
law_Lall,0.0217391304347826,32,DodgerLoopWeekend,daily,23,5,0
raw_1nn_ed,0.0144927536231884,288,DodgerLoopWeekend,daily,23,5,0
raw_centroid,0.0289855072463768,288,DodgerLoopWeekend,daily,23,5,0
law_L1,0.0144927536231884,32,DodgerLoopWeekend,daily,23,5,1
law_Lall,0.0144927536231884,32,DodgerLoopWeekend,daily,23,5,1
raw_1nn_ed,0.0144927536231884,288,DodgerLoopWeekend,daily,23,5,1
raw_centroid,0.0144927536231884,288,DodgerLoopWeekend,daily,23,5,1
law_L1,0.0144927536231884,32,DodgerLoopWeekend,daily,23,5,2
law_Lall,0.0289855072463768,32,DodgerLoopWeekend,daily,23,5,2
raw_1nn_ed,0.0144927536231884,288,DodgerLoopWeekend,daily,23,5,2
raw_centroid,0.0144927536231884,288,DodgerLoopWeekend,daily,23,5,2
law_L1,0.0144927536231884,32,DodgerLoopWeekend,daily,23,5,3
law_Lall,0.0144927536231884,32,DodgerLoopWeekend,daily,23,5,3
raw_1nn_ed,0.0144927536231884,288,DodgerLoopWeekend,daily,23,5,3
raw_centroid,0.0144927536231884,288,DodgerLoopWeekend,daily,23,5,3
law_L1,0.0217391304347826,32,DodgerLoopWeekend,daily,23,5,4
law_Lall,0.0217391304347826,32,DodgerLoopWeekend,daily,23,5,4
raw_1nn_ed,0.0217391304347826,288,DodgerLoopWeekend,daily,23,5,4
raw_centroid,0.0144927536231884,288,DodgerLoopWeekend,daily,23,5,4
law_L1,0.0144927536231884,32,DodgerLoopWeekend,daily,23,10,0
law_Lall,0.0144927536231884,32,DodgerLoopWeekend,daily,23,10,0
raw_1nn_ed,0.0144927536231884,288,DodgerLoopWeekend,daily,23,10,0
raw_centroid,0.0144927536231884,288,DodgerLoopWeekend,daily,23,10,0
law_L1,0.0144927536231884,32,DodgerLoopWeekend,daily,23,10,1
law_Lall,0.0144927536231884,32,DodgerLoopWeekend,daily,23,10,1
raw_1nn_ed,0.0144927536231884,288,DodgerLoopWeekend,daily,23,10,1
raw_centroid,0.0144927536231884,288,DodgerLoopWeekend,daily,23,10,1
law_L1,0.0144927536231884,32,DodgerLoopWeekend,daily,23,10,2
law_Lall,0.0144927536231884,32,DodgerLoopWeekend,daily,23,10,2
raw_1nn_ed,0.0144927536231884,288,DodgerLoopWeekend,daily,23,10,2
raw_centroid,0.0144927536231884,288,DodgerLoopWeekend,daily,23,10,2
law_L1,0.0144927536231884,32,DodgerLoopWeekend,daily,23,10,3
law_Lall,0.0144927536231884,32,DodgerLoopWeekend,daily,23,10,3
raw_1nn_ed,0.0144927536231884,288,DodgerLoopWeekend,daily,23,10,3
raw_centroid,0.0144927536231884,288,DodgerLoopWeekend,daily,23,10,3
law_L1,0.0144927536231884,32,DodgerLoopWeekend,daily,23,10,4
law_Lall,0.0144927536231884,32,DodgerLoopWeekend,daily,23,10,4
raw_1nn_ed,0.0144927536231884,288,DodgerLoopWeekend,daily,23,10,4
raw_centroid,0.0144927536231884,288,DodgerLoopWeekend,daily,23,10,4
law_L1,0.0434782608695652,32,DodgerLoopWeekend,daily,42,1,0
law_Lall,0.0434782608695652,32,DodgerLoopWeekend,daily,42,1,0
raw_1nn_ed,0.0652173913043478,288,DodgerLoopWeekend,daily,42,1,0
raw_centroid,0.0652173913043478,288,DodgerLoopWeekend,daily,42,1,0
law_L1,0.0289855072463768,16,DodgerLoopWeekend,daily,42,1,1
law_Lall,0.0289855072463768,16,DodgerLoopWeekend,daily,42,1,1
raw_1nn_ed,0.0217391304347826,288,DodgerLoopWeekend,daily,42,1,1
raw_centroid,0.0217391304347826,288,DodgerLoopWeekend,daily,42,1,1
law_L1,0.0144927536231884,32,DodgerLoopWeekend,daily,42,1,2
law_Lall,0.0144927536231884,32,DodgerLoopWeekend,daily,42,1,2
raw_1nn_ed,0.0217391304347826,288,DodgerLoopWeekend,daily,42,1,2
raw_centroid,0.0217391304347826,288,DodgerLoopWeekend,daily,42,1,2
law_L1,0.0579710144927536,32,DodgerLoopWeekend,daily,42,1,3
law_Lall,0.0579710144927536,32,DodgerLoopWeekend,daily,42,1,3
raw_1nn_ed,0.0217391304347826,288,DodgerLoopWeekend,daily,42,1,3
raw_centroid,0.0217391304347826,288,DodgerLoopWeekend,daily,42,1,3
law_L1,0.0289855072463768,16,DodgerLoopWeekend,daily,42,1,4
law_Lall,0.0289855072463768,16,DodgerLoopWeekend,daily,42,1,4
raw_1nn_ed,0.036231884057971,288,DodgerLoopWeekend,daily,42,1,4
raw_centroid,0.036231884057971,288,DodgerLoopWeekend,daily,42,1,4
law_L1,0.0144927536231884,32,DodgerLoopWeekend,daily,42,2,0
law_Lall,0.1014492753623188,32,DodgerLoopWeekend,daily,42,2,0
raw_1nn_ed,0.0217391304347826,288,DodgerLoopWeekend,daily,42,2,0
raw_centroid,0.0144927536231884,288,DodgerLoopWeekend,daily,42,2,0
law_L1,0.0144927536231884,32,DodgerLoopWeekend,daily,42,2,1
law_Lall,0.036231884057971,32,DodgerLoopWeekend,daily,42,2,1
raw_1nn_ed,0.0217391304347826,288,DodgerLoopWeekend,daily,42,2,1
raw_centroid,0.0144927536231884,288,DodgerLoopWeekend,daily,42,2,1
law_L1,0.0217391304347826,32,DodgerLoopWeekend,daily,42,2,2
law_Lall,0.0144927536231884,32,DodgerLoopWeekend,daily,42,2,2
raw_1nn_ed,0.0217391304347826,288,DodgerLoopWeekend,daily,42,2,2
raw_centroid,0.0289855072463768,288,DodgerLoopWeekend,daily,42,2,2
law_L1,0.036231884057971,48,DodgerLoopWeekend,daily,42,2,3
law_Lall,0.0217391304347826,48,DodgerLoopWeekend,daily,42,2,3
raw_1nn_ed,0.0144927536231884,288,DodgerLoopWeekend,daily,42,2,3
raw_centroid,0.0434782608695652,288,DodgerLoopWeekend,daily,42,2,3
law_L1,0.036231884057971,32,DodgerLoopWeekend,daily,42,2,4
law_Lall,0.036231884057971,32,DodgerLoopWeekend,daily,42,2,4
raw_1nn_ed,0.0289855072463768,288,DodgerLoopWeekend,daily,42,2,4
raw_centroid,0.0289855072463768,288,DodgerLoopWeekend,daily,42,2,4
law_L1,0.0144927536231884,32,DodgerLoopWeekend,daily,42,5,0
law_Lall,0.0652173913043478,32,DodgerLoopWeekend,daily,42,5,0
raw_1nn_ed,0.0144927536231884,288,DodgerLoopWeekend,daily,42,5,0
raw_centroid,0.0144927536231884,288,DodgerLoopWeekend,daily,42,5,0
law_L1,0.0144927536231884,32,DodgerLoopWeekend,daily,42,5,1
law_Lall,0.0217391304347826,32,DodgerLoopWeekend,daily,42,5,1
raw_1nn_ed,0.0144927536231884,288,DodgerLoopWeekend,daily,42,5,1
raw_centroid,0.0144927536231884,288,DodgerLoopWeekend,daily,42,5,1
law_L1,0.0217391304347826,32,DodgerLoopWeekend,daily,42,5,2
law_Lall,0.0217391304347826,32,DodgerLoopWeekend,daily,42,5,2
raw_1nn_ed,0.0217391304347826,288,DodgerLoopWeekend,daily,42,5,2
raw_centroid,0.0289855072463768,288,DodgerLoopWeekend,daily,42,5,2
law_L1,0.0144927536231884,32,DodgerLoopWeekend,daily,42,5,3
law_Lall,0.0144927536231884,32,DodgerLoopWeekend,daily,42,5,3
raw_1nn_ed,0.0144927536231884,288,DodgerLoopWeekend,daily,42,5,3
raw_centroid,0.0144927536231884,288,DodgerLoopWeekend,daily,42,5,3
law_L1,0.0144927536231884,32,DodgerLoopWeekend,daily,42,5,4
law_Lall,0.0144927536231884,32,DodgerLoopWeekend,daily,42,5,4
raw_1nn_ed,0.0144927536231884,288,DodgerLoopWeekend,daily,42,5,4
raw_centroid,0.0144927536231884,288,DodgerLoopWeekend,daily,42,5,4
law_L1,0.0144927536231884,32,DodgerLoopWeekend,daily,42,10,0
law_Lall,0.0144927536231884,32,DodgerLoopWeekend,daily,42,10,0
raw_1nn_ed,0.0144927536231884,288,DodgerLoopWeekend,daily,42,10,0
raw_centroid,0.0144927536231884,288,DodgerLoopWeekend,daily,42,10,0
law_L1,0.0144927536231884,32,DodgerLoopWeekend,daily,42,10,1
law_Lall,0.0144927536231884,32,DodgerLoopWeekend,daily,42,10,1
raw_1nn_ed,0.0144927536231884,288,DodgerLoopWeekend,daily,42,10,1
raw_centroid,0.0144927536231884,288,DodgerLoopWeekend,daily,42,10,1
law_L1,0.0144927536231884,32,DodgerLoopWeekend,daily,42,10,2
law_Lall,0.0144927536231884,32,DodgerLoopWeekend,daily,42,10,2
raw_1nn_ed,0.0144927536231884,288,DodgerLoopWeekend,daily,42,10,2
raw_centroid,0.0144927536231884,288,DodgerLoopWeekend,daily,42,10,2
law_L1,0.0144927536231884,32,DodgerLoopWeekend,daily,42,10,3
law_Lall,0.0144927536231884,32,DodgerLoopWeekend,daily,42,10,3
raw_1nn_ed,0.0144927536231884,288,DodgerLoopWeekend,daily,42,10,3
raw_centroid,0.0144927536231884,288,DodgerLoopWeekend,daily,42,10,3
law_L1,0.0144927536231884,32,DodgerLoopWeekend,daily,42,10,4
law_Lall,0.0144927536231884,32,DodgerLoopWeekend,daily,42,10,4
raw_1nn_ed,0.0144927536231884,288,DodgerLoopWeekend,daily,42,10,4
raw_centroid,0.0144927536231884,288,DodgerLoopWeekend,daily,42,10,4
law_L1,0.5507246376811594,48,DodgerLoopGame,daily,11,1,0
law_Lall,0.5507246376811594,48,DodgerLoopGame,daily,11,1,0
raw_1nn_ed,0.5434782608695652,288,DodgerLoopGame,daily,11,1,0
raw_centroid,0.5434782608695652,288,DodgerLoopGame,daily,11,1,0
law_L1,0.4202898550724637,32,DodgerLoopGame,daily,11,1,1
law_Lall,0.4202898550724637,32,DodgerLoopGame,daily,11,1,1
raw_1nn_ed,0.4347826086956521,288,DodgerLoopGame,daily,11,1,1
raw_centroid,0.4347826086956521,288,DodgerLoopGame,daily,11,1,1
law_L1,0.4782608695652174,32,DodgerLoopGame,daily,11,1,2
law_Lall,0.4782608695652174,32,DodgerLoopGame,daily,11,1,2
raw_1nn_ed,0.3043478260869565,288,DodgerLoopGame,daily,11,1,2
raw_centroid,0.3043478260869565,288,DodgerLoopGame,daily,11,1,2
law_L1,0.4202898550724637,32,DodgerLoopGame,daily,11,1,3
law_Lall,0.4202898550724637,32,DodgerLoopGame,daily,11,1,3
raw_1nn_ed,0.427536231884058,288,DodgerLoopGame,daily,11,1,3
raw_centroid,0.427536231884058,288,DodgerLoopGame,daily,11,1,3
law_L1,0.427536231884058,32,DodgerLoopGame,daily,11,1,4
law_Lall,0.427536231884058,32,DodgerLoopGame,daily,11,1,4
raw_1nn_ed,0.4347826086956521,288,DodgerLoopGame,daily,11,1,4
raw_centroid,0.4347826086956521,288,DodgerLoopGame,daily,11,1,4
law_L1,0.2101449275362318,32,DodgerLoopGame,daily,11,2,0
law_Lall,0.181159420289855,32,DodgerLoopGame,daily,11,2,0
raw_1nn_ed,0.217391304347826,288,DodgerLoopGame,daily,11,2,0
raw_centroid,0.2463768115942029,288,DodgerLoopGame,daily,11,2,0
law_L1,0.3043478260869565,48,DodgerLoopGame,daily,11,2,1
law_Lall,0.2101449275362318,48,DodgerLoopGame,daily,11,2,1
raw_1nn_ed,0.2246376811594203,288,DodgerLoopGame,daily,11,2,1
raw_centroid,0.3115942028985507,288,DodgerLoopGame,daily,11,2,1
law_L1,0.2463768115942029,32,DodgerLoopGame,daily,11,2,2
law_Lall,0.427536231884058,32,DodgerLoopGame,daily,11,2,2
raw_1nn_ed,0.1884057971014492,288,DodgerLoopGame,daily,11,2,2
raw_centroid,0.2463768115942029,288,DodgerLoopGame,daily,11,2,2
law_L1,0.2971014492753623,32,DodgerLoopGame,daily,11,2,3
law_Lall,0.3115942028985507,32,DodgerLoopGame,daily,11,2,3
raw_1nn_ed,0.2463768115942029,288,DodgerLoopGame,daily,11,2,3
raw_centroid,0.2826086956521739,288,DodgerLoopGame,daily,11,2,3
law_L1,0.2681159420289855,16,DodgerLoopGame,daily,11,2,4
law_Lall,0.2608695652173913,16,DodgerLoopGame,daily,11,2,4
raw_1nn_ed,0.2971014492753623,288,DodgerLoopGame,daily,11,2,4
raw_centroid,0.2391304347826087,288,DodgerLoopGame,daily,11,2,4
law_L1,0.4710144927536231,32,DodgerLoopGame,daily,11,5,0
law_Lall,0.1594202898550724,32,DodgerLoopGame,daily,11,5,0
raw_1nn_ed,0.2028985507246377,288,DodgerLoopGame,daily,11,5,0
raw_centroid,0.463768115942029,288,DodgerLoopGame,daily,11,5,0
law_L1,0.217391304347826,32,DodgerLoopGame,daily,11,5,1
law_Lall,0.1304347826086956,32,DodgerLoopGame,daily,11,5,1
raw_1nn_ed,0.108695652173913,288,DodgerLoopGame,daily,11,5,1
raw_centroid,0.2028985507246377,288,DodgerLoopGame,daily,11,5,1
law_L1,0.3623188405797101,32,DodgerLoopGame,daily,11,5,2
law_Lall,0.1884057971014492,32,DodgerLoopGame,daily,11,5,2
raw_1nn_ed,0.1956521739130435,288,DodgerLoopGame,daily,11,5,2
raw_centroid,0.3478260869565217,288,DodgerLoopGame,daily,11,5,2
law_L1,0.2028985507246377,32,DodgerLoopGame,daily,11,5,3
law_Lall,0.1376811594202898,32,DodgerLoopGame,daily,11,5,3
raw_1nn_ed,0.181159420289855,288,DodgerLoopGame,daily,11,5,3
raw_centroid,0.2246376811594203,288,DodgerLoopGame,daily,11,5,3
law_L1,0.2608695652173913,48,DodgerLoopGame,daily,11,5,4
law_Lall,0.1884057971014492,48,DodgerLoopGame,daily,11,5,4
raw_1nn_ed,0.217391304347826,288,DodgerLoopGame,daily,11,5,4
raw_centroid,0.2681159420289855,288,DodgerLoopGame,daily,11,5,4
law_L1,0.217391304347826,32,DodgerLoopGame,daily,11,10,0
law_Lall,0.1014492753623188,32,DodgerLoopGame,daily,11,10,0
raw_1nn_ed,0.1159420289855072,288,DodgerLoopGame,daily,11,10,0
raw_centroid,0.2246376811594203,288,DodgerLoopGame,daily,11,10,0
law_L1,0.217391304347826,32,DodgerLoopGame,daily,11,10,1
law_Lall,0.1014492753623188,32,DodgerLoopGame,daily,11,10,1
raw_1nn_ed,0.1159420289855072,288,DodgerLoopGame,daily,11,10,1
raw_centroid,0.2246376811594203,288,DodgerLoopGame,daily,11,10,1
law_L1,0.217391304347826,32,DodgerLoopGame,daily,11,10,2
law_Lall,0.1014492753623188,32,DodgerLoopGame,daily,11,10,2
raw_1nn_ed,0.1159420289855072,288,DodgerLoopGame,daily,11,10,2
raw_centroid,0.2246376811594203,288,DodgerLoopGame,daily,11,10,2
law_L1,0.217391304347826,32,DodgerLoopGame,daily,11,10,3
law_Lall,0.1014492753623188,32,DodgerLoopGame,daily,11,10,3
raw_1nn_ed,0.1159420289855072,288,DodgerLoopGame,daily,11,10,3
raw_centroid,0.2246376811594203,288,DodgerLoopGame,daily,11,10,3
law_L1,0.217391304347826,32,DodgerLoopGame,daily,11,10,4
law_Lall,0.1014492753623188,32,DodgerLoopGame,daily,11,10,4
raw_1nn_ed,0.1159420289855072,288,DodgerLoopGame,daily,11,10,4
raw_centroid,0.2246376811594203,288,DodgerLoopGame,daily,11,10,4
law_L1,0.3405797101449275,32,DodgerLoopGame,daily,23,1,0
law_Lall,0.3405797101449275,32,DodgerLoopGame,daily,23,1,0
raw_1nn_ed,0.3043478260869565,288,DodgerLoopGame,daily,23,1,0
raw_centroid,0.3043478260869565,288,DodgerLoopGame,daily,23,1,0
law_L1,0.572463768115942,32,DodgerLoopGame,daily,23,1,1
law_Lall,0.572463768115942,32,DodgerLoopGame,daily,23,1,1
raw_1nn_ed,0.5579710144927537,288,DodgerLoopGame,daily,23,1,1
raw_centroid,0.5579710144927537,288,DodgerLoopGame,daily,23,1,1
law_L1,0.427536231884058,32,DodgerLoopGame,daily,23,1,2
law_Lall,0.427536231884058,32,DodgerLoopGame,daily,23,1,2
raw_1nn_ed,0.4202898550724637,288,DodgerLoopGame,daily,23,1,2
raw_centroid,0.4202898550724637,288,DodgerLoopGame,daily,23,1,2
law_L1,0.3695652173913043,32,DodgerLoopGame,daily,23,1,3
law_Lall,0.3695652173913043,32,DodgerLoopGame,daily,23,1,3
raw_1nn_ed,0.3695652173913043,288,DodgerLoopGame,daily,23,1,3
raw_centroid,0.3695652173913043,288,DodgerLoopGame,daily,23,1,3
law_L1,0.2608695652173913,32,DodgerLoopGame,daily,23,1,4
law_Lall,0.2608695652173913,32,DodgerLoopGame,daily,23,1,4
raw_1nn_ed,0.2971014492753623,288,DodgerLoopGame,daily,23,1,4
raw_centroid,0.2971014492753623,288,DodgerLoopGame,daily,23,1,4
law_L1,0.181159420289855,32,DodgerLoopGame,daily,23,2,0
law_Lall,0.4202898550724637,32,DodgerLoopGame,daily,23,2,0
raw_1nn_ed,0.2826086956521739,288,DodgerLoopGame,daily,23,2,0
raw_centroid,0.1956521739130435,288,DodgerLoopGame,daily,23,2,0
law_L1,0.4347826086956521,32,DodgerLoopGame,daily,23,2,1
law_Lall,0.2753623188405797,32,DodgerLoopGame,daily,23,2,1
raw_1nn_ed,0.2536231884057971,288,DodgerLoopGame,daily,23,2,1
raw_centroid,0.3840579710144927,288,DodgerLoopGame,daily,23,2,1
law_L1,0.3478260869565217,16,DodgerLoopGame,daily,23,2,2
law_Lall,0.2391304347826087,16,DodgerLoopGame,daily,23,2,2
raw_1nn_ed,0.2753623188405797,288,DodgerLoopGame,daily,23,2,2
raw_centroid,0.3188405797101449,288,DodgerLoopGame,daily,23,2,2
law_L1,0.5652173913043478,16,DodgerLoopGame,daily,23,2,3
law_Lall,0.572463768115942,16,DodgerLoopGame,daily,23,2,3
raw_1nn_ed,0.5579710144927537,288,DodgerLoopGame,daily,23,2,3
raw_centroid,0.5579710144927537,288,DodgerLoopGame,daily,23,2,3
law_L1,0.2898550724637681,32,DodgerLoopGame,daily,23,2,4
law_Lall,0.391304347826087,32,DodgerLoopGame,daily,23,2,4
raw_1nn_ed,0.2246376811594203,288,DodgerLoopGame,daily,23,2,4
raw_centroid,0.3550724637681159,288,DodgerLoopGame,daily,23,2,4
law_L1,0.3550724637681159,32,DodgerLoopGame,daily,23,5,0
law_Lall,0.1376811594202898,32,DodgerLoopGame,daily,23,5,0
raw_1nn_ed,0.1666666666666666,288,DodgerLoopGame,daily,23,5,0
raw_centroid,0.3478260869565217,288,DodgerLoopGame,daily,23,5,0
law_L1,0.217391304347826,32,DodgerLoopGame,daily,23,5,1
law_Lall,0.2536231884057971,32,DodgerLoopGame,daily,23,5,1
raw_1nn_ed,0.181159420289855,288,DodgerLoopGame,daily,23,5,1
raw_centroid,0.2246376811594203,288,DodgerLoopGame,daily,23,5,1
law_L1,0.3695652173913043,32,DodgerLoopGame,daily,23,5,2
law_Lall,0.0869565217391304,32,DodgerLoopGame,daily,23,5,2
raw_1nn_ed,0.1159420289855072,288,DodgerLoopGame,daily,23,5,2
raw_centroid,0.391304347826087,288,DodgerLoopGame,daily,23,5,2
law_L1,0.2028985507246377,32,DodgerLoopGame,daily,23,5,3
law_Lall,0.1739130434782608,32,DodgerLoopGame,daily,23,5,3
raw_1nn_ed,0.1956521739130435,288,DodgerLoopGame,daily,23,5,3
raw_centroid,0.2246376811594203,288,DodgerLoopGame,daily,23,5,3
law_L1,0.2681159420289855,32,DodgerLoopGame,daily,23,5,4
law_Lall,0.2101449275362318,32,DodgerLoopGame,daily,23,5,4
raw_1nn_ed,0.2246376811594203,288,DodgerLoopGame,daily,23,5,4
raw_centroid,0.2826086956521739,288,DodgerLoopGame,daily,23,5,4
law_L1,0.217391304347826,32,DodgerLoopGame,daily,23,10,0
law_Lall,0.1014492753623188,32,DodgerLoopGame,daily,23,10,0
raw_1nn_ed,0.1159420289855072,288,DodgerLoopGame,daily,23,10,0
raw_centroid,0.2246376811594203,288,DodgerLoopGame,daily,23,10,0
law_L1,0.217391304347826,32,DodgerLoopGame,daily,23,10,1
law_Lall,0.1014492753623188,32,DodgerLoopGame,daily,23,10,1
raw_1nn_ed,0.1159420289855072,288,DodgerLoopGame,daily,23,10,1
raw_centroid,0.2246376811594203,288,DodgerLoopGame,daily,23,10,1
law_L1,0.217391304347826,32,DodgerLoopGame,daily,23,10,2
law_Lall,0.1014492753623188,32,DodgerLoopGame,daily,23,10,2
raw_1nn_ed,0.1159420289855072,288,DodgerLoopGame,daily,23,10,2
raw_centroid,0.2246376811594203,288,DodgerLoopGame,daily,23,10,2
law_L1,0.217391304347826,32,DodgerLoopGame,daily,23,10,3
law_Lall,0.1014492753623188,32,DodgerLoopGame,daily,23,10,3
raw_1nn_ed,0.1159420289855072,288,DodgerLoopGame,daily,23,10,3
raw_centroid,0.2246376811594203,288,DodgerLoopGame,daily,23,10,3
law_L1,0.217391304347826,32,DodgerLoopGame,daily,23,10,4
law_Lall,0.1014492753623188,32,DodgerLoopGame,daily,23,10,4
raw_1nn_ed,0.1159420289855072,288,DodgerLoopGame,daily,23,10,4
raw_centroid,0.2246376811594203,288,DodgerLoopGame,daily,23,10,4
law_L1,0.2681159420289855,32,DodgerLoopGame,daily,42,1,0
law_Lall,0.2681159420289855,32,DodgerLoopGame,daily,42,1,0
raw_1nn_ed,0.3115942028985507,288,DodgerLoopGame,daily,42,1,0
raw_centroid,0.3115942028985507,288,DodgerLoopGame,daily,42,1,0
law_L1,0.4782608695652174,32,DodgerLoopGame,daily,42,1,1
law_Lall,0.4782608695652174,32,DodgerLoopGame,daily,42,1,1
raw_1nn_ed,0.2753623188405797,288,DodgerLoopGame,daily,42,1,1
raw_centroid,0.2753623188405797,288,DodgerLoopGame,daily,42,1,1
law_L1,0.2681159420289855,48,DodgerLoopGame,daily,42,1,2
law_Lall,0.2681159420289855,48,DodgerLoopGame,daily,42,1,2
raw_1nn_ed,0.2753623188405797,288,DodgerLoopGame,daily,42,1,2
raw_centroid,0.2753623188405797,288,DodgerLoopGame,daily,42,1,2
law_L1,0.181159420289855,48,DodgerLoopGame,daily,42,1,3
law_Lall,0.181159420289855,48,DodgerLoopGame,daily,42,1,3
raw_1nn_ed,0.1739130434782608,288,DodgerLoopGame,daily,42,1,3
raw_centroid,0.1739130434782608,288,DodgerLoopGame,daily,42,1,3
law_L1,0.4420289855072464,32,DodgerLoopGame,daily,42,1,4
law_Lall,0.4420289855072464,32,DodgerLoopGame,daily,42,1,4
raw_1nn_ed,0.4420289855072464,288,DodgerLoopGame,daily,42,1,4
raw_centroid,0.4420289855072464,288,DodgerLoopGame,daily,42,1,4
law_L1,0.2681159420289855,32,DodgerLoopGame,daily,42,2,0
law_Lall,0.2753623188405797,32,DodgerLoopGame,daily,42,2,0
raw_1nn_ed,0.2608695652173913,288,DodgerLoopGame,daily,42,2,0
raw_centroid,0.2971014492753623,288,DodgerLoopGame,daily,42,2,0
law_L1,0.2536231884057971,32,DodgerLoopGame,daily,42,2,1
law_Lall,0.2101449275362318,32,DodgerLoopGame,daily,42,2,1
raw_1nn_ed,0.2391304347826087,288,DodgerLoopGame,daily,42,2,1
raw_centroid,0.2608695652173913,288,DodgerLoopGame,daily,42,2,1
law_L1,0.4202898550724637,16,DodgerLoopGame,daily,42,2,2
law_Lall,0.1666666666666666,16,DodgerLoopGame,daily,42,2,2
raw_1nn_ed,0.217391304347826,288,DodgerLoopGame,daily,42,2,2
raw_centroid,0.3695652173913043,288,DodgerLoopGame,daily,42,2,2
law_L1,0.3623188405797101,16,DodgerLoopGame,daily,42,2,3
law_Lall,0.181159420289855,16,DodgerLoopGame,daily,42,2,3
raw_1nn_ed,0.2463768115942029,288,DodgerLoopGame,daily,42,2,3
raw_centroid,0.3188405797101449,288,DodgerLoopGame,daily,42,2,3
law_L1,0.2898550724637681,32,DodgerLoopGame,daily,42,2,4
law_Lall,0.3260869565217391,32,DodgerLoopGame,daily,42,2,4
raw_1nn_ed,0.3333333333333333,288,DodgerLoopGame,daily,42,2,4
raw_centroid,0.3043478260869565,288,DodgerLoopGame,daily,42,2,4
law_L1,0.1666666666666666,32,DodgerLoopGame,daily,42,5,0
law_Lall,0.0942028985507246,32,DodgerLoopGame,daily,42,5,0
raw_1nn_ed,0.144927536231884,288,DodgerLoopGame,daily,42,5,0
raw_centroid,0.181159420289855,288,DodgerLoopGame,daily,42,5,0
law_L1,0.2463768115942029,32,DodgerLoopGame,daily,42,5,1
law_Lall,0.1956521739130435,32,DodgerLoopGame,daily,42,5,1
raw_1nn_ed,0.1739130434782608,288,DodgerLoopGame,daily,42,5,1
raw_centroid,0.2536231884057971,288,DodgerLoopGame,daily,42,5,1
law_L1,0.3768115942028985,32,DodgerLoopGame,daily,42,5,2
law_Lall,0.1666666666666666,32,DodgerLoopGame,daily,42,5,2
raw_1nn_ed,0.2246376811594203,288,DodgerLoopGame,daily,42,5,2
raw_centroid,0.3478260869565217,288,DodgerLoopGame,daily,42,5,2
law_L1,0.1884057971014492,32,DodgerLoopGame,daily,42,5,3
law_Lall,0.108695652173913,32,DodgerLoopGame,daily,42,5,3
raw_1nn_ed,0.1594202898550724,288,DodgerLoopGame,daily,42,5,3
raw_centroid,0.181159420289855,288,DodgerLoopGame,daily,42,5,3
law_L1,0.2608695652173913,32,DodgerLoopGame,daily,42,5,4
law_Lall,0.144927536231884,32,DodgerLoopGame,daily,42,5,4
raw_1nn_ed,0.1884057971014492,288,DodgerLoopGame,daily,42,5,4
raw_centroid,0.2681159420289855,288,DodgerLoopGame,daily,42,5,4
law_L1,0.217391304347826,32,DodgerLoopGame,daily,42,10,0
law_Lall,0.1014492753623188,32,DodgerLoopGame,daily,42,10,0
raw_1nn_ed,0.1159420289855072,288,DodgerLoopGame,daily,42,10,0
raw_centroid,0.2246376811594203,288,DodgerLoopGame,daily,42,10,0
law_L1,0.217391304347826,32,DodgerLoopGame,daily,42,10,1
law_Lall,0.1014492753623188,32,DodgerLoopGame,daily,42,10,1
raw_1nn_ed,0.1159420289855072,288,DodgerLoopGame,daily,42,10,1
raw_centroid,0.2246376811594203,288,DodgerLoopGame,daily,42,10,1
law_L1,0.217391304347826,32,DodgerLoopGame,daily,42,10,2
law_Lall,0.1014492753623188,32,DodgerLoopGame,daily,42,10,2
raw_1nn_ed,0.1159420289855072,288,DodgerLoopGame,daily,42,10,2
raw_centroid,0.2246376811594203,288,DodgerLoopGame,daily,42,10,2
law_L1,0.217391304347826,32,DodgerLoopGame,daily,42,10,3
law_Lall,0.1014492753623188,32,DodgerLoopGame,daily,42,10,3
raw_1nn_ed,0.1159420289855072,288,DodgerLoopGame,daily,42,10,3
raw_centroid,0.2246376811594203,288,DodgerLoopGame,daily,42,10,3
law_L1,0.217391304347826,32,DodgerLoopGame,daily,42,10,4
law_Lall,0.1014492753623188,32,DodgerLoopGame,daily,42,10,4
raw_1nn_ed,0.1159420289855072,288,DodgerLoopGame,daily,42,10,4
raw_centroid,0.2246376811594203,288,DodgerLoopGame,daily,42,10,4
law_L1,0.6437556737128777,4,ElectricDevices,daily,11,1,0
law_Lall,0.6437556737128777,4,ElectricDevices,daily,11,1,0
raw_1nn_ed,0.8023602645571262,96,ElectricDevices,daily,11,1,0
raw_centroid,0.8023602645571262,96,ElectricDevices,daily,11,1,0
law_L1,0.7963947607314227,8,ElectricDevices,daily,11,1,1
law_Lall,0.7963947607314227,8,ElectricDevices,daily,11,1,1
raw_1nn_ed,0.8391907664375567,96,ElectricDevices,daily,11,1,1
raw_centroid,0.8391907664375567,96,ElectricDevices,daily,11,1,1
law_L1,0.8547529503306964,16,ElectricDevices,daily,11,1,2
law_Lall,0.8547529503306964,16,ElectricDevices,daily,11,1,2
raw_1nn_ed,0.8500842951627545,96,ElectricDevices,daily,11,1,2
raw_centroid,0.8500842951627545,96,ElectricDevices,daily,11,1,2
law_L1,0.6166515367656594,8,ElectricDevices,daily,11,1,3
law_Lall,0.6166515367656594,8,ElectricDevices,daily,11,1,3
raw_1nn_ed,0.7961353909998703,96,ElectricDevices,daily,11,1,3
raw_centroid,0.7961353909998703,96,ElectricDevices,daily,11,1,3
law_L1,0.6406432369342497,8,ElectricDevices,daily,11,1,4
law_Lall,0.6406432369342497,8,ElectricDevices,daily,11,1,4
raw_1nn_ed,0.8603293995590715,96,ElectricDevices,daily,11,1,4
raw_centroid,0.8603293995590715,96,ElectricDevices,daily,11,1,4
law_L1,0.6152250032421216,8,ElectricDevices,daily,11,2,0
law_Lall,0.6228764103229153,8,ElectricDevices,daily,11,2,0
raw_1nn_ed,0.820386460900013,96,ElectricDevices,daily,11,2,0
raw_centroid,0.8197380365711322,96,ElectricDevices,daily,11,2,0
law_L1,0.6567241602904941,4,ElectricDevices,daily,11,2,1
law_Lall,0.6499805472701335,4,ElectricDevices,daily,11,2,1
raw_1nn_ed,0.8758915834522111,96,ElectricDevices,daily,11,2,1
raw_centroid,0.8465828037867981,96,ElectricDevices,daily,11,2,1
law_L1,0.5643885358578654,8,ElectricDevices,daily,11,2,2
law_Lall,0.6034236804564908,8,ElectricDevices,daily,11,2,2
raw_1nn_ed,0.7913370509661523,96,ElectricDevices,daily,11,2,2
raw_centroid,0.7757748670730126,96,ElectricDevices,daily,11,2,2
law_L1,0.6510180261963429,8,ElectricDevices,daily,11,2,3
law_Lall,0.6857735702243548,8,ElectricDevices,daily,11,2,3
raw_1nn_ed,0.793541693684347,96,ElectricDevices,daily,11,2,3
raw_centroid,0.7711062119050707,96,ElectricDevices,daily,11,2,3
law_L1,0.8533264168071586,16,ElectricDevices,daily,11,2,4
law_Lall,0.6669692646868111,16,ElectricDevices,daily,11,2,4
raw_1nn_ed,0.835429905330048,96,ElectricDevices,daily,11,2,4
raw_centroid,0.8490468162365452,96,ElectricDevices,daily,11,2,4
law_L1,0.5560887044481909,8,ElectricDevices,daily,11,5,0
law_Lall,0.5860459084424847,8,ElectricDevices,daily,11,5,0
raw_1nn_ed,0.7315523278433407,96,ElectricDevices,daily,11,5,0
raw_centroid,0.7882246141875243,96,ElectricDevices,daily,11,5,0
law_L1,0.5420827389443652,8,ElectricDevices,daily,11,5,1
law_Lall,0.5402671508234989,8,ElectricDevices,daily,11,5,1
raw_1nn_ed,0.7430942808974192,96,ElectricDevices,daily,11,5,1
raw_centroid,0.764232914018934,96,ElectricDevices,daily,11,5,1
law_L1,0.7180651018026196,8,ElectricDevices,daily,11,5,2
law_Lall,0.5398780962261704,8,ElectricDevices,daily,11,5,2
raw_1nn_ed,0.7376475165348204,96,ElectricDevices,daily,11,5,2
raw_centroid,0.7538581247568409,96,ElectricDevices,daily,11,5,2
law_L1,0.612371936195046,8,ElectricDevices,daily,11,5,3
law_Lall,0.6331215147192323,8,ElectricDevices,daily,11,5,3
raw_1nn_ed,0.7486707301257943,96,ElectricDevices,daily,11,5,3
raw_centroid,0.7639735442873816,96,ElectricDevices,daily,11,5,3
law_L1,0.5291142523667488,8,ElectricDevices,daily,11,5,4
law_Lall,0.5568668136428478,8,ElectricDevices,daily,11,5,4
raw_1nn_ed,0.6881078978083258,96,ElectricDevices,daily,11,5,4
raw_centroid,0.7486707301257943,96,ElectricDevices,daily,11,5,4
law_L1,0.5811178835429905,16,ElectricDevices,daily,11,10,0
law_Lall,0.572039942938659,16,ElectricDevices,daily,11,10,0
raw_1nn_ed,0.6822720788483984,96,ElectricDevices,daily,11,10,0
raw_centroid,0.7288289456620413,96,ElectricDevices,daily,11,10,0
law_L1,0.5326157437427053,8,ElectricDevices,daily,11,10,1
law_Lall,0.510309946829205,8,ElectricDevices,daily,11,10,1
raw_1nn_ed,0.6562054208273894,96,ElectricDevices,daily,11,10,1
raw_centroid,0.6886266372714305,96,ElectricDevices,daily,11,10,1
law_L1,0.535598495655557,8,ElectricDevices,daily,11,10,2
law_Lall,0.5457139151860978,8,ElectricDevices,daily,11,10,2
raw_1nn_ed,0.7200103747892621,96,ElectricDevices,daily,11,10,2
raw_centroid,0.731033588380236,96,ElectricDevices,daily,11,10,2
law_L1,0.5285955129036441,8,ElectricDevices,daily,11,10,3
law_Lall,0.5166645052522371,8,ElectricDevices,daily,11,10,3
raw_1nn_ed,0.6753987809622617,96,ElectricDevices,daily,11,10,3
raw_centroid,0.6816236545195176,96,ElectricDevices,daily,11,10,3
law_L1,0.6145765789132408,16,ElectricDevices,daily,11,10,4
law_Lall,0.6088704448190896,16,ElectricDevices,daily,11,10,4
raw_1nn_ed,0.7241602904940994,96,ElectricDevices,daily,11,10,4
raw_centroid,0.7437427052263,96,ElectricDevices,daily,11,10,4
law_L1,0.6262482168330956,16,ElectricDevices,daily,23,1,0
law_Lall,0.6262482168330956,16,ElectricDevices,daily,23,1,0
raw_1nn_ed,0.7927635844896901,96,ElectricDevices,daily,23,1,0
raw_centroid,0.7927635844896901,96,ElectricDevices,daily,23,1,0
law_L1,0.7347944494877447,4,ElectricDevices,daily,23,1,1
law_Lall,0.7347944494877447,4,ElectricDevices,daily,23,1,1
raw_1nn_ed,0.8703151342238361,96,ElectricDevices,daily,23,1,1
raw_centroid,0.8703151342238361,96,ElectricDevices,daily,23,1,1
law_L1,0.7205291142523668,4,ElectricDevices,daily,23,1,2
law_Lall,0.7205291142523668,4,ElectricDevices,daily,23,1,2
raw_1nn_ed,0.8547529503306964,96,ElectricDevices,daily,23,1,2
raw_centroid,0.8547529503306964,96,ElectricDevices,daily,23,1,2
law_L1,0.6879782129425496,4,ElectricDevices,daily,23,1,3
law_Lall,0.6879782129425496,4,ElectricDevices,daily,23,1,3
raw_1nn_ed,0.8639605758008041,96,ElectricDevices,daily,23,1,3
raw_centroid,0.8639605758008041,96,ElectricDevices,daily,23,1,3
law_L1,0.6108157178057321,8,ElectricDevices,daily,23,1,4
law_Lall,0.6108157178057321,8,ElectricDevices,daily,23,1,4
raw_1nn_ed,0.7443911295551809,96,ElectricDevices,daily,23,1,4
raw_centroid,0.7443911295551809,96,ElectricDevices,daily,23,1,4
law_L1,0.6243029438464531,8,ElectricDevices,daily,23,2,0
law_Lall,0.6383089093502788,8,ElectricDevices,daily,23,2,0
raw_1nn_ed,0.8015821553624692,96,ElectricDevices,daily,23,2,0
raw_centroid,0.8154584360005187,96,ElectricDevices,daily,23,2,0
law_L1,0.8146803268058618,32,ElectricDevices,daily,23,2,1
law_Lall,0.8259629101283881,32,ElectricDevices,daily,23,2,1
raw_1nn_ed,0.7902995720399429,96,ElectricDevices,daily,23,2,1
raw_centroid,0.7213072234470237,96,ElectricDevices,daily,23,2,1
law_L1,0.8455453248605888,32,ElectricDevices,daily,23,2,2
law_Lall,0.8439891064712748,32,ElectricDevices,daily,23,2,2
raw_1nn_ed,0.8506030346258592,96,ElectricDevices,daily,23,2,2
raw_centroid,0.8442484762028272,96,ElectricDevices,daily,23,2,2
law_L1,0.6152250032421216,8,ElectricDevices,daily,23,2,3
law_Lall,0.5984956555569965,8,ElectricDevices,daily,23,2,3
raw_1nn_ed,0.7826481649591492,96,ElectricDevices,daily,23,2,3
raw_centroid,0.7807028919725069,96,ElectricDevices,daily,23,2,3
law_L1,0.8193489819738037,32,ElectricDevices,daily,23,2,4
law_Lall,0.7568408766696927,32,ElectricDevices,daily,23,2,4
raw_1nn_ed,0.8395798210348853,96,ElectricDevices,daily,23,2,4
raw_centroid,0.8000259369731553,96,ElectricDevices,daily,23,2,4
law_L1,0.5699649850862404,8,ElectricDevices,daily,23,5,0
law_Lall,0.5888989754895604,8,ElectricDevices,daily,23,5,0
raw_1nn_ed,0.7586564647905589,96,ElectricDevices,daily,23,5,0
raw_centroid,0.7831669044222539,96,ElectricDevices,daily,23,5,0
law_L1,0.7984697185838413,16,ElectricDevices,daily,23,5,1
law_Lall,0.6013487226040721,16,ElectricDevices,daily,23,5,1
raw_1nn_ed,0.7475035663338089,96,ElectricDevices,daily,23,5,1
raw_centroid,0.764232914018934,96,ElectricDevices,daily,23,5,1
law_L1,0.5673712877707171,8,ElectricDevices,daily,23,5,2
law_Lall,0.5397484113603942,8,ElectricDevices,daily,23,5,2
raw_1nn_ed,0.7242899753598755,96,ElectricDevices,daily,23,5,2
raw_centroid,0.7196213201919336,96,ElectricDevices,daily,23,5,2
law_L1,0.7568408766696927,16,ElectricDevices,daily,23,5,3
law_Lall,0.5589417714952665,16,ElectricDevices,daily,23,5,3
raw_1nn_ed,0.7411490079107768,96,ElectricDevices,daily,23,5,3
raw_centroid,0.7602126831798729,96,ElectricDevices,daily,23,5,3
law_L1,0.7631954350927247,16,ElectricDevices,daily,23,5,4
law_Lall,0.6287122292828426,16,ElectricDevices,daily,23,5,4
raw_1nn_ed,0.7656594475424718,96,ElectricDevices,daily,23,5,4
raw_centroid,0.7635844896900532,96,ElectricDevices,daily,23,5,4
law_L1,0.5214628452859551,8,ElectricDevices,daily,23,10,0
law_Lall,0.5346907015951239,8,ElectricDevices,daily,23,10,0
raw_1nn_ed,0.7119699131111399,96,ElectricDevices,daily,23,10,0
raw_centroid,0.6888860070029827,96,ElectricDevices,daily,23,10,0
law_L1,0.5964206977045778,16,ElectricDevices,daily,23,10,1
law_Lall,0.6029049409933861,16,ElectricDevices,daily,23,10,1
raw_1nn_ed,0.7280508364673842,96,ElectricDevices,daily,23,10,1
raw_centroid,0.7318116975748931,96,ElectricDevices,daily,23,10,1
law_L1,0.5206847360912982,8,ElectricDevices,daily,23,10,2
law_Lall,0.5311892102191674,8,ElectricDevices,daily,23,10,2
raw_1nn_ed,0.6676176890156919,96,ElectricDevices,daily,23,10,2
raw_centroid,0.7060044092854364,96,ElectricDevices,daily,23,10,2
law_L1,0.5599792504214758,8,ElectricDevices,daily,23,10,3
law_Lall,0.5099208922318765,8,ElectricDevices,daily,23,10,3
raw_1nn_ed,0.7012060692517184,96,ElectricDevices,daily,23,10,3
raw_centroid,0.697834262741538,96,ElectricDevices,daily,23,10,3
law_L1,0.6729347685125145,16,ElectricDevices,daily,23,10,4
law_Lall,0.5293736220983011,16,ElectricDevices,daily,23,10,4
raw_1nn_ed,0.6870704188821165,96,ElectricDevices,daily,23,10,4
raw_centroid,0.7083387368694073,96,ElectricDevices,daily,23,10,4
law_L1,0.8181818181818182,32,ElectricDevices,daily,42,1,0
law_Lall,0.8181818181818182,32,ElectricDevices,daily,42,1,0
raw_1nn_ed,0.7794060433147452,96,ElectricDevices,daily,42,1,0
raw_centroid,0.7794060433147452,96,ElectricDevices,daily,42,1,0
law_L1,0.8502139800285307,32,ElectricDevices,daily,42,1,1
law_Lall,0.8502139800285307,32,ElectricDevices,daily,42,1,1
raw_1nn_ed,0.8314096744909869,96,ElectricDevices,daily,42,1,1
raw_centroid,0.8314096744909869,96,ElectricDevices,daily,42,1,1
law_L1,0.8502139800285307,48,ElectricDevices,daily,42,1,2
law_Lall,0.8502139800285307,48,ElectricDevices,daily,42,1,2
raw_1nn_ed,0.7822591103618208,96,ElectricDevices,daily,42,1,2
raw_centroid,0.7822591103618208,96,ElectricDevices,daily,42,1,2
law_L1,0.8246660614706264,32,ElectricDevices,daily,42,1,3
law_Lall,0.8246660614706264,32,ElectricDevices,daily,42,1,3
raw_1nn_ed,0.8071586045908442,96,ElectricDevices,daily,42,1,3
raw_centroid,0.8071586045908442,96,ElectricDevices,daily,42,1,3
law_L1,0.8202567760342369,32,ElectricDevices,daily,42,1,4
law_Lall,0.8202567760342369,32,ElectricDevices,daily,42,1,4
raw_1nn_ed,0.8023602645571262,96,ElectricDevices,daily,42,1,4
raw_centroid,0.8023602645571262,96,ElectricDevices,daily,42,1,4
law_L1,0.5510309946829205,16,ElectricDevices,daily,42,2,0
law_Lall,0.5790429256905719,16,ElectricDevices,daily,42,2,0
raw_1nn_ed,0.7486707301257943,96,ElectricDevices,daily,42,2,0
raw_centroid,0.7382959408637012,96,ElectricDevices,daily,42,2,0
law_L1,0.5984956555569965,16,ElectricDevices,daily,42,2,1
law_Lall,0.601219037738296,16,ElectricDevices,daily,42,2,1
raw_1nn_ed,0.776942030864998,96,ElectricDevices,daily,42,2,1
raw_centroid,0.793541693684347,96,ElectricDevices,daily,42,2,1
law_L1,0.5913629879393075,16,ElectricDevices,daily,42,2,2
law_Lall,0.6249513681753339,16,ElectricDevices,daily,42,2,2
raw_1nn_ed,0.7542471793541694,96,ElectricDevices,daily,42,2,2
raw_centroid,0.7526909609648554,96,ElectricDevices,daily,42,2,2
law_L1,0.5708727791466736,16,ElectricDevices,daily,42,2,3
law_Lall,0.6132797302554792,16,ElectricDevices,daily,42,2,3
raw_1nn_ed,0.7609907923745299,96,ElectricDevices,daily,42,2,3
raw_centroid,0.7616392167034107,96,ElectricDevices,daily,42,2,3
law_L1,0.7532097004279601,8,ElectricDevices,daily,42,2,4
law_Lall,0.7074309428089742,8,ElectricDevices,daily,42,2,4
raw_1nn_ed,0.7962650758656464,96,ElectricDevices,daily,42,2,4
raw_centroid,0.8006743613020361,96,ElectricDevices,daily,42,2,4
law_L1,0.7608611075087537,16,ElectricDevices,daily,42,5,0
law_Lall,0.5747633251199585,16,ElectricDevices,daily,42,5,0
raw_1nn_ed,0.7113214887822591,96,ElectricDevices,daily,42,5,0
raw_centroid,0.7312929581117884,96,ElectricDevices,daily,42,5,0
law_L1,0.6214498767993775,16,ElectricDevices,daily,42,5,1
law_Lall,0.5655556996498509,16,ElectricDevices,daily,42,5,1
raw_1nn_ed,0.7137855012320062,96,ElectricDevices,daily,42,5,1
raw_centroid,0.7560627674750356,96,ElectricDevices,daily,42,5,1
law_L1,0.5738555310595254,16,ElectricDevices,daily,42,5,2
law_Lall,0.5519387887433537,16,ElectricDevices,daily,42,5,2
raw_1nn_ed,0.7149526650239917,96,ElectricDevices,daily,42,5,2
raw_centroid,0.7394631046556867,96,ElectricDevices,daily,42,5,2
law_L1,0.6658021008948256,16,ElectricDevices,daily,42,5,3
law_Lall,0.6117235118661652,16,ElectricDevices,daily,42,5,3
raw_1nn_ed,0.749189469588899,96,ElectricDevices,daily,42,5,3
raw_centroid,0.7621579561665154,96,ElectricDevices,daily,42,5,3
law_L1,0.7110621190507068,8,ElectricDevices,daily,42,5,4
law_Lall,0.5790429256905719,8,ElectricDevices,daily,42,5,4
raw_1nn_ed,0.7427052263000907,96,ElectricDevices,daily,42,5,4
raw_centroid,0.826741019323045,96,ElectricDevices,daily,42,5,4
law_L1,0.6227467254571392,16,ElectricDevices,daily,42,10,0
law_Lall,0.5555699649850863,16,ElectricDevices,daily,42,10,0
raw_1nn_ed,0.7303851640513552,96,ElectricDevices,daily,42,10,0
raw_centroid,0.7417974322396577,96,ElectricDevices,daily,42,10,0
law_L1,0.5254830761250162,8,ElectricDevices,daily,42,10,1
law_Lall,0.561665153676566,8,ElectricDevices,daily,42,10,1
raw_1nn_ed,0.6886266372714305,96,ElectricDevices,daily,42,10,1
raw_centroid,0.7704577875761899,96,ElectricDevices,daily,42,10,1
law_L1,0.58384126572429,16,ElectricDevices,daily,42,10,2
law_Lall,0.5525872130722345,16,ElectricDevices,daily,42,10,2
raw_1nn_ed,0.6944624562313578,96,ElectricDevices,daily,42,10,2
raw_centroid,0.7098949552587213,96,ElectricDevices,daily,42,10,2
law_L1,0.5505122552198158,8,ElectricDevices,daily,42,10,3
law_Lall,0.531578264816496,8,ElectricDevices,daily,42,10,3
raw_1nn_ed,0.6763065750226949,96,ElectricDevices,daily,42,10,3
raw_centroid,0.7128777071715731,96,ElectricDevices,daily,42,10,3
law_L1,0.5746336402541823,8,ElectricDevices,daily,42,10,4
law_Lall,0.5361172351186616,8,ElectricDevices,daily,42,10,4
raw_1nn_ed,0.6881078978083258,96,ElectricDevices,daily,42,10,4
raw_centroid,0.7473738814680326,96,ElectricDevices,daily,42,10,4
law_L1,0.6373333333333333,64,SmallKitchenAppliances,daily,11,1,0
law_Lall,0.6373333333333333,64,SmallKitchenAppliances,daily,11,1,0
raw_1nn_ed,0.6186666666666667,720,SmallKitchenAppliances,daily,11,1,0
raw_centroid,0.6186666666666667,720,SmallKitchenAppliances,daily,11,1,0
law_L1,0.7066666666666667,64,SmallKitchenAppliances,daily,11,1,1
law_Lall,0.7066666666666667,64,SmallKitchenAppliances,daily,11,1,1
raw_1nn_ed,0.624,720,SmallKitchenAppliances,daily,11,1,1
raw_centroid,0.624,720,SmallKitchenAppliances,daily,11,1,1
law_L1,0.6053333333333333,4,SmallKitchenAppliances,daily,11,1,2
law_Lall,0.6053333333333333,4,SmallKitchenAppliances,daily,11,1,2
raw_1nn_ed,0.5733333333333334,720,SmallKitchenAppliances,daily,11,1,2
raw_centroid,0.5733333333333334,720,SmallKitchenAppliances,daily,11,1,2
law_L1,0.4853333333333333,8,SmallKitchenAppliances,daily,11,1,3
law_Lall,0.4853333333333333,8,SmallKitchenAppliances,daily,11,1,3
raw_1nn_ed,0.5813333333333334,720,SmallKitchenAppliances,daily,11,1,3
raw_centroid,0.5813333333333334,720,SmallKitchenAppliances,daily,11,1,3
law_L1,0.6826666666666666,64,SmallKitchenAppliances,daily,11,1,4
law_Lall,0.6826666666666666,64,SmallKitchenAppliances,daily,11,1,4
raw_1nn_ed,0.6533333333333333,720,SmallKitchenAppliances,daily,11,1,4
raw_centroid,0.6533333333333333,720,SmallKitchenAppliances,daily,11,1,4
law_L1,0.704,64,SmallKitchenAppliances,daily,11,2,0
law_Lall,0.7013333333333334,64,SmallKitchenAppliances,daily,11,2,0
raw_1nn_ed,0.6346666666666667,720,SmallKitchenAppliances,daily,11,2,0
raw_centroid,0.6453333333333333,720,SmallKitchenAppliances,daily,11,2,0
law_L1,0.6506666666666666,64,SmallKitchenAppliances,daily,11,2,1
law_Lall,0.6213333333333333,64,SmallKitchenAppliances,daily,11,2,1
raw_1nn_ed,0.632,720,SmallKitchenAppliances,daily,11,2,1
raw_centroid,0.72,720,SmallKitchenAppliances,daily,11,2,1
law_L1,0.7013333333333334,64,SmallKitchenAppliances,daily,11,2,2
law_Lall,0.6426666666666667,64,SmallKitchenAppliances,daily,11,2,2
raw_1nn_ed,0.6426666666666667,720,SmallKitchenAppliances,daily,11,2,2
raw_centroid,0.616,720,SmallKitchenAppliances,daily,11,2,2
law_L1,0.6213333333333333,64,SmallKitchenAppliances,daily,11,2,3
law_Lall,0.6506666666666666,64,SmallKitchenAppliances,daily,11,2,3
raw_1nn_ed,0.656,720,SmallKitchenAppliances,daily,11,2,3
raw_centroid,0.64,720,SmallKitchenAppliances,daily,11,2,3
law_L1,0.5386666666666666,4,SmallKitchenAppliances,daily,11,2,4
law_Lall,0.4533333333333333,4,SmallKitchenAppliances,daily,11,2,4
raw_1nn_ed,0.6453333333333333,720,SmallKitchenAppliances,daily,11,2,4
raw_centroid,0.592,720,SmallKitchenAppliances,daily,11,2,4
law_L1,0.6106666666666667,64,SmallKitchenAppliances,daily,11,5,0
law_Lall,0.5893333333333334,64,SmallKitchenAppliances,daily,11,5,0
raw_1nn_ed,0.5466666666666666,720,SmallKitchenAppliances,daily,11,5,0
raw_centroid,0.5333333333333333,720,SmallKitchenAppliances,daily,11,5,0
law_L1,0.5893333333333334,64,SmallKitchenAppliances,daily,11,5,1
law_Lall,0.6426666666666667,64,SmallKitchenAppliances,daily,11,5,1
raw_1nn_ed,0.552,720,SmallKitchenAppliances,daily,11,5,1
raw_centroid,0.5893333333333334,720,SmallKitchenAppliances,daily,11,5,1
law_L1,0.6533333333333333,64,SmallKitchenAppliances,daily,11,5,2
law_Lall,0.6506666666666666,64,SmallKitchenAppliances,daily,11,5,2
raw_1nn_ed,0.5466666666666666,720,SmallKitchenAppliances,daily,11,5,2
raw_centroid,0.6533333333333333,720,SmallKitchenAppliances,daily,11,5,2
law_L1,0.632,64,SmallKitchenAppliances,daily,11,5,3
law_Lall,0.632,64,SmallKitchenAppliances,daily,11,5,3
raw_1nn_ed,0.656,720,SmallKitchenAppliances,daily,11,5,3
raw_centroid,0.6373333333333333,720,SmallKitchenAppliances,daily,11,5,3
law_L1,0.6906666666666667,64,SmallKitchenAppliances,daily,11,5,4
law_Lall,0.696,64,SmallKitchenAppliances,daily,11,5,4
raw_1nn_ed,0.6266666666666667,720,SmallKitchenAppliances,daily,11,5,4
raw_centroid,0.6666666666666666,720,SmallKitchenAppliances,daily,11,5,4
law_L1,0.6613333333333333,64,SmallKitchenAppliances,daily,11,10,0
law_Lall,0.672,64,SmallKitchenAppliances,daily,11,10,0
raw_1nn_ed,0.6693333333333333,720,SmallKitchenAppliances,daily,11,10,0
raw_centroid,0.648,720,SmallKitchenAppliances,daily,11,10,0
law_L1,0.648,64,SmallKitchenAppliances,daily,11,10,1
law_Lall,0.5973333333333334,64,SmallKitchenAppliances,daily,11,10,1
raw_1nn_ed,0.64,720,SmallKitchenAppliances,daily,11,10,1
raw_centroid,0.608,720,SmallKitchenAppliances,daily,11,10,1
law_L1,0.6293333333333333,64,SmallKitchenAppliances,daily,11,10,2
law_Lall,0.608,64,SmallKitchenAppliances,daily,11,10,2
raw_1nn_ed,0.632,720,SmallKitchenAppliances,daily,11,10,2
raw_centroid,0.6373333333333333,720,SmallKitchenAppliances,daily,11,10,2
law_L1,0.632,64,SmallKitchenAppliances,daily,11,10,3
law_Lall,0.6746666666666666,64,SmallKitchenAppliances,daily,11,10,3
raw_1nn_ed,0.6613333333333333,720,SmallKitchenAppliances,daily,11,10,3
raw_centroid,0.6213333333333333,720,SmallKitchenAppliances,daily,11,10,3
law_L1,0.6186666666666667,64,SmallKitchenAppliances,daily,11,10,4
law_Lall,0.6373333333333333,64,SmallKitchenAppliances,daily,11,10,4
raw_1nn_ed,0.672,720,SmallKitchenAppliances,daily,11,10,4
raw_centroid,0.6346666666666667,720,SmallKitchenAppliances,daily,11,10,4
law_L1,0.4453333333333333,4,SmallKitchenAppliances,daily,23,1,0
law_Lall,0.4453333333333333,4,SmallKitchenAppliances,daily,23,1,0
raw_1nn_ed,0.6426666666666667,720,SmallKitchenAppliances,daily,23,1,0
raw_centroid,0.6426666666666667,720,SmallKitchenAppliances,daily,23,1,0
law_L1,0.6693333333333333,64,SmallKitchenAppliances,daily,23,1,1
law_Lall,0.6693333333333333,64,SmallKitchenAppliances,daily,23,1,1
raw_1nn_ed,0.624,720,SmallKitchenAppliances,daily,23,1,1
raw_centroid,0.624,720,SmallKitchenAppliances,daily,23,1,1
law_L1,0.6933333333333334,64,SmallKitchenAppliances,daily,23,1,2
law_Lall,0.6933333333333334,64,SmallKitchenAppliances,daily,23,1,2
raw_1nn_ed,0.68,720,SmallKitchenAppliances,daily,23,1,2
raw_centroid,0.68,720,SmallKitchenAppliances,daily,23,1,2
law_L1,0.6346666666666667,64,SmallKitchenAppliances,daily,23,1,3
law_Lall,0.6346666666666667,64,SmallKitchenAppliances,daily,23,1,3
raw_1nn_ed,0.5786666666666667,720,SmallKitchenAppliances,daily,23,1,3
raw_centroid,0.5786666666666667,720,SmallKitchenAppliances,daily,23,1,3
law_L1,0.5333333333333333,4,SmallKitchenAppliances,daily,23,1,4
law_Lall,0.5333333333333333,4,SmallKitchenAppliances,daily,23,1,4
raw_1nn_ed,0.624,720,SmallKitchenAppliances,daily,23,1,4
raw_centroid,0.624,720,SmallKitchenAppliances,daily,23,1,4
law_L1,0.5573333333333333,4,SmallKitchenAppliances,daily,23,2,0
law_Lall,0.6026666666666667,4,SmallKitchenAppliances,daily,23,2,0
raw_1nn_ed,0.5973333333333334,720,SmallKitchenAppliances,daily,23,2,0
raw_centroid,0.584,720,SmallKitchenAppliances,daily,23,2,0
law_L1,0.5066666666666667,8,SmallKitchenAppliances,daily,23,2,1
law_Lall,0.5253333333333333,8,SmallKitchenAppliances,daily,23,2,1
raw_1nn_ed,0.552,720,SmallKitchenAppliances,daily,23,2,1
raw_centroid,0.5733333333333334,720,SmallKitchenAppliances,daily,23,2,1
law_L1,0.704,64,SmallKitchenAppliances,daily,23,2,2
law_Lall,0.6586666666666666,64,SmallKitchenAppliances,daily,23,2,2
raw_1nn_ed,0.656,720,SmallKitchenAppliances,daily,23,2,2
raw_centroid,0.656,720,SmallKitchenAppliances,daily,23,2,2
law_L1,0.6933333333333334,32,SmallKitchenAppliances,daily,23,2,3
law_Lall,0.68,32,SmallKitchenAppliances,daily,23,2,3
raw_1nn_ed,0.592,720,SmallKitchenAppliances,daily,23,2,3
raw_centroid,0.608,720,SmallKitchenAppliances,daily,23,2,3
law_L1,0.6906666666666667,64,SmallKitchenAppliances,daily,23,2,4
law_Lall,0.6586666666666666,64,SmallKitchenAppliances,daily,23,2,4
raw_1nn_ed,0.5786666666666667,720,SmallKitchenAppliances,daily,23,2,4
raw_centroid,0.5733333333333334,720,SmallKitchenAppliances,daily,23,2,4
law_L1,0.544,8,SmallKitchenAppliances,daily,23,5,0
law_Lall,0.568,8,SmallKitchenAppliances,daily,23,5,0
raw_1nn_ed,0.6453333333333333,720,SmallKitchenAppliances,daily,23,5,0
raw_centroid,0.6346666666666667,720,SmallKitchenAppliances,daily,23,5,0
law_L1,0.6666666666666666,64,SmallKitchenAppliances,daily,23,5,1
law_Lall,0.6613333333333333,64,SmallKitchenAppliances,daily,23,5,1
raw_1nn_ed,0.616,720,SmallKitchenAppliances,daily,23,5,1
raw_centroid,0.672,720,SmallKitchenAppliances,daily,23,5,1
law_L1,0.6426666666666667,64,SmallKitchenAppliances,daily,23,5,2
law_Lall,0.6186666666666667,64,SmallKitchenAppliances,daily,23,5,2
raw_1nn_ed,0.6426666666666667,720,SmallKitchenAppliances,daily,23,5,2
raw_centroid,0.672,720,SmallKitchenAppliances,daily,23,5,2
law_L1,0.664,64,SmallKitchenAppliances,daily,23,5,3
law_Lall,0.632,64,SmallKitchenAppliances,daily,23,5,3
raw_1nn_ed,0.576,720,SmallKitchenAppliances,daily,23,5,3
raw_centroid,0.6453333333333333,720,SmallKitchenAppliances,daily,23,5,3
law_L1,0.6506666666666666,64,SmallKitchenAppliances,daily,23,5,4
law_Lall,0.6986666666666667,64,SmallKitchenAppliances,daily,23,5,4
raw_1nn_ed,0.6346666666666667,720,SmallKitchenAppliances,daily,23,5,4
raw_centroid,0.672,720,SmallKitchenAppliances,daily,23,5,4
law_L1,0.656,64,SmallKitchenAppliances,daily,23,10,0
law_Lall,0.7066666666666667,64,SmallKitchenAppliances,daily,23,10,0
raw_1nn_ed,0.6693333333333333,720,SmallKitchenAppliances,daily,23,10,0
raw_centroid,0.632,720,SmallKitchenAppliances,daily,23,10,0
law_L1,0.5546666666666666,64,SmallKitchenAppliances,daily,23,10,1
law_Lall,0.568,64,SmallKitchenAppliances,daily,23,10,1
raw_1nn_ed,0.5813333333333334,720,SmallKitchenAppliances,daily,23,10,1
raw_centroid,0.5786666666666667,720,SmallKitchenAppliances,daily,23,10,1
law_L1,0.6693333333333333,64,SmallKitchenAppliances,daily,23,10,2
law_Lall,0.6293333333333333,64,SmallKitchenAppliances,daily,23,10,2
raw_1nn_ed,0.6426666666666667,720,SmallKitchenAppliances,daily,23,10,2
raw_centroid,0.6533333333333333,720,SmallKitchenAppliances,daily,23,10,2
law_L1,0.6266666666666667,64,SmallKitchenAppliances,daily,23,10,3
law_Lall,0.7066666666666667,64,SmallKitchenAppliances,daily,23,10,3
raw_1nn_ed,0.6693333333333333,720,SmallKitchenAppliances,daily,23,10,3
raw_centroid,0.656,720,SmallKitchenAppliances,daily,23,10,3
law_L1,0.6826666666666666,64,SmallKitchenAppliances,daily,23,10,4
law_Lall,0.6693333333333333,64,SmallKitchenAppliances,daily,23,10,4
raw_1nn_ed,0.6826666666666666,720,SmallKitchenAppliances,daily,23,10,4
raw_centroid,0.632,720,SmallKitchenAppliances,daily,23,10,4
law_L1,0.6426666666666667,64,SmallKitchenAppliances,daily,42,1,0
law_Lall,0.6426666666666667,64,SmallKitchenAppliances,daily,42,1,0
raw_1nn_ed,0.7093333333333334,720,SmallKitchenAppliances,daily,42,1,0
raw_centroid,0.7093333333333334,720,SmallKitchenAppliances,daily,42,1,0
law_L1,0.7013333333333334,48,SmallKitchenAppliances,daily,42,1,1
law_Lall,0.7013333333333334,48,SmallKitchenAppliances,daily,42,1,1
raw_1nn_ed,0.6053333333333333,720,SmallKitchenAppliances,daily,42,1,1
raw_centroid,0.6053333333333333,720,SmallKitchenAppliances,daily,42,1,1
law_L1,0.6186666666666667,16,SmallKitchenAppliances,daily,42,1,2
law_Lall,0.6186666666666667,16,SmallKitchenAppliances,daily,42,1,2
raw_1nn_ed,0.6426666666666667,720,SmallKitchenAppliances,daily,42,1,2
raw_centroid,0.6426666666666667,720,SmallKitchenAppliances,daily,42,1,2
law_L1,0.6133333333333333,64,SmallKitchenAppliances,daily,42,1,3
law_Lall,0.6133333333333333,64,SmallKitchenAppliances,daily,42,1,3
raw_1nn_ed,0.568,720,SmallKitchenAppliances,daily,42,1,3
raw_centroid,0.568,720,SmallKitchenAppliances,daily,42,1,3
law_L1,0.5466666666666666,16,SmallKitchenAppliances,daily,42,1,4
law_Lall,0.5466666666666666,16,SmallKitchenAppliances,daily,42,1,4
raw_1nn_ed,0.712,720,SmallKitchenAppliances,daily,42,1,4
raw_centroid,0.712,720,SmallKitchenAppliances,daily,42,1,4
law_L1,0.6453333333333333,64,SmallKitchenAppliances,daily,42,2,0
law_Lall,0.6293333333333333,64,SmallKitchenAppliances,daily,42,2,0
raw_1nn_ed,0.5973333333333334,720,SmallKitchenAppliances,daily,42,2,0
raw_centroid,0.6133333333333333,720,SmallKitchenAppliances,daily,42,2,0
law_L1,0.632,48,SmallKitchenAppliances,daily,42,2,1
law_Lall,0.6453333333333333,48,SmallKitchenAppliances,daily,42,2,1
raw_1nn_ed,0.5626666666666666,720,SmallKitchenAppliances,daily,42,2,1
raw_centroid,0.5813333333333334,720,SmallKitchenAppliances,daily,42,2,1
law_L1,0.6586666666666666,64,SmallKitchenAppliances,daily,42,2,2
law_Lall,0.656,64,SmallKitchenAppliances,daily,42,2,2
raw_1nn_ed,0.6533333333333333,720,SmallKitchenAppliances,daily,42,2,2
raw_centroid,0.6746666666666666,720,SmallKitchenAppliances,daily,42,2,2
law_L1,0.6933333333333334,64,SmallKitchenAppliances,daily,42,2,3
law_Lall,0.6693333333333333,64,SmallKitchenAppliances,daily,42,2,3
raw_1nn_ed,0.6293333333333333,720,SmallKitchenAppliances,daily,42,2,3
raw_centroid,0.6106666666666667,720,SmallKitchenAppliances,daily,42,2,3
law_L1,0.6053333333333333,4,SmallKitchenAppliances,daily,42,2,4
law_Lall,0.6293333333333333,4,SmallKitchenAppliances,daily,42,2,4
raw_1nn_ed,0.5413333333333333,720,SmallKitchenAppliances,daily,42,2,4
raw_centroid,0.7093333333333334,720,SmallKitchenAppliances,daily,42,2,4
law_L1,0.5546666666666666,64,SmallKitchenAppliances,daily,42,5,0
law_Lall,0.6186666666666667,64,SmallKitchenAppliances,daily,42,5,0
raw_1nn_ed,0.568,720,SmallKitchenAppliances,daily,42,5,0
raw_centroid,0.6053333333333333,720,SmallKitchenAppliances,daily,42,5,0
law_L1,0.5973333333333334,64,SmallKitchenAppliances,daily,42,5,1
law_Lall,0.6213333333333333,64,SmallKitchenAppliances,daily,42,5,1
raw_1nn_ed,0.5706666666666667,720,SmallKitchenAppliances,daily,42,5,1
raw_centroid,0.5706666666666667,720,SmallKitchenAppliances,daily,42,5,1
law_L1,0.6266666666666667,64,SmallKitchenAppliances,daily,42,5,2
law_Lall,0.6986666666666667,64,SmallKitchenAppliances,daily,42,5,2
raw_1nn_ed,0.6693333333333333,720,SmallKitchenAppliances,daily,42,5,2
raw_centroid,0.6026666666666667,720,SmallKitchenAppliances,daily,42,5,2
law_L1,0.6986666666666667,64,SmallKitchenAppliances,daily,42,5,3
law_Lall,0.688,64,SmallKitchenAppliances,daily,42,5,3
raw_1nn_ed,0.6453333333333333,720,SmallKitchenAppliances,daily,42,5,3
raw_centroid,0.7333333333333333,720,SmallKitchenAppliances,daily,42,5,3
law_L1,0.6746666666666666,64,SmallKitchenAppliances,daily,42,5,4
law_Lall,0.6053333333333333,64,SmallKitchenAppliances,daily,42,5,4
raw_1nn_ed,0.576,720,SmallKitchenAppliances,daily,42,5,4
raw_centroid,0.6853333333333333,720,SmallKitchenAppliances,daily,42,5,4
law_L1,0.72,64,SmallKitchenAppliances,daily,42,10,0
law_Lall,0.704,64,SmallKitchenAppliances,daily,42,10,0
raw_1nn_ed,0.6533333333333333,720,SmallKitchenAppliances,daily,42,10,0
raw_centroid,0.6586666666666666,720,SmallKitchenAppliances,daily,42,10,0
law_L1,0.6453333333333333,64,SmallKitchenAppliances,daily,42,10,1
law_Lall,0.6186666666666667,64,SmallKitchenAppliances,daily,42,10,1
raw_1nn_ed,0.68,720,SmallKitchenAppliances,daily,42,10,1
raw_centroid,0.632,720,SmallKitchenAppliances,daily,42,10,1
law_L1,0.608,64,SmallKitchenAppliances,daily,42,10,2
law_Lall,0.5866666666666667,64,SmallKitchenAppliances,daily,42,10,2
raw_1nn_ed,0.6346666666666667,720,SmallKitchenAppliances,daily,42,10,2
raw_centroid,0.656,720,SmallKitchenAppliances,daily,42,10,2
law_L1,0.664,64,SmallKitchenAppliances,daily,42,10,3
law_Lall,0.7173333333333334,64,SmallKitchenAppliances,daily,42,10,3
raw_1nn_ed,0.6666666666666666,720,SmallKitchenAppliances,daily,42,10,3
raw_centroid,0.616,720,SmallKitchenAppliances,daily,42,10,3
law_L1,0.6586666666666666,64,SmallKitchenAppliances,daily,42,10,4
law_Lall,0.656,64,SmallKitchenAppliances,daily,42,10,4
raw_1nn_ed,0.664,720,SmallKitchenAppliances,daily,42,10,4
raw_centroid,0.5813333333333334,720,SmallKitchenAppliances,daily,42,10,4
law_L1,0.48,64,GunPoint,shape,11,1,0
law_Lall,0.48,64,GunPoint,shape,11,1,0
raw_1nn_ed,0.48,150,GunPoint,shape,11,1,0
raw_centroid,0.48,150,GunPoint,shape,11,1,0
law_L1,0.5066666666666667,64,GunPoint,shape,11,1,1
law_Lall,0.5066666666666667,64,GunPoint,shape,11,1,1
raw_1nn_ed,0.5066666666666667,150,GunPoint,shape,11,1,1
raw_centroid,0.5066666666666667,150,GunPoint,shape,11,1,1
law_L1,0.2933333333333333,64,GunPoint,shape,11,1,2
law_Lall,0.2933333333333333,64,GunPoint,shape,11,1,2
raw_1nn_ed,0.2933333333333333,150,GunPoint,shape,11,1,2
raw_centroid,0.2933333333333333,150,GunPoint,shape,11,1,2
law_L1,0.4133333333333333,64,GunPoint,shape,11,1,3
law_Lall,0.4133333333333333,64,GunPoint,shape,11,1,3
raw_1nn_ed,0.4133333333333333,150,GunPoint,shape,11,1,3
raw_centroid,0.4133333333333333,150,GunPoint,shape,11,1,3
law_L1,0.52,64,GunPoint,shape,11,1,4
law_Lall,0.52,64,GunPoint,shape,11,1,4
raw_1nn_ed,0.52,150,GunPoint,shape,11,1,4
raw_centroid,0.52,150,GunPoint,shape,11,1,4
law_L1,0.48,64,GunPoint,shape,11,2,0
law_Lall,0.38,64,GunPoint,shape,11,2,0
raw_1nn_ed,0.38,150,GunPoint,shape,11,2,0
raw_centroid,0.48,150,GunPoint,shape,11,2,0
law_L1,0.5266666666666666,32,GunPoint,shape,11,2,1
law_Lall,0.4533333333333333,32,GunPoint,shape,11,2,1
raw_1nn_ed,0.4533333333333333,150,GunPoint,shape,11,2,1
raw_centroid,0.5133333333333333,150,GunPoint,shape,11,2,1
law_L1,0.2866666666666667,48,GunPoint,shape,11,2,2
law_Lall,0.2866666666666667,48,GunPoint,shape,11,2,2
raw_1nn_ed,0.2866666666666667,150,GunPoint,shape,11,2,2
raw_centroid,0.2866666666666667,150,GunPoint,shape,11,2,2
law_L1,0.4133333333333333,32,GunPoint,shape,11,2,3
law_Lall,0.4466666666666666,32,GunPoint,shape,11,2,3
raw_1nn_ed,0.4466666666666666,150,GunPoint,shape,11,2,3
raw_centroid,0.4133333333333333,150,GunPoint,shape,11,2,3
law_L1,0.4466666666666666,64,GunPoint,shape,11,2,4
law_Lall,0.4733333333333333,64,GunPoint,shape,11,2,4
raw_1nn_ed,0.4733333333333333,150,GunPoint,shape,11,2,4
raw_centroid,0.4466666666666666,150,GunPoint,shape,11,2,4
law_L1,0.3666666666666666,64,GunPoint,shape,11,5,0
law_Lall,0.2866666666666667,64,GunPoint,shape,11,5,0
raw_1nn_ed,0.2866666666666667,150,GunPoint,shape,11,5,0
raw_centroid,0.3666666666666666,150,GunPoint,shape,11,5,0
law_L1,0.34,64,GunPoint,shape,11,5,1
law_Lall,0.3133333333333333,64,GunPoint,shape,11,5,1
raw_1nn_ed,0.3133333333333333,150,GunPoint,shape,11,5,1
raw_centroid,0.34,150,GunPoint,shape,11,5,1
law_L1,0.4,64,GunPoint,shape,11,5,2
law_Lall,0.3,64,GunPoint,shape,11,5,2
raw_1nn_ed,0.3,150,GunPoint,shape,11,5,2
raw_centroid,0.4,150,GunPoint,shape,11,5,2
law_L1,0.3266666666666666,64,GunPoint,shape,11,5,3
law_Lall,0.2066666666666666,64,GunPoint,shape,11,5,3
raw_1nn_ed,0.2066666666666666,150,GunPoint,shape,11,5,3
raw_centroid,0.3266666666666666,150,GunPoint,shape,11,5,3
law_L1,0.2866666666666667,64,GunPoint,shape,11,5,4
law_Lall,0.2466666666666666,64,GunPoint,shape,11,5,4
raw_1nn_ed,0.2466666666666666,150,GunPoint,shape,11,5,4
raw_centroid,0.2866666666666667,150,GunPoint,shape,11,5,4
law_L1,0.44,64,GunPoint,shape,11,10,0
law_Lall,0.2466666666666666,64,GunPoint,shape,11,10,0
raw_1nn_ed,0.2466666666666666,150,GunPoint,shape,11,10,0
raw_centroid,0.44,150,GunPoint,shape,11,10,0
law_L1,0.22,64,GunPoint,shape,11,10,1
law_Lall,0.1066666666666666,64,GunPoint,shape,11,10,1
raw_1nn_ed,0.1066666666666666,150,GunPoint,shape,11,10,1
raw_centroid,0.22,150,GunPoint,shape,11,10,1
law_L1,0.32,32,GunPoint,shape,11,10,2
law_Lall,0.1866666666666666,32,GunPoint,shape,11,10,2
raw_1nn_ed,0.2066666666666666,150,GunPoint,shape,11,10,2
raw_centroid,0.32,150,GunPoint,shape,11,10,2
law_L1,0.4533333333333333,64,GunPoint,shape,11,10,3
law_Lall,0.28,64,GunPoint,shape,11,10,3
raw_1nn_ed,0.28,150,GunPoint,shape,11,10,3
raw_centroid,0.4533333333333333,150,GunPoint,shape,11,10,3
law_L1,0.22,32,GunPoint,shape,11,10,4
law_Lall,0.14,32,GunPoint,shape,11,10,4
raw_1nn_ed,0.1466666666666666,150,GunPoint,shape,11,10,4
raw_centroid,0.2266666666666666,150,GunPoint,shape,11,10,4
law_L1,0.44,64,GunPoint,shape,23,1,0
law_Lall,0.44,64,GunPoint,shape,23,1,0
raw_1nn_ed,0.44,150,GunPoint,shape,23,1,0
raw_centroid,0.44,150,GunPoint,shape,23,1,0
law_L1,0.54,48,GunPoint,shape,23,1,1
law_Lall,0.54,48,GunPoint,shape,23,1,1
raw_1nn_ed,0.54,150,GunPoint,shape,23,1,1
raw_centroid,0.54,150,GunPoint,shape,23,1,1
law_L1,0.4,64,GunPoint,shape,23,1,2
law_Lall,0.4,64,GunPoint,shape,23,1,2
raw_1nn_ed,0.4,150,GunPoint,shape,23,1,2
raw_centroid,0.4,150,GunPoint,shape,23,1,2
law_L1,0.4733333333333333,64,GunPoint,shape,23,1,3
law_Lall,0.4733333333333333,64,GunPoint,shape,23,1,3
raw_1nn_ed,0.4733333333333333,150,GunPoint,shape,23,1,3
raw_centroid,0.4733333333333333,150,GunPoint,shape,23,1,3
law_L1,0.5266666666666666,16,GunPoint,shape,23,1,4
law_Lall,0.5266666666666666,16,GunPoint,shape,23,1,4
raw_1nn_ed,0.5266666666666666,150,GunPoint,shape,23,1,4
raw_centroid,0.5266666666666666,150,GunPoint,shape,23,1,4
law_L1,0.5066666666666667,64,GunPoint,shape,23,2,0
law_Lall,0.4866666666666667,64,GunPoint,shape,23,2,0
raw_1nn_ed,0.4866666666666667,150,GunPoint,shape,23,2,0
raw_centroid,0.5066666666666667,150,GunPoint,shape,23,2,0
law_L1,0.4333333333333333,64,GunPoint,shape,23,2,1
law_Lall,0.4733333333333333,64,GunPoint,shape,23,2,1
raw_1nn_ed,0.4733333333333333,150,GunPoint,shape,23,2,1
raw_centroid,0.4333333333333333,150,GunPoint,shape,23,2,1
law_L1,0.3466666666666667,64,GunPoint,shape,23,2,2
law_Lall,0.3866666666666666,64,GunPoint,shape,23,2,2
raw_1nn_ed,0.3866666666666666,150,GunPoint,shape,23,2,2
raw_centroid,0.3466666666666667,150,GunPoint,shape,23,2,2
law_L1,0.4333333333333333,64,GunPoint,shape,23,2,3
law_Lall,0.3133333333333333,64,GunPoint,shape,23,2,3
raw_1nn_ed,0.3133333333333333,150,GunPoint,shape,23,2,3
raw_centroid,0.4333333333333333,150,GunPoint,shape,23,2,3
law_L1,0.3266666666666666,32,GunPoint,shape,23,2,4
law_Lall,0.28,32,GunPoint,shape,23,2,4
raw_1nn_ed,0.28,150,GunPoint,shape,23,2,4
raw_centroid,0.3133333333333333,150,GunPoint,shape,23,2,4
law_L1,0.2733333333333333,64,GunPoint,shape,23,5,0
law_Lall,0.2466666666666666,64,GunPoint,shape,23,5,0
raw_1nn_ed,0.2466666666666666,150,GunPoint,shape,23,5,0
raw_centroid,0.2733333333333333,150,GunPoint,shape,23,5,0
law_L1,0.3133333333333333,64,GunPoint,shape,23,5,1
law_Lall,0.3533333333333333,64,GunPoint,shape,23,5,1
raw_1nn_ed,0.3533333333333333,150,GunPoint,shape,23,5,1
raw_centroid,0.3133333333333333,150,GunPoint,shape,23,5,1
law_L1,0.3333333333333333,48,GunPoint,shape,23,5,2
law_Lall,0.2266666666666666,48,GunPoint,shape,23,5,2
raw_1nn_ed,0.2266666666666666,150,GunPoint,shape,23,5,2
raw_centroid,0.3333333333333333,150,GunPoint,shape,23,5,2
law_L1,0.4333333333333333,64,GunPoint,shape,23,5,3
law_Lall,0.34,64,GunPoint,shape,23,5,3
raw_1nn_ed,0.34,150,GunPoint,shape,23,5,3
raw_centroid,0.4333333333333333,150,GunPoint,shape,23,5,3
law_L1,0.3,48,GunPoint,shape,23,5,4
law_Lall,0.2533333333333333,48,GunPoint,shape,23,5,4
raw_1nn_ed,0.2533333333333333,150,GunPoint,shape,23,5,4
raw_centroid,0.3,150,GunPoint,shape,23,5,4
law_L1,0.3133333333333333,64,GunPoint,shape,23,10,0
law_Lall,0.2733333333333333,64,GunPoint,shape,23,10,0
raw_1nn_ed,0.2733333333333333,150,GunPoint,shape,23,10,0
raw_centroid,0.3133333333333333,150,GunPoint,shape,23,10,0
law_L1,0.2866666666666667,64,GunPoint,shape,23,10,1
law_Lall,0.26,64,GunPoint,shape,23,10,1
raw_1nn_ed,0.26,150,GunPoint,shape,23,10,1
raw_centroid,0.2866666666666667,150,GunPoint,shape,23,10,1
law_L1,0.3666666666666666,32,GunPoint,shape,23,10,2
law_Lall,0.1933333333333333,32,GunPoint,shape,23,10,2
raw_1nn_ed,0.1866666666666666,150,GunPoint,shape,23,10,2
raw_centroid,0.3666666666666666,150,GunPoint,shape,23,10,2
law_L1,0.32,64,GunPoint,shape,23,10,3
law_Lall,0.22,64,GunPoint,shape,23,10,3
raw_1nn_ed,0.22,150,GunPoint,shape,23,10,3
raw_centroid,0.32,150,GunPoint,shape,23,10,3
law_L1,0.26,32,GunPoint,shape,23,10,4
law_Lall,0.1733333333333333,32,GunPoint,shape,23,10,4
raw_1nn_ed,0.16,150,GunPoint,shape,23,10,4
raw_centroid,0.26,150,GunPoint,shape,23,10,4
law_L1,0.5133333333333333,64,GunPoint,shape,42,1,0
law_Lall,0.5133333333333333,64,GunPoint,shape,42,1,0
raw_1nn_ed,0.5133333333333333,150,GunPoint,shape,42,1,0
raw_centroid,0.5133333333333333,150,GunPoint,shape,42,1,0
law_L1,0.58,48,GunPoint,shape,42,1,1
law_Lall,0.58,48,GunPoint,shape,42,1,1
raw_1nn_ed,0.58,150,GunPoint,shape,42,1,1
raw_centroid,0.58,150,GunPoint,shape,42,1,1
law_L1,0.4,64,GunPoint,shape,42,1,2
law_Lall,0.4,64,GunPoint,shape,42,1,2
raw_1nn_ed,0.4,150,GunPoint,shape,42,1,2
raw_centroid,0.4,150,GunPoint,shape,42,1,2
law_L1,0.3866666666666666,64,GunPoint,shape,42,1,3
law_Lall,0.3866666666666666,64,GunPoint,shape,42,1,3
raw_1nn_ed,0.3866666666666666,150,GunPoint,shape,42,1,3
raw_centroid,0.3866666666666666,150,GunPoint,shape,42,1,3
law_L1,0.34,48,GunPoint,shape,42,1,4
law_Lall,0.34,48,GunPoint,shape,42,1,4
raw_1nn_ed,0.34,150,GunPoint,shape,42,1,4
raw_centroid,0.34,150,GunPoint,shape,42,1,4
law_L1,0.5,64,GunPoint,shape,42,2,0
law_Lall,0.4466666666666666,64,GunPoint,shape,42,2,0
raw_1nn_ed,0.4466666666666666,150,GunPoint,shape,42,2,0
raw_centroid,0.5,150,GunPoint,shape,42,2,0
law_L1,0.2933333333333333,64,GunPoint,shape,42,2,1
law_Lall,0.3066666666666666,64,GunPoint,shape,42,2,1
raw_1nn_ed,0.3066666666666666,150,GunPoint,shape,42,2,1
raw_centroid,0.2933333333333333,150,GunPoint,shape,42,2,1
law_L1,0.4933333333333333,64,GunPoint,shape,42,2,2
law_Lall,0.4733333333333333,64,GunPoint,shape,42,2,2
raw_1nn_ed,0.4733333333333333,150,GunPoint,shape,42,2,2
raw_centroid,0.4933333333333333,150,GunPoint,shape,42,2,2
law_L1,0.2666666666666666,48,GunPoint,shape,42,2,3
law_Lall,0.2533333333333333,48,GunPoint,shape,42,2,3
raw_1nn_ed,0.2533333333333333,150,GunPoint,shape,42,2,3
raw_centroid,0.2666666666666666,150,GunPoint,shape,42,2,3
law_L1,0.44,64,GunPoint,shape,42,2,4
law_Lall,0.42,64,GunPoint,shape,42,2,4
raw_1nn_ed,0.42,150,GunPoint,shape,42,2,4
raw_centroid,0.44,150,GunPoint,shape,42,2,4
law_L1,0.3466666666666667,64,GunPoint,shape,42,5,0
law_Lall,0.3133333333333333,64,GunPoint,shape,42,5,0
raw_1nn_ed,0.3133333333333333,150,GunPoint,shape,42,5,0
raw_centroid,0.3466666666666667,150,GunPoint,shape,42,5,0
law_L1,0.5,64,GunPoint,shape,42,5,1
law_Lall,0.44,64,GunPoint,shape,42,5,1
raw_1nn_ed,0.44,150,GunPoint,shape,42,5,1
raw_centroid,0.5,150,GunPoint,shape,42,5,1
law_L1,0.4133333333333333,64,GunPoint,shape,42,5,2
law_Lall,0.2066666666666666,64,GunPoint,shape,42,5,2
raw_1nn_ed,0.2066666666666666,150,GunPoint,shape,42,5,2
raw_centroid,0.4133333333333333,150,GunPoint,shape,42,5,2
law_L1,0.3066666666666666,64,GunPoint,shape,42,5,3
law_Lall,0.1933333333333333,64,GunPoint,shape,42,5,3
raw_1nn_ed,0.1933333333333333,150,GunPoint,shape,42,5,3
raw_centroid,0.3066666666666666,150,GunPoint,shape,42,5,3
law_L1,0.4733333333333333,64,GunPoint,shape,42,5,4
law_Lall,0.2733333333333333,64,GunPoint,shape,42,5,4
raw_1nn_ed,0.2733333333333333,150,GunPoint,shape,42,5,4
raw_centroid,0.4733333333333333,150,GunPoint,shape,42,5,4
law_L1,0.2533333333333333,64,GunPoint,shape,42,10,0
law_Lall,0.1933333333333333,64,GunPoint,shape,42,10,0
raw_1nn_ed,0.1933333333333333,150,GunPoint,shape,42,10,0
raw_centroid,0.2533333333333333,150,GunPoint,shape,42,10,0
law_L1,0.26,32,GunPoint,shape,42,10,1
law_Lall,0.22,32,GunPoint,shape,42,10,1
raw_1nn_ed,0.22,150,GunPoint,shape,42,10,1
raw_centroid,0.26,150,GunPoint,shape,42,10,1
law_L1,0.34,64,GunPoint,shape,42,10,2
law_Lall,0.14,64,GunPoint,shape,42,10,2
raw_1nn_ed,0.14,150,GunPoint,shape,42,10,2
raw_centroid,0.34,150,GunPoint,shape,42,10,2
law_L1,0.4,32,GunPoint,shape,42,10,3
law_Lall,0.1933333333333333,32,GunPoint,shape,42,10,3
raw_1nn_ed,0.1933333333333333,150,GunPoint,shape,42,10,3
raw_centroid,0.4,150,GunPoint,shape,42,10,3
law_L1,0.46,32,GunPoint,shape,42,10,4
law_Lall,0.2066666666666666,32,GunPoint,shape,42,10,4
raw_1nn_ed,0.2066666666666666,150,GunPoint,shape,42,10,4
raw_centroid,0.46,150,GunPoint,shape,42,10,4
law_L1,0.25,48,ECG200,shape,11,1,0
law_Lall,0.25,48,ECG200,shape,11,1,0
raw_1nn_ed,0.26,96,ECG200,shape,11,1,0
raw_centroid,0.26,96,ECG200,shape,11,1,0
law_L1,0.26,48,ECG200,shape,11,1,1
law_Lall,0.26,48,ECG200,shape,11,1,1
raw_1nn_ed,0.26,96,ECG200,shape,11,1,1
raw_centroid,0.26,96,ECG200,shape,11,1,1
law_L1,0.3,48,ECG200,shape,11,1,2
law_Lall,0.3,48,ECG200,shape,11,1,2
raw_1nn_ed,0.29,96,ECG200,shape,11,1,2
raw_centroid,0.29,96,ECG200,shape,11,1,2
law_L1,0.21,48,ECG200,shape,11,1,3
law_Lall,0.21,48,ECG200,shape,11,1,3
raw_1nn_ed,0.21,96,ECG200,shape,11,1,3
raw_centroid,0.21,96,ECG200,shape,11,1,3
law_L1,0.27,48,ECG200,shape,11,1,4
law_Lall,0.27,48,ECG200,shape,11,1,4
raw_1nn_ed,0.27,96,ECG200,shape,11,1,4
raw_centroid,0.27,96,ECG200,shape,11,1,4
law_L1,0.26,48,ECG200,shape,11,2,0
law_Lall,0.22,48,ECG200,shape,11,2,0
raw_1nn_ed,0.23,96,ECG200,shape,11,2,0
raw_centroid,0.25,96,ECG200,shape,11,2,0
law_L1,0.32,48,ECG200,shape,11,2,1
law_Lall,0.29,48,ECG200,shape,11,2,1
raw_1nn_ed,0.29,96,ECG200,shape,11,2,1
raw_centroid,0.32,96,ECG200,shape,11,2,1
law_L1,0.23,48,ECG200,shape,11,2,2
law_Lall,0.23,48,ECG200,shape,11,2,2
raw_1nn_ed,0.22,96,ECG200,shape,11,2,2
raw_centroid,0.23,96,ECG200,shape,11,2,2
law_L1,0.23,48,ECG200,shape,11,2,3
law_Lall,0.2,48,ECG200,shape,11,2,3
raw_1nn_ed,0.2,96,ECG200,shape,11,2,3
raw_centroid,0.23,96,ECG200,shape,11,2,3
law_L1,0.24,48,ECG200,shape,11,2,4
law_Lall,0.23,48,ECG200,shape,11,2,4
raw_1nn_ed,0.23,96,ECG200,shape,11,2,4
raw_centroid,0.24,96,ECG200,shape,11,2,4
law_L1,0.26,48,ECG200,shape,11,5,0
law_Lall,0.2,48,ECG200,shape,11,5,0
raw_1nn_ed,0.2,96,ECG200,shape,11,5,0
raw_centroid,0.26,96,ECG200,shape,11,5,0
law_L1,0.25,48,ECG200,shape,11,5,1
law_Lall,0.16,48,ECG200,shape,11,5,1
raw_1nn_ed,0.16,96,ECG200,shape,11,5,1
raw_centroid,0.25,96,ECG200,shape,11,5,1
law_L1,0.27,48,ECG200,shape,11,5,2
law_Lall,0.2,48,ECG200,shape,11,5,2
raw_1nn_ed,0.2,96,ECG200,shape,11,5,2
raw_centroid,0.28,96,ECG200,shape,11,5,2
law_L1,0.23,48,ECG200,shape,11,5,3
law_Lall,0.23,48,ECG200,shape,11,5,3
raw_1nn_ed,0.23,96,ECG200,shape,11,5,3
raw_centroid,0.23,96,ECG200,shape,11,5,3
law_L1,0.25,48,ECG200,shape,11,5,4
law_Lall,0.21,48,ECG200,shape,11,5,4
raw_1nn_ed,0.21,96,ECG200,shape,11,5,4
raw_centroid,0.25,96,ECG200,shape,11,5,4
law_L1,0.25,48,ECG200,shape,11,10,0
law_Lall,0.2,48,ECG200,shape,11,10,0
raw_1nn_ed,0.2,96,ECG200,shape,11,10,0
raw_centroid,0.25,96,ECG200,shape,11,10,0
law_L1,0.22,48,ECG200,shape,11,10,1
law_Lall,0.13,48,ECG200,shape,11,10,1
raw_1nn_ed,0.13,96,ECG200,shape,11,10,1
raw_centroid,0.22,96,ECG200,shape,11,10,1
law_L1,0.21,48,ECG200,shape,11,10,2
law_Lall,0.21,48,ECG200,shape,11,10,2
raw_1nn_ed,0.22,96,ECG200,shape,11,10,2
raw_centroid,0.21,96,ECG200,shape,11,10,2
law_L1,0.25,48,ECG200,shape,11,10,3
law_Lall,0.17,48,ECG200,shape,11,10,3
raw_1nn_ed,0.17,96,ECG200,shape,11,10,3
raw_centroid,0.25,96,ECG200,shape,11,10,3
law_L1,0.26,48,ECG200,shape,11,10,4
law_Lall,0.15,48,ECG200,shape,11,10,4
raw_1nn_ed,0.16,96,ECG200,shape,11,10,4
raw_centroid,0.26,96,ECG200,shape,11,10,4
law_L1,0.66,32,ECG200,shape,23,1,0
law_Lall,0.66,32,ECG200,shape,23,1,0
raw_1nn_ed,0.66,96,ECG200,shape,23,1,0
raw_centroid,0.66,96,ECG200,shape,23,1,0
law_L1,0.32,32,ECG200,shape,23,1,1
law_Lall,0.32,32,ECG200,shape,23,1,1
raw_1nn_ed,0.31,96,ECG200,shape,23,1,1
raw_centroid,0.31,96,ECG200,shape,23,1,1
law_L1,0.25,48,ECG200,shape,23,1,2
law_Lall,0.25,48,ECG200,shape,23,1,2
raw_1nn_ed,0.25,96,ECG200,shape,23,1,2
raw_centroid,0.25,96,ECG200,shape,23,1,2
law_L1,0.27,48,ECG200,shape,23,1,3
law_Lall,0.27,48,ECG200,shape,23,1,3
raw_1nn_ed,0.27,96,ECG200,shape,23,1,3
raw_centroid,0.27,96,ECG200,shape,23,1,3
law_L1,0.27,48,ECG200,shape,23,1,4
law_Lall,0.27,48,ECG200,shape,23,1,4
raw_1nn_ed,0.27,96,ECG200,shape,23,1,4
raw_centroid,0.27,96,ECG200,shape,23,1,4
law_L1,0.21,48,ECG200,shape,23,2,0
law_Lall,0.22,48,ECG200,shape,23,2,0
raw_1nn_ed,0.22,96,ECG200,shape,23,2,0
raw_centroid,0.21,96,ECG200,shape,23,2,0
law_L1,0.22,32,ECG200,shape,23,2,1
law_Lall,0.19,32,ECG200,shape,23,2,1
raw_1nn_ed,0.18,96,ECG200,shape,23,2,1
raw_centroid,0.22,96,ECG200,shape,23,2,1
law_L1,0.21,48,ECG200,shape,23,2,2
law_Lall,0.24,48,ECG200,shape,23,2,2
raw_1nn_ed,0.24,96,ECG200,shape,23,2,2
raw_centroid,0.21,96,ECG200,shape,23,2,2
law_L1,0.23,48,ECG200,shape,23,2,3
law_Lall,0.24,48,ECG200,shape,23,2,3
raw_1nn_ed,0.24,96,ECG200,shape,23,2,3
raw_centroid,0.23,96,ECG200,shape,23,2,3
law_L1,0.25,48,ECG200,shape,23,2,4
law_Lall,0.25,48,ECG200,shape,23,2,4
raw_1nn_ed,0.25,96,ECG200,shape,23,2,4
raw_centroid,0.25,96,ECG200,shape,23,2,4
law_L1,0.27,48,ECG200,shape,23,5,0
law_Lall,0.25,48,ECG200,shape,23,5,0
raw_1nn_ed,0.25,96,ECG200,shape,23,5,0
raw_centroid,0.27,96,ECG200,shape,23,5,0
law_L1,0.26,48,ECG200,shape,23,5,1
law_Lall,0.23,48,ECG200,shape,23,5,1
raw_1nn_ed,0.22,96,ECG200,shape,23,5,1
raw_centroid,0.26,96,ECG200,shape,23,5,1
law_L1,0.19,48,ECG200,shape,23,5,2
law_Lall,0.16,48,ECG200,shape,23,5,2
raw_1nn_ed,0.16,96,ECG200,shape,23,5,2
raw_centroid,0.19,96,ECG200,shape,23,5,2
law_L1,0.25,48,ECG200,shape,23,5,3
law_Lall,0.18,48,ECG200,shape,23,5,3
raw_1nn_ed,0.19,96,ECG200,shape,23,5,3
raw_centroid,0.25,96,ECG200,shape,23,5,3
law_L1,0.19,48,ECG200,shape,23,5,4
law_Lall,0.18,48,ECG200,shape,23,5,4
raw_1nn_ed,0.18,96,ECG200,shape,23,5,4
raw_centroid,0.19,96,ECG200,shape,23,5,4
law_L1,0.17,48,ECG200,shape,23,10,0
law_Lall,0.19,48,ECG200,shape,23,10,0
raw_1nn_ed,0.2,96,ECG200,shape,23,10,0
raw_centroid,0.17,96,ECG200,shape,23,10,0
law_L1,0.24,48,ECG200,shape,23,10,1
law_Lall,0.11,48,ECG200,shape,23,10,1
raw_1nn_ed,0.13,96,ECG200,shape,23,10,1
raw_centroid,0.24,96,ECG200,shape,23,10,1
law_L1,0.24,48,ECG200,shape,23,10,2
law_Lall,0.16,48,ECG200,shape,23,10,2
raw_1nn_ed,0.17,96,ECG200,shape,23,10,2
raw_centroid,0.24,96,ECG200,shape,23,10,2
law_L1,0.23,48,ECG200,shape,23,10,3
law_Lall,0.11,48,ECG200,shape,23,10,3
raw_1nn_ed,0.11,96,ECG200,shape,23,10,3
raw_centroid,0.23,96,ECG200,shape,23,10,3
law_L1,0.24,48,ECG200,shape,23,10,4
law_Lall,0.15,48,ECG200,shape,23,10,4
raw_1nn_ed,0.14,96,ECG200,shape,23,10,4
raw_centroid,0.24,96,ECG200,shape,23,10,4
law_L1,0.23,48,ECG200,shape,42,1,0
law_Lall,0.23,48,ECG200,shape,42,1,0
raw_1nn_ed,0.23,96,ECG200,shape,42,1,0
raw_centroid,0.23,96,ECG200,shape,42,1,0
law_L1,0.23,48,ECG200,shape,42,1,1
law_Lall,0.23,48,ECG200,shape,42,1,1
raw_1nn_ed,0.23,96,ECG200,shape,42,1,1
raw_centroid,0.23,96,ECG200,shape,42,1,1
law_L1,0.23,48,ECG200,shape,42,1,2
law_Lall,0.23,48,ECG200,shape,42,1,2
raw_1nn_ed,0.23,96,ECG200,shape,42,1,2
raw_centroid,0.23,96,ECG200,shape,42,1,2
law_L1,0.29,32,ECG200,shape,42,1,3
law_Lall,0.29,32,ECG200,shape,42,1,3
raw_1nn_ed,0.28,96,ECG200,shape,42,1,3
raw_centroid,0.28,96,ECG200,shape,42,1,3
law_L1,0.29,48,ECG200,shape,42,1,4
law_Lall,0.29,48,ECG200,shape,42,1,4
raw_1nn_ed,0.29,96,ECG200,shape,42,1,4
raw_centroid,0.29,96,ECG200,shape,42,1,4
law_L1,0.26,48,ECG200,shape,42,2,0
law_Lall,0.24,48,ECG200,shape,42,2,0
raw_1nn_ed,0.24,96,ECG200,shape,42,2,0
raw_centroid,0.26,96,ECG200,shape,42,2,0
law_L1,0.23,48,ECG200,shape,42,2,1
law_Lall,0.18,48,ECG200,shape,42,2,1
raw_1nn_ed,0.18,96,ECG200,shape,42,2,1
raw_centroid,0.23,96,ECG200,shape,42,2,1
law_L1,0.25,48,ECG200,shape,42,2,2
law_Lall,0.23,48,ECG200,shape,42,2,2
raw_1nn_ed,0.25,96,ECG200,shape,42,2,2
raw_centroid,0.25,96,ECG200,shape,42,2,2
law_L1,0.22,48,ECG200,shape,42,2,3
law_Lall,0.24,48,ECG200,shape,42,2,3
raw_1nn_ed,0.24,96,ECG200,shape,42,2,3
raw_centroid,0.23,96,ECG200,shape,42,2,3
law_L1,0.2,48,ECG200,shape,42,2,4
law_Lall,0.23,48,ECG200,shape,42,2,4
raw_1nn_ed,0.24,96,ECG200,shape,42,2,4
raw_centroid,0.21,96,ECG200,shape,42,2,4
law_L1,0.22,48,ECG200,shape,42,5,0
law_Lall,0.21,48,ECG200,shape,42,5,0
raw_1nn_ed,0.21,96,ECG200,shape,42,5,0
raw_centroid,0.22,96,ECG200,shape,42,5,0
law_L1,0.22,48,ECG200,shape,42,5,1
law_Lall,0.25,48,ECG200,shape,42,5,1
raw_1nn_ed,0.25,96,ECG200,shape,42,5,1
raw_centroid,0.22,96,ECG200,shape,42,5,1
law_L1,0.25,48,ECG200,shape,42,5,2
law_Lall,0.23,48,ECG200,shape,42,5,2
raw_1nn_ed,0.23,96,ECG200,shape,42,5,2
raw_centroid,0.25,96,ECG200,shape,42,5,2
law_L1,0.26,48,ECG200,shape,42,5,3
law_Lall,0.21,48,ECG200,shape,42,5,3
raw_1nn_ed,0.2,96,ECG200,shape,42,5,3
raw_centroid,0.28,96,ECG200,shape,42,5,3
law_L1,0.24,48,ECG200,shape,42,5,4
law_Lall,0.2,48,ECG200,shape,42,5,4
raw_1nn_ed,0.2,96,ECG200,shape,42,5,4
raw_centroid,0.24,96,ECG200,shape,42,5,4
law_L1,0.25,48,ECG200,shape,42,10,0
law_Lall,0.27,48,ECG200,shape,42,10,0
raw_1nn_ed,0.28,96,ECG200,shape,42,10,0
raw_centroid,0.25,96,ECG200,shape,42,10,0
law_L1,0.24,48,ECG200,shape,42,10,1
law_Lall,0.16,48,ECG200,shape,42,10,1
raw_1nn_ed,0.18,96,ECG200,shape,42,10,1
raw_centroid,0.24,96,ECG200,shape,42,10,1
law_L1,0.26,48,ECG200,shape,42,10,2
law_Lall,0.16,48,ECG200,shape,42,10,2
raw_1nn_ed,0.15,96,ECG200,shape,42,10,2
raw_centroid,0.26,96,ECG200,shape,42,10,2
law_L1,0.2,48,ECG200,shape,42,10,3
law_Lall,0.13,48,ECG200,shape,42,10,3
raw_1nn_ed,0.12,96,ECG200,shape,42,10,3
raw_centroid,0.2,96,ECG200,shape,42,10,3
law_L1,0.23,48,ECG200,shape,42,10,4
law_Lall,0.18,48,ECG200,shape,42,10,4
raw_1nn_ed,0.18,96,ECG200,shape,42,10,4
raw_centroid,0.23,96,ECG200,shape,42,10,4
law_L1,0.44,64,Trace,shape,11,1,0
law_Lall,0.44,64,Trace,shape,11,1,0
raw_1nn_ed,0.44,275,Trace,shape,11,1,0
raw_centroid,0.44,275,Trace,shape,11,1,0
law_L1,0.46,64,Trace,shape,11,1,1
law_Lall,0.46,64,Trace,shape,11,1,1
raw_1nn_ed,0.46,275,Trace,shape,11,1,1
raw_centroid,0.46,275,Trace,shape,11,1,1
law_L1,0.52,64,Trace,shape,11,1,2
law_Lall,0.52,64,Trace,shape,11,1,2
raw_1nn_ed,0.52,275,Trace,shape,11,1,2
raw_centroid,0.52,275,Trace,shape,11,1,2
law_L1,0.43,64,Trace,shape,11,1,3
law_Lall,0.43,64,Trace,shape,11,1,3
raw_1nn_ed,0.43,275,Trace,shape,11,1,3
raw_centroid,0.43,275,Trace,shape,11,1,3
law_L1,0.5,64,Trace,shape,11,1,4
law_Lall,0.5,64,Trace,shape,11,1,4
raw_1nn_ed,0.5,275,Trace,shape,11,1,4
raw_centroid,0.5,275,Trace,shape,11,1,4
law_L1,0.46,64,Trace,shape,11,2,0
law_Lall,0.46,64,Trace,shape,11,2,0
raw_1nn_ed,0.46,275,Trace,shape,11,2,0
raw_centroid,0.48,275,Trace,shape,11,2,0
law_L1,0.48,64,Trace,shape,11,2,1
law_Lall,0.42,64,Trace,shape,11,2,1
raw_1nn_ed,0.4,275,Trace,shape,11,2,1
raw_centroid,0.48,275,Trace,shape,11,2,1
law_L1,0.51,64,Trace,shape,11,2,2
law_Lall,0.51,64,Trace,shape,11,2,2
raw_1nn_ed,0.51,275,Trace,shape,11,2,2
raw_centroid,0.51,275,Trace,shape,11,2,2
law_L1,0.51,64,Trace,shape,11,2,3
law_Lall,0.46,64,Trace,shape,11,2,3
raw_1nn_ed,0.46,275,Trace,shape,11,2,3
raw_centroid,0.51,275,Trace,shape,11,2,3
law_L1,0.57,64,Trace,shape,11,2,4
law_Lall,0.51,64,Trace,shape,11,2,4
raw_1nn_ed,0.52,275,Trace,shape,11,2,4
raw_centroid,0.57,275,Trace,shape,11,2,4
law_L1,0.4,64,Trace,shape,11,5,0
law_Lall,0.49,64,Trace,shape,11,5,0
raw_1nn_ed,0.49,275,Trace,shape,11,5,0
raw_centroid,0.4,275,Trace,shape,11,5,0
law_L1,0.43,64,Trace,shape,11,5,1
law_Lall,0.54,64,Trace,shape,11,5,1
raw_1nn_ed,0.53,275,Trace,shape,11,5,1
raw_centroid,0.42,275,Trace,shape,11,5,1
law_L1,0.42,64,Trace,shape,11,5,2
law_Lall,0.44,64,Trace,shape,11,5,2
raw_1nn_ed,0.45,275,Trace,shape,11,5,2
raw_centroid,0.42,275,Trace,shape,11,5,2
law_L1,0.34,64,Trace,shape,11,5,3
law_Lall,0.38,64,Trace,shape,11,5,3
raw_1nn_ed,0.37,275,Trace,shape,11,5,3
raw_centroid,0.35,275,Trace,shape,11,5,3
law_L1,0.47,64,Trace,shape,11,5,4
law_Lall,0.42,64,Trace,shape,11,5,4
raw_1nn_ed,0.42,275,Trace,shape,11,5,4
raw_centroid,0.47,275,Trace,shape,11,5,4
law_L1,0.41,64,Trace,shape,11,10,0
law_Lall,0.33,64,Trace,shape,11,10,0
raw_1nn_ed,0.33,275,Trace,shape,11,10,0
raw_centroid,0.41,275,Trace,shape,11,10,0
law_L1,0.44,64,Trace,shape,11,10,1
law_Lall,0.4,64,Trace,shape,11,10,1
raw_1nn_ed,0.42,275,Trace,shape,11,10,1
raw_centroid,0.44,275,Trace,shape,11,10,1
law_L1,0.35,64,Trace,shape,11,10,2
law_Lall,0.34,64,Trace,shape,11,10,2
raw_1nn_ed,0.33,275,Trace,shape,11,10,2
raw_centroid,0.35,275,Trace,shape,11,10,2
law_L1,0.46,64,Trace,shape,11,10,3
law_Lall,0.37,64,Trace,shape,11,10,3
raw_1nn_ed,0.37,275,Trace,shape,11,10,3
raw_centroid,0.46,275,Trace,shape,11,10,3
law_L1,0.52,64,Trace,shape,11,10,4
law_Lall,0.43,64,Trace,shape,11,10,4
raw_1nn_ed,0.44,275,Trace,shape,11,10,4
raw_centroid,0.52,275,Trace,shape,11,10,4
law_L1,0.5,64,Trace,shape,23,1,0
law_Lall,0.5,64,Trace,shape,23,1,0
raw_1nn_ed,0.5,275,Trace,shape,23,1,0
raw_centroid,0.5,275,Trace,shape,23,1,0
law_L1,0.51,64,Trace,shape,23,1,1
law_Lall,0.51,64,Trace,shape,23,1,1
raw_1nn_ed,0.51,275,Trace,shape,23,1,1
raw_centroid,0.51,275,Trace,shape,23,1,1
law_L1,0.43,64,Trace,shape,23,1,2
law_Lall,0.43,64,Trace,shape,23,1,2
raw_1nn_ed,0.43,275,Trace,shape,23,1,2
raw_centroid,0.43,275,Trace,shape,23,1,2
law_L1,0.4,64,Trace,shape,23,1,3
law_Lall,0.4,64,Trace,shape,23,1,3
raw_1nn_ed,0.4,275,Trace,shape,23,1,3
raw_centroid,0.4,275,Trace,shape,23,1,3
law_L1,0.49,64,Trace,shape,23,1,4
law_Lall,0.49,64,Trace,shape,23,1,4
raw_1nn_ed,0.49,275,Trace,shape,23,1,4
raw_centroid,0.49,275,Trace,shape,23,1,4
law_L1,0.48,64,Trace,shape,23,2,0
law_Lall,0.47,64,Trace,shape,23,2,0
raw_1nn_ed,0.48,275,Trace,shape,23,2,0
raw_centroid,0.49,275,Trace,shape,23,2,0
law_L1,0.46,64,Trace,shape,23,2,1
law_Lall,0.48,64,Trace,shape,23,2,1
raw_1nn_ed,0.49,275,Trace,shape,23,2,1
raw_centroid,0.46,275,Trace,shape,23,2,1
law_L1,0.56,64,Trace,shape,23,2,2
law_Lall,0.61,64,Trace,shape,23,2,2
raw_1nn_ed,0.61,275,Trace,shape,23,2,2
raw_centroid,0.54,275,Trace,shape,23,2,2
law_L1,0.46,64,Trace,shape,23,2,3
law_Lall,0.47,64,Trace,shape,23,2,3
raw_1nn_ed,0.47,275,Trace,shape,23,2,3
raw_centroid,0.48,275,Trace,shape,23,2,3
law_L1,0.56,64,Trace,shape,23,2,4
law_Lall,0.48,64,Trace,shape,23,2,4
raw_1nn_ed,0.48,275,Trace,shape,23,2,4
raw_centroid,0.56,275,Trace,shape,23,2,4
law_L1,0.55,64,Trace,shape,23,5,0
law_Lall,0.52,64,Trace,shape,23,5,0
raw_1nn_ed,0.52,275,Trace,shape,23,5,0
raw_centroid,0.55,275,Trace,shape,23,5,0
law_L1,0.46,64,Trace,shape,23,5,1
law_Lall,0.42,64,Trace,shape,23,5,1
raw_1nn_ed,0.43,275,Trace,shape,23,5,1
raw_centroid,0.47,275,Trace,shape,23,5,1
law_L1,0.33,64,Trace,shape,23,5,2
law_Lall,0.38,64,Trace,shape,23,5,2
raw_1nn_ed,0.39,275,Trace,shape,23,5,2
raw_centroid,0.35,275,Trace,shape,23,5,2
law_L1,0.47,64,Trace,shape,23,5,3
law_Lall,0.45,64,Trace,shape,23,5,3
raw_1nn_ed,0.44,275,Trace,shape,23,5,3
raw_centroid,0.47,275,Trace,shape,23,5,3
law_L1,0.48,64,Trace,shape,23,5,4
law_Lall,0.47,64,Trace,shape,23,5,4
raw_1nn_ed,0.48,275,Trace,shape,23,5,4
raw_centroid,0.48,275,Trace,shape,23,5,4
law_L1,0.36,64,Trace,shape,23,10,0
law_Lall,0.32,64,Trace,shape,23,10,0
raw_1nn_ed,0.31,275,Trace,shape,23,10,0
raw_centroid,0.36,275,Trace,shape,23,10,0
law_L1,0.5,64,Trace,shape,23,10,1
law_Lall,0.35,64,Trace,shape,23,10,1
raw_1nn_ed,0.36,275,Trace,shape,23,10,1
raw_centroid,0.5,275,Trace,shape,23,10,1
law_L1,0.52,64,Trace,shape,23,10,2
law_Lall,0.35,64,Trace,shape,23,10,2
raw_1nn_ed,0.35,275,Trace,shape,23,10,2
raw_centroid,0.52,275,Trace,shape,23,10,2
law_L1,0.51,64,Trace,shape,23,10,3
law_Lall,0.29,64,Trace,shape,23,10,3
raw_1nn_ed,0.31,275,Trace,shape,23,10,3
raw_centroid,0.51,275,Trace,shape,23,10,3
law_L1,0.52,64,Trace,shape,23,10,4
law_Lall,0.38,64,Trace,shape,23,10,4
raw_1nn_ed,0.4,275,Trace,shape,23,10,4
raw_centroid,0.51,275,Trace,shape,23,10,4
law_L1,0.47,64,Trace,shape,42,1,0
law_Lall,0.47,64,Trace,shape,42,1,0
raw_1nn_ed,0.46,275,Trace,shape,42,1,0
raw_centroid,0.46,275,Trace,shape,42,1,0
law_L1,0.53,64,Trace,shape,42,1,1
law_Lall,0.53,64,Trace,shape,42,1,1
raw_1nn_ed,0.54,275,Trace,shape,42,1,1
raw_centroid,0.54,275,Trace,shape,42,1,1
law_L1,0.43,64,Trace,shape,42,1,2
law_Lall,0.43,64,Trace,shape,42,1,2
raw_1nn_ed,0.43,275,Trace,shape,42,1,2
raw_centroid,0.43,275,Trace,shape,42,1,2
law_L1,0.41,64,Trace,shape,42,1,3
law_Lall,0.41,64,Trace,shape,42,1,3
raw_1nn_ed,0.42,275,Trace,shape,42,1,3
raw_centroid,0.42,275,Trace,shape,42,1,3
law_L1,0.45,64,Trace,shape,42,1,4
law_Lall,0.45,64,Trace,shape,42,1,4
raw_1nn_ed,0.45,275,Trace,shape,42,1,4
raw_centroid,0.45,275,Trace,shape,42,1,4
law_L1,0.42,64,Trace,shape,42,2,0
law_Lall,0.43,64,Trace,shape,42,2,0
raw_1nn_ed,0.43,275,Trace,shape,42,2,0
raw_centroid,0.42,275,Trace,shape,42,2,0
law_L1,0.53,64,Trace,shape,42,2,1
law_Lall,0.44,64,Trace,shape,42,2,1
raw_1nn_ed,0.44,275,Trace,shape,42,2,1
raw_centroid,0.53,275,Trace,shape,42,2,1
law_L1,0.49,64,Trace,shape,42,2,2
law_Lall,0.44,64,Trace,shape,42,2,2
raw_1nn_ed,0.44,275,Trace,shape,42,2,2
raw_centroid,0.47,275,Trace,shape,42,2,2
law_L1,0.39,64,Trace,shape,42,2,3
law_Lall,0.41,64,Trace,shape,42,2,3
raw_1nn_ed,0.41,275,Trace,shape,42,2,3
raw_centroid,0.39,275,Trace,shape,42,2,3
law_L1,0.52,64,Trace,shape,42,2,4
law_Lall,0.46,64,Trace,shape,42,2,4
raw_1nn_ed,0.46,275,Trace,shape,42,2,4
raw_centroid,0.52,275,Trace,shape,42,2,4
law_L1,0.54,64,Trace,shape,42,5,0
law_Lall,0.48,64,Trace,shape,42,5,0
raw_1nn_ed,0.5,275,Trace,shape,42,5,0
raw_centroid,0.55,275,Trace,shape,42,5,0
law_L1,0.43,64,Trace,shape,42,5,1
law_Lall,0.36,64,Trace,shape,42,5,1
raw_1nn_ed,0.38,275,Trace,shape,42,5,1
raw_centroid,0.43,275,Trace,shape,42,5,1
law_L1,0.51,64,Trace,shape,42,5,2
law_Lall,0.35,64,Trace,shape,42,5,2
raw_1nn_ed,0.37,275,Trace,shape,42,5,2
raw_centroid,0.51,275,Trace,shape,42,5,2
law_L1,0.42,64,Trace,shape,42,5,3
law_Lall,0.35,64,Trace,shape,42,5,3
raw_1nn_ed,0.35,275,Trace,shape,42,5,3
raw_centroid,0.42,275,Trace,shape,42,5,3
law_L1,0.49,64,Trace,shape,42,5,4
law_Lall,0.37,64,Trace,shape,42,5,4
raw_1nn_ed,0.38,275,Trace,shape,42,5,4
raw_centroid,0.5,275,Trace,shape,42,5,4
law_L1,0.52,64,Trace,shape,42,10,0
law_Lall,0.36,64,Trace,shape,42,10,0
raw_1nn_ed,0.37,275,Trace,shape,42,10,0
raw_centroid,0.52,275,Trace,shape,42,10,0
law_L1,0.43,64,Trace,shape,42,10,1
law_Lall,0.28,64,Trace,shape,42,10,1
raw_1nn_ed,0.28,275,Trace,shape,42,10,1
raw_centroid,0.43,275,Trace,shape,42,10,1
law_L1,0.44,64,Trace,shape,42,10,2
law_Lall,0.4,64,Trace,shape,42,10,2
raw_1nn_ed,0.41,275,Trace,shape,42,10,2
raw_centroid,0.44,275,Trace,shape,42,10,2
law_L1,0.53,64,Trace,shape,42,10,3
law_Lall,0.32,64,Trace,shape,42,10,3
raw_1nn_ed,0.33,275,Trace,shape,42,10,3
raw_centroid,0.53,275,Trace,shape,42,10,3
law_L1,0.54,64,Trace,shape,42,10,4
law_Lall,0.4,64,Trace,shape,42,10,4
raw_1nn_ed,0.4,275,Trace,shape,42,10,4
raw_centroid,0.53,275,Trace,shape,42,10,4
law_L1,0.35,16,SyntheticControl,shape,11,1,0
law_Lall,0.35,16,SyntheticControl,shape,11,1,0
raw_1nn_ed,0.4533333333333333,60,SyntheticControl,shape,11,1,0
raw_centroid,0.4533333333333333,60,SyntheticControl,shape,11,1,0
law_L1,0.3533333333333333,16,SyntheticControl,shape,11,1,1
law_Lall,0.3533333333333333,16,SyntheticControl,shape,11,1,1
raw_1nn_ed,0.4266666666666667,60,SyntheticControl,shape,11,1,1
raw_centroid,0.4266666666666667,60,SyntheticControl,shape,11,1,1
law_L1,0.33,16,SyntheticControl,shape,11,1,2
law_Lall,0.33,16,SyntheticControl,shape,11,1,2
raw_1nn_ed,0.4533333333333333,60,SyntheticControl,shape,11,1,2
raw_centroid,0.4533333333333333,60,SyntheticControl,shape,11,1,2
law_L1,0.3133333333333333,16,SyntheticControl,shape,11,1,3
law_Lall,0.3133333333333333,16,SyntheticControl,shape,11,1,3
raw_1nn_ed,0.4466666666666666,60,SyntheticControl,shape,11,1,3
raw_centroid,0.4466666666666666,60,SyntheticControl,shape,11,1,3
law_L1,0.3133333333333333,16,SyntheticControl,shape,11,1,4
law_Lall,0.3133333333333333,16,SyntheticControl,shape,11,1,4
raw_1nn_ed,0.4766666666666667,60,SyntheticControl,shape,11,1,4
raw_centroid,0.4766666666666667,60,SyntheticControl,shape,11,1,4
law_L1,0.26,16,SyntheticControl,shape,11,2,0
law_Lall,0.2266666666666666,16,SyntheticControl,shape,11,2,0
raw_1nn_ed,0.3866666666666666,60,SyntheticControl,shape,11,2,0
raw_centroid,0.3633333333333333,60,SyntheticControl,shape,11,2,0
law_L1,0.2433333333333333,16,SyntheticControl,shape,11,2,1
law_Lall,0.2433333333333333,16,SyntheticControl,shape,11,2,1
raw_1nn_ed,0.4066666666666667,60,SyntheticControl,shape,11,2,1
raw_centroid,0.3466666666666667,60,SyntheticControl,shape,11,2,1
law_L1,0.27,16,SyntheticControl,shape,11,2,2
law_Lall,0.2633333333333333,16,SyntheticControl,shape,11,2,2
raw_1nn_ed,0.3566666666666667,60,SyntheticControl,shape,11,2,2
raw_centroid,0.3266666666666666,60,SyntheticControl,shape,11,2,2
law_L1,0.2033333333333333,16,SyntheticControl,shape,11,2,3
law_Lall,0.23,16,SyntheticControl,shape,11,2,3
raw_1nn_ed,0.36,60,SyntheticControl,shape,11,2,3
raw_centroid,0.2833333333333333,60,SyntheticControl,shape,11,2,3
law_L1,0.1666666666666666,16,SyntheticControl,shape,11,2,4
law_Lall,0.2,16,SyntheticControl,shape,11,2,4
raw_1nn_ed,0.34,60,SyntheticControl,shape,11,2,4
raw_centroid,0.34,60,SyntheticControl,shape,11,2,4
law_L1,0.0966666666666666,16,SyntheticControl,shape,11,5,0
law_Lall,0.0633333333333333,16,SyntheticControl,shape,11,5,0
raw_1nn_ed,0.2266666666666666,60,SyntheticControl,shape,11,5,0
raw_centroid,0.1433333333333333,60,SyntheticControl,shape,11,5,0
law_L1,0.1966666666666666,16,SyntheticControl,shape,11,5,1
law_Lall,0.0733333333333333,16,SyntheticControl,shape,11,5,1
raw_1nn_ed,0.2566666666666666,60,SyntheticControl,shape,11,5,1
raw_centroid,0.23,60,SyntheticControl,shape,11,5,1
law_L1,0.2233333333333333,16,SyntheticControl,shape,11,5,2
law_Lall,0.1233333333333333,16,SyntheticControl,shape,11,5,2
raw_1nn_ed,0.28,60,SyntheticControl,shape,11,5,2
raw_centroid,0.2433333333333333,60,SyntheticControl,shape,11,5,2
law_L1,0.15,16,SyntheticControl,shape,11,5,3
law_Lall,0.0666666666666666,16,SyntheticControl,shape,11,5,3
raw_1nn_ed,0.2533333333333333,60,SyntheticControl,shape,11,5,3
raw_centroid,0.19,60,SyntheticControl,shape,11,5,3
law_L1,0.2466666666666666,16,SyntheticControl,shape,11,5,4
law_Lall,0.1166666666666666,16,SyntheticControl,shape,11,5,4
raw_1nn_ed,0.2933333333333333,60,SyntheticControl,shape,11,5,4
raw_centroid,0.24,60,SyntheticControl,shape,11,5,4
law_L1,0.0933333333333333,16,SyntheticControl,shape,11,10,0
law_Lall,0.02,16,SyntheticControl,shape,11,10,0
raw_1nn_ed,0.2166666666666666,60,SyntheticControl,shape,11,10,0
raw_centroid,0.1066666666666666,60,SyntheticControl,shape,11,10,0
law_L1,0.12,16,SyntheticControl,shape,11,10,1
law_Lall,0.0233333333333333,16,SyntheticControl,shape,11,10,1
raw_1nn_ed,0.1633333333333333,60,SyntheticControl,shape,11,10,1
raw_centroid,0.1233333333333333,60,SyntheticControl,shape,11,10,1
law_L1,0.1533333333333333,16,SyntheticControl,shape,11,10,2
law_Lall,0.06,16,SyntheticControl,shape,11,10,2
raw_1nn_ed,0.2066666666666666,60,SyntheticControl,shape,11,10,2
raw_centroid,0.1533333333333333,60,SyntheticControl,shape,11,10,2
law_L1,0.1866666666666666,16,SyntheticControl,shape,11,10,3
law_Lall,0.0266666666666666,16,SyntheticControl,shape,11,10,3
raw_1nn_ed,0.1533333333333333,60,SyntheticControl,shape,11,10,3
raw_centroid,0.1966666666666666,60,SyntheticControl,shape,11,10,3
law_L1,0.1333333333333333,16,SyntheticControl,shape,11,10,4
law_Lall,0.0266666666666666,16,SyntheticControl,shape,11,10,4
raw_1nn_ed,0.1866666666666666,60,SyntheticControl,shape,11,10,4
raw_centroid,0.1566666666666666,60,SyntheticControl,shape,11,10,4
law_L1,0.3233333333333333,16,SyntheticControl,shape,23,1,0
law_Lall,0.3233333333333333,16,SyntheticControl,shape,23,1,0
raw_1nn_ed,0.4266666666666667,60,SyntheticControl,shape,23,1,0
raw_centroid,0.4266666666666667,60,SyntheticControl,shape,23,1,0
law_L1,0.3333333333333333,16,SyntheticControl,shape,23,1,1
law_Lall,0.3333333333333333,16,SyntheticControl,shape,23,1,1
raw_1nn_ed,0.5133333333333333,60,SyntheticControl,shape,23,1,1
raw_centroid,0.5133333333333333,60,SyntheticControl,shape,23,1,1
law_L1,0.31,16,SyntheticControl,shape,23,1,2
law_Lall,0.31,16,SyntheticControl,shape,23,1,2
raw_1nn_ed,0.43,60,SyntheticControl,shape,23,1,2
raw_centroid,0.43,60,SyntheticControl,shape,23,1,2
law_L1,0.33,16,SyntheticControl,shape,23,1,3
law_Lall,0.33,16,SyntheticControl,shape,23,1,3
raw_1nn_ed,0.4633333333333333,60,SyntheticControl,shape,23,1,3
raw_centroid,0.4633333333333333,60,SyntheticControl,shape,23,1,3
law_L1,0.3233333333333333,16,SyntheticControl,shape,23,1,4
law_Lall,0.3233333333333333,16,SyntheticControl,shape,23,1,4
raw_1nn_ed,0.49,60,SyntheticControl,shape,23,1,4
raw_centroid,0.49,60,SyntheticControl,shape,23,1,4
law_L1,0.16,16,SyntheticControl,shape,23,2,0
law_Lall,0.14,16,SyntheticControl,shape,23,2,0
raw_1nn_ed,0.3233333333333333,60,SyntheticControl,shape,23,2,0
raw_centroid,0.2466666666666666,60,SyntheticControl,shape,23,2,0
law_L1,0.2633333333333333,16,SyntheticControl,shape,23,2,1
law_Lall,0.2366666666666666,16,SyntheticControl,shape,23,2,1
raw_1nn_ed,0.4233333333333333,60,SyntheticControl,shape,23,2,1
raw_centroid,0.3866666666666666,60,SyntheticControl,shape,23,2,1
law_L1,0.2433333333333333,16,SyntheticControl,shape,23,2,2
law_Lall,0.2233333333333333,16,SyntheticControl,shape,23,2,2
raw_1nn_ed,0.3566666666666667,60,SyntheticControl,shape,23,2,2
raw_centroid,0.2966666666666667,60,SyntheticControl,shape,23,2,2
law_L1,0.2133333333333333,16,SyntheticControl,shape,23,2,3
law_Lall,0.1933333333333333,16,SyntheticControl,shape,23,2,3
raw_1nn_ed,0.3533333333333333,60,SyntheticControl,shape,23,2,3
raw_centroid,0.2833333333333333,60,SyntheticControl,shape,23,2,3
law_L1,0.2066666666666666,16,SyntheticControl,shape,23,2,4
law_Lall,0.1933333333333333,16,SyntheticControl,shape,23,2,4
raw_1nn_ed,0.37,60,SyntheticControl,shape,23,2,4
raw_centroid,0.2266666666666666,60,SyntheticControl,shape,23,2,4
law_L1,0.1633333333333333,16,SyntheticControl,shape,23,5,0
law_Lall,0.0566666666666666,16,SyntheticControl,shape,23,5,0
raw_1nn_ed,0.2533333333333333,60,SyntheticControl,shape,23,5,0
raw_centroid,0.2366666666666666,60,SyntheticControl,shape,23,5,0
law_L1,0.1766666666666666,16,SyntheticControl,shape,23,5,1
law_Lall,0.09,16,SyntheticControl,shape,23,5,1
raw_1nn_ed,0.26,60,SyntheticControl,shape,23,5,1
raw_centroid,0.2133333333333333,60,SyntheticControl,shape,23,5,1
law_L1,0.11,16,SyntheticControl,shape,23,5,2
law_Lall,0.0533333333333333,16,SyntheticControl,shape,23,5,2
raw_1nn_ed,0.21,60,SyntheticControl,shape,23,5,2
raw_centroid,0.19,60,SyntheticControl,shape,23,5,2
law_L1,0.1933333333333333,16,SyntheticControl,shape,23,5,3
law_Lall,0.0533333333333333,16,SyntheticControl,shape,23,5,3
raw_1nn_ed,0.23,60,SyntheticControl,shape,23,5,3
raw_centroid,0.2066666666666666,60,SyntheticControl,shape,23,5,3
law_L1,0.16,16,SyntheticControl,shape,23,5,4
law_Lall,0.0333333333333333,16,SyntheticControl,shape,23,5,4
raw_1nn_ed,0.22,60,SyntheticControl,shape,23,5,4
raw_centroid,0.2033333333333333,60,SyntheticControl,shape,23,5,4
law_L1,0.1133333333333333,16,SyntheticControl,shape,23,10,0
law_Lall,0.0066666666666666,16,SyntheticControl,shape,23,10,0
raw_1nn_ed,0.21,60,SyntheticControl,shape,23,10,0
raw_centroid,0.1366666666666666,60,SyntheticControl,shape,23,10,0
law_L1,0.1266666666666666,16,SyntheticControl,shape,23,10,1
law_Lall,0.0433333333333333,16,SyntheticControl,shape,23,10,1
raw_1nn_ed,0.1866666666666666,60,SyntheticControl,shape,23,10,1
raw_centroid,0.1733333333333333,60,SyntheticControl,shape,23,10,1
law_L1,0.1933333333333333,16,SyntheticControl,shape,23,10,2
law_Lall,0.0733333333333333,16,SyntheticControl,shape,23,10,2
raw_1nn_ed,0.2033333333333333,60,SyntheticControl,shape,23,10,2
raw_centroid,0.1966666666666666,60,SyntheticControl,shape,23,10,2
law_L1,0.1333333333333333,16,SyntheticControl,shape,23,10,3
law_Lall,0.01,16,SyntheticControl,shape,23,10,3
raw_1nn_ed,0.1966666666666666,60,SyntheticControl,shape,23,10,3
raw_centroid,0.1366666666666666,60,SyntheticControl,shape,23,10,3
law_L1,0.17,16,SyntheticControl,shape,23,10,4
law_Lall,0.0233333333333333,16,SyntheticControl,shape,23,10,4
raw_1nn_ed,0.21,60,SyntheticControl,shape,23,10,4
raw_centroid,0.1866666666666666,60,SyntheticControl,shape,23,10,4
law_L1,0.3,16,SyntheticControl,shape,42,1,0
law_Lall,0.3,16,SyntheticControl,shape,42,1,0
raw_1nn_ed,0.4766666666666667,60,SyntheticControl,shape,42,1,0
raw_centroid,0.4766666666666667,60,SyntheticControl,shape,42,1,0
law_L1,0.32,16,SyntheticControl,shape,42,1,1
law_Lall,0.32,16,SyntheticControl,shape,42,1,1
raw_1nn_ed,0.4733333333333333,60,SyntheticControl,shape,42,1,1
raw_centroid,0.4733333333333333,60,SyntheticControl,shape,42,1,1
law_L1,0.3533333333333333,16,SyntheticControl,shape,42,1,2
law_Lall,0.3533333333333333,16,SyntheticControl,shape,42,1,2
raw_1nn_ed,0.49,60,SyntheticControl,shape,42,1,2
raw_centroid,0.49,60,SyntheticControl,shape,42,1,2
law_L1,0.21,4,SyntheticControl,shape,42,1,3
law_Lall,0.21,4,SyntheticControl,shape,42,1,3
raw_1nn_ed,0.5033333333333333,60,SyntheticControl,shape,42,1,3
raw_centroid,0.5033333333333333,60,SyntheticControl,shape,42,1,3
law_L1,0.2733333333333333,16,SyntheticControl,shape,42,1,4
law_Lall,0.2733333333333333,16,SyntheticControl,shape,42,1,4
raw_1nn_ed,0.4333333333333333,60,SyntheticControl,shape,42,1,4
raw_centroid,0.4333333333333333,60,SyntheticControl,shape,42,1,4
law_L1,0.26,16,SyntheticControl,shape,42,2,0
law_Lall,0.23,16,SyntheticControl,shape,42,2,0
raw_1nn_ed,0.39,60,SyntheticControl,shape,42,2,0
raw_centroid,0.3066666666666666,60,SyntheticControl,shape,42,2,0
law_L1,0.2033333333333333,16,SyntheticControl,shape,42,2,1
law_Lall,0.19,16,SyntheticControl,shape,42,2,1
raw_1nn_ed,0.35,60,SyntheticControl,shape,42,2,1
raw_centroid,0.2733333333333333,60,SyntheticControl,shape,42,2,1
law_L1,0.26,16,SyntheticControl,shape,42,2,2
law_Lall,0.25,16,SyntheticControl,shape,42,2,2
raw_1nn_ed,0.4,60,SyntheticControl,shape,42,2,2
raw_centroid,0.33,60,SyntheticControl,shape,42,2,2
law_L1,0.2566666666666666,16,SyntheticControl,shape,42,2,3
law_Lall,0.22,16,SyntheticControl,shape,42,2,3
raw_1nn_ed,0.3766666666666666,60,SyntheticControl,shape,42,2,3
raw_centroid,0.35,60,SyntheticControl,shape,42,2,3
law_L1,0.2433333333333333,16,SyntheticControl,shape,42,2,4
law_Lall,0.22,16,SyntheticControl,shape,42,2,4
raw_1nn_ed,0.38,60,SyntheticControl,shape,42,2,4
raw_centroid,0.37,60,SyntheticControl,shape,42,2,4
law_L1,0.12,16,SyntheticControl,shape,42,5,0
law_Lall,0.0833333333333333,16,SyntheticControl,shape,42,5,0
raw_1nn_ed,0.2966666666666667,60,SyntheticControl,shape,42,5,0
raw_centroid,0.2133333333333333,60,SyntheticControl,shape,42,5,0
law_L1,0.16,16,SyntheticControl,shape,42,5,1
law_Lall,0.07,16,SyntheticControl,shape,42,5,1
raw_1nn_ed,0.2433333333333333,60,SyntheticControl,shape,42,5,1
raw_centroid,0.2066666666666666,60,SyntheticControl,shape,42,5,1
law_L1,0.1433333333333333,16,SyntheticControl,shape,42,5,2
law_Lall,0.0833333333333333,16,SyntheticControl,shape,42,5,2
raw_1nn_ed,0.21,60,SyntheticControl,shape,42,5,2
raw_centroid,0.1666666666666666,60,SyntheticControl,shape,42,5,2
law_L1,0.1266666666666666,16,SyntheticControl,shape,42,5,3
law_Lall,0.0933333333333333,16,SyntheticControl,shape,42,5,3
raw_1nn_ed,0.3,60,SyntheticControl,shape,42,5,3
raw_centroid,0.1333333333333333,60,SyntheticControl,shape,42,5,3
law_L1,0.1633333333333333,16,SyntheticControl,shape,42,5,4
law_Lall,0.1133333333333333,16,SyntheticControl,shape,42,5,4
raw_1nn_ed,0.2733333333333333,60,SyntheticControl,shape,42,5,4
raw_centroid,0.1833333333333333,60,SyntheticControl,shape,42,5,4
law_L1,0.1333333333333333,16,SyntheticControl,shape,42,10,0
law_Lall,0.02,16,SyntheticControl,shape,42,10,0
raw_1nn_ed,0.1933333333333333,60,SyntheticControl,shape,42,10,0
raw_centroid,0.13,60,SyntheticControl,shape,42,10,0
law_L1,0.1633333333333333,16,SyntheticControl,shape,42,10,1
law_Lall,0.06,16,SyntheticControl,shape,42,10,1
raw_1nn_ed,0.1766666666666666,60,SyntheticControl,shape,42,10,1
raw_centroid,0.1766666666666666,60,SyntheticControl,shape,42,10,1
law_L1,0.14,16,SyntheticControl,shape,42,10,2
law_Lall,0.03,16,SyntheticControl,shape,42,10,2
raw_1nn_ed,0.1833333333333333,60,SyntheticControl,shape,42,10,2
raw_centroid,0.1533333333333333,60,SyntheticControl,shape,42,10,2
law_L1,0.1533333333333333,16,SyntheticControl,shape,42,10,3
law_Lall,0.02,16,SyntheticControl,shape,42,10,3
raw_1nn_ed,0.17,60,SyntheticControl,shape,42,10,3
raw_centroid,0.1533333333333333,60,SyntheticControl,shape,42,10,3
law_L1,0.16,16,SyntheticControl,shape,42,10,4
law_Lall,0.0633333333333333,16,SyntheticControl,shape,42,10,4
raw_1nn_ed,0.1733333333333333,60,SyntheticControl,shape,42,10,4
raw_centroid,0.1766666666666666,60,SyntheticControl,shape,42,10,4
law_L1,0.4077777777777778,16,CBF,shape,11,1,0
law_Lall,0.4077777777777778,16,CBF,shape,11,1,0
raw_1nn_ed,0.4455555555555555,128,CBF,shape,11,1,0
raw_centroid,0.4455555555555555,128,CBF,shape,11,1,0
law_L1,0.3933333333333333,16,CBF,shape,11,1,1
law_Lall,0.3933333333333333,16,CBF,shape,11,1,1
raw_1nn_ed,0.4055555555555555,128,CBF,shape,11,1,1
raw_centroid,0.4055555555555555,128,CBF,shape,11,1,1
law_L1,0.3722222222222222,32,CBF,shape,11,1,2
law_Lall,0.3722222222222222,32,CBF,shape,11,1,2
raw_1nn_ed,0.3755555555555555,128,CBF,shape,11,1,2
raw_centroid,0.3755555555555555,128,CBF,shape,11,1,2
law_L1,0.42,32,CBF,shape,11,1,3
law_Lall,0.42,32,CBF,shape,11,1,3
raw_1nn_ed,0.4166666666666667,128,CBF,shape,11,1,3
raw_centroid,0.4166666666666667,128,CBF,shape,11,1,3
law_L1,0.4188888888888888,16,CBF,shape,11,1,4
law_Lall,0.4188888888888888,16,CBF,shape,11,1,4
raw_1nn_ed,0.4166666666666667,128,CBF,shape,11,1,4
raw_centroid,0.4166666666666667,128,CBF,shape,11,1,4
law_L1,0.3411111111111111,16,CBF,shape,11,2,0
law_Lall,0.2922222222222222,16,CBF,shape,11,2,0
raw_1nn_ed,0.3155555555555555,128,CBF,shape,11,2,0
raw_centroid,0.3444444444444444,128,CBF,shape,11,2,0
law_L1,0.3222222222222222,16,CBF,shape,11,2,1
law_Lall,0.2911111111111111,16,CBF,shape,11,2,1
raw_1nn_ed,0.2944444444444444,128,CBF,shape,11,2,1
raw_centroid,0.3288888888888889,128,CBF,shape,11,2,1
law_L1,0.2077777777777777,16,CBF,shape,11,2,2
law_Lall,0.2244444444444444,16,CBF,shape,11,2,2
raw_1nn_ed,0.2922222222222222,128,CBF,shape,11,2,2
raw_centroid,0.25,128,CBF,shape,11,2,2
law_L1,0.4,32,CBF,shape,11,2,3
law_Lall,0.3611111111111111,32,CBF,shape,11,2,3
raw_1nn_ed,0.3688888888888889,128,CBF,shape,11,2,3
raw_centroid,0.4066666666666667,128,CBF,shape,11,2,3
law_L1,0.3911111111111111,16,CBF,shape,11,2,4
law_Lall,0.3033333333333333,16,CBF,shape,11,2,4
raw_1nn_ed,0.3366666666666666,128,CBF,shape,11,2,4
raw_centroid,0.3944444444444444,128,CBF,shape,11,2,4
law_L1,0.3066666666666666,32,CBF,shape,11,5,0
law_Lall,0.3011111111111111,32,CBF,shape,11,5,0
raw_1nn_ed,0.3177777777777777,128,CBF,shape,11,5,0
raw_centroid,0.3088888888888889,128,CBF,shape,11,5,0
law_L1,0.2555555555555555,16,CBF,shape,11,5,1
law_Lall,0.1622222222222222,16,CBF,shape,11,5,1
raw_1nn_ed,0.2333333333333333,128,CBF,shape,11,5,1
raw_centroid,0.2611111111111111,128,CBF,shape,11,5,1
law_L1,0.1588888888888888,16,CBF,shape,11,5,2
law_Lall,0.0944444444444444,16,CBF,shape,11,5,2
raw_1nn_ed,0.2055555555555555,128,CBF,shape,11,5,2
raw_centroid,0.1644444444444444,128,CBF,shape,11,5,2
law_L1,0.2533333333333333,16,CBF,shape,11,5,3
law_Lall,0.1522222222222222,16,CBF,shape,11,5,3
raw_1nn_ed,0.2233333333333333,128,CBF,shape,11,5,3
raw_centroid,0.2511111111111111,128,CBF,shape,11,5,3
law_L1,0.1555555555555555,16,CBF,shape,11,5,4
law_Lall,0.1533333333333333,16,CBF,shape,11,5,4
raw_1nn_ed,0.2755555555555555,128,CBF,shape,11,5,4
raw_centroid,0.16,128,CBF,shape,11,5,4
law_L1,0.2577777777777778,16,CBF,shape,23,1,0
law_Lall,0.2577777777777778,16,CBF,shape,23,1,0
raw_1nn_ed,0.44,128,CBF,shape,23,1,0
raw_centroid,0.44,128,CBF,shape,23,1,0
law_L1,0.2577777777777778,16,CBF,shape,23,1,1
law_Lall,0.2577777777777778,16,CBF,shape,23,1,1
raw_1nn_ed,0.3,128,CBF,shape,23,1,1
raw_centroid,0.3,128,CBF,shape,23,1,1
law_L1,0.2977777777777777,16,CBF,shape,23,1,2
law_Lall,0.2977777777777777,16,CBF,shape,23,1,2
raw_1nn_ed,0.3155555555555555,128,CBF,shape,23,1,2
raw_centroid,0.3155555555555555,128,CBF,shape,23,1,2
law_L1,0.5111111111111111,16,CBF,shape,23,1,3
law_Lall,0.5111111111111111,16,CBF,shape,23,1,3
raw_1nn_ed,0.5233333333333333,128,CBF,shape,23,1,3
raw_centroid,0.5233333333333333,128,CBF,shape,23,1,3
law_L1,0.3811111111111111,32,CBF,shape,23,1,4
law_Lall,0.3811111111111111,32,CBF,shape,23,1,4
raw_1nn_ed,0.3777777777777777,128,CBF,shape,23,1,4
raw_centroid,0.3777777777777777,128,CBF,shape,23,1,4
law_L1,0.1955555555555555,16,CBF,shape,23,2,0
law_Lall,0.1855555555555555,16,CBF,shape,23,2,0
raw_1nn_ed,0.2466666666666666,128,CBF,shape,23,2,0
raw_centroid,0.2066666666666666,128,CBF,shape,23,2,0
law_L1,0.2877777777777778,16,CBF,shape,23,2,1
law_Lall,0.31,16,CBF,shape,23,2,1
raw_1nn_ed,0.4155555555555555,128,CBF,shape,23,2,1
raw_centroid,0.3311111111111111,128,CBF,shape,23,2,1
law_L1,0.2422222222222222,16,CBF,shape,23,2,2
law_Lall,0.2422222222222222,16,CBF,shape,23,2,2
raw_1nn_ed,0.2988888888888888,128,CBF,shape,23,2,2
raw_centroid,0.2555555555555555,128,CBF,shape,23,2,2
law_L1,0.3177777777777777,16,CBF,shape,23,2,3
law_Lall,0.3444444444444444,16,CBF,shape,23,2,3
raw_1nn_ed,0.3811111111111111,128,CBF,shape,23,2,3
raw_centroid,0.3433333333333333,128,CBF,shape,23,2,3
law_L1,0.3177777777777777,32,CBF,shape,23,2,4
law_Lall,0.2333333333333333,32,CBF,shape,23,2,4
raw_1nn_ed,0.2622222222222222,128,CBF,shape,23,2,4
raw_centroid,0.3366666666666666,128,CBF,shape,23,2,4
law_L1,0.2966666666666667,16,CBF,shape,23,5,0
law_Lall,0.1744444444444444,16,CBF,shape,23,5,0
raw_1nn_ed,0.25,128,CBF,shape,23,5,0
raw_centroid,0.2977777777777777,128,CBF,shape,23,5,0
law_L1,0.2088888888888889,16,CBF,shape,23,5,1
law_Lall,0.1133333333333333,16,CBF,shape,23,5,1
raw_1nn_ed,0.1822222222222222,128,CBF,shape,23,5,1
raw_centroid,0.1988888888888889,128,CBF,shape,23,5,1
law_L1,0.2177777777777777,16,CBF,shape,23,5,2
law_Lall,0.1533333333333333,16,CBF,shape,23,5,2
raw_1nn_ed,0.2122222222222222,128,CBF,shape,23,5,2
raw_centroid,0.2244444444444444,128,CBF,shape,23,5,2
law_L1,0.2866666666666667,32,CBF,shape,23,5,3
law_Lall,0.1911111111111111,32,CBF,shape,23,5,3
raw_1nn_ed,0.2377777777777777,128,CBF,shape,23,5,3
raw_centroid,0.29,128,CBF,shape,23,5,3
law_L1,0.1277777777777777,16,CBF,shape,23,5,4
law_Lall,0.1644444444444444,16,CBF,shape,23,5,4
raw_1nn_ed,0.2155555555555555,128,CBF,shape,23,5,4
raw_centroid,0.15,128,CBF,shape,23,5,4
law_L1,0.2977777777777777,16,CBF,shape,42,1,0
law_Lall,0.2977777777777777,16,CBF,shape,42,1,0
raw_1nn_ed,0.3155555555555555,128,CBF,shape,42,1,0
raw_centroid,0.3155555555555555,128,CBF,shape,42,1,0
law_L1,0.3544444444444444,32,CBF,shape,42,1,1
law_Lall,0.3544444444444444,32,CBF,shape,42,1,1
raw_1nn_ed,0.3633333333333333,128,CBF,shape,42,1,1
raw_centroid,0.3633333333333333,128,CBF,shape,42,1,1
law_L1,0.3322222222222222,32,CBF,shape,42,1,2
law_Lall,0.3322222222222222,32,CBF,shape,42,1,2
raw_1nn_ed,0.3455555555555555,128,CBF,shape,42,1,2
raw_centroid,0.3455555555555555,128,CBF,shape,42,1,2
law_L1,0.3677777777777777,48,CBF,shape,42,1,3
law_Lall,0.3677777777777777,48,CBF,shape,42,1,3
raw_1nn_ed,0.36,128,CBF,shape,42,1,3
raw_centroid,0.36,128,CBF,shape,42,1,3
law_L1,0.2544444444444444,32,CBF,shape,42,1,4
law_Lall,0.2544444444444444,32,CBF,shape,42,1,4
raw_1nn_ed,0.2633333333333333,128,CBF,shape,42,1,4
raw_centroid,0.2633333333333333,128,CBF,shape,42,1,4
law_L1,0.2122222222222222,32,CBF,shape,42,2,0
law_Lall,0.2588888888888889,32,CBF,shape,42,2,0
raw_1nn_ed,0.2533333333333333,128,CBF,shape,42,2,0
raw_centroid,0.23,128,CBF,shape,42,2,0
law_L1,0.3266666666666666,16,CBF,shape,42,2,1
law_Lall,0.2833333333333333,16,CBF,shape,42,2,1
raw_1nn_ed,0.3033333333333333,128,CBF,shape,42,2,1
raw_centroid,0.3377777777777778,128,CBF,shape,42,2,1
law_L1,0.38,16,CBF,shape,42,2,2
law_Lall,0.3711111111111111,16,CBF,shape,42,2,2
raw_1nn_ed,0.3711111111111111,128,CBF,shape,42,2,2
raw_centroid,0.38,128,CBF,shape,42,2,2
law_L1,0.2644444444444444,16,CBF,shape,42,2,3
law_Lall,0.2444444444444444,16,CBF,shape,42,2,3
raw_1nn_ed,0.2788888888888889,128,CBF,shape,42,2,3
raw_centroid,0.2744444444444444,128,CBF,shape,42,2,3
law_L1,0.5266666666666666,16,CBF,shape,42,2,4
law_Lall,0.51,16,CBF,shape,42,2,4
raw_1nn_ed,0.5522222222222222,128,CBF,shape,42,2,4
raw_centroid,0.5488888888888889,128,CBF,shape,42,2,4
law_L1,0.2288888888888889,16,CBF,shape,42,5,0
law_Lall,0.1322222222222222,16,CBF,shape,42,5,0
raw_1nn_ed,0.2122222222222222,128,CBF,shape,42,5,0
raw_centroid,0.2366666666666666,128,CBF,shape,42,5,0
law_L1,0.3322222222222222,16,CBF,shape,42,5,1
law_Lall,0.1933333333333333,16,CBF,shape,42,5,1
raw_1nn_ed,0.2555555555555555,128,CBF,shape,42,5,1
raw_centroid,0.3433333333333333,128,CBF,shape,42,5,1
law_L1,0.2666666666666666,16,CBF,shape,42,5,2
law_Lall,0.1533333333333333,16,CBF,shape,42,5,2
raw_1nn_ed,0.2433333333333333,128,CBF,shape,42,5,2
raw_centroid,0.2766666666666666,128,CBF,shape,42,5,2
law_L1,0.2944444444444444,16,CBF,shape,42,5,3
law_Lall,0.1211111111111111,16,CBF,shape,42,5,3
raw_1nn_ed,0.2188888888888888,128,CBF,shape,42,5,3
raw_centroid,0.2977777777777777,128,CBF,shape,42,5,3
law_L1,0.1933333333333333,16,CBF,shape,42,5,4
law_Lall,0.1477777777777777,16,CBF,shape,42,5,4
raw_1nn_ed,0.2366666666666666,128,CBF,shape,42,5,4
raw_centroid,0.2022222222222222,128,CBF,shape,42,5,4
law_L1,0.67875,32,TwoPatterns,shape,11,1,0
law_Lall,0.67875,32,TwoPatterns,shape,11,1,0
raw_1nn_ed,0.678,128,TwoPatterns,shape,11,1,0
raw_centroid,0.678,128,TwoPatterns,shape,11,1,0
law_L1,0.66975,48,TwoPatterns,shape,11,1,1
law_Lall,0.66975,48,TwoPatterns,shape,11,1,1
raw_1nn_ed,0.67025,128,TwoPatterns,shape,11,1,1
raw_centroid,0.67025,128,TwoPatterns,shape,11,1,1
law_L1,0.744,32,TwoPatterns,shape,11,1,2
law_Lall,0.744,32,TwoPatterns,shape,11,1,2
raw_1nn_ed,0.74025,128,TwoPatterns,shape,11,1,2
raw_centroid,0.74025,128,TwoPatterns,shape,11,1,2
law_L1,0.70975,48,TwoPatterns,shape,11,1,3
law_Lall,0.70975,48,TwoPatterns,shape,11,1,3
raw_1nn_ed,0.7095,128,TwoPatterns,shape,11,1,3
raw_centroid,0.7095,128,TwoPatterns,shape,11,1,3
law_L1,0.6605,48,TwoPatterns,shape,11,1,4
law_Lall,0.6605,48,TwoPatterns,shape,11,1,4
raw_1nn_ed,0.661,128,TwoPatterns,shape,11,1,4
raw_centroid,0.661,128,TwoPatterns,shape,11,1,4
law_L1,0.68875,32,TwoPatterns,shape,11,2,0
law_Lall,0.674,32,TwoPatterns,shape,11,2,0
raw_1nn_ed,0.6695,128,TwoPatterns,shape,11,2,0
raw_centroid,0.684,128,TwoPatterns,shape,11,2,0
law_L1,0.68475,48,TwoPatterns,shape,11,2,1
law_Lall,0.671,48,TwoPatterns,shape,11,2,1
raw_1nn_ed,0.66625,128,TwoPatterns,shape,11,2,1
raw_centroid,0.683,128,TwoPatterns,shape,11,2,1
law_L1,0.763,48,TwoPatterns,shape,11,2,2
law_Lall,0.7405,48,TwoPatterns,shape,11,2,2
raw_1nn_ed,0.7395,128,TwoPatterns,shape,11,2,2
raw_centroid,0.76425,128,TwoPatterns,shape,11,2,2
law_L1,0.6535,48,TwoPatterns,shape,11,2,3
law_Lall,0.675,48,TwoPatterns,shape,11,2,3
raw_1nn_ed,0.6765,128,TwoPatterns,shape,11,2,3
raw_centroid,0.65575,128,TwoPatterns,shape,11,2,3
law_L1,0.6685,32,TwoPatterns,shape,11,2,4
law_Lall,0.64975,32,TwoPatterns,shape,11,2,4
raw_1nn_ed,0.6495,128,TwoPatterns,shape,11,2,4
raw_centroid,0.66725,128,TwoPatterns,shape,11,2,4
law_L1,0.648,48,TwoPatterns,shape,11,5,0
law_Lall,0.63775,48,TwoPatterns,shape,11,5,0
raw_1nn_ed,0.64225,128,TwoPatterns,shape,11,5,0
raw_centroid,0.647,128,TwoPatterns,shape,11,5,0
law_L1,0.6835,48,TwoPatterns,shape,11,5,1
law_Lall,0.6365,48,TwoPatterns,shape,11,5,1
raw_1nn_ed,0.639,128,TwoPatterns,shape,11,5,1
raw_centroid,0.683,128,TwoPatterns,shape,11,5,1
law_L1,0.66025,48,TwoPatterns,shape,11,5,2
law_Lall,0.615,48,TwoPatterns,shape,11,5,2
raw_1nn_ed,0.61775,128,TwoPatterns,shape,11,5,2
raw_centroid,0.66075,128,TwoPatterns,shape,11,5,2
law_L1,0.677,48,TwoPatterns,shape,11,5,3
law_Lall,0.6605,48,TwoPatterns,shape,11,5,3
raw_1nn_ed,0.66225,128,TwoPatterns,shape,11,5,3
raw_centroid,0.67525,128,TwoPatterns,shape,11,5,3
law_L1,0.62375,48,TwoPatterns,shape,11,5,4
law_Lall,0.6225,48,TwoPatterns,shape,11,5,4
raw_1nn_ed,0.62025,128,TwoPatterns,shape,11,5,4
raw_centroid,0.6275,128,TwoPatterns,shape,11,5,4
law_L1,0.66925,48,TwoPatterns,shape,11,10,0
law_Lall,0.63275,48,TwoPatterns,shape,11,10,0
raw_1nn_ed,0.629,128,TwoPatterns,shape,11,10,0
raw_centroid,0.6685,128,TwoPatterns,shape,11,10,0
law_L1,0.654,48,TwoPatterns,shape,11,10,1
law_Lall,0.54575,48,TwoPatterns,shape,11,10,1
raw_1nn_ed,0.5495,128,TwoPatterns,shape,11,10,1
raw_centroid,0.65575,128,TwoPatterns,shape,11,10,1
law_L1,0.62025,48,TwoPatterns,shape,11,10,2
law_Lall,0.579,48,TwoPatterns,shape,11,10,2
raw_1nn_ed,0.5785,128,TwoPatterns,shape,11,10,2
raw_centroid,0.62375,128,TwoPatterns,shape,11,10,2
law_L1,0.62775,48,TwoPatterns,shape,11,10,3
law_Lall,0.55525,48,TwoPatterns,shape,11,10,3
raw_1nn_ed,0.5595,128,TwoPatterns,shape,11,10,3
raw_centroid,0.63,128,TwoPatterns,shape,11,10,3
law_L1,0.65775,48,TwoPatterns,shape,11,10,4
law_Lall,0.602,48,TwoPatterns,shape,11,10,4
raw_1nn_ed,0.59825,128,TwoPatterns,shape,11,10,4
raw_centroid,0.65625,128,TwoPatterns,shape,11,10,4
law_L1,0.70975,32,TwoPatterns,shape,23,1,0
law_Lall,0.70975,32,TwoPatterns,shape,23,1,0
raw_1nn_ed,0.7145,128,TwoPatterns,shape,23,1,0
raw_centroid,0.7145,128,TwoPatterns,shape,23,1,0
law_L1,0.70375,48,TwoPatterns,shape,23,1,1
law_Lall,0.70375,48,TwoPatterns,shape,23,1,1
raw_1nn_ed,0.70275,128,TwoPatterns,shape,23,1,1
raw_centroid,0.70275,128,TwoPatterns,shape,23,1,1
law_L1,0.73325,48,TwoPatterns,shape,23,1,2
law_Lall,0.73325,48,TwoPatterns,shape,23,1,2
raw_1nn_ed,0.73275,128,TwoPatterns,shape,23,1,2
raw_centroid,0.73275,128,TwoPatterns,shape,23,1,2
law_L1,0.72375,48,TwoPatterns,shape,23,1,3
law_Lall,0.72375,48,TwoPatterns,shape,23,1,3
raw_1nn_ed,0.723,128,TwoPatterns,shape,23,1,3
raw_centroid,0.723,128,TwoPatterns,shape,23,1,3
law_L1,0.6755,48,TwoPatterns,shape,23,1,4
law_Lall,0.6755,48,TwoPatterns,shape,23,1,4
raw_1nn_ed,0.67725,128,TwoPatterns,shape,23,1,4
raw_centroid,0.67725,128,TwoPatterns,shape,23,1,4
law_L1,0.66,48,TwoPatterns,shape,23,2,0
law_Lall,0.642,48,TwoPatterns,shape,23,2,0
raw_1nn_ed,0.64025,128,TwoPatterns,shape,23,2,0
raw_centroid,0.66075,128,TwoPatterns,shape,23,2,0
law_L1,0.6725,32,TwoPatterns,shape,23,2,1
law_Lall,0.65875,32,TwoPatterns,shape,23,2,1
raw_1nn_ed,0.65475,128,TwoPatterns,shape,23,2,1
raw_centroid,0.67125,128,TwoPatterns,shape,23,2,1
law_L1,0.68875,48,TwoPatterns,shape,23,2,2
law_Lall,0.71475,48,TwoPatterns,shape,23,2,2
raw_1nn_ed,0.71675,128,TwoPatterns,shape,23,2,2
raw_centroid,0.68925,128,TwoPatterns,shape,23,2,2
law_L1,0.684,32,TwoPatterns,shape,23,2,3
law_Lall,0.65725,32,TwoPatterns,shape,23,2,3
raw_1nn_ed,0.65775,128,TwoPatterns,shape,23,2,3
raw_centroid,0.682,128,TwoPatterns,shape,23,2,3
law_L1,0.694,48,TwoPatterns,shape,23,2,4
law_Lall,0.68875,48,TwoPatterns,shape,23,2,4
raw_1nn_ed,0.6845,128,TwoPatterns,shape,23,2,4
raw_centroid,0.69275,128,TwoPatterns,shape,23,2,4
law_L1,0.6445,48,TwoPatterns,shape,23,5,0
law_Lall,0.622,48,TwoPatterns,shape,23,5,0
raw_1nn_ed,0.619,128,TwoPatterns,shape,23,5,0
raw_centroid,0.64475,128,TwoPatterns,shape,23,5,0
law_L1,0.68725,48,TwoPatterns,shape,23,5,1
law_Lall,0.62675,48,TwoPatterns,shape,23,5,1
raw_1nn_ed,0.62675,128,TwoPatterns,shape,23,5,1
raw_centroid,0.686,128,TwoPatterns,shape,23,5,1
law_L1,0.66325,48,TwoPatterns,shape,23,5,2
law_Lall,0.623,48,TwoPatterns,shape,23,5,2
raw_1nn_ed,0.626,128,TwoPatterns,shape,23,5,2
raw_centroid,0.664,128,TwoPatterns,shape,23,5,2
law_L1,0.6615,48,TwoPatterns,shape,23,5,3
law_Lall,0.63225,48,TwoPatterns,shape,23,5,3
raw_1nn_ed,0.63325,128,TwoPatterns,shape,23,5,3
raw_centroid,0.658,128,TwoPatterns,shape,23,5,3
law_L1,0.66375,48,TwoPatterns,shape,23,5,4
law_Lall,0.63525,48,TwoPatterns,shape,23,5,4
raw_1nn_ed,0.635,128,TwoPatterns,shape,23,5,4
raw_centroid,0.66425,128,TwoPatterns,shape,23,5,4
law_L1,0.627,48,TwoPatterns,shape,23,10,0
law_Lall,0.57775,48,TwoPatterns,shape,23,10,0
raw_1nn_ed,0.57675,128,TwoPatterns,shape,23,10,0
raw_centroid,0.62875,128,TwoPatterns,shape,23,10,0
law_L1,0.6175,48,TwoPatterns,shape,23,10,1
law_Lall,0.582,48,TwoPatterns,shape,23,10,1
raw_1nn_ed,0.58375,128,TwoPatterns,shape,23,10,1
raw_centroid,0.616,128,TwoPatterns,shape,23,10,1
law_L1,0.6295,48,TwoPatterns,shape,23,10,2
law_Lall,0.54625,48,TwoPatterns,shape,23,10,2
raw_1nn_ed,0.54775,128,TwoPatterns,shape,23,10,2
raw_centroid,0.632,128,TwoPatterns,shape,23,10,2
law_L1,0.61275,48,TwoPatterns,shape,23,10,3
law_Lall,0.54025,48,TwoPatterns,shape,23,10,3
raw_1nn_ed,0.54425,128,TwoPatterns,shape,23,10,3
raw_centroid,0.61575,128,TwoPatterns,shape,23,10,3
law_L1,0.61275,48,TwoPatterns,shape,23,10,4
law_Lall,0.563,48,TwoPatterns,shape,23,10,4
raw_1nn_ed,0.5585,128,TwoPatterns,shape,23,10,4
raw_centroid,0.6115,128,TwoPatterns,shape,23,10,4
law_L1,0.67875,48,TwoPatterns,shape,42,1,0
law_Lall,0.67875,48,TwoPatterns,shape,42,1,0
raw_1nn_ed,0.67775,128,TwoPatterns,shape,42,1,0
raw_centroid,0.67775,128,TwoPatterns,shape,42,1,0
law_L1,0.70075,48,TwoPatterns,shape,42,1,1
law_Lall,0.70075,48,TwoPatterns,shape,42,1,1
raw_1nn_ed,0.69475,128,TwoPatterns,shape,42,1,1
raw_centroid,0.69475,128,TwoPatterns,shape,42,1,1
law_L1,0.7,32,TwoPatterns,shape,42,1,2
law_Lall,0.7,32,TwoPatterns,shape,42,1,2
raw_1nn_ed,0.69525,128,TwoPatterns,shape,42,1,2
raw_centroid,0.69525,128,TwoPatterns,shape,42,1,2
law_L1,0.72325,32,TwoPatterns,shape,42,1,3
law_Lall,0.72325,32,TwoPatterns,shape,42,1,3
raw_1nn_ed,0.72425,128,TwoPatterns,shape,42,1,3
raw_centroid,0.72425,128,TwoPatterns,shape,42,1,3
law_L1,0.7205,48,TwoPatterns,shape,42,1,4
law_Lall,0.7205,48,TwoPatterns,shape,42,1,4
raw_1nn_ed,0.722,128,TwoPatterns,shape,42,1,4
raw_centroid,0.722,128,TwoPatterns,shape,42,1,4
law_L1,0.7115,48,TwoPatterns,shape,42,2,0
law_Lall,0.68525,48,TwoPatterns,shape,42,2,0
raw_1nn_ed,0.68525,128,TwoPatterns,shape,42,2,0
raw_centroid,0.70975,128,TwoPatterns,shape,42,2,0
law_L1,0.63925,48,TwoPatterns,shape,42,2,1
law_Lall,0.6645,48,TwoPatterns,shape,42,2,1
raw_1nn_ed,0.66625,128,TwoPatterns,shape,42,2,1
raw_centroid,0.64,128,TwoPatterns,shape,42,2,1
law_L1,0.65,48,TwoPatterns,shape,42,2,2
law_Lall,0.64775,48,TwoPatterns,shape,42,2,2
raw_1nn_ed,0.6455,128,TwoPatterns,shape,42,2,2
raw_centroid,0.652,128,TwoPatterns,shape,42,2,2
law_L1,0.71975,48,TwoPatterns,shape,42,2,3
law_Lall,0.7225,48,TwoPatterns,shape,42,2,3
raw_1nn_ed,0.72425,128,TwoPatterns,shape,42,2,3
raw_centroid,0.721,128,TwoPatterns,shape,42,2,3
law_L1,0.675,48,TwoPatterns,shape,42,2,4
law_Lall,0.66175,48,TwoPatterns,shape,42,2,4
raw_1nn_ed,0.6595,128,TwoPatterns,shape,42,2,4
raw_centroid,0.676,128,TwoPatterns,shape,42,2,4
law_L1,0.63025,48,TwoPatterns,shape,42,5,0
law_Lall,0.6235,48,TwoPatterns,shape,42,5,0
raw_1nn_ed,0.6225,128,TwoPatterns,shape,42,5,0
raw_centroid,0.63,128,TwoPatterns,shape,42,5,0
law_L1,0.65625,48,TwoPatterns,shape,42,5,1
law_Lall,0.618,48,TwoPatterns,shape,42,5,1
raw_1nn_ed,0.61625,128,TwoPatterns,shape,42,5,1
raw_centroid,0.65575,128,TwoPatterns,shape,42,5,1
law_L1,0.6775,48,TwoPatterns,shape,42,5,2
law_Lall,0.6185,48,TwoPatterns,shape,42,5,2
raw_1nn_ed,0.623,128,TwoPatterns,shape,42,5,2
raw_centroid,0.675,128,TwoPatterns,shape,42,5,2
law_L1,0.62525,48,TwoPatterns,shape,42,5,3
law_Lall,0.63,48,TwoPatterns,shape,42,5,3
raw_1nn_ed,0.633,128,TwoPatterns,shape,42,5,3
raw_centroid,0.62675,128,TwoPatterns,shape,42,5,3
law_L1,0.678,48,TwoPatterns,shape,42,5,4
law_Lall,0.62275,48,TwoPatterns,shape,42,5,4
raw_1nn_ed,0.62275,128,TwoPatterns,shape,42,5,4
raw_centroid,0.67475,128,TwoPatterns,shape,42,5,4
law_L1,0.618,48,TwoPatterns,shape,42,10,0
law_Lall,0.58075,48,TwoPatterns,shape,42,10,0
raw_1nn_ed,0.583,128,TwoPatterns,shape,42,10,0
raw_centroid,0.62075,128,TwoPatterns,shape,42,10,0
law_L1,0.64175,48,TwoPatterns,shape,42,10,1
law_Lall,0.55875,48,TwoPatterns,shape,42,10,1
raw_1nn_ed,0.55375,128,TwoPatterns,shape,42,10,1
raw_centroid,0.64175,128,TwoPatterns,shape,42,10,1
law_L1,0.58225,48,TwoPatterns,shape,42,10,2
law_Lall,0.5685,48,TwoPatterns,shape,42,10,2
raw_1nn_ed,0.568,128,TwoPatterns,shape,42,10,2
raw_centroid,0.581,128,TwoPatterns,shape,42,10,2
law_L1,0.61025,48,TwoPatterns,shape,42,10,3
law_Lall,0.548,48,TwoPatterns,shape,42,10,3
raw_1nn_ed,0.548,128,TwoPatterns,shape,42,10,3
raw_centroid,0.613,128,TwoPatterns,shape,42,10,3
law_L1,0.64575,48,TwoPatterns,shape,42,10,4
law_Lall,0.58725,48,TwoPatterns,shape,42,10,4
raw_1nn_ed,0.59425,128,TwoPatterns,shape,42,10,4
raw_centroid,0.6475,128,TwoPatterns,shape,42,10,4
law_L1,0.0357142857142857,64,Coffee,shape,11,1,0
law_Lall,0.0357142857142857,64,Coffee,shape,11,1,0
raw_1nn_ed,0.0714285714285714,286,Coffee,shape,11,1,0
raw_centroid,0.0714285714285714,286,Coffee,shape,11,1,0
law_L1,0.3214285714285714,64,Coffee,shape,11,1,1
law_Lall,0.3214285714285714,64,Coffee,shape,11,1,1
raw_1nn_ed,0.3214285714285714,286,Coffee,shape,11,1,1
raw_centroid,0.3214285714285714,286,Coffee,shape,11,1,1
law_L1,0.1428571428571428,64,Coffee,shape,11,1,2
law_Lall,0.1428571428571428,64,Coffee,shape,11,1,2
raw_1nn_ed,0.1428571428571428,286,Coffee,shape,11,1,2
raw_centroid,0.1428571428571428,286,Coffee,shape,11,1,2
law_L1,0.0714285714285714,64,Coffee,shape,11,1,3
law_Lall,0.0714285714285714,64,Coffee,shape,11,1,3
raw_1nn_ed,0.0714285714285714,286,Coffee,shape,11,1,3
raw_centroid,0.0714285714285714,286,Coffee,shape,11,1,3
law_L1,0.1071428571428571,64,Coffee,shape,11,1,4
law_Lall,0.1071428571428571,64,Coffee,shape,11,1,4
raw_1nn_ed,0.1071428571428571,286,Coffee,shape,11,1,4
raw_centroid,0.1071428571428571,286,Coffee,shape,11,1,4
law_L1,0.0714285714285714,64,Coffee,shape,11,2,0
law_Lall,0.0714285714285714,64,Coffee,shape,11,2,0
raw_1nn_ed,0.0714285714285714,286,Coffee,shape,11,2,0
raw_centroid,0.0714285714285714,286,Coffee,shape,11,2,0
law_L1,0.2142857142857142,64,Coffee,shape,11,2,1
law_Lall,0.1785714285714285,64,Coffee,shape,11,2,1
raw_1nn_ed,0.1785714285714285,286,Coffee,shape,11,2,1
raw_centroid,0.2142857142857142,286,Coffee,shape,11,2,1
law_L1,0.0357142857142857,64,Coffee,shape,11,2,2
law_Lall,0.0357142857142857,64,Coffee,shape,11,2,2
raw_1nn_ed,0.0357142857142857,286,Coffee,shape,11,2,2
raw_centroid,0.0357142857142857,286,Coffee,shape,11,2,2
law_L1,0.1071428571428571,64,Coffee,shape,11,2,3
law_Lall,0.1071428571428571,64,Coffee,shape,11,2,3
raw_1nn_ed,0.1071428571428571,286,Coffee,shape,11,2,3
raw_centroid,0.1071428571428571,286,Coffee,shape,11,2,3
law_L1,0.0357142857142857,64,Coffee,shape,11,2,4
law_Lall,0.0714285714285714,64,Coffee,shape,11,2,4
raw_1nn_ed,0.0714285714285714,286,Coffee,shape,11,2,4
raw_centroid,0.0357142857142857,286,Coffee,shape,11,2,4
law_L1,0.0357142857142857,64,Coffee,shape,11,5,0
law_Lall,0.1071428571428571,64,Coffee,shape,11,5,0
raw_1nn_ed,0.1071428571428571,286,Coffee,shape,11,5,0
raw_centroid,0.0357142857142857,286,Coffee,shape,11,5,0
law_L1,0.0357142857142857,64,Coffee,shape,11,5,1
law_Lall,0.0,64,Coffee,shape,11,5,1
raw_1nn_ed,0.0,286,Coffee,shape,11,5,1
raw_centroid,0.0357142857142857,286,Coffee,shape,11,5,1
law_L1,0.1071428571428571,64,Coffee,shape,11,5,2
law_Lall,0.0,64,Coffee,shape,11,5,2
raw_1nn_ed,0.0,286,Coffee,shape,11,5,2
raw_centroid,0.1071428571428571,286,Coffee,shape,11,5,2
law_L1,0.0357142857142857,64,Coffee,shape,11,5,3
law_Lall,0.0714285714285714,64,Coffee,shape,11,5,3
raw_1nn_ed,0.0714285714285714,286,Coffee,shape,11,5,3
raw_centroid,0.0357142857142857,286,Coffee,shape,11,5,3
law_L1,0.0357142857142857,64,Coffee,shape,11,5,4
law_Lall,0.0,64,Coffee,shape,11,5,4
raw_1nn_ed,0.0,286,Coffee,shape,11,5,4
raw_centroid,0.0357142857142857,286,Coffee,shape,11,5,4
law_L1,0.0357142857142857,64,Coffee,shape,11,10,0
law_Lall,0.0,64,Coffee,shape,11,10,0
raw_1nn_ed,0.0,286,Coffee,shape,11,10,0
raw_centroid,0.0357142857142857,286,Coffee,shape,11,10,0
law_L1,0.0357142857142857,64,Coffee,shape,11,10,1
law_Lall,0.0,64,Coffee,shape,11,10,1
raw_1nn_ed,0.0,286,Coffee,shape,11,10,1
raw_centroid,0.0357142857142857,286,Coffee,shape,11,10,1
law_L1,0.0714285714285714,64,Coffee,shape,11,10,2
law_Lall,0.0,64,Coffee,shape,11,10,2
raw_1nn_ed,0.0,286,Coffee,shape,11,10,2
raw_centroid,0.0714285714285714,286,Coffee,shape,11,10,2
law_L1,0.0357142857142857,64,Coffee,shape,11,10,3
law_Lall,0.0,64,Coffee,shape,11,10,3
raw_1nn_ed,0.0,286,Coffee,shape,11,10,3
raw_centroid,0.0357142857142857,286,Coffee,shape,11,10,3
law_L1,0.0714285714285714,64,Coffee,shape,11,10,4
law_Lall,0.0,64,Coffee,shape,11,10,4
raw_1nn_ed,0.0,286,Coffee,shape,11,10,4
raw_centroid,0.0714285714285714,286,Coffee,shape,11,10,4
law_L1,0.2142857142857142,64,Coffee,shape,23,1,0
law_Lall,0.2142857142857142,64,Coffee,shape,23,1,0
raw_1nn_ed,0.2142857142857142,286,Coffee,shape,23,1,0
raw_centroid,0.2142857142857142,286,Coffee,shape,23,1,0
law_L1,0.3928571428571428,64,Coffee,shape,23,1,1
law_Lall,0.3928571428571428,64,Coffee,shape,23,1,1
raw_1nn_ed,0.3928571428571428,286,Coffee,shape,23,1,1
raw_centroid,0.3928571428571428,286,Coffee,shape,23,1,1
law_L1,0.0714285714285714,64,Coffee,shape,23,1,2
law_Lall,0.0714285714285714,64,Coffee,shape,23,1,2
raw_1nn_ed,0.0714285714285714,286,Coffee,shape,23,1,2
raw_centroid,0.0714285714285714,286,Coffee,shape,23,1,2
law_L1,0.0714285714285714,64,Coffee,shape,23,1,3
law_Lall,0.0714285714285714,64,Coffee,shape,23,1,3
raw_1nn_ed,0.0357142857142857,286,Coffee,shape,23,1,3
raw_centroid,0.0357142857142857,286,Coffee,shape,23,1,3
law_L1,0.2142857142857142,64,Coffee,shape,23,1,4
law_Lall,0.2142857142857142,64,Coffee,shape,23,1,4
raw_1nn_ed,0.1785714285714285,286,Coffee,shape,23,1,4
raw_centroid,0.1785714285714285,286,Coffee,shape,23,1,4
law_L1,0.1071428571428571,64,Coffee,shape,23,2,0
law_Lall,0.1071428571428571,64,Coffee,shape,23,2,0
raw_1nn_ed,0.1071428571428571,286,Coffee,shape,23,2,0
raw_centroid,0.1071428571428571,286,Coffee,shape,23,2,0
law_L1,0.1071428571428571,64,Coffee,shape,23,2,1
law_Lall,0.0714285714285714,64,Coffee,shape,23,2,1
raw_1nn_ed,0.0714285714285714,286,Coffee,shape,23,2,1
raw_centroid,0.1071428571428571,286,Coffee,shape,23,2,1
law_L1,0.2142857142857142,64,Coffee,shape,23,2,2
law_Lall,0.0714285714285714,64,Coffee,shape,23,2,2
raw_1nn_ed,0.0714285714285714,286,Coffee,shape,23,2,2
raw_centroid,0.1785714285714285,286,Coffee,shape,23,2,2
law_L1,0.1071428571428571,64,Coffee,shape,23,2,3
law_Lall,0.0357142857142857,64,Coffee,shape,23,2,3
raw_1nn_ed,0.0357142857142857,286,Coffee,shape,23,2,3
raw_centroid,0.1071428571428571,286,Coffee,shape,23,2,3
law_L1,0.1071428571428571,64,Coffee,shape,23,2,4
law_Lall,0.1071428571428571,64,Coffee,shape,23,2,4
raw_1nn_ed,0.1428571428571428,286,Coffee,shape,23,2,4
raw_centroid,0.1071428571428571,286,Coffee,shape,23,2,4
law_L1,0.1071428571428571,64,Coffee,shape,23,5,0
law_Lall,0.1071428571428571,64,Coffee,shape,23,5,0
raw_1nn_ed,0.1071428571428571,286,Coffee,shape,23,5,0
raw_centroid,0.1071428571428571,286,Coffee,shape,23,5,0
law_L1,0.1071428571428571,64,Coffee,shape,23,5,1
law_Lall,0.0714285714285714,64,Coffee,shape,23,5,1
raw_1nn_ed,0.0714285714285714,286,Coffee,shape,23,5,1
raw_centroid,0.1071428571428571,286,Coffee,shape,23,5,1
law_L1,0.0,64,Coffee,shape,23,5,2
law_Lall,0.0714285714285714,64,Coffee,shape,23,5,2
raw_1nn_ed,0.0714285714285714,286,Coffee,shape,23,5,2
raw_centroid,0.0,286,Coffee,shape,23,5,2
law_L1,0.0714285714285714,64,Coffee,shape,23,5,3
law_Lall,0.0714285714285714,64,Coffee,shape,23,5,3
raw_1nn_ed,0.0714285714285714,286,Coffee,shape,23,5,3
raw_centroid,0.0714285714285714,286,Coffee,shape,23,5,3
law_L1,0.0714285714285714,64,Coffee,shape,23,5,4
law_Lall,0.1071428571428571,64,Coffee,shape,23,5,4
raw_1nn_ed,0.0357142857142857,286,Coffee,shape,23,5,4
raw_centroid,0.0714285714285714,286,Coffee,shape,23,5,4
law_L1,0.0714285714285714,64,Coffee,shape,23,10,0
law_Lall,0.0,64,Coffee,shape,23,10,0
raw_1nn_ed,0.0,286,Coffee,shape,23,10,0
raw_centroid,0.0714285714285714,286,Coffee,shape,23,10,0
law_L1,0.0357142857142857,64,Coffee,shape,23,10,1
law_Lall,0.0,64,Coffee,shape,23,10,1
raw_1nn_ed,0.0,286,Coffee,shape,23,10,1
raw_centroid,0.0357142857142857,286,Coffee,shape,23,10,1
law_L1,0.0357142857142857,64,Coffee,shape,23,10,2
law_Lall,0.0714285714285714,64,Coffee,shape,23,10,2
raw_1nn_ed,0.0714285714285714,286,Coffee,shape,23,10,2
raw_centroid,0.0357142857142857,286,Coffee,shape,23,10,2
law_L1,0.0714285714285714,64,Coffee,shape,23,10,3
law_Lall,0.0,64,Coffee,shape,23,10,3
raw_1nn_ed,0.0,286,Coffee,shape,23,10,3
raw_centroid,0.0714285714285714,286,Coffee,shape,23,10,3
law_L1,0.0357142857142857,64,Coffee,shape,23,10,4
law_Lall,0.0,64,Coffee,shape,23,10,4
raw_1nn_ed,0.0,286,Coffee,shape,23,10,4
raw_centroid,0.0714285714285714,286,Coffee,shape,23,10,4
law_L1,0.0714285714285714,64,Coffee,shape,42,1,0
law_Lall,0.0714285714285714,64,Coffee,shape,42,1,0
raw_1nn_ed,0.1071428571428571,286,Coffee,shape,42,1,0
raw_centroid,0.1071428571428571,286,Coffee,shape,42,1,0
law_L1,0.0357142857142857,64,Coffee,shape,42,1,1
law_Lall,0.0357142857142857,64,Coffee,shape,42,1,1
raw_1nn_ed,0.0,286,Coffee,shape,42,1,1
raw_centroid,0.0,286,Coffee,shape,42,1,1
law_L1,0.1428571428571428,64,Coffee,shape,42,1,2
law_Lall,0.1428571428571428,64,Coffee,shape,42,1,2
raw_1nn_ed,0.1428571428571428,286,Coffee,shape,42,1,2
raw_centroid,0.1428571428571428,286,Coffee,shape,42,1,2
law_L1,0.0714285714285714,64,Coffee,shape,42,1,3
law_Lall,0.0714285714285714,64,Coffee,shape,42,1,3
raw_1nn_ed,0.0714285714285714,286,Coffee,shape,42,1,3
raw_centroid,0.0714285714285714,286,Coffee,shape,42,1,3
law_L1,0.0357142857142857,64,Coffee,shape,42,1,4
law_Lall,0.0357142857142857,64,Coffee,shape,42,1,4
raw_1nn_ed,0.0357142857142857,286,Coffee,shape,42,1,4
raw_centroid,0.0357142857142857,286,Coffee,shape,42,1,4
law_L1,0.25,64,Coffee,shape,42,2,0
law_Lall,0.0714285714285714,64,Coffee,shape,42,2,0
raw_1nn_ed,0.0714285714285714,286,Coffee,shape,42,2,0
raw_centroid,0.25,286,Coffee,shape,42,2,0
law_L1,0.0714285714285714,64,Coffee,shape,42,2,1
law_Lall,0.1071428571428571,64,Coffee,shape,42,2,1
raw_1nn_ed,0.0714285714285714,286,Coffee,shape,42,2,1
raw_centroid,0.0714285714285714,286,Coffee,shape,42,2,1
law_L1,0.25,64,Coffee,shape,42,2,2
law_Lall,0.1071428571428571,64,Coffee,shape,42,2,2
raw_1nn_ed,0.1071428571428571,286,Coffee,shape,42,2,2
raw_centroid,0.2142857142857142,286,Coffee,shape,42,2,2
law_L1,0.1428571428571428,64,Coffee,shape,42,2,3
law_Lall,0.0714285714285714,64,Coffee,shape,42,2,3
raw_1nn_ed,0.0714285714285714,286,Coffee,shape,42,2,3
raw_centroid,0.1428571428571428,286,Coffee,shape,42,2,3
law_L1,0.1071428571428571,64,Coffee,shape,42,2,4
law_Lall,0.1071428571428571,64,Coffee,shape,42,2,4
raw_1nn_ed,0.1071428571428571,286,Coffee,shape,42,2,4
raw_centroid,0.1071428571428571,286,Coffee,shape,42,2,4
law_L1,0.0357142857142857,64,Coffee,shape,42,5,0
law_Lall,0.0,64,Coffee,shape,42,5,0
raw_1nn_ed,0.0,286,Coffee,shape,42,5,0
raw_centroid,0.0357142857142857,286,Coffee,shape,42,5,0
law_L1,0.0,64,Coffee,shape,42,5,1
law_Lall,0.0,64,Coffee,shape,42,5,1
raw_1nn_ed,0.0,286,Coffee,shape,42,5,1
raw_centroid,0.0,286,Coffee,shape,42,5,1
law_L1,0.0357142857142857,64,Coffee,shape,42,5,2
law_Lall,0.0357142857142857,64,Coffee,shape,42,5,2
raw_1nn_ed,0.0357142857142857,286,Coffee,shape,42,5,2
raw_centroid,0.0357142857142857,286,Coffee,shape,42,5,2
law_L1,0.0357142857142857,64,Coffee,shape,42,5,3
law_Lall,0.0714285714285714,64,Coffee,shape,42,5,3
raw_1nn_ed,0.0714285714285714,286,Coffee,shape,42,5,3
raw_centroid,0.0714285714285714,286,Coffee,shape,42,5,3
law_L1,0.0714285714285714,64,Coffee,shape,42,5,4
law_Lall,0.0,64,Coffee,shape,42,5,4
raw_1nn_ed,0.0,286,Coffee,shape,42,5,4
raw_centroid,0.0714285714285714,286,Coffee,shape,42,5,4
law_L1,0.1071428571428571,64,Coffee,shape,42,10,0
law_Lall,0.0,64,Coffee,shape,42,10,0
raw_1nn_ed,0.0,286,Coffee,shape,42,10,0
raw_centroid,0.1071428571428571,286,Coffee,shape,42,10,0
law_L1,0.0714285714285714,64,Coffee,shape,42,10,1
law_Lall,0.0714285714285714,64,Coffee,shape,42,10,1
raw_1nn_ed,0.0714285714285714,286,Coffee,shape,42,10,1
raw_centroid,0.0714285714285714,286,Coffee,shape,42,10,1
law_L1,0.0357142857142857,64,Coffee,shape,42,10,2
law_Lall,0.0,64,Coffee,shape,42,10,2
raw_1nn_ed,0.0,286,Coffee,shape,42,10,2
raw_centroid,0.0357142857142857,286,Coffee,shape,42,10,2
law_L1,0.0714285714285714,64,Coffee,shape,42,10,3
law_Lall,0.0,64,Coffee,shape,42,10,3
raw_1nn_ed,0.0,286,Coffee,shape,42,10,3
raw_centroid,0.0714285714285714,286,Coffee,shape,42,10,3
law_L1,0.0714285714285714,64,Coffee,shape,42,10,4
law_Lall,0.0,64,Coffee,shape,42,10,4
raw_1nn_ed,0.0,286,Coffee,shape,42,10,4
raw_centroid,0.0714285714285714,286,Coffee,shape,42,10,4
law_L1,0.6482803374432187,64,Wafer,shape,11,1,0
law_Lall,0.6482803374432187,64,Wafer,shape,11,1,0
raw_1nn_ed,0.6479558728098638,152,Wafer,shape,11,1,0
raw_centroid,0.6479558728098638,152,Wafer,shape,11,1,0
law_L1,0.3723231667748215,32,Wafer,shape,11,1,1
law_Lall,0.3723231667748215,32,Wafer,shape,11,1,1
raw_1nn_ed,0.3723231667748215,152,Wafer,shape,11,1,1
raw_centroid,0.3723231667748215,152,Wafer,shape,11,1,1
law_L1,0.3072680077871512,16,Wafer,shape,11,1,2
law_Lall,0.3072680077871512,16,Wafer,shape,11,1,2
raw_1nn_ed,0.6328682673588579,152,Wafer,shape,11,1,2
raw_centroid,0.6328682673588579,152,Wafer,shape,11,1,2
law_L1,0.3468526930564568,64,Wafer,shape,11,1,3
law_Lall,0.3468526930564568,64,Wafer,shape,11,1,3
raw_1nn_ed,0.3460415314730694,152,Wafer,shape,11,1,3
raw_centroid,0.3460415314730694,152,Wafer,shape,11,1,3
law_L1,0.3658338741077223,64,Wafer,shape,11,1,4
law_Lall,0.3658338741077223,64,Wafer,shape,11,1,4
raw_1nn_ed,0.3658338741077223,152,Wafer,shape,11,1,4
raw_centroid,0.3658338741077223,152,Wafer,shape,11,1,4
law_L1,0.495295262816353,32,Wafer,shape,11,2,0
law_Lall,0.4183971447112264,32,Wafer,shape,11,2,0
raw_1nn_ed,0.3956846203763789,152,Wafer,shape,11,2,0
raw_centroid,0.4508436080467229,152,Wafer,shape,11,2,0
law_L1,0.2232316677482154,64,Wafer,shape,11,2,1
law_Lall,0.1194029850746268,64,Wafer,shape,11,2,1
raw_1nn_ed,0.1202141466580142,152,Wafer,shape,11,2,1
raw_centroid,0.2235561323815704,152,Wafer,shape,11,2,1
law_L1,0.3645360155743024,48,Wafer,shape,11,2,2
law_Lall,0.3723231667748215,48,Wafer,shape,11,2,2
raw_1nn_ed,0.3705386112913692,152,Wafer,shape,11,2,2
raw_centroid,0.3463659961064244,152,Wafer,shape,11,2,2
law_L1,0.3754055807916937,64,Wafer,shape,11,2,3
law_Lall,0.3869240752757949,64,Wafer,shape,11,2,3
raw_1nn_ed,0.3891953277092796,152,Wafer,shape,11,2,3
raw_centroid,0.377190136275146,152,Wafer,shape,11,2,3
law_L1,0.4839390006489292,64,Wafer,shape,11,2,4
law_Lall,0.1124269954574951,64,Wafer,shape,11,2,4
raw_1nn_ed,0.1091823491239454,152,Wafer,shape,11,2,4
raw_centroid,0.4832900713822193,152,Wafer,shape,11,2,4
law_L1,0.3340363400389357,64,Wafer,shape,11,5,0
law_Lall,0.0339065541855937,64,Wafer,shape,11,5,0
raw_1nn_ed,0.0410447761194029,152,Wafer,shape,11,5,0
raw_centroid,0.3330629461388709,152,Wafer,shape,11,5,0
law_L1,0.3234912394548994,64,Wafer,shape,11,5,1
law_Lall,0.3163530175210902,64,Wafer,shape,11,5,1
raw_1nn_ed,0.3163530175210902,152,Wafer,shape,11,5,1
raw_centroid,0.3231667748215444,152,Wafer,shape,11,5,1
law_L1,0.2522712524334847,32,Wafer,shape,11,5,2
law_Lall,0.0764114211550941,32,Wafer,shape,11,5,2
raw_1nn_ed,0.0689487345879299,152,Wafer,shape,11,5,2
raw_centroid,0.2386437378325762,152,Wafer,shape,11,5,2
law_L1,0.3582089552238806,32,Wafer,shape,11,5,3
law_Lall,0.1581765087605451,32,Wafer,shape,11,5,3
raw_1nn_ed,0.2920181700194679,152,Wafer,shape,11,5,3
raw_centroid,0.3562621674237508,152,Wafer,shape,11,5,3
law_L1,0.3445814406229721,64,Wafer,shape,11,5,4
law_Lall,0.0644062297209604,64,Wafer,shape,11,5,4
raw_1nn_ed,0.0624594419208306,152,Wafer,shape,11,5,4
raw_centroid,0.3450681375730045,152,Wafer,shape,11,5,4
law_L1,0.1883517196625568,32,Wafer,shape,11,10,0
law_Lall,0.0859831278390655,32,Wafer,shape,11,10,0
raw_1nn_ed,0.0931213497728747,152,Wafer,shape,11,10,0
raw_centroid,0.1781310837118754,152,Wafer,shape,11,10,0
law_L1,0.3286826735885788,32,Wafer,shape,11,10,1
law_Lall,0.036015574302401,32,Wafer,shape,11,10,1
raw_1nn_ed,0.02255029201817,152,Wafer,shape,11,10,1
raw_centroid,0.3291693705386113,152,Wafer,shape,11,10,1
law_L1,0.3330629461388709,32,Wafer,shape,11,10,2
law_Lall,0.02255029201817,32,Wafer,shape,11,10,2
raw_1nn_ed,0.0296885139519792,152,Wafer,shape,11,10,2
raw_centroid,0.3281959766385464,152,Wafer,shape,11,10,2
law_L1,0.3277092796885139,64,Wafer,shape,11,10,3
law_Lall,0.072355613238157,64,Wafer,shape,11,10,3
raw_1nn_ed,0.0473718364698247,152,Wafer,shape,11,10,3
raw_centroid,0.3277092796885139,152,Wafer,shape,11,10,3
law_L1,0.3236534717715769,32,Wafer,shape,11,10,4
law_Lall,0.0781959766385464,32,Wafer,shape,11,10,4
raw_1nn_ed,0.0365022712524334,152,Wafer,shape,11,10,4
raw_centroid,0.3249513303049967,152,Wafer,shape,11,10,4
law_L1,0.3400389357560026,64,Wafer,shape,23,1,0
law_Lall,0.3400389357560026,64,Wafer,shape,23,1,0
raw_1nn_ed,0.3374432186891629,152,Wafer,shape,23,1,0
raw_centroid,0.3374432186891629,152,Wafer,shape,23,1,0
law_L1,0.645360155743024,16,Wafer,shape,23,1,1
law_Lall,0.645360155743024,16,Wafer,shape,23,1,1
raw_1nn_ed,0.6262167423750811,152,Wafer,shape,23,1,1
raw_centroid,0.6262167423750811,152,Wafer,shape,23,1,1
law_L1,0.3755678131083712,64,Wafer,shape,23,1,2
law_Lall,0.3755678131083712,64,Wafer,shape,23,1,2
raw_1nn_ed,0.3762167423750811,152,Wafer,shape,23,1,2
raw_centroid,0.3762167423750811,152,Wafer,shape,23,1,2
law_L1,0.3491239454899416,64,Wafer,shape,23,1,3
law_Lall,0.3491239454899416,64,Wafer,shape,23,1,3
raw_1nn_ed,0.3481505515898767,152,Wafer,shape,23,1,3
raw_centroid,0.3481505515898767,152,Wafer,shape,23,1,3
law_L1,0.4097988319273199,64,Wafer,shape,23,1,4
law_Lall,0.4097988319273199,64,Wafer,shape,23,1,4
raw_1nn_ed,0.4081765087605451,152,Wafer,shape,23,1,4
raw_centroid,0.4081765087605451,152,Wafer,shape,23,1,4
law_L1,0.281635301752109,64,Wafer,shape,23,2,0
law_Lall,0.0504542504866969,64,Wafer,shape,23,2,0
raw_1nn_ed,0.0438027255029201,152,Wafer,shape,23,2,0
raw_centroid,0.2662232316677482,152,Wafer,shape,23,2,0
law_L1,0.3596690460739779,64,Wafer,shape,23,2,1
law_Lall,0.3470149253731343,64,Wafer,shape,23,2,1
raw_1nn_ed,0.3476638546398443,152,Wafer,shape,23,2,1
raw_centroid,0.3599935107073329,152,Wafer,shape,23,2,1
law_L1,0.3802725502920182,64,Wafer,shape,23,2,2
law_Lall,0.3492861778066191,64,Wafer,shape,23,2,2
raw_1nn_ed,0.3577222582738481,152,Wafer,shape,23,2,2
raw_centroid,0.3792991563919533,152,Wafer,shape,23,2,2
law_L1,0.3591823491239455,64,Wafer,shape,23,2,3
law_Lall,0.3247890979883193,64,Wafer,shape,23,2,3
raw_1nn_ed,0.3254380272550292,152,Wafer,shape,23,2,3
raw_centroid,0.359344581440623,152,Wafer,shape,23,2,3
law_L1,0.3429591174561973,64,Wafer,shape,23,2,4
law_Lall,0.341174561972745,64,Wafer,shape,23,2,4
raw_1nn_ed,0.3413367942894224,152,Wafer,shape,23,2,4
raw_centroid,0.3431213497728748,152,Wafer,shape,23,2,4
law_L1,0.3397144711226476,64,Wafer,shape,23,5,0
law_Lall,0.3390655418559377,64,Wafer,shape,23,5,0
raw_1nn_ed,0.3392277741726152,152,Wafer,shape,23,5,0
raw_centroid,0.3397144711226476,152,Wafer,shape,23,5,0
law_L1,0.3513951979234263,64,Wafer,shape,23,5,1
law_Lall,0.3309539260220636,64,Wafer,shape,23,5,1
raw_1nn_ed,0.3330629461388709,152,Wafer,shape,23,5,1
raw_centroid,0.3520441271901363,152,Wafer,shape,23,5,1
law_L1,0.3531797534068786,32,Wafer,shape,23,5,2
law_Lall,0.0882543802725503,32,Wafer,shape,23,5,2
raw_1nn_ed,0.2743348475016223,152,Wafer,shape,23,5,2
raw_centroid,0.359344581440623,152,Wafer,shape,23,5,2
law_L1,0.3419857235561324,64,Wafer,shape,23,5,3
law_Lall,0.0832251784555483,64,Wafer,shape,23,5,3
raw_1nn_ed,0.0845230369889682,152,Wafer,shape,23,5,3
raw_centroid,0.3393900064892927,152,Wafer,shape,23,5,3
law_L1,0.0567813108371187,64,Wafer,shape,23,5,4
law_Lall,0.0488319273199221,64,Wafer,shape,23,5,4
raw_1nn_ed,0.0600259571706683,152,Wafer,shape,23,5,4
raw_centroid,0.0566190785204412,152,Wafer,shape,23,5,4
law_L1,0.1349772874756651,64,Wafer,shape,23,10,0
law_Lall,0.0431537962362102,64,Wafer,shape,23,10,0
raw_1nn_ed,0.0423426346528228,152,Wafer,shape,23,10,0
raw_centroid,0.1336794289422453,152,Wafer,shape,23,10,0
law_L1,0.1383841661258922,48,Wafer,shape,23,10,1
law_Lall,0.0340687865022712,48,Wafer,shape,23,10,1
raw_1nn_ed,0.0384490590525632,152,Wafer,shape,23,10,1
raw_centroid,0.1426022063595068,152,Wafer,shape,23,10,1
law_L1,0.1190785204412719,48,Wafer,shape,23,10,2
law_Lall,0.0238481505515898,48,Wafer,shape,23,10,2
raw_1nn_ed,0.0353666450356911,152,Wafer,shape,23,10,2
raw_centroid,0.1273523685918235,152,Wafer,shape,23,10,2
law_L1,0.2965606748864374,48,Wafer,shape,23,10,3
law_Lall,0.0334198572355613,48,Wafer,shape,23,10,3
raw_1nn_ed,0.045425048669695,152,Wafer,shape,23,10,3
raw_centroid,0.2936404931862427,152,Wafer,shape,23,10,3
law_L1,0.3591823491239455,64,Wafer,shape,23,10,4
law_Lall,0.0410447761194029,64,Wafer,shape,23,10,4
raw_1nn_ed,0.0429915639195327,152,Wafer,shape,23,10,4
raw_centroid,0.3575600259571707,152,Wafer,shape,23,10,4
law_L1,0.3515574302401038,64,Wafer,shape,42,1,0
law_Lall,0.3515574302401038,64,Wafer,shape,42,1,0
raw_1nn_ed,0.3513951979234263,152,Wafer,shape,42,1,0
raw_centroid,0.3513951979234263,152,Wafer,shape,42,1,0
law_L1,0.350259571706684,64,Wafer,shape,42,1,1
law_Lall,0.350259571706684,64,Wafer,shape,42,1,1
raw_1nn_ed,0.3507462686567164,152,Wafer,shape,42,1,1
raw_centroid,0.3507462686567164,152,Wafer,shape,42,1,1
law_L1,0.3698896820246593,32,Wafer,shape,42,1,2
law_Lall,0.3698896820246593,32,Wafer,shape,42,1,2
raw_1nn_ed,0.3713497728747567,152,Wafer,shape,42,1,2
raw_centroid,0.3713497728747567,152,Wafer,shape,42,1,2
law_L1,0.3523685918234912,64,Wafer,shape,42,1,3
law_Lall,0.3523685918234912,64,Wafer,shape,42,1,3
raw_1nn_ed,0.3523685918234912,152,Wafer,shape,42,1,3
raw_centroid,0.3523685918234912,152,Wafer,shape,42,1,3
law_L1,0.3432835820895522,64,Wafer,shape,42,1,4
law_Lall,0.3432835820895522,64,Wafer,shape,42,1,4
raw_1nn_ed,0.3437702790395847,152,Wafer,shape,42,1,4
raw_centroid,0.3437702790395847,152,Wafer,shape,42,1,4
law_L1,0.3544776119402985,16,Wafer,shape,42,2,0
law_Lall,0.2242050616482803,16,Wafer,shape,42,2,0
raw_1nn_ed,0.309214795587281,152,Wafer,shape,42,2,0
raw_centroid,0.3293316028552888,152,Wafer,shape,42,2,0
law_L1,0.3460415314730694,64,Wafer,shape,42,2,1
law_Lall,0.0616482803374432,64,Wafer,shape,42,2,1
raw_1nn_ed,0.0608371187540558,152,Wafer,shape,42,2,1
raw_centroid,0.3466904607397794,152,Wafer,shape,42,2,1
law_L1,0.3601557430240104,64,Wafer,shape,42,2,2
law_Lall,0.1490914990266061,64,Wafer,shape,42,2,2
raw_1nn_ed,0.145035691109669,152,Wafer,shape,42,2,2
raw_centroid,0.3575600259571707,152,Wafer,shape,42,2,2
law_L1,0.3564243997404283,64,Wafer,shape,42,2,3
law_Lall,0.3400389357560026,64,Wafer,shape,42,2,3
raw_1nn_ed,0.3406878650227125,152,Wafer,shape,42,2,3
raw_centroid,0.3565866320571058,152,Wafer,shape,42,2,3
law_L1,0.2939649578195976,64,Wafer,shape,42,2,4
law_Lall,0.2840687865022712,64,Wafer,shape,42,2,4
raw_1nn_ed,0.286015574302401,152,Wafer,shape,42,2,4
raw_centroid,0.2938027255029202,152,Wafer,shape,42,2,4
law_L1,0.3212199870214147,48,Wafer,shape,42,5,0
law_Lall,0.0562946138870863,48,Wafer,shape,42,5,0
raw_1nn_ed,0.0712199870214146,152,Wafer,shape,42,5,0
raw_centroid,0.323004542504867,152,Wafer,shape,42,5,0
law_L1,0.3418234912394549,32,Wafer,shape,42,5,1
law_Lall,0.3244646333549643,32,Wafer,shape,42,5,1
raw_1nn_ed,0.3113238157040882,152,Wafer,shape,42,5,1
raw_centroid,0.3491239454899416,152,Wafer,shape,42,5,1
law_L1,0.368105126541207,64,Wafer,shape,42,5,2
law_Lall,0.049805321219987,64,Wafer,shape,42,5,2
raw_1nn_ed,0.0473718364698247,152,Wafer,shape,42,5,2
raw_centroid,0.3476638546398443,152,Wafer,shape,42,5,2
law_L1,0.3692407527579494,48,Wafer,shape,42,5,3
law_Lall,0.0475340687865022,48,Wafer,shape,42,5,3
raw_1nn_ed,0.0488319273199221,152,Wafer,shape,42,5,3
raw_centroid,0.3692407527579494,152,Wafer,shape,42,5,3
law_L1,0.3277092796885139,64,Wafer,shape,42,5,4
law_Lall,0.058241401687216,64,Wafer,shape,42,5,4
raw_1nn_ed,0.0697598961713173,152,Wafer,shape,42,5,4
raw_centroid,0.3268981181051265,152,Wafer,shape,42,5,4
law_L1,0.3319273199221285,48,Wafer,shape,42,10,0
law_Lall,0.0259571706683971,48,Wafer,shape,42,10,0
raw_1nn_ed,0.0257949383517196,152,Wafer,shape,42,10,0
raw_centroid,0.331765087605451,152,Wafer,shape,42,10,0
law_L1,0.3572355613238157,48,Wafer,shape,42,10,1
law_Lall,0.0209279688513952,48,Wafer,shape,42,10,1
raw_1nn_ed,0.0308241401687216,152,Wafer,shape,42,10,1
raw_centroid,0.3792991563919533,152,Wafer,shape,42,10,1
law_L1,0.1560674886437378,32,Wafer,shape,42,10,2
law_Lall,0.0207657365347177,32,Wafer,shape,42,10,2
raw_1nn_ed,0.0249837767683322,152,Wafer,shape,42,10,2
raw_centroid,0.1448734587929915,152,Wafer,shape,42,10,2
law_L1,0.3371187540558079,48,Wafer,shape,42,10,3
law_Lall,0.0340687865022712,48,Wafer,shape,42,10,3
raw_1nn_ed,0.0334198572355613,152,Wafer,shape,42,10,3
raw_centroid,0.3377676833225178,152,Wafer,shape,42,10,3
law_L1,0.3528552887735237,64,Wafer,shape,42,10,4
law_Lall,0.027255029201817,64,Wafer,shape,42,10,4
raw_1nn_ed,0.0293640493186242,152,Wafer,shape,42,10,4
raw_centroid,0.3533419857235561,152,Wafer,shape,42,10,4
law_L1,0.219047619047619,64,Plane,shape,11,1,0
law_Lall,0.219047619047619,64,Plane,shape,11,1,0
raw_1nn_ed,0.219047619047619,144,Plane,shape,11,1,0
raw_centroid,0.219047619047619,144,Plane,shape,11,1,0
law_L1,0.0761904761904762,64,Plane,shape,11,1,1
law_Lall,0.0761904761904762,64,Plane,shape,11,1,1
raw_1nn_ed,0.0761904761904762,144,Plane,shape,11,1,1
raw_centroid,0.0761904761904762,144,Plane,shape,11,1,1
law_L1,0.0571428571428571,64,Plane,shape,11,1,2
law_Lall,0.0571428571428571,64,Plane,shape,11,1,2
raw_1nn_ed,0.0571428571428571,144,Plane,shape,11,1,2
raw_centroid,0.0571428571428571,144,Plane,shape,11,1,2
law_L1,0.0571428571428571,64,Plane,shape,11,1,3
law_Lall,0.0571428571428571,64,Plane,shape,11,1,3
raw_1nn_ed,0.0571428571428571,144,Plane,shape,11,1,3
raw_centroid,0.0571428571428571,144,Plane,shape,11,1,3
law_L1,0.0761904761904762,64,Plane,shape,11,1,4
law_Lall,0.0761904761904762,64,Plane,shape,11,1,4
raw_1nn_ed,0.0761904761904762,144,Plane,shape,11,1,4
raw_centroid,0.0761904761904762,144,Plane,shape,11,1,4
law_L1,0.1714285714285714,64,Plane,shape,11,2,0
law_Lall,0.1619047619047619,64,Plane,shape,11,2,0
raw_1nn_ed,0.1619047619047619,144,Plane,shape,11,2,0
raw_centroid,0.1714285714285714,144,Plane,shape,11,2,0
law_L1,0.1047619047619047,64,Plane,shape,11,2,1
law_Lall,0.0476190476190476,64,Plane,shape,11,2,1
raw_1nn_ed,0.0476190476190476,144,Plane,shape,11,2,1
raw_centroid,0.1047619047619047,144,Plane,shape,11,2,1
law_L1,0.1047619047619047,64,Plane,shape,11,2,2
law_Lall,0.0952380952380952,64,Plane,shape,11,2,2
raw_1nn_ed,0.1047619047619047,144,Plane,shape,11,2,2
raw_centroid,0.1047619047619047,144,Plane,shape,11,2,2
law_L1,0.0666666666666666,64,Plane,shape,11,2,3
law_Lall,0.0666666666666666,64,Plane,shape,11,2,3
raw_1nn_ed,0.0666666666666666,144,Plane,shape,11,2,3
raw_centroid,0.0666666666666666,144,Plane,shape,11,2,3
law_L1,0.1142857142857142,64,Plane,shape,11,2,4
law_Lall,0.0666666666666666,64,Plane,shape,11,2,4
raw_1nn_ed,0.0666666666666666,144,Plane,shape,11,2,4
raw_centroid,0.1142857142857142,144,Plane,shape,11,2,4
law_L1,0.0380952380952381,64,Plane,shape,11,5,0
law_Lall,0.0571428571428571,64,Plane,shape,11,5,0
raw_1nn_ed,0.0666666666666666,144,Plane,shape,11,5,0
raw_centroid,0.0380952380952381,144,Plane,shape,11,5,0
law_L1,0.0285714285714285,64,Plane,shape,11,5,1
law_Lall,0.0476190476190476,64,Plane,shape,11,5,1
raw_1nn_ed,0.0476190476190476,144,Plane,shape,11,5,1
raw_centroid,0.0285714285714285,144,Plane,shape,11,5,1
law_L1,0.0380952380952381,64,Plane,shape,11,5,2
law_Lall,0.0285714285714285,64,Plane,shape,11,5,2
raw_1nn_ed,0.0285714285714285,144,Plane,shape,11,5,2
raw_centroid,0.0380952380952381,144,Plane,shape,11,5,2
law_L1,0.0666666666666666,64,Plane,shape,11,5,3
law_Lall,0.0380952380952381,64,Plane,shape,11,5,3
raw_1nn_ed,0.0380952380952381,144,Plane,shape,11,5,3
raw_centroid,0.0666666666666666,144,Plane,shape,11,5,3
law_L1,0.0476190476190476,64,Plane,shape,11,5,4
law_Lall,0.0380952380952381,64,Plane,shape,11,5,4
raw_1nn_ed,0.0380952380952381,144,Plane,shape,11,5,4
raw_centroid,0.0476190476190476,144,Plane,shape,11,5,4
law_L1,0.0666666666666666,64,Plane,shape,23,1,0
law_Lall,0.0666666666666666,64,Plane,shape,23,1,0
raw_1nn_ed,0.0666666666666666,144,Plane,shape,23,1,0
raw_centroid,0.0666666666666666,144,Plane,shape,23,1,0
law_L1,0.0666666666666666,64,Plane,shape,23,1,1
law_Lall,0.0666666666666666,64,Plane,shape,23,1,1
raw_1nn_ed,0.0666666666666666,144,Plane,shape,23,1,1
raw_centroid,0.0666666666666666,144,Plane,shape,23,1,1
law_L1,0.1809523809523809,64,Plane,shape,23,1,2
law_Lall,0.1809523809523809,64,Plane,shape,23,1,2
raw_1nn_ed,0.1809523809523809,144,Plane,shape,23,1,2
raw_centroid,0.1809523809523809,144,Plane,shape,23,1,2
law_L1,0.1809523809523809,64,Plane,shape,23,1,3
law_Lall,0.1809523809523809,64,Plane,shape,23,1,3
raw_1nn_ed,0.1809523809523809,144,Plane,shape,23,1,3
raw_centroid,0.1809523809523809,144,Plane,shape,23,1,3
law_L1,0.0857142857142857,64,Plane,shape,23,1,4
law_Lall,0.0857142857142857,64,Plane,shape,23,1,4
raw_1nn_ed,0.0857142857142857,144,Plane,shape,23,1,4
raw_centroid,0.0857142857142857,144,Plane,shape,23,1,4
law_L1,0.0571428571428571,64,Plane,shape,23,2,0
law_Lall,0.0380952380952381,64,Plane,shape,23,2,0
raw_1nn_ed,0.0380952380952381,144,Plane,shape,23,2,0
raw_centroid,0.0571428571428571,144,Plane,shape,23,2,0
law_L1,0.0476190476190476,64,Plane,shape,23,2,1
law_Lall,0.0571428571428571,64,Plane,shape,23,2,1
raw_1nn_ed,0.0571428571428571,144,Plane,shape,23,2,1
raw_centroid,0.0476190476190476,144,Plane,shape,23,2,1
law_L1,0.0571428571428571,64,Plane,shape,23,2,2
law_Lall,0.1142857142857142,64,Plane,shape,23,2,2
raw_1nn_ed,0.1142857142857142,144,Plane,shape,23,2,2
raw_centroid,0.0571428571428571,144,Plane,shape,23,2,2
law_L1,0.1333333333333333,64,Plane,shape,23,2,3
law_Lall,0.0571428571428571,64,Plane,shape,23,2,3
raw_1nn_ed,0.0571428571428571,144,Plane,shape,23,2,3
raw_centroid,0.1333333333333333,144,Plane,shape,23,2,3
law_L1,0.0476190476190476,64,Plane,shape,23,2,4
law_Lall,0.0666666666666666,64,Plane,shape,23,2,4
raw_1nn_ed,0.0666666666666666,144,Plane,shape,23,2,4
raw_centroid,0.0476190476190476,144,Plane,shape,23,2,4
law_L1,0.0285714285714285,64,Plane,shape,23,5,0
law_Lall,0.0380952380952381,64,Plane,shape,23,5,0
raw_1nn_ed,0.0380952380952381,144,Plane,shape,23,5,0
raw_centroid,0.0285714285714285,144,Plane,shape,23,5,0
law_L1,0.0380952380952381,64,Plane,shape,23,5,1
law_Lall,0.0380952380952381,64,Plane,shape,23,5,1
raw_1nn_ed,0.0380952380952381,144,Plane,shape,23,5,1
raw_centroid,0.0380952380952381,144,Plane,shape,23,5,1
law_L1,0.0380952380952381,64,Plane,shape,23,5,2
law_Lall,0.0380952380952381,64,Plane,shape,23,5,2
raw_1nn_ed,0.0476190476190476,144,Plane,shape,23,5,2
raw_centroid,0.0380952380952381,144,Plane,shape,23,5,2
law_L1,0.0666666666666666,64,Plane,shape,23,5,3
law_Lall,0.0476190476190476,64,Plane,shape,23,5,3
raw_1nn_ed,0.0476190476190476,144,Plane,shape,23,5,3
raw_centroid,0.0666666666666666,144,Plane,shape,23,5,3
law_L1,0.0380952380952381,64,Plane,shape,23,5,4
law_Lall,0.0380952380952381,64,Plane,shape,23,5,4
raw_1nn_ed,0.0380952380952381,144,Plane,shape,23,5,4
raw_centroid,0.0380952380952381,144,Plane,shape,23,5,4
law_L1,0.0761904761904762,64,Plane,shape,42,1,0
law_Lall,0.0761904761904762,64,Plane,shape,42,1,0
raw_1nn_ed,0.0761904761904762,144,Plane,shape,42,1,0
raw_centroid,0.0761904761904762,144,Plane,shape,42,1,0
law_L1,0.1142857142857142,64,Plane,shape,42,1,1
law_Lall,0.1142857142857142,64,Plane,shape,42,1,1
raw_1nn_ed,0.1142857142857142,144,Plane,shape,42,1,1
raw_centroid,0.1142857142857142,144,Plane,shape,42,1,1
law_L1,0.1238095238095238,64,Plane,shape,42,1,2
law_Lall,0.1238095238095238,64,Plane,shape,42,1,2
raw_1nn_ed,0.1238095238095238,144,Plane,shape,42,1,2
raw_centroid,0.1238095238095238,144,Plane,shape,42,1,2
law_L1,0.2,64,Plane,shape,42,1,3
law_Lall,0.2,64,Plane,shape,42,1,3
raw_1nn_ed,0.2,144,Plane,shape,42,1,3
raw_centroid,0.2,144,Plane,shape,42,1,3
law_L1,0.1142857142857142,64,Plane,shape,42,1,4
law_Lall,0.1142857142857142,64,Plane,shape,42,1,4
raw_1nn_ed,0.1142857142857142,144,Plane,shape,42,1,4
raw_centroid,0.1142857142857142,144,Plane,shape,42,1,4
law_L1,0.0666666666666666,64,Plane,shape,42,2,0
law_Lall,0.0571428571428571,64,Plane,shape,42,2,0
raw_1nn_ed,0.0571428571428571,144,Plane,shape,42,2,0
raw_centroid,0.0666666666666666,144,Plane,shape,42,2,0
law_L1,0.0571428571428571,64,Plane,shape,42,2,1
law_Lall,0.0476190476190476,64,Plane,shape,42,2,1
raw_1nn_ed,0.0476190476190476,144,Plane,shape,42,2,1
raw_centroid,0.0571428571428571,144,Plane,shape,42,2,1
law_L1,0.1619047619047619,64,Plane,shape,42,2,2
law_Lall,0.0666666666666666,64,Plane,shape,42,2,2
raw_1nn_ed,0.0666666666666666,144,Plane,shape,42,2,2
raw_centroid,0.1714285714285714,144,Plane,shape,42,2,2
law_L1,0.1619047619047619,64,Plane,shape,42,2,3
law_Lall,0.0952380952380952,64,Plane,shape,42,2,3
raw_1nn_ed,0.0952380952380952,144,Plane,shape,42,2,3
raw_centroid,0.1619047619047619,144,Plane,shape,42,2,3
law_L1,0.0571428571428571,64,Plane,shape,42,2,4
law_Lall,0.0476190476190476,64,Plane,shape,42,2,4
raw_1nn_ed,0.0476190476190476,144,Plane,shape,42,2,4
raw_centroid,0.0571428571428571,144,Plane,shape,42,2,4
law_L1,0.0476190476190476,64,Plane,shape,42,5,0
law_Lall,0.0380952380952381,64,Plane,shape,42,5,0
raw_1nn_ed,0.0380952380952381,144,Plane,shape,42,5,0
raw_centroid,0.0476190476190476,144,Plane,shape,42,5,0
law_L1,0.0571428571428571,64,Plane,shape,42,5,1
law_Lall,0.019047619047619,64,Plane,shape,42,5,1
raw_1nn_ed,0.0285714285714285,144,Plane,shape,42,5,1
raw_centroid,0.0571428571428571,144,Plane,shape,42,5,1
law_L1,0.0380952380952381,64,Plane,shape,42,5,2
law_Lall,0.0476190476190476,64,Plane,shape,42,5,2
raw_1nn_ed,0.0476190476190476,144,Plane,shape,42,5,2
raw_centroid,0.0380952380952381,144,Plane,shape,42,5,2
law_L1,0.0380952380952381,64,Plane,shape,42,5,3
law_Lall,0.019047619047619,64,Plane,shape,42,5,3
raw_1nn_ed,0.019047619047619,144,Plane,shape,42,5,3
raw_centroid,0.0380952380952381,144,Plane,shape,42,5,3
law_L1,0.0571428571428571,64,Plane,shape,42,5,4
law_Lall,0.0380952380952381,64,Plane,shape,42,5,4
raw_1nn_ed,0.0380952380952381,144,Plane,shape,42,5,4
raw_centroid,0.0571428571428571,144,Plane,shape,42,5,4
law_L1,0.5085714285714286,64,ArrowHead,shape,11,1,0
law_Lall,0.5085714285714286,64,ArrowHead,shape,11,1,0
raw_1nn_ed,0.5085714285714286,251,ArrowHead,shape,11,1,0
raw_centroid,0.5085714285714286,251,ArrowHead,shape,11,1,0
law_L1,0.4057142857142857,64,ArrowHead,shape,11,1,1
law_Lall,0.4057142857142857,64,ArrowHead,shape,11,1,1
raw_1nn_ed,0.4057142857142857,251,ArrowHead,shape,11,1,1
raw_centroid,0.4057142857142857,251,ArrowHead,shape,11,1,1
law_L1,0.5542857142857143,64,ArrowHead,shape,11,1,2
law_Lall,0.5542857142857143,64,ArrowHead,shape,11,1,2
raw_1nn_ed,0.5542857142857143,251,ArrowHead,shape,11,1,2
raw_centroid,0.5542857142857143,251,ArrowHead,shape,11,1,2
law_L1,0.4114285714285714,64,ArrowHead,shape,11,1,3
law_Lall,0.4114285714285714,64,ArrowHead,shape,11,1,3
raw_1nn_ed,0.4114285714285714,251,ArrowHead,shape,11,1,3
raw_centroid,0.4114285714285714,251,ArrowHead,shape,11,1,3
law_L1,0.4685714285714286,64,ArrowHead,shape,11,1,4
law_Lall,0.4685714285714286,64,ArrowHead,shape,11,1,4
raw_1nn_ed,0.4685714285714286,251,ArrowHead,shape,11,1,4
raw_centroid,0.4685714285714286,251,ArrowHead,shape,11,1,4
law_L1,0.4685714285714286,64,ArrowHead,shape,11,2,0
law_Lall,0.3314285714285714,64,ArrowHead,shape,11,2,0
raw_1nn_ed,0.3314285714285714,251,ArrowHead,shape,11,2,0
raw_centroid,0.4685714285714286,251,ArrowHead,shape,11,2,0
law_L1,0.4571428571428571,64,ArrowHead,shape,11,2,1
law_Lall,0.2228571428571428,64,ArrowHead,shape,11,2,1
raw_1nn_ed,0.2228571428571428,251,ArrowHead,shape,11,2,1
raw_centroid,0.4571428571428571,251,ArrowHead,shape,11,2,1
law_L1,0.5257142857142857,64,ArrowHead,shape,11,2,2
law_Lall,0.44,64,ArrowHead,shape,11,2,2
raw_1nn_ed,0.44,251,ArrowHead,shape,11,2,2
raw_centroid,0.5257142857142857,251,ArrowHead,shape,11,2,2
law_L1,0.4628571428571428,64,ArrowHead,shape,11,2,3
law_Lall,0.4742857142857143,64,ArrowHead,shape,11,2,3
raw_1nn_ed,0.4857142857142857,251,ArrowHead,shape,11,2,3
raw_centroid,0.4628571428571428,251,ArrowHead,shape,11,2,3
law_L1,0.36,64,ArrowHead,shape,11,2,4
law_Lall,0.3542857142857142,64,ArrowHead,shape,11,2,4
raw_1nn_ed,0.3542857142857142,251,ArrowHead,shape,11,2,4
raw_centroid,0.36,251,ArrowHead,shape,11,2,4
law_L1,0.4057142857142857,64,ArrowHead,shape,11,5,0
law_Lall,0.2171428571428571,64,ArrowHead,shape,11,5,0
raw_1nn_ed,0.2171428571428571,251,ArrowHead,shape,11,5,0
raw_centroid,0.4057142857142857,251,ArrowHead,shape,11,5,0
law_L1,0.4228571428571429,64,ArrowHead,shape,11,5,1
law_Lall,0.3485714285714286,64,ArrowHead,shape,11,5,1
raw_1nn_ed,0.3485714285714286,251,ArrowHead,shape,11,5,1
raw_centroid,0.4228571428571429,251,ArrowHead,shape,11,5,1
law_L1,0.3714285714285714,64,ArrowHead,shape,11,5,2
law_Lall,0.16,64,ArrowHead,shape,11,5,2
raw_1nn_ed,0.16,251,ArrowHead,shape,11,5,2
raw_centroid,0.3714285714285714,251,ArrowHead,shape,11,5,2
law_L1,0.4742857142857143,64,ArrowHead,shape,11,5,3
law_Lall,0.3085714285714285,64,ArrowHead,shape,11,5,3
raw_1nn_ed,0.3085714285714285,251,ArrowHead,shape,11,5,3
raw_centroid,0.4742857142857143,251,ArrowHead,shape,11,5,3
law_L1,0.3371428571428571,64,ArrowHead,shape,11,5,4
law_Lall,0.2342857142857143,64,ArrowHead,shape,11,5,4
raw_1nn_ed,0.2342857142857143,251,ArrowHead,shape,11,5,4
raw_centroid,0.3371428571428571,251,ArrowHead,shape,11,5,4
law_L1,0.4057142857142857,64,ArrowHead,shape,11,10,0
law_Lall,0.3085714285714285,64,ArrowHead,shape,11,10,0
raw_1nn_ed,0.3085714285714285,251,ArrowHead,shape,11,10,0
raw_centroid,0.4057142857142857,251,ArrowHead,shape,11,10,0
law_L1,0.4285714285714285,64,ArrowHead,shape,11,10,1
law_Lall,0.1885714285714285,64,ArrowHead,shape,11,10,1
raw_1nn_ed,0.1885714285714285,251,ArrowHead,shape,11,10,1
raw_centroid,0.4285714285714285,251,ArrowHead,shape,11,10,1
law_L1,0.4,64,ArrowHead,shape,11,10,2
law_Lall,0.2057142857142857,64,ArrowHead,shape,11,10,2
raw_1nn_ed,0.2057142857142857,251,ArrowHead,shape,11,10,2
raw_centroid,0.4,251,ArrowHead,shape,11,10,2
law_L1,0.4114285714285714,64,ArrowHead,shape,11,10,3
law_Lall,0.1657142857142857,64,ArrowHead,shape,11,10,3
raw_1nn_ed,0.1657142857142857,251,ArrowHead,shape,11,10,3
raw_centroid,0.4114285714285714,251,ArrowHead,shape,11,10,3
law_L1,0.4,64,ArrowHead,shape,11,10,4
law_Lall,0.2057142857142857,64,ArrowHead,shape,11,10,4
raw_1nn_ed,0.2057142857142857,251,ArrowHead,shape,11,10,4
raw_centroid,0.4,251,ArrowHead,shape,11,10,4
law_L1,0.3314285714285714,64,ArrowHead,shape,23,1,0
law_Lall,0.3314285714285714,64,ArrowHead,shape,23,1,0
raw_1nn_ed,0.3314285714285714,251,ArrowHead,shape,23,1,0
raw_centroid,0.3314285714285714,251,ArrowHead,shape,23,1,0
law_L1,0.48,64,ArrowHead,shape,23,1,1
law_Lall,0.48,64,ArrowHead,shape,23,1,1
raw_1nn_ed,0.48,251,ArrowHead,shape,23,1,1
raw_centroid,0.48,251,ArrowHead,shape,23,1,1
law_L1,0.5428571428571428,64,ArrowHead,shape,23,1,2
law_Lall,0.5428571428571428,64,ArrowHead,shape,23,1,2
raw_1nn_ed,0.5428571428571428,251,ArrowHead,shape,23,1,2
raw_centroid,0.5428571428571428,251,ArrowHead,shape,23,1,2
law_L1,0.5371428571428571,64,ArrowHead,shape,23,1,3
law_Lall,0.5371428571428571,64,ArrowHead,shape,23,1,3
raw_1nn_ed,0.5371428571428571,251,ArrowHead,shape,23,1,3
raw_centroid,0.5371428571428571,251,ArrowHead,shape,23,1,3
law_L1,0.4342857142857143,64,ArrowHead,shape,23,1,4
law_Lall,0.4342857142857143,64,ArrowHead,shape,23,1,4
raw_1nn_ed,0.4342857142857143,251,ArrowHead,shape,23,1,4
raw_centroid,0.4342857142857143,251,ArrowHead,shape,23,1,4
law_L1,0.4114285714285714,64,ArrowHead,shape,23,2,0
law_Lall,0.4285714285714285,64,ArrowHead,shape,23,2,0
raw_1nn_ed,0.4285714285714285,251,ArrowHead,shape,23,2,0
raw_centroid,0.4114285714285714,251,ArrowHead,shape,23,2,0
law_L1,0.3542857142857142,64,ArrowHead,shape,23,2,1
law_Lall,0.4228571428571429,64,ArrowHead,shape,23,2,1
raw_1nn_ed,0.4228571428571429,251,ArrowHead,shape,23,2,1
raw_centroid,0.3542857142857142,251,ArrowHead,shape,23,2,1
law_L1,0.3314285714285714,64,ArrowHead,shape,23,2,2
law_Lall,0.2742857142857143,64,ArrowHead,shape,23,2,2
raw_1nn_ed,0.28,251,ArrowHead,shape,23,2,2
raw_centroid,0.3314285714285714,251,ArrowHead,shape,23,2,2
law_L1,0.3542857142857142,64,ArrowHead,shape,23,2,3
law_Lall,0.32,64,ArrowHead,shape,23,2,3
raw_1nn_ed,0.32,251,ArrowHead,shape,23,2,3
raw_centroid,0.36,251,ArrowHead,shape,23,2,3
law_L1,0.4914285714285714,64,ArrowHead,shape,23,2,4
law_Lall,0.4514285714285714,64,ArrowHead,shape,23,2,4
raw_1nn_ed,0.44,251,ArrowHead,shape,23,2,4
raw_centroid,0.4914285714285714,251,ArrowHead,shape,23,2,4
law_L1,0.3714285714285714,64,ArrowHead,shape,23,5,0
law_Lall,0.2457142857142857,64,ArrowHead,shape,23,5,0
raw_1nn_ed,0.2514285714285714,251,ArrowHead,shape,23,5,0
raw_centroid,0.3714285714285714,251,ArrowHead,shape,23,5,0
law_L1,0.4457142857142857,64,ArrowHead,shape,23,5,1
law_Lall,0.1657142857142857,64,ArrowHead,shape,23,5,1
raw_1nn_ed,0.1657142857142857,251,ArrowHead,shape,23,5,1
raw_centroid,0.4457142857142857,251,ArrowHead,shape,23,5,1
law_L1,0.4742857142857143,64,ArrowHead,shape,23,5,2
law_Lall,0.2457142857142857,64,ArrowHead,shape,23,5,2
raw_1nn_ed,0.2514285714285714,251,ArrowHead,shape,23,5,2
raw_centroid,0.4742857142857143,251,ArrowHead,shape,23,5,2
law_L1,0.4685714285714286,64,ArrowHead,shape,23,5,3
law_Lall,0.3085714285714285,64,ArrowHead,shape,23,5,3
raw_1nn_ed,0.3085714285714285,251,ArrowHead,shape,23,5,3
raw_centroid,0.4685714285714286,251,ArrowHead,shape,23,5,3
law_L1,0.4,64,ArrowHead,shape,23,5,4
law_Lall,0.3485714285714286,64,ArrowHead,shape,23,5,4
raw_1nn_ed,0.3485714285714286,251,ArrowHead,shape,23,5,4
raw_centroid,0.4,251,ArrowHead,shape,23,5,4
law_L1,0.3542857142857142,64,ArrowHead,shape,23,10,0
law_Lall,0.2228571428571428,64,ArrowHead,shape,23,10,0
raw_1nn_ed,0.2285714285714285,251,ArrowHead,shape,23,10,0
raw_centroid,0.3542857142857142,251,ArrowHead,shape,23,10,0
law_L1,0.3771428571428571,64,ArrowHead,shape,23,10,1
law_Lall,0.1714285714285714,64,ArrowHead,shape,23,10,1
raw_1nn_ed,0.1714285714285714,251,ArrowHead,shape,23,10,1
raw_centroid,0.3771428571428571,251,ArrowHead,shape,23,10,1
law_L1,0.44,64,ArrowHead,shape,23,10,2
law_Lall,0.2,64,ArrowHead,shape,23,10,2
raw_1nn_ed,0.2,251,ArrowHead,shape,23,10,2
raw_centroid,0.44,251,ArrowHead,shape,23,10,2
law_L1,0.4057142857142857,64,ArrowHead,shape,23,10,3
law_Lall,0.2114285714285714,64,ArrowHead,shape,23,10,3
raw_1nn_ed,0.2114285714285714,251,ArrowHead,shape,23,10,3
raw_centroid,0.4057142857142857,251,ArrowHead,shape,23,10,3
law_L1,0.4285714285714285,64,ArrowHead,shape,23,10,4
law_Lall,0.2457142857142857,64,ArrowHead,shape,23,10,4
raw_1nn_ed,0.2457142857142857,251,ArrowHead,shape,23,10,4
raw_centroid,0.4285714285714285,251,ArrowHead,shape,23,10,4
law_L1,0.3771428571428571,64,ArrowHead,shape,42,1,0
law_Lall,0.3771428571428571,64,ArrowHead,shape,42,1,0
raw_1nn_ed,0.3771428571428571,251,ArrowHead,shape,42,1,0
raw_centroid,0.3771428571428571,251,ArrowHead,shape,42,1,0
law_L1,0.5085714285714286,64,ArrowHead,shape,42,1,1
law_Lall,0.5085714285714286,64,ArrowHead,shape,42,1,1
raw_1nn_ed,0.5085714285714286,251,ArrowHead,shape,42,1,1
raw_centroid,0.5085714285714286,251,ArrowHead,shape,42,1,1
law_L1,0.4628571428571428,64,ArrowHead,shape,42,1,2
law_Lall,0.4628571428571428,64,ArrowHead,shape,42,1,2
raw_1nn_ed,0.4628571428571428,251,ArrowHead,shape,42,1,2
raw_centroid,0.4628571428571428,251,ArrowHead,shape,42,1,2
law_L1,0.5085714285714286,64,ArrowHead,shape,42,1,3
law_Lall,0.5085714285714286,64,ArrowHead,shape,42,1,3
raw_1nn_ed,0.5085714285714286,251,ArrowHead,shape,42,1,3
raw_centroid,0.5085714285714286,251,ArrowHead,shape,42,1,3
law_L1,0.4514285714285714,64,ArrowHead,shape,42,1,4
law_Lall,0.4514285714285714,64,ArrowHead,shape,42,1,4
raw_1nn_ed,0.4514285714285714,251,ArrowHead,shape,42,1,4
raw_centroid,0.4514285714285714,251,ArrowHead,shape,42,1,4
law_L1,0.3371428571428571,64,ArrowHead,shape,42,2,0
law_Lall,0.2228571428571428,64,ArrowHead,shape,42,2,0
raw_1nn_ed,0.2228571428571428,251,ArrowHead,shape,42,2,0
raw_centroid,0.3371428571428571,251,ArrowHead,shape,42,2,0
law_L1,0.4114285714285714,64,ArrowHead,shape,42,2,1
law_Lall,0.3371428571428571,64,ArrowHead,shape,42,2,1
raw_1nn_ed,0.3371428571428571,251,ArrowHead,shape,42,2,1
raw_centroid,0.4114285714285714,251,ArrowHead,shape,42,2,1
law_L1,0.3085714285714285,64,ArrowHead,shape,42,2,2
law_Lall,0.32,64,ArrowHead,shape,42,2,2
raw_1nn_ed,0.32,251,ArrowHead,shape,42,2,2
raw_centroid,0.3085714285714285,251,ArrowHead,shape,42,2,2
law_L1,0.2742857142857143,64,ArrowHead,shape,42,2,3
law_Lall,0.2114285714285714,64,ArrowHead,shape,42,2,3
raw_1nn_ed,0.2114285714285714,251,ArrowHead,shape,42,2,3
raw_centroid,0.2742857142857143,251,ArrowHead,shape,42,2,3
law_L1,0.4514285714285714,64,ArrowHead,shape,42,2,4
law_Lall,0.3828571428571428,64,ArrowHead,shape,42,2,4
raw_1nn_ed,0.3828571428571428,251,ArrowHead,shape,42,2,4
raw_centroid,0.4514285714285714,251,ArrowHead,shape,42,2,4
law_L1,0.4742857142857143,64,ArrowHead,shape,42,5,0
law_Lall,0.3085714285714285,64,ArrowHead,shape,42,5,0
raw_1nn_ed,0.3142857142857143,251,ArrowHead,shape,42,5,0
raw_centroid,0.4742857142857143,251,ArrowHead,shape,42,5,0
law_L1,0.3714285714285714,64,ArrowHead,shape,42,5,1
law_Lall,0.2914285714285714,64,ArrowHead,shape,42,5,1
raw_1nn_ed,0.2914285714285714,251,ArrowHead,shape,42,5,1
raw_centroid,0.3714285714285714,251,ArrowHead,shape,42,5,1
law_L1,0.5085714285714286,64,ArrowHead,shape,42,5,2
law_Lall,0.3942857142857143,64,ArrowHead,shape,42,5,2
raw_1nn_ed,0.3942857142857143,251,ArrowHead,shape,42,5,2
raw_centroid,0.5142857142857142,251,ArrowHead,shape,42,5,2
law_L1,0.2914285714285714,64,ArrowHead,shape,42,5,3
law_Lall,0.1942857142857142,64,ArrowHead,shape,42,5,3
raw_1nn_ed,0.1942857142857142,251,ArrowHead,shape,42,5,3
raw_centroid,0.2914285714285714,251,ArrowHead,shape,42,5,3
law_L1,0.44,64,ArrowHead,shape,42,5,4
law_Lall,0.3028571428571429,64,ArrowHead,shape,42,5,4
raw_1nn_ed,0.3028571428571429,251,ArrowHead,shape,42,5,4
raw_centroid,0.44,251,ArrowHead,shape,42,5,4
law_L1,0.3828571428571428,64,ArrowHead,shape,42,10,0
law_Lall,0.2,64,ArrowHead,shape,42,10,0
raw_1nn_ed,0.2,251,ArrowHead,shape,42,10,0
raw_centroid,0.3828571428571428,251,ArrowHead,shape,42,10,0
law_L1,0.3942857142857143,64,ArrowHead,shape,42,10,1
law_Lall,0.2057142857142857,64,ArrowHead,shape,42,10,1
raw_1nn_ed,0.2057142857142857,251,ArrowHead,shape,42,10,1
raw_centroid,0.3942857142857143,251,ArrowHead,shape,42,10,1
law_L1,0.3828571428571428,64,ArrowHead,shape,42,10,2
law_Lall,0.2171428571428571,64,ArrowHead,shape,42,10,2
raw_1nn_ed,0.2171428571428571,251,ArrowHead,shape,42,10,2
raw_centroid,0.3828571428571428,251,ArrowHead,shape,42,10,2
law_L1,0.3714285714285714,64,ArrowHead,shape,42,10,3
law_Lall,0.2171428571428571,64,ArrowHead,shape,42,10,3
raw_1nn_ed,0.2228571428571428,251,ArrowHead,shape,42,10,3
raw_centroid,0.3714285714285714,251,ArrowHead,shape,42,10,3
law_L1,0.4114285714285714,64,ArrowHead,shape,42,10,4
law_Lall,0.1771428571428571,64,ArrowHead,shape,42,10,4
raw_1nn_ed,0.1714285714285714,251,ArrowHead,shape,42,10,4
raw_centroid,0.4114285714285714,251,ArrowHead,shape,42,10,4
law_L1,0.375,64,FaceFour,shape,11,1,0
law_Lall,0.375,64,FaceFour,shape,11,1,0
raw_1nn_ed,0.375,350,FaceFour,shape,11,1,0
raw_centroid,0.375,350,FaceFour,shape,11,1,0
law_L1,0.3068181818181818,64,FaceFour,shape,11,1,1
law_Lall,0.3068181818181818,64,FaceFour,shape,11,1,1
raw_1nn_ed,0.2840909090909091,350,FaceFour,shape,11,1,1
raw_centroid,0.2840909090909091,350,FaceFour,shape,11,1,1
law_L1,0.5340909090909091,64,FaceFour,shape,11,1,2
law_Lall,0.5340909090909091,64,FaceFour,shape,11,1,2
raw_1nn_ed,0.5340909090909091,350,FaceFour,shape,11,1,2
raw_centroid,0.5340909090909091,350,FaceFour,shape,11,1,2
law_L1,0.6022727272727273,64,FaceFour,shape,11,1,3
law_Lall,0.6022727272727273,64,FaceFour,shape,11,1,3
raw_1nn_ed,0.6136363636363636,350,FaceFour,shape,11,1,3
raw_centroid,0.6136363636363636,350,FaceFour,shape,11,1,3
law_L1,0.6704545454545454,64,FaceFour,shape,11,1,4
law_Lall,0.6704545454545454,64,FaceFour,shape,11,1,4
raw_1nn_ed,0.6818181818181818,350,FaceFour,shape,11,1,4
raw_centroid,0.6818181818181818,350,FaceFour,shape,11,1,4
law_L1,0.2727272727272727,64,FaceFour,shape,11,2,0
law_Lall,0.25,64,FaceFour,shape,11,2,0
raw_1nn_ed,0.25,350,FaceFour,shape,11,2,0
raw_centroid,0.2613636363636363,350,FaceFour,shape,11,2,0
law_L1,0.1931818181818181,64,FaceFour,shape,11,2,1
law_Lall,0.2840909090909091,64,FaceFour,shape,11,2,1
raw_1nn_ed,0.2954545454545454,350,FaceFour,shape,11,2,1
raw_centroid,0.2045454545454545,350,FaceFour,shape,11,2,1
law_L1,0.2045454545454545,64,FaceFour,shape,11,2,2
law_Lall,0.1136363636363636,64,FaceFour,shape,11,2,2
raw_1nn_ed,0.1136363636363636,350,FaceFour,shape,11,2,2
raw_centroid,0.2045454545454545,350,FaceFour,shape,11,2,2
law_L1,0.2045454545454545,64,FaceFour,shape,11,2,3
law_Lall,0.3409090909090909,64,FaceFour,shape,11,2,3
raw_1nn_ed,0.3409090909090909,350,FaceFour,shape,11,2,3
raw_centroid,0.2272727272727272,350,FaceFour,shape,11,2,3
law_L1,0.25,64,FaceFour,shape,11,2,4
law_Lall,0.3068181818181818,64,FaceFour,shape,11,2,4
raw_1nn_ed,0.3295454545454545,350,FaceFour,shape,11,2,4
raw_centroid,0.25,350,FaceFour,shape,11,2,4
law_L1,0.6363636363636364,64,FaceFour,shape,23,1,0
law_Lall,0.6363636363636364,64,FaceFour,shape,23,1,0
raw_1nn_ed,0.6363636363636364,350,FaceFour,shape,23,1,0
raw_centroid,0.6363636363636364,350,FaceFour,shape,23,1,0
law_L1,0.2159090909090909,64,FaceFour,shape,23,1,1
law_Lall,0.2159090909090909,64,FaceFour,shape,23,1,1
raw_1nn_ed,0.2045454545454545,350,FaceFour,shape,23,1,1
raw_centroid,0.2045454545454545,350,FaceFour,shape,23,1,1
law_L1,0.3409090909090909,64,FaceFour,shape,23,1,2
law_Lall,0.3409090909090909,64,FaceFour,shape,23,1,2
raw_1nn_ed,0.3409090909090909,350,FaceFour,shape,23,1,2
raw_centroid,0.3409090909090909,350,FaceFour,shape,23,1,2
law_L1,0.2954545454545454,64,FaceFour,shape,23,1,3
law_Lall,0.2954545454545454,64,FaceFour,shape,23,1,3
raw_1nn_ed,0.3068181818181818,350,FaceFour,shape,23,1,3
raw_centroid,0.3068181818181818,350,FaceFour,shape,23,1,3
law_L1,0.3295454545454545,64,FaceFour,shape,23,1,4
law_Lall,0.3295454545454545,64,FaceFour,shape,23,1,4
raw_1nn_ed,0.3409090909090909,350,FaceFour,shape,23,1,4
raw_centroid,0.3409090909090909,350,FaceFour,shape,23,1,4
law_L1,0.2954545454545454,64,FaceFour,shape,23,2,0
law_Lall,0.3977272727272727,64,FaceFour,shape,23,2,0
raw_1nn_ed,0.3863636363636363,350,FaceFour,shape,23,2,0
raw_centroid,0.3068181818181818,350,FaceFour,shape,23,2,0
law_L1,0.2272727272727272,64,FaceFour,shape,23,2,1
law_Lall,0.2727272727272727,64,FaceFour,shape,23,2,1
raw_1nn_ed,0.2727272727272727,350,FaceFour,shape,23,2,1
raw_centroid,0.2272727272727272,350,FaceFour,shape,23,2,1
law_L1,0.2954545454545454,64,FaceFour,shape,23,2,2
law_Lall,0.3068181818181818,64,FaceFour,shape,23,2,2
raw_1nn_ed,0.3068181818181818,350,FaceFour,shape,23,2,2
raw_centroid,0.2954545454545454,350,FaceFour,shape,23,2,2
law_L1,0.2954545454545454,64,FaceFour,shape,23,2,3
law_Lall,0.3181818181818182,64,FaceFour,shape,23,2,3
raw_1nn_ed,0.3181818181818182,350,FaceFour,shape,23,2,3
raw_centroid,0.2954545454545454,350,FaceFour,shape,23,2,3
law_L1,0.2613636363636363,64,FaceFour,shape,23,2,4
law_Lall,0.2272727272727272,64,FaceFour,shape,23,2,4
raw_1nn_ed,0.2272727272727272,350,FaceFour,shape,23,2,4
raw_centroid,0.25,350,FaceFour,shape,23,2,4
law_L1,0.375,64,FaceFour,shape,42,1,0
law_Lall,0.375,64,FaceFour,shape,42,1,0
raw_1nn_ed,0.3522727272727273,350,FaceFour,shape,42,1,0
raw_centroid,0.3522727272727273,350,FaceFour,shape,42,1,0
law_L1,0.375,64,FaceFour,shape,42,1,1
law_Lall,0.375,64,FaceFour,shape,42,1,1
raw_1nn_ed,0.3863636363636363,350,FaceFour,shape,42,1,1
raw_centroid,0.3863636363636363,350,FaceFour,shape,42,1,1
law_L1,0.3068181818181818,64,FaceFour,shape,42,1,2
law_Lall,0.3068181818181818,64,FaceFour,shape,42,1,2
raw_1nn_ed,0.3181818181818182,350,FaceFour,shape,42,1,2
raw_centroid,0.3181818181818182,350,FaceFour,shape,42,1,2
law_L1,0.5227272727272727,64,FaceFour,shape,42,1,3
law_Lall,0.5227272727272727,64,FaceFour,shape,42,1,3
raw_1nn_ed,0.5113636363636364,350,FaceFour,shape,42,1,3
raw_centroid,0.5113636363636364,350,FaceFour,shape,42,1,3
law_L1,0.4545454545454545,64,FaceFour,shape,42,1,4
law_Lall,0.4545454545454545,64,FaceFour,shape,42,1,4
raw_1nn_ed,0.4545454545454545,350,FaceFour,shape,42,1,4
raw_centroid,0.4545454545454545,350,FaceFour,shape,42,1,4
law_L1,0.1818181818181818,64,FaceFour,shape,42,2,0
law_Lall,0.2045454545454545,64,FaceFour,shape,42,2,0
raw_1nn_ed,0.2045454545454545,350,FaceFour,shape,42,2,0
raw_centroid,0.1818181818181818,350,FaceFour,shape,42,2,0
law_L1,0.2386363636363636,64,FaceFour,shape,42,2,1
law_Lall,0.2727272727272727,64,FaceFour,shape,42,2,1
raw_1nn_ed,0.2727272727272727,350,FaceFour,shape,42,2,1
raw_centroid,0.2386363636363636,350,FaceFour,shape,42,2,1
law_L1,0.3636363636363636,64,FaceFour,shape,42,2,2
law_Lall,0.3068181818181818,64,FaceFour,shape,42,2,2
raw_1nn_ed,0.3295454545454545,350,FaceFour,shape,42,2,2
raw_centroid,0.3409090909090909,350,FaceFour,shape,42,2,2
law_L1,0.3295454545454545,64,FaceFour,shape,42,2,3
law_Lall,0.375,64,FaceFour,shape,42,2,3
raw_1nn_ed,0.3636363636363636,350,FaceFour,shape,42,2,3
raw_centroid,0.3295454545454545,350,FaceFour,shape,42,2,3
law_L1,0.2159090909090909,64,FaceFour,shape,42,2,4
law_Lall,0.1477272727272727,64,FaceFour,shape,42,2,4
raw_1nn_ed,0.1477272727272727,350,FaceFour,shape,42,2,4
raw_centroid,0.2159090909090909,350,FaceFour,shape,42,2,4
law_L1,0.3114754098360656,64,Lightning2,shape,11,1,0
law_Lall,0.3114754098360656,64,Lightning2,shape,11,1,0
raw_1nn_ed,0.3114754098360656,637,Lightning2,shape,11,1,0
raw_centroid,0.3114754098360656,637,Lightning2,shape,11,1,0
law_L1,0.5081967213114754,64,Lightning2,shape,11,1,1
law_Lall,0.5081967213114754,64,Lightning2,shape,11,1,1
raw_1nn_ed,0.4754098360655737,637,Lightning2,shape,11,1,1
raw_centroid,0.4754098360655737,637,Lightning2,shape,11,1,1
law_L1,0.360655737704918,64,Lightning2,shape,11,1,2
law_Lall,0.360655737704918,64,Lightning2,shape,11,1,2
raw_1nn_ed,0.4098360655737705,637,Lightning2,shape,11,1,2
raw_centroid,0.4098360655737705,637,Lightning2,shape,11,1,2
law_L1,0.5737704918032787,64,Lightning2,shape,11,1,3
law_Lall,0.5737704918032787,64,Lightning2,shape,11,1,3
raw_1nn_ed,0.5245901639344263,637,Lightning2,shape,11,1,3
raw_centroid,0.5245901639344263,637,Lightning2,shape,11,1,3
law_L1,0.4590163934426229,64,Lightning2,shape,11,1,4
law_Lall,0.4590163934426229,64,Lightning2,shape,11,1,4
raw_1nn_ed,0.4262295081967213,637,Lightning2,shape,11,1,4
raw_centroid,0.4262295081967213,637,Lightning2,shape,11,1,4
law_L1,0.4262295081967213,64,Lightning2,shape,11,2,0
law_Lall,0.5737704918032787,64,Lightning2,shape,11,2,0
raw_1nn_ed,0.3770491803278688,637,Lightning2,shape,11,2,0
raw_centroid,0.4098360655737705,637,Lightning2,shape,11,2,0
law_L1,0.3278688524590163,64,Lightning2,shape,11,2,1
law_Lall,0.3934426229508196,64,Lightning2,shape,11,2,1
raw_1nn_ed,0.3114754098360656,637,Lightning2,shape,11,2,1
raw_centroid,0.3114754098360656,637,Lightning2,shape,11,2,1
law_L1,0.3934426229508196,64,Lightning2,shape,11,2,2
law_Lall,0.4754098360655737,64,Lightning2,shape,11,2,2
raw_1nn_ed,0.360655737704918,637,Lightning2,shape,11,2,2
raw_centroid,0.4098360655737705,637,Lightning2,shape,11,2,2
law_L1,0.5573770491803278,64,Lightning2,shape,11,2,3
law_Lall,0.5573770491803278,64,Lightning2,shape,11,2,3
raw_1nn_ed,0.5901639344262295,637,Lightning2,shape,11,2,3
raw_centroid,0.6065573770491803,637,Lightning2,shape,11,2,3
law_L1,0.360655737704918,64,Lightning2,shape,11,2,4
law_Lall,0.4426229508196721,64,Lightning2,shape,11,2,4
raw_1nn_ed,0.4426229508196721,637,Lightning2,shape,11,2,4
raw_centroid,0.360655737704918,637,Lightning2,shape,11,2,4
law_L1,0.4918032786885246,64,Lightning2,shape,11,5,0
law_Lall,0.360655737704918,64,Lightning2,shape,11,5,0
raw_1nn_ed,0.3934426229508196,637,Lightning2,shape,11,5,0
raw_centroid,0.4918032786885246,637,Lightning2,shape,11,5,0
law_L1,0.4754098360655737,64,Lightning2,shape,11,5,1
law_Lall,0.3770491803278688,64,Lightning2,shape,11,5,1
raw_1nn_ed,0.4426229508196721,637,Lightning2,shape,11,5,1
raw_centroid,0.4754098360655737,637,Lightning2,shape,11,5,1
law_L1,0.4590163934426229,64,Lightning2,shape,11,5,2
law_Lall,0.4098360655737705,64,Lightning2,shape,11,5,2
raw_1nn_ed,0.4262295081967213,637,Lightning2,shape,11,5,2
raw_centroid,0.4754098360655737,637,Lightning2,shape,11,5,2
law_L1,0.2786885245901639,64,Lightning2,shape,11,5,3
law_Lall,0.2950819672131147,64,Lightning2,shape,11,5,3
raw_1nn_ed,0.3442622950819672,637,Lightning2,shape,11,5,3
raw_centroid,0.3442622950819672,637,Lightning2,shape,11,5,3
law_L1,0.4426229508196721,64,Lightning2,shape,11,5,4
law_Lall,0.4426229508196721,64,Lightning2,shape,11,5,4
raw_1nn_ed,0.4098360655737705,637,Lightning2,shape,11,5,4
raw_centroid,0.4590163934426229,637,Lightning2,shape,11,5,4
law_L1,0.3934426229508196,64,Lightning2,shape,11,10,0
law_Lall,0.3278688524590163,64,Lightning2,shape,11,10,0
raw_1nn_ed,0.3114754098360656,637,Lightning2,shape,11,10,0
raw_centroid,0.4098360655737705,637,Lightning2,shape,11,10,0
law_L1,0.4098360655737705,64,Lightning2,shape,11,10,1
law_Lall,0.3114754098360656,64,Lightning2,shape,11,10,1
raw_1nn_ed,0.360655737704918,637,Lightning2,shape,11,10,1
raw_centroid,0.3934426229508196,637,Lightning2,shape,11,10,1
law_L1,0.3278688524590163,64,Lightning2,shape,11,10,2
law_Lall,0.3442622950819672,64,Lightning2,shape,11,10,2
raw_1nn_ed,0.3278688524590163,637,Lightning2,shape,11,10,2
raw_centroid,0.360655737704918,637,Lightning2,shape,11,10,2
law_L1,0.3770491803278688,64,Lightning2,shape,11,10,3
law_Lall,0.2950819672131147,64,Lightning2,shape,11,10,3
raw_1nn_ed,0.4098360655737705,637,Lightning2,shape,11,10,3
raw_centroid,0.4098360655737705,637,Lightning2,shape,11,10,3
law_L1,0.3442622950819672,64,Lightning2,shape,11,10,4
law_Lall,0.2295081967213114,64,Lightning2,shape,11,10,4
raw_1nn_ed,0.3934426229508196,637,Lightning2,shape,11,10,4
raw_centroid,0.4426229508196721,637,Lightning2,shape,11,10,4
law_L1,0.4262295081967213,64,Lightning2,shape,23,1,0
law_Lall,0.4262295081967213,64,Lightning2,shape,23,1,0
raw_1nn_ed,0.4590163934426229,637,Lightning2,shape,23,1,0
raw_centroid,0.4590163934426229,637,Lightning2,shape,23,1,0
law_L1,0.4098360655737705,64,Lightning2,shape,23,1,1
law_Lall,0.4098360655737705,64,Lightning2,shape,23,1,1
raw_1nn_ed,0.4918032786885246,637,Lightning2,shape,23,1,1
raw_centroid,0.4918032786885246,637,Lightning2,shape,23,1,1
law_L1,0.4918032786885246,64,Lightning2,shape,23,1,2
law_Lall,0.4918032786885246,64,Lightning2,shape,23,1,2
raw_1nn_ed,0.4590163934426229,637,Lightning2,shape,23,1,2
raw_centroid,0.4590163934426229,637,Lightning2,shape,23,1,2
law_L1,0.3442622950819672,64,Lightning2,shape,23,1,3
law_Lall,0.3442622950819672,64,Lightning2,shape,23,1,3
raw_1nn_ed,0.4918032786885246,637,Lightning2,shape,23,1,3
raw_centroid,0.4918032786885246,637,Lightning2,shape,23,1,3
law_L1,0.5245901639344263,64,Lightning2,shape,23,1,4
law_Lall,0.5245901639344263,64,Lightning2,shape,23,1,4
raw_1nn_ed,0.4098360655737705,637,Lightning2,shape,23,1,4
raw_centroid,0.4098360655737705,637,Lightning2,shape,23,1,4
law_L1,0.4590163934426229,64,Lightning2,shape,23,2,0
law_Lall,0.4590163934426229,64,Lightning2,shape,23,2,0
raw_1nn_ed,0.5081967213114754,637,Lightning2,shape,23,2,0
raw_centroid,0.4590163934426229,637,Lightning2,shape,23,2,0
law_L1,0.5737704918032787,64,Lightning2,shape,23,2,1
law_Lall,0.5409836065573771,64,Lightning2,shape,23,2,1
raw_1nn_ed,0.5737704918032787,637,Lightning2,shape,23,2,1
raw_centroid,0.5737704918032787,637,Lightning2,shape,23,2,1
law_L1,0.5409836065573771,64,Lightning2,shape,23,2,2
law_Lall,0.5245901639344263,64,Lightning2,shape,23,2,2
raw_1nn_ed,0.4918032786885246,637,Lightning2,shape,23,2,2
raw_centroid,0.5573770491803278,637,Lightning2,shape,23,2,2
law_L1,0.5737704918032787,64,Lightning2,shape,23,2,3
law_Lall,0.6229508196721312,64,Lightning2,shape,23,2,3
raw_1nn_ed,0.5573770491803278,637,Lightning2,shape,23,2,3
raw_centroid,0.5737704918032787,637,Lightning2,shape,23,2,3
law_L1,0.2950819672131147,64,Lightning2,shape,23,2,4
law_Lall,0.3114754098360656,64,Lightning2,shape,23,2,4
raw_1nn_ed,0.3114754098360656,637,Lightning2,shape,23,2,4
raw_centroid,0.2786885245901639,637,Lightning2,shape,23,2,4
law_L1,0.3770491803278688,64,Lightning2,shape,23,5,0
law_Lall,0.3278688524590163,64,Lightning2,shape,23,5,0
raw_1nn_ed,0.3770491803278688,637,Lightning2,shape,23,5,0
raw_centroid,0.3934426229508196,637,Lightning2,shape,23,5,0
law_L1,0.360655737704918,64,Lightning2,shape,23,5,1
law_Lall,0.2459016393442623,64,Lightning2,shape,23,5,1
raw_1nn_ed,0.3442622950819672,637,Lightning2,shape,23,5,1
raw_centroid,0.4098360655737705,637,Lightning2,shape,23,5,1
law_L1,0.3278688524590163,64,Lightning2,shape,23,5,2
law_Lall,0.2950819672131147,64,Lightning2,shape,23,5,2
raw_1nn_ed,0.4262295081967213,637,Lightning2,shape,23,5,2
raw_centroid,0.4098360655737705,637,Lightning2,shape,23,5,2
law_L1,0.4262295081967213,64,Lightning2,shape,23,5,3
law_Lall,0.3442622950819672,64,Lightning2,shape,23,5,3
raw_1nn_ed,0.360655737704918,637,Lightning2,shape,23,5,3
raw_centroid,0.5081967213114754,637,Lightning2,shape,23,5,3
law_L1,0.3934426229508196,64,Lightning2,shape,23,5,4
law_Lall,0.4918032786885246,64,Lightning2,shape,23,5,4
raw_1nn_ed,0.4754098360655737,637,Lightning2,shape,23,5,4
raw_centroid,0.4262295081967213,637,Lightning2,shape,23,5,4
law_L1,0.3442622950819672,64,Lightning2,shape,23,10,0
law_Lall,0.2950819672131147,64,Lightning2,shape,23,10,0
raw_1nn_ed,0.4262295081967213,637,Lightning2,shape,23,10,0
raw_centroid,0.3934426229508196,637,Lightning2,shape,23,10,0
law_L1,0.360655737704918,64,Lightning2,shape,23,10,1
law_Lall,0.2459016393442623,64,Lightning2,shape,23,10,1
raw_1nn_ed,0.360655737704918,637,Lightning2,shape,23,10,1
raw_centroid,0.4426229508196721,637,Lightning2,shape,23,10,1
law_L1,0.3114754098360656,64,Lightning2,shape,23,10,2
law_Lall,0.3278688524590163,64,Lightning2,shape,23,10,2
raw_1nn_ed,0.2786885245901639,637,Lightning2,shape,23,10,2
raw_centroid,0.3442622950819672,637,Lightning2,shape,23,10,2
law_L1,0.3934426229508196,64,Lightning2,shape,23,10,3
law_Lall,0.2622950819672131,64,Lightning2,shape,23,10,3
raw_1nn_ed,0.3278688524590163,637,Lightning2,shape,23,10,3
raw_centroid,0.3934426229508196,637,Lightning2,shape,23,10,3
law_L1,0.3934426229508196,64,Lightning2,shape,23,10,4
law_Lall,0.2459016393442623,64,Lightning2,shape,23,10,4
raw_1nn_ed,0.3278688524590163,637,Lightning2,shape,23,10,4
raw_centroid,0.4262295081967213,637,Lightning2,shape,23,10,4
law_L1,0.3278688524590163,64,Lightning2,shape,42,1,0
law_Lall,0.3278688524590163,64,Lightning2,shape,42,1,0
raw_1nn_ed,0.3114754098360656,637,Lightning2,shape,42,1,0
raw_centroid,0.3114754098360656,637,Lightning2,shape,42,1,0
law_L1,0.6557377049180327,64,Lightning2,shape,42,1,1
law_Lall,0.6557377049180327,64,Lightning2,shape,42,1,1
raw_1nn_ed,0.6065573770491803,637,Lightning2,shape,42,1,1
raw_centroid,0.6065573770491803,637,Lightning2,shape,42,1,1
law_L1,0.2622950819672131,64,Lightning2,shape,42,1,2
law_Lall,0.2622950819672131,64,Lightning2,shape,42,1,2
raw_1nn_ed,0.3934426229508196,637,Lightning2,shape,42,1,2
raw_centroid,0.3934426229508196,637,Lightning2,shape,42,1,2
law_L1,0.3770491803278688,64,Lightning2,shape,42,1,3
law_Lall,0.3770491803278688,64,Lightning2,shape,42,1,3
raw_1nn_ed,0.3770491803278688,637,Lightning2,shape,42,1,3
raw_centroid,0.3770491803278688,637,Lightning2,shape,42,1,3
law_L1,0.5901639344262295,64,Lightning2,shape,42,1,4
law_Lall,0.5901639344262295,64,Lightning2,shape,42,1,4
raw_1nn_ed,0.6229508196721312,637,Lightning2,shape,42,1,4
raw_centroid,0.6229508196721312,637,Lightning2,shape,42,1,4
law_L1,0.5901639344262295,64,Lightning2,shape,42,2,0
law_Lall,0.4754098360655737,64,Lightning2,shape,42,2,0
raw_1nn_ed,0.4754098360655737,637,Lightning2,shape,42,2,0
raw_centroid,0.5901639344262295,637,Lightning2,shape,42,2,0
law_L1,0.360655737704918,64,Lightning2,shape,42,2,1
law_Lall,0.4426229508196721,64,Lightning2,shape,42,2,1
raw_1nn_ed,0.3934426229508196,637,Lightning2,shape,42,2,1
raw_centroid,0.3934426229508196,637,Lightning2,shape,42,2,1
law_L1,0.3934426229508196,64,Lightning2,shape,42,2,2
law_Lall,0.3278688524590163,64,Lightning2,shape,42,2,2
raw_1nn_ed,0.2950819672131147,637,Lightning2,shape,42,2,2
raw_centroid,0.3934426229508196,637,Lightning2,shape,42,2,2
law_L1,0.3442622950819672,64,Lightning2,shape,42,2,3
law_Lall,0.360655737704918,64,Lightning2,shape,42,2,3
raw_1nn_ed,0.360655737704918,637,Lightning2,shape,42,2,3
raw_centroid,0.3770491803278688,637,Lightning2,shape,42,2,3
law_L1,0.4918032786885246,64,Lightning2,shape,42,2,4
law_Lall,0.5409836065573771,64,Lightning2,shape,42,2,4
raw_1nn_ed,0.4754098360655737,637,Lightning2,shape,42,2,4
raw_centroid,0.5081967213114754,637,Lightning2,shape,42,2,4
law_L1,0.3278688524590163,64,Lightning2,shape,42,5,0
law_Lall,0.2622950819672131,64,Lightning2,shape,42,5,0
raw_1nn_ed,0.2950819672131147,637,Lightning2,shape,42,5,0
raw_centroid,0.3278688524590163,637,Lightning2,shape,42,5,0
law_L1,0.4262295081967213,64,Lightning2,shape,42,5,1
law_Lall,0.3934426229508196,64,Lightning2,shape,42,5,1
raw_1nn_ed,0.4098360655737705,637,Lightning2,shape,42,5,1
raw_centroid,0.3770491803278688,637,Lightning2,shape,42,5,1
law_L1,0.5573770491803278,64,Lightning2,shape,42,5,2
law_Lall,0.4262295081967213,64,Lightning2,shape,42,5,2
raw_1nn_ed,0.4754098360655737,637,Lightning2,shape,42,5,2
raw_centroid,0.5409836065573771,637,Lightning2,shape,42,5,2
law_L1,0.3934426229508196,64,Lightning2,shape,42,5,3
law_Lall,0.5409836065573771,64,Lightning2,shape,42,5,3
raw_1nn_ed,0.2950819672131147,637,Lightning2,shape,42,5,3
raw_centroid,0.4262295081967213,637,Lightning2,shape,42,5,3
law_L1,0.5901639344262295,64,Lightning2,shape,42,5,4
law_Lall,0.5901639344262295,64,Lightning2,shape,42,5,4
raw_1nn_ed,0.5901639344262295,637,Lightning2,shape,42,5,4
raw_centroid,0.6229508196721312,637,Lightning2,shape,42,5,4
law_L1,0.3278688524590163,64,Lightning2,shape,42,10,0
law_Lall,0.2950819672131147,64,Lightning2,shape,42,10,0
raw_1nn_ed,0.3114754098360656,637,Lightning2,shape,42,10,0
raw_centroid,0.3770491803278688,637,Lightning2,shape,42,10,0
law_L1,0.4426229508196721,64,Lightning2,shape,42,10,1
law_Lall,0.3278688524590163,64,Lightning2,shape,42,10,1
raw_1nn_ed,0.5081967213114754,637,Lightning2,shape,42,10,1
raw_centroid,0.4590163934426229,637,Lightning2,shape,42,10,1
law_L1,0.4098360655737705,64,Lightning2,shape,42,10,2
law_Lall,0.3934426229508196,64,Lightning2,shape,42,10,2
raw_1nn_ed,0.4426229508196721,637,Lightning2,shape,42,10,2
raw_centroid,0.4098360655737705,637,Lightning2,shape,42,10,2
law_L1,0.2950819672131147,64,Lightning2,shape,42,10,3
law_Lall,0.180327868852459,64,Lightning2,shape,42,10,3
raw_1nn_ed,0.2786885245901639,637,Lightning2,shape,42,10,3
raw_centroid,0.2950819672131147,637,Lightning2,shape,42,10,3
law_L1,0.3770491803278688,64,Lightning2,shape,42,10,4
law_Lall,0.3114754098360656,64,Lightning2,shape,42,10,4
raw_1nn_ed,0.3278688524590163,637,Lightning2,shape,42,10,4
raw_centroid,0.3934426229508196,637,Lightning2,shape,42,10,4
law_L1,0.6712328767123288,64,Lightning7,shape,11,1,0
law_Lall,0.6712328767123288,64,Lightning7,shape,11,1,0
raw_1nn_ed,0.589041095890411,319,Lightning7,shape,11,1,0
raw_centroid,0.589041095890411,319,Lightning7,shape,11,1,0
law_L1,0.5753424657534246,64,Lightning7,shape,11,1,1
law_Lall,0.5753424657534246,64,Lightning7,shape,11,1,1
raw_1nn_ed,0.5342465753424658,319,Lightning7,shape,11,1,1
raw_centroid,0.5342465753424658,319,Lightning7,shape,11,1,1
law_L1,0.7123287671232876,64,Lightning7,shape,11,1,2
law_Lall,0.7123287671232876,64,Lightning7,shape,11,1,2
raw_1nn_ed,0.7123287671232876,319,Lightning7,shape,11,1,2
raw_centroid,0.7123287671232876,319,Lightning7,shape,11,1,2
law_L1,0.547945205479452,64,Lightning7,shape,11,1,3
law_Lall,0.547945205479452,64,Lightning7,shape,11,1,3
raw_1nn_ed,0.5068493150684932,319,Lightning7,shape,11,1,3
raw_centroid,0.5068493150684932,319,Lightning7,shape,11,1,3
law_L1,0.6986301369863014,64,Lightning7,shape,11,1,4
law_Lall,0.6986301369863014,64,Lightning7,shape,11,1,4
raw_1nn_ed,0.684931506849315,319,Lightning7,shape,11,1,4
raw_centroid,0.684931506849315,319,Lightning7,shape,11,1,4
law_L1,0.547945205479452,64,Lightning7,shape,11,2,0
law_Lall,0.547945205479452,64,Lightning7,shape,11,2,0
raw_1nn_ed,0.589041095890411,319,Lightning7,shape,11,2,0
raw_centroid,0.589041095890411,319,Lightning7,shape,11,2,0
law_L1,0.6027397260273972,64,Lightning7,shape,11,2,1
law_Lall,0.5068493150684932,64,Lightning7,shape,11,2,1
raw_1nn_ed,0.5753424657534246,319,Lightning7,shape,11,2,1
raw_centroid,0.5616438356164384,319,Lightning7,shape,11,2,1
law_L1,0.5205479452054794,64,Lightning7,shape,11,2,2
law_Lall,0.5342465753424658,64,Lightning7,shape,11,2,2
raw_1nn_ed,0.5753424657534246,319,Lightning7,shape,11,2,2
raw_centroid,0.5616438356164384,319,Lightning7,shape,11,2,2
law_L1,0.5068493150684932,64,Lightning7,shape,11,2,3
law_Lall,0.4794520547945205,64,Lightning7,shape,11,2,3
raw_1nn_ed,0.4657534246575342,319,Lightning7,shape,11,2,3
raw_centroid,0.547945205479452,319,Lightning7,shape,11,2,3
law_L1,0.4657534246575342,64,Lightning7,shape,11,2,4
law_Lall,0.589041095890411,64,Lightning7,shape,11,2,4
raw_1nn_ed,0.6575342465753424,319,Lightning7,shape,11,2,4
raw_centroid,0.5205479452054794,319,Lightning7,shape,11,2,4
law_L1,0.4657534246575342,64,Lightning7,shape,11,5,0
law_Lall,0.4520547945205479,64,Lightning7,shape,11,5,0
raw_1nn_ed,0.4931506849315068,319,Lightning7,shape,11,5,0
raw_centroid,0.4794520547945205,319,Lightning7,shape,11,5,0
law_L1,0.4520547945205479,64,Lightning7,shape,11,5,1
law_Lall,0.3972602739726027,64,Lightning7,shape,11,5,1
raw_1nn_ed,0.4383561643835616,319,Lightning7,shape,11,5,1
raw_centroid,0.4657534246575342,319,Lightning7,shape,11,5,1
law_L1,0.3698630136986301,64,Lightning7,shape,11,5,2
law_Lall,0.4246575342465753,64,Lightning7,shape,11,5,2
raw_1nn_ed,0.4383561643835616,319,Lightning7,shape,11,5,2
raw_centroid,0.410958904109589,319,Lightning7,shape,11,5,2
law_L1,0.4246575342465753,64,Lightning7,shape,11,5,3
law_Lall,0.4520547945205479,64,Lightning7,shape,11,5,3
raw_1nn_ed,0.5616438356164384,319,Lightning7,shape,11,5,3
raw_centroid,0.4246575342465753,319,Lightning7,shape,11,5,3
law_L1,0.5616438356164384,64,Lightning7,shape,11,5,4
law_Lall,0.3972602739726027,64,Lightning7,shape,11,5,4
raw_1nn_ed,0.3972602739726027,319,Lightning7,shape,11,5,4
raw_centroid,0.5616438356164384,319,Lightning7,shape,11,5,4
law_L1,0.7945205479452054,64,Lightning7,shape,23,1,0
law_Lall,0.7945205479452054,64,Lightning7,shape,23,1,0
raw_1nn_ed,0.7945205479452054,319,Lightning7,shape,23,1,0
raw_centroid,0.7945205479452054,319,Lightning7,shape,23,1,0
law_L1,0.6438356164383562,64,Lightning7,shape,23,1,1
law_Lall,0.6438356164383562,64,Lightning7,shape,23,1,1
raw_1nn_ed,0.684931506849315,319,Lightning7,shape,23,1,1
raw_centroid,0.684931506849315,319,Lightning7,shape,23,1,1
law_L1,0.6712328767123288,64,Lightning7,shape,23,1,2
law_Lall,0.6712328767123288,64,Lightning7,shape,23,1,2
raw_1nn_ed,0.6301369863013698,319,Lightning7,shape,23,1,2
raw_centroid,0.6301369863013698,319,Lightning7,shape,23,1,2
law_L1,0.5616438356164384,64,Lightning7,shape,23,1,3
law_Lall,0.5616438356164384,64,Lightning7,shape,23,1,3
raw_1nn_ed,0.4794520547945205,319,Lightning7,shape,23,1,3
raw_centroid,0.4794520547945205,319,Lightning7,shape,23,1,3
law_L1,0.6027397260273972,64,Lightning7,shape,23,1,4
law_Lall,0.6027397260273972,64,Lightning7,shape,23,1,4
raw_1nn_ed,0.5342465753424658,319,Lightning7,shape,23,1,4
raw_centroid,0.5342465753424658,319,Lightning7,shape,23,1,4
law_L1,0.6301369863013698,64,Lightning7,shape,23,2,0
law_Lall,0.547945205479452,64,Lightning7,shape,23,2,0
raw_1nn_ed,0.4794520547945205,319,Lightning7,shape,23,2,0
raw_centroid,0.6164383561643836,319,Lightning7,shape,23,2,0
law_L1,0.6164383561643836,64,Lightning7,shape,23,2,1
law_Lall,0.6438356164383562,64,Lightning7,shape,23,2,1
raw_1nn_ed,0.6164383561643836,319,Lightning7,shape,23,2,1
raw_centroid,0.6301369863013698,319,Lightning7,shape,23,2,1
law_L1,0.5068493150684932,64,Lightning7,shape,23,2,2
law_Lall,0.5205479452054794,64,Lightning7,shape,23,2,2
raw_1nn_ed,0.5205479452054794,319,Lightning7,shape,23,2,2
raw_centroid,0.4383561643835616,319,Lightning7,shape,23,2,2
law_L1,0.5342465753424658,64,Lightning7,shape,23,2,3
law_Lall,0.5205479452054794,64,Lightning7,shape,23,2,3
raw_1nn_ed,0.5342465753424658,319,Lightning7,shape,23,2,3
raw_centroid,0.589041095890411,319,Lightning7,shape,23,2,3
law_L1,0.5753424657534246,64,Lightning7,shape,23,2,4
law_Lall,0.547945205479452,64,Lightning7,shape,23,2,4
raw_1nn_ed,0.6164383561643836,319,Lightning7,shape,23,2,4
raw_centroid,0.5616438356164384,319,Lightning7,shape,23,2,4
law_L1,0.4931506849315068,64,Lightning7,shape,23,5,0
law_Lall,0.4794520547945205,64,Lightning7,shape,23,5,0
raw_1nn_ed,0.4657534246575342,319,Lightning7,shape,23,5,0
raw_centroid,0.4931506849315068,319,Lightning7,shape,23,5,0
law_L1,0.4246575342465753,64,Lightning7,shape,23,5,1
law_Lall,0.4657534246575342,64,Lightning7,shape,23,5,1
raw_1nn_ed,0.4794520547945205,319,Lightning7,shape,23,5,1
raw_centroid,0.4520547945205479,319,Lightning7,shape,23,5,1
law_L1,0.410958904109589,64,Lightning7,shape,23,5,2
law_Lall,0.3972602739726027,64,Lightning7,shape,23,5,2
raw_1nn_ed,0.4657534246575342,319,Lightning7,shape,23,5,2
raw_centroid,0.4246575342465753,319,Lightning7,shape,23,5,2
law_L1,0.410958904109589,64,Lightning7,shape,23,5,3
law_Lall,0.3698630136986301,64,Lightning7,shape,23,5,3
raw_1nn_ed,0.4383561643835616,319,Lightning7,shape,23,5,3
raw_centroid,0.4520547945205479,319,Lightning7,shape,23,5,3
law_L1,0.4383561643835616,64,Lightning7,shape,23,5,4
law_Lall,0.3972602739726027,64,Lightning7,shape,23,5,4
raw_1nn_ed,0.3698630136986301,319,Lightning7,shape,23,5,4
raw_centroid,0.4246575342465753,319,Lightning7,shape,23,5,4
law_L1,0.6027397260273972,48,Lightning7,shape,42,1,0
law_Lall,0.6027397260273972,48,Lightning7,shape,42,1,0
raw_1nn_ed,0.6575342465753424,319,Lightning7,shape,42,1,0
raw_centroid,0.6575342465753424,319,Lightning7,shape,42,1,0
law_L1,0.6712328767123288,64,Lightning7,shape,42,1,1
law_Lall,0.6712328767123288,64,Lightning7,shape,42,1,1
raw_1nn_ed,0.684931506849315,319,Lightning7,shape,42,1,1
raw_centroid,0.684931506849315,319,Lightning7,shape,42,1,1
law_L1,0.6712328767123288,48,Lightning7,shape,42,1,2
law_Lall,0.6712328767123288,48,Lightning7,shape,42,1,2
raw_1nn_ed,0.6438356164383562,319,Lightning7,shape,42,1,2
raw_centroid,0.6438356164383562,319,Lightning7,shape,42,1,2
law_L1,0.4246575342465753,64,Lightning7,shape,42,1,3
law_Lall,0.4246575342465753,64,Lightning7,shape,42,1,3
raw_1nn_ed,0.4794520547945205,319,Lightning7,shape,42,1,3
raw_centroid,0.4794520547945205,319,Lightning7,shape,42,1,3
law_L1,0.5068493150684932,64,Lightning7,shape,42,1,4
law_Lall,0.5068493150684932,64,Lightning7,shape,42,1,4
raw_1nn_ed,0.5753424657534246,319,Lightning7,shape,42,1,4
raw_centroid,0.5753424657534246,319,Lightning7,shape,42,1,4
law_L1,0.5753424657534246,64,Lightning7,shape,42,2,0
law_Lall,0.6027397260273972,64,Lightning7,shape,42,2,0
raw_1nn_ed,0.547945205479452,319,Lightning7,shape,42,2,0
raw_centroid,0.589041095890411,319,Lightning7,shape,42,2,0
law_L1,0.5068493150684932,64,Lightning7,shape,42,2,1
law_Lall,0.5205479452054794,64,Lightning7,shape,42,2,1
raw_1nn_ed,0.5616438356164384,319,Lightning7,shape,42,2,1
raw_centroid,0.5753424657534246,319,Lightning7,shape,42,2,1
law_L1,0.3972602739726027,64,Lightning7,shape,42,2,2
law_Lall,0.4794520547945205,64,Lightning7,shape,42,2,2
raw_1nn_ed,0.4520547945205479,319,Lightning7,shape,42,2,2
raw_centroid,0.410958904109589,319,Lightning7,shape,42,2,2
law_L1,0.3424657534246575,64,Lightning7,shape,42,2,3
law_Lall,0.3561643835616438,64,Lightning7,shape,42,2,3
raw_1nn_ed,0.3835616438356164,319,Lightning7,shape,42,2,3
raw_centroid,0.3835616438356164,319,Lightning7,shape,42,2,3
law_L1,0.4794520547945205,64,Lightning7,shape,42,2,4
law_Lall,0.5068493150684932,64,Lightning7,shape,42,2,4
raw_1nn_ed,0.5068493150684932,319,Lightning7,shape,42,2,4
raw_centroid,0.5205479452054794,319,Lightning7,shape,42,2,4
law_L1,0.4246575342465753,64,Lightning7,shape,42,5,0
law_Lall,0.3972602739726027,64,Lightning7,shape,42,5,0
raw_1nn_ed,0.4520547945205479,319,Lightning7,shape,42,5,0
raw_centroid,0.4520547945205479,319,Lightning7,shape,42,5,0
law_L1,0.410958904109589,64,Lightning7,shape,42,5,1
law_Lall,0.3835616438356164,64,Lightning7,shape,42,5,1
raw_1nn_ed,0.4520547945205479,319,Lightning7,shape,42,5,1
raw_centroid,0.4246575342465753,319,Lightning7,shape,42,5,1
law_L1,0.3698630136986301,64,Lightning7,shape,42,5,2
law_Lall,0.410958904109589,64,Lightning7,shape,42,5,2
raw_1nn_ed,0.4520547945205479,319,Lightning7,shape,42,5,2
raw_centroid,0.3835616438356164,319,Lightning7,shape,42,5,2
law_L1,0.4931506849315068,64,Lightning7,shape,42,5,3
law_Lall,0.3698630136986301,64,Lightning7,shape,42,5,3
raw_1nn_ed,0.4383561643835616,319,Lightning7,shape,42,5,3
raw_centroid,0.4931506849315068,319,Lightning7,shape,42,5,3
law_L1,0.4246575342465753,64,Lightning7,shape,42,5,4
law_Lall,0.3972602739726027,64,Lightning7,shape,42,5,4
raw_1nn_ed,0.4931506849315068,319,Lightning7,shape,42,5,4
raw_centroid,0.4246575342465753,319,Lightning7,shape,42,5,4
law_L1,0.4559068219633943,32,SonyAIBORobotSurface1,shape,11,1,0
law_Lall,0.4559068219633943,32,SonyAIBORobotSurface1,shape,11,1,0
raw_1nn_ed,0.4575707154742096,70,SonyAIBORobotSurface1,shape,11,1,0
raw_centroid,0.4575707154742096,70,SonyAIBORobotSurface1,shape,11,1,0
law_L1,0.4126455906821963,32,SonyAIBORobotSurface1,shape,11,1,1
law_Lall,0.4126455906821963,32,SonyAIBORobotSurface1,shape,11,1,1
raw_1nn_ed,0.4276206322795341,70,SonyAIBORobotSurface1,shape,11,1,1
raw_centroid,0.4276206322795341,70,SonyAIBORobotSurface1,shape,11,1,1
law_L1,0.562396006655574,32,SonyAIBORobotSurface1,shape,11,1,2
law_Lall,0.562396006655574,32,SonyAIBORobotSurface1,shape,11,1,2
raw_1nn_ed,0.5457570715474209,70,SonyAIBORobotSurface1,shape,11,1,2
raw_centroid,0.5457570715474209,70,SonyAIBORobotSurface1,shape,11,1,2
law_L1,0.4492512479201331,32,SonyAIBORobotSurface1,shape,11,1,3
law_Lall,0.4492512479201331,32,SonyAIBORobotSurface1,shape,11,1,3
raw_1nn_ed,0.4525790349417637,70,SonyAIBORobotSurface1,shape,11,1,3
raw_centroid,0.4525790349417637,70,SonyAIBORobotSurface1,shape,11,1,3
law_L1,0.4725457570715474,32,SonyAIBORobotSurface1,shape,11,1,4
law_Lall,0.4725457570715474,32,SonyAIBORobotSurface1,shape,11,1,4
raw_1nn_ed,0.4742096505823627,70,SonyAIBORobotSurface1,shape,11,1,4
raw_centroid,0.4742096505823627,70,SonyAIBORobotSurface1,shape,11,1,4
law_L1,0.4176372712146423,32,SonyAIBORobotSurface1,shape,11,2,0
law_Lall,0.415973377703827,32,SonyAIBORobotSurface1,shape,11,2,0
raw_1nn_ed,0.4059900166389351,70,SonyAIBORobotSurface1,shape,11,2,0
raw_centroid,0.4093178036605657,70,SonyAIBORobotSurface1,shape,11,2,0
law_L1,0.2762063227953411,32,SonyAIBORobotSurface1,shape,11,2,1
law_Lall,0.346089850249584,32,SonyAIBORobotSurface1,shape,11,2,1
raw_1nn_ed,0.3327787021630615,70,SonyAIBORobotSurface1,shape,11,2,1
raw_centroid,0.2695507487520798,70,SonyAIBORobotSurface1,shape,11,2,1
law_L1,0.259567387687188,32,SonyAIBORobotSurface1,shape,11,2,2
law_Lall,0.410981697171381,32,SonyAIBORobotSurface1,shape,11,2,2
raw_1nn_ed,0.410981697171381,70,SonyAIBORobotSurface1,shape,11,2,2
raw_centroid,0.2479201331114808,70,SonyAIBORobotSurface1,shape,11,2,2
law_L1,0.4908485856905158,32,SonyAIBORobotSurface1,shape,11,2,3
law_Lall,0.4692179700499168,32,SonyAIBORobotSurface1,shape,11,2,3
raw_1nn_ed,0.4625623960066555,70,SonyAIBORobotSurface1,shape,11,2,3
raw_centroid,0.4792013311148086,70,SonyAIBORobotSurface1,shape,11,2,3
law_L1,0.2445923460898502,32,SonyAIBORobotSurface1,shape,11,2,4
law_Lall,0.3777038269550749,32,SonyAIBORobotSurface1,shape,11,2,4
raw_1nn_ed,0.3777038269550749,70,SonyAIBORobotSurface1,shape,11,2,4
raw_centroid,0.2179700499168053,70,SonyAIBORobotSurface1,shape,11,2,4
law_L1,0.2396006655574043,32,SonyAIBORobotSurface1,shape,11,5,0
law_Lall,0.3394342762063227,32,SonyAIBORobotSurface1,shape,11,5,0
raw_1nn_ed,0.3394342762063227,70,SonyAIBORobotSurface1,shape,11,5,0
raw_centroid,0.2346089850249584,70,SonyAIBORobotSurface1,shape,11,5,0
law_L1,0.2762063227953411,32,SonyAIBORobotSurface1,shape,11,5,1
law_Lall,0.2795341098169717,32,SonyAIBORobotSurface1,shape,11,5,1
raw_1nn_ed,0.2845257903494176,70,SonyAIBORobotSurface1,shape,11,5,1
raw_centroid,0.2645590682196339,70,SonyAIBORobotSurface1,shape,11,5,1
law_L1,0.1930116472545757,32,SonyAIBORobotSurface1,shape,11,5,2
law_Lall,0.2828618968386023,32,SonyAIBORobotSurface1,shape,11,5,2
raw_1nn_ed,0.281198003327787,70,SonyAIBORobotSurface1,shape,11,5,2
raw_centroid,0.1913477537437604,70,SonyAIBORobotSurface1,shape,11,5,2
law_L1,0.1830282861896838,32,SonyAIBORobotSurface1,shape,11,5,3
law_Lall,0.2911813643926789,32,SonyAIBORobotSurface1,shape,11,5,3
raw_1nn_ed,0.2861896838602329,70,SonyAIBORobotSurface1,shape,11,5,3
raw_centroid,0.1846921797004991,70,SonyAIBORobotSurface1,shape,11,5,3
law_L1,0.2279534109816971,32,SonyAIBORobotSurface1,shape,11,5,4
law_Lall,0.2579034941763727,32,SonyAIBORobotSurface1,shape,11,5,4
raw_1nn_ed,0.2579034941763727,70,SonyAIBORobotSurface1,shape,11,5,4
raw_centroid,0.2113144758735441,70,SonyAIBORobotSurface1,shape,11,5,4
law_L1,0.43261231281198,32,SonyAIBORobotSurface1,shape,23,1,0
law_Lall,0.43261231281198,32,SonyAIBORobotSurface1,shape,23,1,0
raw_1nn_ed,0.4409317803660565,70,SonyAIBORobotSurface1,shape,23,1,0
raw_centroid,0.4409317803660565,70,SonyAIBORobotSurface1,shape,23,1,0
law_L1,0.4891846921797005,32,SonyAIBORobotSurface1,shape,23,1,1
law_Lall,0.4891846921797005,32,SonyAIBORobotSurface1,shape,23,1,1
raw_1nn_ed,0.4908485856905158,70,SonyAIBORobotSurface1,shape,23,1,1
raw_centroid,0.4908485856905158,70,SonyAIBORobotSurface1,shape,23,1,1
law_L1,0.4891846921797005,32,SonyAIBORobotSurface1,shape,23,1,2
law_Lall,0.4891846921797005,32,SonyAIBORobotSurface1,shape,23,1,2
raw_1nn_ed,0.4908485856905158,70,SonyAIBORobotSurface1,shape,23,1,2
raw_centroid,0.4908485856905158,70,SonyAIBORobotSurface1,shape,23,1,2
law_L1,0.4525790349417637,32,SonyAIBORobotSurface1,shape,23,1,3
law_Lall,0.4525790349417637,32,SonyAIBORobotSurface1,shape,23,1,3
raw_1nn_ed,0.4608985024958402,70,SonyAIBORobotSurface1,shape,23,1,3
raw_centroid,0.4608985024958402,70,SonyAIBORobotSurface1,shape,23,1,3
law_L1,0.4775374376039933,32,SonyAIBORobotSurface1,shape,23,1,4
law_Lall,0.4775374376039933,32,SonyAIBORobotSurface1,shape,23,1,4
raw_1nn_ed,0.4642262895174708,70,SonyAIBORobotSurface1,shape,23,1,4
raw_centroid,0.4642262895174708,70,SonyAIBORobotSurface1,shape,23,1,4
law_L1,0.302828618968386,32,SonyAIBORobotSurface1,shape,23,2,0
law_Lall,0.4459234608985025,32,SonyAIBORobotSurface1,shape,23,2,0
raw_1nn_ed,0.4409317803660565,70,SonyAIBORobotSurface1,shape,23,2,0
raw_centroid,0.2845257903494176,70,SonyAIBORobotSurface1,shape,23,2,0
law_L1,0.2129783693843594,32,SonyAIBORobotSurface1,shape,23,2,1
law_Lall,0.3294509151414309,32,SonyAIBORobotSurface1,shape,23,2,1
raw_1nn_ed,0.3394342762063227,70,SonyAIBORobotSurface1,shape,23,2,1
raw_centroid,0.21630615640599,70,SonyAIBORobotSurface1,shape,23,2,1
law_L1,0.2296173044925124,32,SonyAIBORobotSurface1,shape,23,2,2
law_Lall,0.4009983361064891,32,SonyAIBORobotSurface1,shape,23,2,2
raw_1nn_ed,0.3943427620632279,70,SonyAIBORobotSurface1,shape,23,2,2
raw_centroid,0.2146422628951747,70,SonyAIBORobotSurface1,shape,23,2,2
law_L1,0.5008319467554077,32,SonyAIBORobotSurface1,shape,23,2,3
law_Lall,0.4908485856905158,32,SonyAIBORobotSurface1,shape,23,2,3
raw_1nn_ed,0.4858569051580699,70,SonyAIBORobotSurface1,shape,23,2,3
raw_centroid,0.4941763727121464,70,SonyAIBORobotSurface1,shape,23,2,3
law_L1,0.3660565723793677,32,SonyAIBORobotSurface1,shape,23,2,4
law_Lall,0.389351081530782,32,SonyAIBORobotSurface1,shape,23,2,4
raw_1nn_ed,0.3860232945091514,70,SonyAIBORobotSurface1,shape,23,2,4
raw_centroid,0.3610648918469218,70,SonyAIBORobotSurface1,shape,23,2,4
law_L1,0.2678868552412645,32,SonyAIBORobotSurface1,shape,23,5,0
law_Lall,0.2645590682196339,32,SonyAIBORobotSurface1,shape,23,5,0
raw_1nn_ed,0.2745424292845257,70,SonyAIBORobotSurface1,shape,23,5,0
raw_centroid,0.2612312811980033,70,SonyAIBORobotSurface1,shape,23,5,0
law_L1,0.2412645590682196,32,SonyAIBORobotSurface1,shape,23,5,1
law_Lall,0.3327787021630615,32,SonyAIBORobotSurface1,shape,23,5,1
raw_1nn_ed,0.3394342762063227,70,SonyAIBORobotSurface1,shape,23,5,1
raw_centroid,0.2296173044925124,70,SonyAIBORobotSurface1,shape,23,5,1
law_L1,0.1613976705490848,32,SonyAIBORobotSurface1,shape,23,5,2
law_Lall,0.2396006655574043,32,SonyAIBORobotSurface1,shape,23,5,2
raw_1nn_ed,0.2429284525790349,70,SonyAIBORobotSurface1,shape,23,5,2
raw_centroid,0.1547420965058236,70,SonyAIBORobotSurface1,shape,23,5,2
law_L1,0.2262895174708818,32,SonyAIBORobotSurface1,shape,23,5,3
law_Lall,0.2479201331114808,32,SonyAIBORobotSurface1,shape,23,5,3
raw_1nn_ed,0.2562396006655574,70,SonyAIBORobotSurface1,shape,23,5,3
raw_centroid,0.2296173044925124,70,SonyAIBORobotSurface1,shape,23,5,3
law_L1,0.1663893510815307,32,SonyAIBORobotSurface1,shape,23,5,4
law_Lall,0.3011647254575707,32,SonyAIBORobotSurface1,shape,23,5,4
raw_1nn_ed,0.2945091514143095,70,SonyAIBORobotSurface1,shape,23,5,4
raw_centroid,0.1530782029950083,70,SonyAIBORobotSurface1,shape,23,5,4
law_L1,0.4958402662229617,32,SonyAIBORobotSurface1,shape,42,1,0
law_Lall,0.4958402662229617,32,SonyAIBORobotSurface1,shape,42,1,0
raw_1nn_ed,0.4925124792013311,70,SonyAIBORobotSurface1,shape,42,1,0
raw_centroid,0.4925124792013311,70,SonyAIBORobotSurface1,shape,42,1,0
law_L1,0.4908485856905158,32,SonyAIBORobotSurface1,shape,42,1,1
law_Lall,0.4908485856905158,32,SonyAIBORobotSurface1,shape,42,1,1
raw_1nn_ed,0.4858569051580699,70,SonyAIBORobotSurface1,shape,42,1,1
raw_centroid,0.4858569051580699,70,SonyAIBORobotSurface1,shape,42,1,1
law_L1,0.4043261231281198,32,SonyAIBORobotSurface1,shape,42,1,2
law_Lall,0.4043261231281198,32,SonyAIBORobotSurface1,shape,42,1,2
raw_1nn_ed,0.4059900166389351,70,SonyAIBORobotSurface1,shape,42,1,2
raw_centroid,0.4059900166389351,70,SonyAIBORobotSurface1,shape,42,1,2
law_L1,0.4725457570715474,32,SonyAIBORobotSurface1,shape,42,1,3
law_Lall,0.4725457570715474,32,SonyAIBORobotSurface1,shape,42,1,3
raw_1nn_ed,0.475873544093178,70,SonyAIBORobotSurface1,shape,42,1,3
raw_centroid,0.475873544093178,70,SonyAIBORobotSurface1,shape,42,1,3
law_L1,0.4608985024958402,32,SonyAIBORobotSurface1,shape,42,1,4
law_Lall,0.4608985024958402,32,SonyAIBORobotSurface1,shape,42,1,4
raw_1nn_ed,0.4642262895174708,70,SonyAIBORobotSurface1,shape,42,1,4
raw_centroid,0.4642262895174708,70,SonyAIBORobotSurface1,shape,42,1,4
law_L1,0.4242928452579035,32,SonyAIBORobotSurface1,shape,42,2,0
law_Lall,0.4908485856905158,32,SonyAIBORobotSurface1,shape,42,2,0
raw_1nn_ed,0.4825291181364393,70,SonyAIBORobotSurface1,shape,42,2,0
raw_centroid,0.4226289517470882,70,SonyAIBORobotSurface1,shape,42,2,0
law_L1,0.3643926788685524,32,SonyAIBORobotSurface1,shape,42,2,1
law_Lall,0.4126455906821963,32,SonyAIBORobotSurface1,shape,42,2,1
raw_1nn_ed,0.4059900166389351,70,SonyAIBORobotSurface1,shape,42,2,1
raw_centroid,0.3444259567387687,70,SonyAIBORobotSurface1,shape,42,2,1
law_L1,0.3660565723793677,32,SonyAIBORobotSurface1,shape,42,2,2
law_Lall,0.4376039933444259,32,SonyAIBORobotSurface1,shape,42,2,2
raw_1nn_ed,0.4359400998336106,70,SonyAIBORobotSurface1,shape,42,2,2
raw_centroid,0.3560732113144759,70,SonyAIBORobotSurface1,shape,42,2,2
law_L1,0.1364392678868552,32,SonyAIBORobotSurface1,shape,42,2,3
law_Lall,0.3211314475873544,32,SonyAIBORobotSurface1,shape,42,2,3
raw_1nn_ed,0.3061564059900166,70,SonyAIBORobotSurface1,shape,42,2,3
raw_centroid,0.1198003327787021,70,SonyAIBORobotSurface1,shape,42,2,3
law_L1,0.497504159733777,32,SonyAIBORobotSurface1,shape,42,2,4
law_Lall,0.4592346089850249,32,SonyAIBORobotSurface1,shape,42,2,4
raw_1nn_ed,0.4608985024958402,70,SonyAIBORobotSurface1,shape,42,2,4
raw_centroid,0.4841930116472546,70,SonyAIBORobotSurface1,shape,42,2,4
law_L1,0.1747088186356073,32,SonyAIBORobotSurface1,shape,42,5,0
law_Lall,0.324459234608985,32,SonyAIBORobotSurface1,shape,42,5,0
raw_1nn_ed,0.324459234608985,70,SonyAIBORobotSurface1,shape,42,5,0
raw_centroid,0.1663893510815307,70,SonyAIBORobotSurface1,shape,42,5,0
law_L1,0.2628951747088186,32,SonyAIBORobotSurface1,shape,42,5,1
law_Lall,0.2778702163061564,32,SonyAIBORobotSurface1,shape,42,5,1
raw_1nn_ed,0.2678868552412645,70,SonyAIBORobotSurface1,shape,42,5,1
raw_centroid,0.2412645590682196,70,SonyAIBORobotSurface1,shape,42,5,1
law_L1,0.1780366056572379,32,SonyAIBORobotSurface1,shape,42,5,2
law_Lall,0.259567387687188,32,SonyAIBORobotSurface1,shape,42,5,2
raw_1nn_ed,0.2645590682196339,70,SonyAIBORobotSurface1,shape,42,5,2
raw_centroid,0.173044925124792,70,SonyAIBORobotSurface1,shape,42,5,2
law_L1,0.2612312811980033,32,SonyAIBORobotSurface1,shape,42,5,3
law_Lall,0.2911813643926789,32,SonyAIBORobotSurface1,shape,42,5,3
raw_1nn_ed,0.2978369384359401,70,SonyAIBORobotSurface1,shape,42,5,3
raw_centroid,0.2562396006655574,70,SonyAIBORobotSurface1,shape,42,5,3
law_L1,0.1930116472545757,32,SonyAIBORobotSurface1,shape,42,5,4
law_Lall,0.2911813643926789,32,SonyAIBORobotSurface1,shape,42,5,4
raw_1nn_ed,0.2961730449251248,70,SonyAIBORobotSurface1,shape,42,5,4
raw_centroid,0.1913477537437604,70,SonyAIBORobotSurface1,shape,42,5,4
law_L1,0.1837060702875399,32,MoteStrain,shape,11,1,0
law_Lall,0.1837060702875399,32,MoteStrain,shape,11,1,0
raw_1nn_ed,0.1837060702875399,84,MoteStrain,shape,11,1,0
raw_centroid,0.1837060702875399,84,MoteStrain,shape,11,1,0
law_L1,0.145367412140575,32,MoteStrain,shape,11,1,1
law_Lall,0.145367412140575,32,MoteStrain,shape,11,1,1
raw_1nn_ed,0.1485623003194888,84,MoteStrain,shape,11,1,1
raw_centroid,0.1485623003194888,84,MoteStrain,shape,11,1,1
law_L1,0.2148562300319488,32,MoteStrain,shape,11,1,2
law_Lall,0.2148562300319488,32,MoteStrain,shape,11,1,2
raw_1nn_ed,0.2116613418530351,84,MoteStrain,shape,11,1,2
raw_centroid,0.2116613418530351,84,MoteStrain,shape,11,1,2
law_L1,0.2028753993610223,32,MoteStrain,shape,11,1,3
law_Lall,0.2028753993610223,32,MoteStrain,shape,11,1,3
raw_1nn_ed,0.2028753993610223,84,MoteStrain,shape,11,1,3
raw_centroid,0.2028753993610223,84,MoteStrain,shape,11,1,3
law_L1,0.2108626198083067,16,MoteStrain,shape,11,1,4
law_Lall,0.2108626198083067,16,MoteStrain,shape,11,1,4
raw_1nn_ed,0.2947284345047923,84,MoteStrain,shape,11,1,4
raw_centroid,0.2947284345047923,84,MoteStrain,shape,11,1,4
law_L1,0.1182108626198083,32,MoteStrain,shape,11,2,0
law_Lall,0.1110223642172524,32,MoteStrain,shape,11,2,0
raw_1nn_ed,0.1110223642172524,84,MoteStrain,shape,11,2,0
raw_centroid,0.1198083067092651,84,MoteStrain,shape,11,2,0
law_L1,0.2084664536741214,16,MoteStrain,shape,11,2,1
law_Lall,0.182108626198083,16,MoteStrain,shape,11,2,1
raw_1nn_ed,0.1749201277955271,84,MoteStrain,shape,11,2,1
raw_centroid,0.1773162939297124,84,MoteStrain,shape,11,2,1
law_L1,0.1669329073482428,16,MoteStrain,shape,11,2,2
law_Lall,0.2012779552715655,16,MoteStrain,shape,11,2,2
raw_1nn_ed,0.2196485623003194,84,MoteStrain,shape,11,2,2
raw_centroid,0.2076677316293929,84,MoteStrain,shape,11,2,2
law_L1,0.2268370607028754,8,MoteStrain,shape,11,2,3
law_Lall,0.353035143769968,8,MoteStrain,shape,11,2,3
raw_1nn_ed,0.1413738019169329,84,MoteStrain,shape,11,2,3
raw_centroid,0.2076677316293929,84,MoteStrain,shape,11,2,3
law_L1,0.2723642172523962,16,MoteStrain,shape,11,2,4
law_Lall,0.2092651757188498,16,MoteStrain,shape,11,2,4
raw_1nn_ed,0.1757188498402556,84,MoteStrain,shape,11,2,4
raw_centroid,0.2268370607028754,84,MoteStrain,shape,11,2,4
law_L1,0.1373801916932907,16,MoteStrain,shape,11,5,0
law_Lall,0.1613418530351437,16,MoteStrain,shape,11,5,0
raw_1nn_ed,0.1070287539936102,84,MoteStrain,shape,11,5,0
raw_centroid,0.1429712460063897,84,MoteStrain,shape,11,5,0
law_L1,0.2595846645367412,8,MoteStrain,shape,11,5,1
law_Lall,0.3138977635782747,8,MoteStrain,shape,11,5,1
raw_1nn_ed,0.218849840255591,84,MoteStrain,shape,11,5,1
raw_centroid,0.2412140575079872,84,MoteStrain,shape,11,5,1
law_L1,0.1261980830670926,16,MoteStrain,shape,11,5,2
law_Lall,0.139776357827476,16,MoteStrain,shape,11,5,2
raw_1nn_ed,0.1118210862619808,84,MoteStrain,shape,11,5,2
raw_centroid,0.1238019169329073,84,MoteStrain,shape,11,5,2
law_L1,0.1789137380191693,16,MoteStrain,shape,11,5,3
law_Lall,0.2579872204472843,16,MoteStrain,shape,11,5,3
raw_1nn_ed,0.1253993610223642,84,MoteStrain,shape,11,5,3
raw_centroid,0.1709265175718849,84,MoteStrain,shape,11,5,3
law_L1,0.1509584664536741,16,MoteStrain,shape,11,5,4
law_Lall,0.1980830670926517,16,MoteStrain,shape,11,5,4
raw_1nn_ed,0.1230031948881789,84,MoteStrain,shape,11,5,4
raw_centroid,0.1501597444089457,84,MoteStrain,shape,11,5,4
law_L1,0.1437699680511182,16,MoteStrain,shape,11,10,0
law_Lall,0.2036741214057508,16,MoteStrain,shape,11,10,0
raw_1nn_ed,0.121405750798722,84,MoteStrain,shape,11,10,0
raw_centroid,0.1389776357827476,84,MoteStrain,shape,11,10,0
law_L1,0.1437699680511182,16,MoteStrain,shape,11,10,1
law_Lall,0.2036741214057508,16,MoteStrain,shape,11,10,1
raw_1nn_ed,0.121405750798722,84,MoteStrain,shape,11,10,1
raw_centroid,0.1389776357827476,84,MoteStrain,shape,11,10,1
law_L1,0.1437699680511182,16,MoteStrain,shape,11,10,2
law_Lall,0.2036741214057508,16,MoteStrain,shape,11,10,2
raw_1nn_ed,0.121405750798722,84,MoteStrain,shape,11,10,2
raw_centroid,0.1389776357827476,84,MoteStrain,shape,11,10,2
law_L1,0.1437699680511182,16,MoteStrain,shape,11,10,3
law_Lall,0.2036741214057508,16,MoteStrain,shape,11,10,3
raw_1nn_ed,0.121405750798722,84,MoteStrain,shape,11,10,3
raw_centroid,0.1389776357827476,84,MoteStrain,shape,11,10,3
law_L1,0.1437699680511182,16,MoteStrain,shape,11,10,4
law_Lall,0.2036741214057508,16,MoteStrain,shape,11,10,4
raw_1nn_ed,0.121405750798722,84,MoteStrain,shape,11,10,4
raw_centroid,0.1389776357827476,84,MoteStrain,shape,11,10,4
law_L1,0.6317891373801917,8,MoteStrain,shape,23,1,0
law_Lall,0.6317891373801917,8,MoteStrain,shape,23,1,0
raw_1nn_ed,0.4904153354632588,84,MoteStrain,shape,23,1,0
raw_centroid,0.4904153354632588,84,MoteStrain,shape,23,1,0
law_L1,0.2460063897763578,16,MoteStrain,shape,23,1,1
law_Lall,0.2460063897763578,16,MoteStrain,shape,23,1,1
raw_1nn_ed,0.2579872204472843,84,MoteStrain,shape,23,1,1
raw_centroid,0.2579872204472843,84,MoteStrain,shape,23,1,1
law_L1,0.1309904153354632,32,MoteStrain,shape,23,1,2
law_Lall,0.1309904153354632,32,MoteStrain,shape,23,1,2
raw_1nn_ed,0.1293929712460063,84,MoteStrain,shape,23,1,2
raw_centroid,0.1293929712460063,84,MoteStrain,shape,23,1,2
law_L1,0.4584664536741214,4,MoteStrain,shape,23,1,3
law_Lall,0.4584664536741214,4,MoteStrain,shape,23,1,3
raw_1nn_ed,0.468849840255591,84,MoteStrain,shape,23,1,3
raw_centroid,0.468849840255591,84,MoteStrain,shape,23,1,3
law_L1,0.3274760383386581,8,MoteStrain,shape,23,1,4
law_Lall,0.3274760383386581,8,MoteStrain,shape,23,1,4
raw_1nn_ed,0.4408945686900958,84,MoteStrain,shape,23,1,4
raw_centroid,0.4408945686900958,84,MoteStrain,shape,23,1,4
law_L1,0.1573482428115016,32,MoteStrain,shape,23,2,0
law_Lall,0.1605431309904153,32,MoteStrain,shape,23,2,0
raw_1nn_ed,0.1589456869009584,84,MoteStrain,shape,23,2,0
raw_centroid,0.1573482428115016,84,MoteStrain,shape,23,2,0
law_L1,0.2228434504792332,8,MoteStrain,shape,23,2,1
law_Lall,0.2156549520766773,8,MoteStrain,shape,23,2,1
raw_1nn_ed,0.2172523961661341,84,MoteStrain,shape,23,2,1
raw_centroid,0.2364217252396166,84,MoteStrain,shape,23,2,1
law_L1,0.2204472843450479,16,MoteStrain,shape,23,2,2
law_Lall,0.2468051118210862,16,MoteStrain,shape,23,2,2
raw_1nn_ed,0.2875399361022364,84,MoteStrain,shape,23,2,2
raw_centroid,0.2164536741214057,84,MoteStrain,shape,23,2,2
law_L1,0.273961661341853,8,MoteStrain,shape,23,2,3
law_Lall,0.3969648562300319,8,MoteStrain,shape,23,2,3
raw_1nn_ed,0.3027156549520767,84,MoteStrain,shape,23,2,3
raw_centroid,0.2891373801916932,84,MoteStrain,shape,23,2,3
law_L1,0.2332268370607028,16,MoteStrain,shape,23,2,4
law_Lall,0.2124600638977636,16,MoteStrain,shape,23,2,4
raw_1nn_ed,0.1541533546325878,84,MoteStrain,shape,23,2,4
raw_centroid,0.1549520766773162,84,MoteStrain,shape,23,2,4
law_L1,0.1829073482428115,8,MoteStrain,shape,23,5,0
law_Lall,0.2452076677316294,8,MoteStrain,shape,23,5,0
raw_1nn_ed,0.1413738019169329,84,MoteStrain,shape,23,5,0
raw_centroid,0.1789137380191693,84,MoteStrain,shape,23,5,0
law_L1,0.1988817891373802,8,MoteStrain,shape,23,5,1
law_Lall,0.2076677316293929,8,MoteStrain,shape,23,5,1
raw_1nn_ed,0.1421725239616613,84,MoteStrain,shape,23,5,1
raw_centroid,0.1845047923322683,84,MoteStrain,shape,23,5,1
law_L1,0.2212460063897763,8,MoteStrain,shape,23,5,2
law_Lall,0.2452076677316294,8,MoteStrain,shape,23,5,2
raw_1nn_ed,0.1829073482428115,84,MoteStrain,shape,23,5,2
raw_centroid,0.218849840255591,84,MoteStrain,shape,23,5,2
law_L1,0.145367412140575,16,MoteStrain,shape,23,5,3
law_Lall,0.1325878594249201,16,MoteStrain,shape,23,5,3
raw_1nn_ed,0.134185303514377,84,MoteStrain,shape,23,5,3
raw_centroid,0.1445686900958466,84,MoteStrain,shape,23,5,3
law_L1,0.1485623003194888,16,MoteStrain,shape,23,5,4
law_Lall,0.1733226837060703,16,MoteStrain,shape,23,5,4
raw_1nn_ed,0.1501597444089457,84,MoteStrain,shape,23,5,4
raw_centroid,0.152555910543131,84,MoteStrain,shape,23,5,4
law_L1,0.1437699680511182,16,MoteStrain,shape,23,10,0
law_Lall,0.2036741214057508,16,MoteStrain,shape,23,10,0
raw_1nn_ed,0.121405750798722,84,MoteStrain,shape,23,10,0
raw_centroid,0.1389776357827476,84,MoteStrain,shape,23,10,0
law_L1,0.1437699680511182,16,MoteStrain,shape,23,10,1
law_Lall,0.2036741214057508,16,MoteStrain,shape,23,10,1
raw_1nn_ed,0.121405750798722,84,MoteStrain,shape,23,10,1
raw_centroid,0.1389776357827476,84,MoteStrain,shape,23,10,1
law_L1,0.1437699680511182,16,MoteStrain,shape,23,10,2
law_Lall,0.2036741214057508,16,MoteStrain,shape,23,10,2
raw_1nn_ed,0.121405750798722,84,MoteStrain,shape,23,10,2
raw_centroid,0.1389776357827476,84,MoteStrain,shape,23,10,2
law_L1,0.1437699680511182,16,MoteStrain,shape,23,10,3
law_Lall,0.2036741214057508,16,MoteStrain,shape,23,10,3
raw_1nn_ed,0.121405750798722,84,MoteStrain,shape,23,10,3
raw_centroid,0.1389776357827476,84,MoteStrain,shape,23,10,3
law_L1,0.1437699680511182,16,MoteStrain,shape,23,10,4
law_Lall,0.2036741214057508,16,MoteStrain,shape,23,10,4
raw_1nn_ed,0.121405750798722,84,MoteStrain,shape,23,10,4
raw_centroid,0.1389776357827476,84,MoteStrain,shape,23,10,4
law_L1,0.5734824281150159,16,MoteStrain,shape,42,1,0
law_Lall,0.5734824281150159,16,MoteStrain,shape,42,1,0
raw_1nn_ed,0.5583067092651757,84,MoteStrain,shape,42,1,0
raw_centroid,0.5583067092651757,84,MoteStrain,shape,42,1,0
law_L1,0.2715654952076677,16,MoteStrain,shape,42,1,1
law_Lall,0.2715654952076677,16,MoteStrain,shape,42,1,1
raw_1nn_ed,0.4432907348242811,84,MoteStrain,shape,42,1,1
raw_centroid,0.4432907348242811,84,MoteStrain,shape,42,1,1
law_L1,0.2723642172523962,16,MoteStrain,shape,42,1,2
law_Lall,0.2723642172523962,16,MoteStrain,shape,42,1,2
raw_1nn_ed,0.2907348242811501,84,MoteStrain,shape,42,1,2
raw_centroid,0.2907348242811501,84,MoteStrain,shape,42,1,2
law_L1,0.2955271565495208,8,MoteStrain,shape,42,1,3
law_Lall,0.2955271565495208,8,MoteStrain,shape,42,1,3
raw_1nn_ed,0.4480830670926518,84,MoteStrain,shape,42,1,3
raw_centroid,0.4480830670926518,84,MoteStrain,shape,42,1,3
law_L1,0.1924920127795527,8,MoteStrain,shape,42,1,4
law_Lall,0.1924920127795527,8,MoteStrain,shape,42,1,4
raw_1nn_ed,0.3130990415335463,84,MoteStrain,shape,42,1,4
raw_centroid,0.3130990415335463,84,MoteStrain,shape,42,1,4
law_L1,0.2356230031948882,8,MoteStrain,shape,42,2,0
law_Lall,0.2396166134185303,8,MoteStrain,shape,42,2,0
raw_1nn_ed,0.2875399361022364,84,MoteStrain,shape,42,2,0
raw_centroid,0.255591054313099,84,MoteStrain,shape,42,2,0
law_L1,0.1757188498402556,8,MoteStrain,shape,42,2,1
law_Lall,0.1805111821086262,8,MoteStrain,shape,42,2,1
raw_1nn_ed,0.1573482428115016,84,MoteStrain,shape,42,2,1
raw_centroid,0.1509584664536741,84,MoteStrain,shape,42,2,1
law_L1,0.2643769968051118,16,MoteStrain,shape,42,2,2
law_Lall,0.2156549520766773,16,MoteStrain,shape,42,2,2
raw_1nn_ed,0.2068690095846645,84,MoteStrain,shape,42,2,2
raw_centroid,0.2675718849840255,84,MoteStrain,shape,42,2,2
law_L1,0.2148562300319488,8,MoteStrain,shape,42,2,3
law_Lall,0.1940894568690095,8,MoteStrain,shape,42,2,3
raw_1nn_ed,0.1837060702875399,84,MoteStrain,shape,42,2,3
raw_centroid,0.2276357827476038,84,MoteStrain,shape,42,2,3
law_L1,0.1421725239616613,32,MoteStrain,shape,42,2,4
law_Lall,0.1445686900958466,32,MoteStrain,shape,42,2,4
raw_1nn_ed,0.1493610223642172,84,MoteStrain,shape,42,2,4
raw_centroid,0.1445686900958466,84,MoteStrain,shape,42,2,4
law_L1,0.1477635782747604,16,MoteStrain,shape,42,5,0
law_Lall,0.1685303514376996,16,MoteStrain,shape,42,5,0
raw_1nn_ed,0.1333865814696485,84,MoteStrain,shape,42,5,0
raw_centroid,0.1485623003194888,84,MoteStrain,shape,42,5,0
law_L1,0.2060702875399361,8,MoteStrain,shape,42,5,1
law_Lall,0.2635782747603833,8,MoteStrain,shape,42,5,1
raw_1nn_ed,0.1485623003194888,84,MoteStrain,shape,42,5,1
raw_centroid,0.1932907348242811,84,MoteStrain,shape,42,5,1
law_L1,0.1381789137380191,8,MoteStrain,shape,42,5,2
law_Lall,0.1797124600638977,8,MoteStrain,shape,42,5,2
raw_1nn_ed,0.1293929712460063,84,MoteStrain,shape,42,5,2
raw_centroid,0.1461661341853035,84,MoteStrain,shape,42,5,2
law_L1,0.2028753993610223,8,MoteStrain,shape,42,5,3
law_Lall,0.2731629392971246,8,MoteStrain,shape,42,5,3
raw_1nn_ed,0.1405750798722044,84,MoteStrain,shape,42,5,3
raw_centroid,0.1932907348242811,84,MoteStrain,shape,42,5,3
law_L1,0.2076677316293929,8,MoteStrain,shape,42,5,4
law_Lall,0.268370607028754,8,MoteStrain,shape,42,5,4
raw_1nn_ed,0.1541533546325878,84,MoteStrain,shape,42,5,4
raw_centroid,0.2020766773162939,84,MoteStrain,shape,42,5,4
law_L1,0.1437699680511182,16,MoteStrain,shape,42,10,0
law_Lall,0.2036741214057508,16,MoteStrain,shape,42,10,0
raw_1nn_ed,0.121405750798722,84,MoteStrain,shape,42,10,0
raw_centroid,0.1389776357827476,84,MoteStrain,shape,42,10,0
law_L1,0.1437699680511182,16,MoteStrain,shape,42,10,1
law_Lall,0.2036741214057508,16,MoteStrain,shape,42,10,1
raw_1nn_ed,0.121405750798722,84,MoteStrain,shape,42,10,1
raw_centroid,0.1389776357827476,84,MoteStrain,shape,42,10,1
law_L1,0.1437699680511182,16,MoteStrain,shape,42,10,2
law_Lall,0.2036741214057508,16,MoteStrain,shape,42,10,2
raw_1nn_ed,0.121405750798722,84,MoteStrain,shape,42,10,2
raw_centroid,0.1389776357827476,84,MoteStrain,shape,42,10,2
law_L1,0.1437699680511182,16,MoteStrain,shape,42,10,3
law_Lall,0.2036741214057508,16,MoteStrain,shape,42,10,3
raw_1nn_ed,0.121405750798722,84,MoteStrain,shape,42,10,3
raw_centroid,0.1389776357827476,84,MoteStrain,shape,42,10,3
law_L1,0.1437699680511182,16,MoteStrain,shape,42,10,4
law_Lall,0.2036741214057508,16,MoteStrain,shape,42,10,4
raw_1nn_ed,0.121405750798722,84,MoteStrain,shape,42,10,4
raw_centroid,0.1389776357827476,84,MoteStrain,shape,42,10,4
