noise,loss,n,n_rho,rho,eta,eta_rel_lrt,local_gap,smooth_psi,simulated,predicted_design,predicted_population,band_1sd,z_gap,resolvable,within_band,rel_gap
gaussian,squared,16,0.25,0.015625,1.0,1.0,0.125,True,0.40358888888888894,0.4019344732199481,0.4012936743170763,0.0016342961531475217,1.0123108138966106,True,True,0.0041161328006705505
gaussian,absolute,16,0.25,0.015625,0.6366197723675814,0.6366197723675814,0.125,False,0.41837777777777774,0.4214529851773256,0.42094710824946685,0.00164597275008646,-1.8683221817532083,True,True,-0.007296679600582199
gaussian,huber,16,0.25,0.015625,0.9500002597028673,0.9500002597028673,0.125,True,0.40491111111111106,0.40436692499108795,0.40374324667834005,0.0016358970185067674,0.3326530422555773,True,True,0.0013457730748752466
gaussian,cauchy,16,0.25,0.015625,0.9499976722885339,0.9499976722885339,0.125,True,0.4050666666666667,0.40436705260368616,0.40374337518670234,0.0016358971013969127,0.42766385635326065,True,True,0.001730146060307751
gaussian,tukey,16,0.25,0.015625,0.9499973500690463,0.9499973500690463,0.125,True,0.40473333333333333,0.404367068495729,0.40374339119029773,0.0016358971117195042,0.22389234321670784,True,True,0.0009057731604278572
gaussian,student_t,16,0.25,0.015625,0.925861839101257,0.925861839101257,0.125,True,0.40630000000000005,0.4055655674440339,0.40495029179298675,0.0016366705293499315,0.44873573684856294,True,True,0.0018108848850131175
gaussian,lrt,16,0.25,0.015625,1.0,1.0,0.125,True,0.40358888888888894,0.4019344732199481,0.4012936743170763,0.0016342961531475217,1.0123108138966106,True,True,0.0041161328006705505
gaussian,squared,16,1.0,0.0625,1.0,1.0,0.25,True,0.31058888888888886,0.30991413763043685,0.3085375387259869,0.0015415265339094502,0.43771627903204563,True,True,0.002177219999097399
gaussian,absolute,16,1.0,0.0625,0.6366197723675814,0.6366197723675814,0.25,False,0.3381111111111111,0.3460324078257617,0.3449678672755814,0.0015856788961761859,-4.995523831308213,True,False,-0.02289177699979842
gaussian,huber,16,1.0,0.0625,0.9500002597028673,0.9500002597028673,0.25,True,0.3151333333333333,0.314345211819486,0.3130087793950868,0.00154751521128998,0.5092819172939599,True,True,0.002507184726261746
gaussian,cauchy,16,1.0,0.0625,0.9499976722885339,0.9499976722885339,0.25,True,0.31498888888888893,0.31434544483764215,0.31300901451102714,0.0015475155219019329,0.41579166227423026,True,True,0.0020469329580363833
gaussian,tukey,16,1.0,0.0625,0.9499973500690463,0.9499973500690463,0.25,True,0.3149,0.31434547385621153,0.3130090437908408,0.0015475155605834984,0.3583331618193189,True,True,0.0017640659398904949
gaussian,student_t,16,1.0,0.0625,0.925861839101257,0.925861839101257,0.25,True,0.3169,0.3165364396123507,0.31521966739773344,0.00155041615205541,0.234492131139994,True,True,0.001148557771404075
gaussian,lrt,16,1.0,0.0625,1.0,1.0,0.25,True,0.31058888888888886,0.30991413763043685,0.3085375387259869,0.0015415265339094502,0.43771627903204563,True,True,0.002177219999097399
gaussian,squared,16,2.25,0.140625,1.0,1.0,0.375,True,0.2287222222222222,0.22884326806255906,0.2266273523768682,0.0014002937260327714,-0.08644317837501819,True,True,-0.0005289464766067723
gaussian,absolute,16,2.25,0.140625,0.6366197723675814,0.6366197723675814,0.375,False,0.26367777777777773,0.2764802092971592,0.2747820565390928,0.0014908569614828105,-8.587297004434383,True,False,-0.0463050558010158
gaussian,huber,16,2.25,0.140625,0.9500002597028673,0.9500002597028673,0.375,True,0.2332,0.23453692479154686,0.23238662145517835,0.0014123634868186618,-0.9465869119558493,True,True,-0.0057002742435337764
gaussian,cauchy,16,2.25,0.140625,0.9499976722885339,0.9499976722885339,0.375,True,0.23284444444444444,0.23453722537784957,0.2323869254791417,0.001412364114564691,-1.198544281852469,True,True,-0.007217536280980525
gaussian,tukey,16,2.25,0.140625,0.9499973500690463,0.9499973500690463,0.375,True,0.23315555555555556,0.2345372628109261,0.2323869633403221,0.0014123641927400574,-0.9782938865718188,True,True,-0.005891205682247658
gaussian,student_t,16,2.25,0.140625,0.925861839101257,0.925861839101257,0.375,True,0.2354222222222222,0.23736892941578458,0.2352508905811732,0.0014182341162468708,-1.3726275311399423,True,True,-0.008201187907590267
gaussian,lrt,16,2.25,0.140625,1.0,1.0,0.375,True,0.2287222222222222,0.22884326806255906,0.2266273523768682,0.0014002937260327714,-0.08644317837501819,True,True,-0.0005289464766067723
gaussian,squared,16,4.0,0.25,1.0,1.0,0.5,True,0.1605888888888889,0.1617082549563292,0.15865525393145707,0.0012272765478231692,-0.9120732156299596,True,True,-0.006922133120183685
gaussian,absolute,16,4.0,0.25,0.6366197723675814,0.6366197723675814,0.5,False,0.19574444444444442,0.21485003808877745,0.21246874184168096,0.0013690609077516049,-13.955254683087812,True,False,-0.088925251372022
gaussian,huber,16,4.0,0.25,0.9500002597028673,0.9500002597028673,0.5,True,0.16574444444444444,0.1678327744278266,0.16485961560378154,0.0012457257333943709,-1.6763962784102104,True,True,-0.012442921178546097
gaussian,cauchy,16,4.0,0.25,0.9499976722885339,0.9499976722885339,0.5,True,0.16564444444444446,0.1678330995005477,0.16485994490613093,0.001245726696495695,-1.7569303622215566,True,True,-0.01304066398473504
gaussian,tukey,16,4.0,0.25,0.9499973500690463,0.9499973500690463,0.5,True,0.16604444444444444,0.16783313998301733,0.1648599859153313,0.0012457268164340323,-1.4358650026441075,True,True,-0.010657582517695146
gaussian,student_t,16,4.0,0.25,0.925861839101257,0.925861839101257,0.5,True,0.16885555555555554,0.17090352203119918,0.16797026862885012,0.0012547487937543983,-1.632172500055427,True,True,-0.011983173028287752
gaussian,lrt,16,4.0,0.25,1.0,1.0,0.5,True,0.1605888888888889,0.1617082549563292,0.15865525393145707,0.0012272765478231692,-0.9120732156299596,True,True,-0.006922133120183685
gaussian,squared,16,9.0,0.5625,1.0,1.0,0.75,True,0.07034444444444445,0.07085494034947008,0.06680720126885806,0.000855274600331789,-0.5968795341608407,True,True,-0.007204803257299692
gaussian,absolute,16,9.0,0.5625,0.6366197723675814,0.6366197723675814,0.75,False,0.09387777777777777,0.11928441435482662,0.11568702701178851,0.0010804096077509607,-23.515744764558956,True,False,-0.21299208881953
gaussian,huber,16,9.0,0.5625,0.9500002597028673,0.9500002597028673,0.75,True,0.07483333333333332,0.07589007685290557,0.07186795350839834,0.0008827405123198603,-1.1971168251869413,True,True,-0.013924660026639387
gaussian,cauchy,16,9.0,0.5625,0.9499976722885339,0.9499976722885339,0.75,True,0.07457777777777778,0.0758903480553282,0.07186822629561851,0.000882741960077735,-1.4869240807753448,True,True,-0.017295615466060017
gaussian,tukey,16,9.0,0.5625,0.9499973500690463,0.9499973500690463,0.75,True,0.07524444444444445,0.07589038182916592,0.07186826026681843,0.0008827421403721305,-0.7317396045567435,True,True,-0.008511452560293111
gaussian,student_t,16,9.0,0.5625,0.925861839101257,0.925861839101257,0.75,True,0.07651111111111111,0.07847049828867139,0.07446436868952226,0.0008963684707814639,-2.1859171104624684,True,True,-0.02496973028452339
gaussian,lrt,16,9.0,0.5625,1.0,1.0,0.75,True,0.07034444444444445,0.07085494034947008,0.06680720126885806,0.000855274600331789,-0.5968795341608407,True,True,-0.007204803257299692
gaussian,squared,16,16.0,1.0,1.0,1.0,1.0,True,0.026422222222222222,0.026336790254173948,0.022750131948179198,0.0005337827661894927,0.16005006804199737,True,True,0.0032438261163861577
gaussian,absolute,16,16.0,1.0,0.6366197723675814,0.6366197723675814,1.0,False,0.039177777777777784,0.05934146734203585,0.05527017486136789,0.0007875422923086588,-25.603310147508093,True,False,-0.3397908826223896
gaussian,huber,16,16.0,1.0,0.9500002597028673,0.9500002597028673,1.0,True,0.028522222222222223,0.029316945562208752,0.025626275529848006,0.0005623113240615938,-1.4133155531107138,True,True,-0.02710798566310993
gaussian,cauchy,16,16.0,1.0,0.9499976722885339,0.9499976722885339,1.0,True,0.028511111111111112,0.029317109155309173,0.02562643393009764,0.0005623128455671556,-1.4333623187731397,True,True,-0.02749241202221668
gaussian,tukey,16,16.0,1.0,0.9499973500690463,0.9499973500690463,1.0,True,0.028744444444444444,0.02931712952818415,0.02562645365629079,0.0005623130350457417,-1.0184453285759605,True,True,-0.019534145837475415
gaussian,student_t,16,16.0,1.0,0.925861839101257,0.925861839101257,1.0,True,0.029588888888888887,0.03088823940794344,0.027150084576638832,0.0005767163376895189,-2.2530149297661697,True,True,-0.04206618907260877
gaussian,lrt,16,16.0,1.0,1.0,1.0,1.0,True,0.026422222222222222,0.026336790254173948,0.022750131948179198,0.0005337827661894927,0.16005006804199737,True,True,0.0032438261163861577
gaussian,squared,16,25.0,1.5625,1.0,1.0,1.25,True,0.008666666666666668,0.008477926688530195,0.006209665325776134,0.00030561507102879344,0.6175741840908462,True,True,0.022262515951195928
gaussian,absolute,16,25.0,1.5625,0.6366197723675814,0.6366197723675814,1.25,False,0.013211111111111111,0.02663514907644197,0.02303718254979767,0.0005367155040937805,-25.01145926089229,True,False,-0.5039971027308436
gaussian,huber,16,25.0,1.5625,0.9500002597028673,0.9500002597028673,1.25,True,0.009577777777777777,0.00985516541177038,0.007411007358716411,0.00032927599241833297,-0.8424168186552542,True,True,-0.028146420927781645
gaussian,cauchy,16,25.0,1.5625,0.9499976722885339,0.9499976722885339,1.25,True,0.009600000000000001,0.009855242688141521,0.0074110753595368175,0.00032927727052675285,-0.7751603617619963,True,True,-0.025899178357996735
gaussian,tukey,16,25.0,1.5625,0.9499973500690463,0.9499973500690463,1.25,True,0.010033333333333333,0.009855252311676428,0.007411083827954735,0.00032927742969433377,0.5408236508108589,True,True,0.018069656262977303
gaussian,student_t,16,25.0,1.5625,0.925861839101257,0.925861839101257,1.25,True,0.0101,0.010605624277778202,0.00807422860138733,0.0003414535109312801,-1.480799762167223,True,True,-0.04767510752173537
gaussian,lrt,16,25.0,1.5625,1.0,1.0,1.25,True,0.008666666666666668,0.008477926688530195,0.006209665325776134,0.00030561507102879344,0.6175741840908462,True,True,0.022262515951195928
gaussian,squared,64,0.25,0.00390625,1.0,1.0,0.0625,True,0.4018333333333333,0.40145564179680715,0.4012936743170763,0.0016339760962018753,0.23114875266786455,True,True,0.0009408051530568227
gaussian,absolute,64,0.25,0.00390625,0.6366197723675814,0.6366197723675814,0.0625,False,0.41723333333333334,0.4210750315978129,0.42094710824946685,0.001645771853240613,-2.3342836110090497,True,True,-0.009123548004976289
gaussian,huber,64,0.25,0.00390625,0.9500002597028673,0.9500002597028673,0.0625,True,0.40184444444444445,0.4039008965536144,0.40374324667834005,0.0016355935460756912,-1.257312438107878,True,True,-0.005091476960603777
gaussian,cauchy,64,0.25,0.00390625,0.9499976722885339,0.9499976722885339,0.0625,True,0.4023888888888889,0.4039010248360575,0.40374337518670234,0.001635593629822518,-0.9245181196582899,True,True,-0.003743827953351601
gaussian,tukey,64,0.25,0.00390625,0.9499973500690463,0.9499973500690463,0.0625,True,0.40282222222222225,0.40390104081151845,0.40374339119029773,0.0016355936402517948,-0.6595883982100367,True,True,-0.002670997299557933
gaussian,student_t,64,0.25,0.00390625,0.925861839101257,0.925861839101257,0.0625,True,0.4029555555555555,0.40510582236352,0.40495029179298675,0.0016363750420796172,-1.3140427791124087,True,True,-0.005307913856727914
gaussian,lrt,64,0.25,0.00390625,1.0,1.0,0.0625,True,0.4018333333333333,0.40145564179680715,0.4012936743170763,0.0016339760962018753,0.23114875266786455,True,True,0.0009408051530568227
gaussian,squared,64,1.0,0.015625,1.0,1.0,0.125,True,0.3090888888888889,0.3088843603322428,0.3085375387259869,0.0015401111513797523,0.13280116598264158,True,True,0.0006621525169681763
gaussian,absolute,64,1.0,0.015625,0.6366197723675814,0.6366197723675814,0.125,False,0.3402444444444444,0.3452364616157321,0.3449678672755814,0.0015848177153743065,-3.1498999051185477,True,False,-0.014459704365885088
gaussian,huber,64,1.0,0.015625,0.9500002597028673,0.9500002597028673,0.125,True,0.31335555555555555,0.3133455459643904,0.3130087793950868,0.001546178496195157,0.006473761722712821,True,True,3.194425864373831e-05
gaussian,cauchy,64,1.0,0.015625,0.9499976722885339,0.9499976722885339,0.125,True,0.31373333333333336,0.31334578055507717,0.31300901451102714,0.001546178810858874,0.25065197862911887,True,True,0.0012368214359538003
gaussian,tukey,64,1.0,0.015625,0.9499973500690463,0.9499973500690463,0.125,True,0.31347777777777774,0.31334580976947923,0.3130090437908408,0.0015461788500450197,0.08535106290884031,True,True,0.0004211577247373962
gaussian,student_t,64,1.0,0.015625,0.925861839101257,0.925861839101257,0.125,True,0.31592222222222227,0.3155515108562466,0.31521966739773344,0.0015491171494778952,0.23930492674527842,True,True,0.0011748045983672832
gaussian,lrt,64,1.0,0.015625,1.0,1.0,0.125,True,0.3090888888888889,0.3088843603322428,0.3085375387259869,0.0015401111513797523,0.13280116598264158,True,True,0.0006621525169681763
gaussian,squared,64,2.25,0.03515625,1.0,1.0,0.1875,True,0.22795555555555555,0.22718334861016176,0.2266273523768682,0.001396706740572406,0.5528769375576424,True,True,0.0033990472898560325
gaussian,absolute,64,2.25,0.03515625,0.6366197723675814,0.6366197723675814,0.1875,False,0.26781111111111117,0.27520922780131346,0.2747820565390928,0.0014887321553527732,-4.969407467691339,True,False,-0.02688179008133893
gaussian,huber,64,2.25,0.03515625,0.9500002597028673,0.9500002597028673,0.1875,True,0.23344444444444443,0.2329263321156153,0.23238662145517835,0.0014089856710996877,0.3677200836433919,True,True,0.002224361342589414
gaussian,cauchy,64,2.25,0.03515625,0.9499976722885339,0.9499976722885339,0.1875,True,0.23214444444444446,0.23292663528600585,0.2323869254791417,0.0014089863096107462,-0.5551443872988973,True,True,-0.0033580996033405796
gaussian,tukey,64,2.25,0.03515625,0.9499973500690463,0.9499973500690463,0.1875,True,0.23244444444444445,0.23292667304088785,0.2323869633403221,0.0014089863891267175,-0.34225213257189707,True,True,-0.002070302169124039
gaussian,student_t,64,2.25,0.03515625,0.925861839101257,0.925861839101257,0.1875,True,0.2346,0.23578258851704384,0.2352508905811732,0.0014149564558248828,-0.8357773217511618,True,True,-0.005015588829021409
gaussian,lrt,64,2.25,0.03515625,1.0,1.0,0.1875,True,0.22795555555555555,0.22718334861016176,0.2266273523768682,0.001396706740572406,0.5528769375576424,True,True,0.0033990472898560325
gaussian,squared,64,4.0,0.0625,1.0,1.0,0.25,True,0.15937777777777776,0.15941773643611667,0.15865525393145707,0.0012202172927880124,-0.032747166078607406,True,True,-0.0002506537806408408
gaussian,absolute,64,4.0,0.0625,0.6366197723675814,0.6366197723675814,0.25,False,0.20244444444444445,0.21306573179639596,0.21246874184168096,0.0013649123933240478,-7.7816623278545265,True,False,-0.04984981518333097
gaussian,huber,64,4.0,0.0625,0.9500002597028673,0.9500002597028673,0.25,True,0.16534444444444443,0.16560253258335414,0.16485961560378154,0.0012390782137690246,-0.2082904340030763,True,True,-0.0015584794198711968
gaussian,cauchy,64,4.0,0.0625,0.9499976722885339,0.9499976722885339,0.25,True,0.16566666666666666,0.16560286084829282,0.16485994490613093,0.0012390791981106767,0.05149454407041202,True,True,0.00038529417938191855
gaussian,tukey,64,4.0,0.0625,0.9499973500690463,0.9499973500690463,0.25,True,0.16535555555555556,0.16560290172830067,0.1648599859153313,0.0012390793206941437,-0.19962093516865392,True,True,-0.001493610137042878
gaussian,student_t,64,4.0,0.0625,0.925861839101257,0.925861839101257,0.25,True,0.1683888888888889,0.1687033937492414,0.16797026862885012,0.0012482991036104993,-0.2519467164903437,True,True,-0.0018642473833097913
gaussian,lrt,64,4.0,0.0625,1.0,1.0,0.25,True,0.15937777777777776,0.15941773643611667,0.15865525393145707,0.0012202172927880124,-0.032747166078607406,True,True,-0.0002506537806408408
gaussian,squared,64,9.0,0.140625,1.0,1.0,0.375,True,0.06833333333333333,0.06780455906566016,0.06680720126885806,0.0008380340806883927,0.630969885185118,True,True,0.007798506102828865
gaussian,absolute,64,9.0,0.140625,0.6366197723675814,0.6366197723675814,0.375,False,0.10357777777777777,0.116581562102772,0.11568702701178851,0.0010697367354242377,-12.156060359876461,True,False,-0.11154237505868035
gaussian,huber,64,9.0,0.140625,0.9500002597028673,0.9500002597028673,0.375,True,0.07250000000000001,0.07286035648692309,0.07186795350839834,0.0008663571558833225,-0.41594449180218784,True,True,-0.004945851273562653
gaussian,cauchy,64,9.0,0.140625,0.9499976722885339,0.9499976722885339,0.375,True,0.0728111111111111,0.07286062895235186,0.07186822629561851,0.0008663586484759681,-0.057156284326202005,True,True,-0.0006796241255773315
gaussian,tukey,64,9.0,0.140625,0.9499973500690463,0.9499973500690463,0.375,True,0.07264444444444444,0.07286066288347749,0.07186826026681843,0.0008663588343537935,-0.24957145983779902,True,True,-0.0029675606901743094
gaussian,student_t,64,9.0,0.140625,0.925861839101257,0.925861839101257,0.375,True,0.07533333333333334,0.07545346447448815,0.07446436868952226,0.0008804054569299641,-0.13644979163773613,True,True,-0.0015921222702164652
gaussian,lrt,64,9.0,0.140625,1.0,1.0,0.375,True,0.06833333333333333,0.06780455906566016,0.06680720126885806,0.0008380340806883927,0.630969885185118,True,True,0.007798506102828865
gaussian,squared,64,16.0,0.25,1.0,1.0,0.5,True,0.023744444444444443,0.023610095195677753,0.022750131948179198,0.0005061033996299438,0.2654581037490058,True,True,0.00569033066801379
gaussian,absolute,64,16.0,0.25,0.6366197723675814,0.6366197723675814,0.5,False,0.044033333333333334,0.05626952425442555,0.05527017486136789,0.0007681381884835144,-15.929673989063529,True,False,-0.2174568042510125
gaussian,huber,64,16.0,0.25,0.9500002597028673,0.9500002597028673,0.5,True,0.026166666666666668,0.02651449003489224,0.025626275529848006,0.0005355316346406712,-0.6494917306966436,True,True,-0.013118237151378264
gaussian,cauchy,64,16.0,0.25,0.9499976722885339,0.9499976722885339,0.5,True,0.02622222222222222,0.02651464985277317,0.02562643393009764,0.0005355332046553437,-0.5460494849038334,True,True,-0.01102890787450337
gaussian,tukey,64,16.0,0.25,0.9499973500690463,0.9499973500690463,0.5,True,0.0262,0.026514669755508386,0.02562645365629079,0.0005355334001749482,-0.5875819424252319,True,True,-0.01186776069285241
gaussian,student_t,64,16.0,0.25,0.925861839101257,0.925861839101257,0.5,True,0.027555555555555555,0.028051297393687,0.027150084576638832,0.00055039805906693,-0.90069692282683,True,True,-0.017672688402747865
gaussian,lrt,64,16.0,0.25,1.0,1.0,0.5,True,0.023744444444444443,0.023610095195677753,0.022750131948179198,0.0005061033996299438,0.2654581037490058,True,True,0.00569033066801379
gaussian,squared,64,25.0,0.390625,1.0,1.0,0.625,True,0.007477777777777778,0.00672489745808028,0.006209665325776134,0.00027243089260823124,2.7635644125726073,True,True,0.11195417095808304
gaussian,absolute,64,25.0,0.390625,0.6366197723675814,0.6366197723675814,0.625,False,0.015566666666666668,0.02390020456037391,0.02303718254979767,0.0005091276284253966,-16.36826883561745,True,False,-0.3486806095176311
gaussian,huber,64,25.0,0.390625,0.9500002597028673,0.9500002597028673,0.625,True,0.008266666666666667,0.007971139779276569,0.007411007358716411,0.00029641563742480485,0.997001676286622,True,True,0.03707460859718093
gaussian,cauchy,64,25.0,0.390625,0.9499976722885339,0.9499976722885339,0.625,True,0.008233333333333334,0.007971210156359342,0.0074110753595368175,0.0002964169354324055,0.8843056709685417,True,True,0.03288373682694507
gaussian,tukey,64,25.0,0.390625,0.9499973500690463,0.9499973500690463,0.625,True,0.008366666666666666,0.007971218920701642,0.007411083827954735,0.00029641709707812233,1.3340922297096847,True,True,0.049609444916639704
gaussian,student_t,64,25.0,0.390625,0.925861839101257,0.925861839101257,0.625,True,0.00868888888888889,0.0086567492048905,0.00807422860138733,0.0003087935286112016,0.1040814687501316,True,True,0.003712673572688558
gaussian,lrt,64,25.0,0.390625,1.0,1.0,0.625,True,0.007477777777777778,0.00672489745808028,0.006209665325776134,0.00027243089260823124,2.7635644125726073,True,True,0.11195417095808304
laplace,squared,16,0.25,0.015625,0.9999999999999998,0.4999999999999999,0.17201840012505834,True,0.4002888888888889,0.4019344732199481,0.4012936743170763,0.0016342961531475217,-1.0069070577507608,True,True,-0.004094160716984967
laplace,absolute,16,0.25,0.015625,2.0,1.0,0.17201840012505834,False,0.36534444444444447,0.3627677320786043,0.36183680491588155,0.0016026620377122222,1.607770262979707,True,True,0.007102926026733414
laplace,huber,16,0.25,0.015625,1.3954049402621596,0.6977024701310798,0.17201840012505834,True,0.3860333333333333,0.3846407846826419,0.3838754270153437,0.0016217009295502172,0.8586963387124714,True,True,0.003620387400780555
laplace,cauchy,16,0.25,0.015625,1.4541978602897538,0.7270989301448769,0.17201840012505834,True,0.38351111111111114,0.3823085968735509,0.3815260348971755,0.0016198378987147231,0.7423670223510539,True,True,0.0031454020322696807
laplace,tukey,16,0.25,0.015625,1.390124435422024,0.695062217711012,0.17201840012505834,True,0.3854555555555555,0.3848528515881671,0.384089053291007,0.0016218683814683997,0.371610899056248,True,True,0.001566063405535917
laplace,student_t,16,0.25,0.015625,1.511763100651862,0.755881550325931,0.17201840012505834,True,0.3813222222222222,0.38007452401864406,0.3792753852819154,0.0016180162072071303,0.7711283719041228,True,True,0.00328277252151979
laplace,lrt,16,0.25,0.015625,2.0,1.0,0.17201840012505834,False,0.36534444444444447,0.3627677320786043,0.36183680491588155,0.0016026620377122222,1.607770262979707,True,True,0.007102926026733414
laplace,squared,16,1.0,0.0625,0.9999999999999998,0.4999999999999999,0.3440368002501167,True,0.3061333333333333,0.3099141376304369,0.30853753872598694,0.0015415265339094504,-2.4526365352370094,True,True,-0.012199521861155246
laplace,absolute,16,1.0,0.0625,2.0,1.0,0.3440368002501167,False,0.2532555555555555,0.24181791593929755,0.23975006109347669,0.0014272818434978363,8.013581668094202,True,False,0.04729856169602049
laplace,huber,16,1.0,0.0625,1.3954049402621596,0.6977024701310798,0.3440368002501167,True,0.2784777777777778,0.27905426800898464,0.27738206972289137,0.0014951142041661877,-0.38558273983379093,True,True,-0.0020658713995668236
laplace,cauchy,16,1.0,0.0625,1.4541978602897538,0.7270989301448769,0.3440368002501167,True,0.27457777777777775,0.27498409810727004,0.2732707657016785,0.0014883542137221432,-0.2729997508295678,True,True,-0.0014776139140008696
laplace,tukey,16,1.0,0.0625,1.390124435422024,0.695062217711012,0.3440368002501167,True,0.27928888888888886,0.2794254958886171,0.27775702385316703,0.001495723118078928,-0.09133174320637838,True,True,-0.0004888852368098924
laplace,student_t,16,1.0,0.0625,1.511763100651862,0.755881550325931,0.3440368002501167,True,0.27066666666666667,0.2711066787757405,0.2693536820717989,0.001481770140739814,-0.2969503143410372,True,True,-0.0016230220187154769
laplace,lrt,16,1.0,0.0625,2.0,1.0,0.3440368002501167,False,0.2532555555555555,0.24181791593929755,0.23975006109347669,0.0014272818434978363,8.013581668094202,True,False,0.04729856169602049
laplace,squared,16,2.25,0.140625,0.9999999999999998,0.4999999999999999,0.5160552003751749,True,0.2230888888888889,0.22884326806255906,0.22662735237686826,0.0014002937260327714,-4.109408666689616,True,False,-0.0251455033936025
laplace,absolute,16,2.25,0.140625,2.0,1.0,0.5160552003751749,False,0.16884444444444444,0.1476587083362968,0.14442218317324246,0.0011825378273900456,17.915482801007926,True,False,0.14347772878993725
laplace,huber,16,2.25,0.140625,1.3954049402621596,0.6977024701310798,0.5160552003751749,True,0.19156666666666666,0.19050290710881843,0.18782103781521975,0.001308992613050659,0.812655126730703,True,True,0.0055839544602886305
laplace,cauchy,16,2.25,0.140625,1.4541978602897538,0.7270989301448769,0.5160552003751749,True,0.1873888888888889,0.18562853166334262,0.1828847919998403,0.0012960220329739512,1.3582772366198466,True,True,0.00948322550295712
laplace,tukey,16,2.25,0.140625,1.390124435422024,0.695062217711012,0.5160552003751749,True,0.19176666666666667,0.19094969855324748,0.1882734752685704,0.0013101650073163872,0.6235612375975366,True,True,0.004278446730259569
laplace,student_t,16,2.25,0.140625,1.511763100651862,0.755881550325931,0.5160552003751749,True,0.18281111111111112,0.1810268824993078,0.1782243041736895,0.001283468176084236,1.3901619417217457,True,True,0.009856152783331235
laplace,lrt,16,2.25,0.140625,2.0,1.0,0.5160552003751749,False,0.16884444444444444,0.1476587083362968,0.14442218317324246,0.0011825378273900456,17.915482801007926,True,False,0.14347772878993725
laplace,squared,16,4.0,0.25,0.9999999999999998,0.4999999999999999,0.6880736005002334,True,0.1574222222222222,0.16170825495632923,0.15865525393145707,0.0012272765478231694,-3.492312096820551,True,False,-0.026504724420311765
laplace,absolute,16,4.0,0.25,2.0,1.0,0.6880736005002334,False,0.10802222222222223,0.08262641141655314,0.07864960352514253,0.0009177223469787437,27.67265163507815,True,False,0.30735705896312676
laplace,huber,16,4.0,0.25,1.3954049402621596,0.6977024701310798,0.6880736005002334,True,0.12361111111111112,0.12230757206578274,0.11874722552018746,0.0010921356747276621,1.193568780411304,True,True,0.010657876886210022
laplace,cauchy,16,4.0,0.25,1.4541978602897538,0.7270989301448769,0.6880736005002334,True,0.1214,0.1175462279097028,0.11392778146745014,0.0010735668080122396,3.5896900514581254,True,False,0.0327851617089542
laplace,tukey,16,4.0,0.25,1.390124435422024,0.695062217711012,0.6880736005002334,True,0.12585555555555555,0.12274696571561501,0.11919204329654237,0.0010938217817624823,2.8419527675995364,True,True,0.02532518683307126
laplace,student_t,16,4.0,0.25,1.511763100651862,0.755881550325931,0.6880736005002334,True,0.11796666666666666,0.1131064646832249,0.109435124929681,0.0010557429839274713,4.603584449466404,True,False,0.04297015203378199
laplace,lrt,16,4.0,0.25,2.0,1.0,0.6880736005002334,False,0.10802222222222223,0.08262641141655314,0.07864960352514253,0.0009177223469787437,27.67265163507815,True,False,0.30735705896312676
laplace,squared,16,9.0,0.5625,0.9999999999999998,0.4999999999999999,1.0321104007503499,True,0.06933333333333333,0.0708549403494701,0.06680720126885809,0.0008552746003317891,-1.7790859398215326,True,True,-0.021474960089330544
laplace,absolute,16,9.0,0.5625,2.0,1.0,1.0321104007503499,False,0.03986666666666667,0.020250356793917557,0.016947426762344637,0.00046951842755975446,41.77963786150351,True,False,0.968689592602196
laplace,huber,16,9.0,0.5625,1.3954049402621596,0.6977024701310798,1.0321104007503499,True,0.045955555555555555,0.042171182953553515,0.03820484120583872,0.0006699317899097509,5.648892408153742,True,False,0.08973835536390029
laplace,cauchy,16,9.0,0.5625,1.4541978602897538,0.7270989301448769,1.0321104007503499,True,0.04522222222222222,0.03915875071623973,0.03523700760326663,0.0006465751048458943,9.3778301399768,True,False,0.15484333373965048
laplace,tukey,16,9.0,0.5625,1.390124435422024,0.695062217711012,1.0321104007503499,True,0.04803333333333334,0.04245427211555224,0.03848424375947942,0.0006720772681659857,8.301219937114746,True,False,0.13141342295531483
laplace,student_t,16,9.0,0.5625,1.511763100651862,0.755881550325931,1.0321104007503499,True,0.04364444444444445,0.03644148819957916,0.03256923229745969,0.0006246199389973882,11.531742416720082,True,False,0.19765812541509964
laplace,lrt,16,9.0,0.5625,2.0,1.0,1.0321104007503499,False,0.03986666666666667,0.020250356793917557,0.016947426762344637,0.00046951842755975446,41.77963786150351,True,False,0.968689592602196
laplace,squared,16,16.0,1.0,0.9999999999999998,0.4999999999999999,1.3761472010004667,True,0.02732222222222222,0.026336790254173962,0.02275013194817922,0.0005337827661894928,1.8461292317152662,True,True,0.03741655526500929
laplace,absolute,16,16.0,1.0,2.0,1.0,1.3761472010004667,False,0.013766666666666665,0.0037742171529874112,0.0023388674905236283,0.00020439538040739426,48.88784420549342,True,False,2.6475555349988054
laplace,huber,16,16.0,1.0,1.3954049402621596,0.6977024701310798,1.3761472010004667,True,0.015955555555555556,0.011726949040747342,0.009074964314604913,0.00035884734772049517,11.783858907330869,True,False,0.3605888027751446
laplace,cauchy,16,16.0,1.0,1.4541978602897538,0.7270989301448769,1.3761472010004667,True,0.015733333333333332,0.010450787630541322,0.007936938192937204,0.0003389783452349894,15.58372614961584,True,False,0.5054686679647311
laplace,tukey,16,16.0,1.0,1.390124435422024,0.695062217711012,1.3761472010004667,True,0.016633333333333333,0.011849620501235636,0.009185095303322083,0.0003606969641496913,13.262415011933475,True,False,0.403701775225533
laplace,student_t,16,16.0,1.0,1.511763100651862,0.755881550325931,1.3761472010004667,True,0.015022222222222223,0.009346482705397082,0.00696476568147398,0.00032074784084204066,17.695331952741917,True,False,0.6072594039624887
laplace,lrt,16,16.0,1.0,2.0,1.0,1.3761472010004667,False,0.013766666666666665,0.0037742171529874112,0.0023388674905236283,0.00020439538040739426,48.88784420549342,True,False,2.6475555349988054
laplace,squared,16,25.0,1.5625,0.9999999999999998,0.4999999999999999,1.7201840012505836,True,0.009466666666666667,0.008477926688530207,0.006209665325776138,0.00030561507102879365,3.2352461375941277,True,False,0.11662520973130454
laplace,absolute,16,25.0,1.5625,2.0,1.0,1.7201840012505836,False,0.0040888888888888884,0.0005837600245293034,0.00020347600872247894,8.05135770995637e-05,43.53463093591179,True,False,6.004400296484563
laplace,huber,16,25.0,1.5625,1.3954049402621596,0.6977024701310798,1.7201840012505836,True,0.0048,0.0027446801318552136,0.0015725849841762313,0.00017439249674318664,11.785598041935744,True,False,0.7488376675629346
laplace,cauchy,16,25.0,1.5625,1.4541978602897538,0.7270989301448769,1.7201840012505836,True,0.004644444444444444,0.0023407502954791016,0.0012859423627470303,0.0001610821454873712,14.301362463203295,True,False,0.9841691159516976
laplace,tukey,16,25.0,1.5625,1.390124435422024,0.695062217711012,1.7201840012505836,True,0.005355555555555555,0.0027844833529964475,0.001601315544572529,0.0001756489556363719,14.637560429802587,True,False,0.9233570025808618
laplace,student_t,16,25.0,1.5625,1.511763100651862,0.755881550325931,1.7201840012505836,True,0.004411111111111111,0.002006797440277239,0.0010565981015179656,0.00014917440219461753,16.117468114248787,True,False,1.1980848802068018
laplace,lrt,16,25.0,1.5625,2.0,1.0,1.7201840012505836,False,0.0040888888888888884,0.0005837600245293034,0.00020347600872247894,8.05135770995637e-05,43.53463093591179,True,False,6.004400296484563
laplace,squared,64,0.25,0.00390625,0.9999999999999998,0.4999999999999999,0.08600920006252917,True,0.4034555555555555,0.40145564179680715,0.4012936743170763,0.0016339760962018753,1.2239553341062313,True,True,0.004981655631484682
laplace,absolute,64,0.25,0.00390625,2.0,1.0,0.08600920006252917,False,0.3668777777777778,0.3620718278754352,0.36183680491588155,0.0016019981250314191,2.9999722391986974,True,True,0.013273470986524885
laplace,huber,64,0.25,0.00390625,1.3954049402621596,0.6977024701310798,0.08600920006252917,True,0.38657777777777774,0.3840687850822592,0.3838754270153437,0.0016212476451030497,1.5475690608383539,True,True,0.006532664962556505
laplace,cauchy,64,0.25,0.00390625,1.4541978602897538,0.7270989301448769,0.08600920006252917,True,0.38437777777777776,0.38172372563985313,0.3815260348971755,0.00161936449442875,1.6389467269756846,True,True,0.00695280895489495
laplace,tukey,64,0.25,0.00390625,1.390124435422024,0.695062217711012,0.08600920006252917,True,0.3879222222222222,0.3842820186141742,0.384089053291007,0.0016214169002038163,2.2450756542567345,True,True,0.009472739893413636
laplace,student_t,64,0.25,0.00390625,1.511763100651862,0.755881550325931,0.08600920006252917,True,0.38266666666666665,0.3794772499468349,0.3792753852819154,0.0016175230265220763,1.971790612891297,True,True,0.008404763975386115
laplace,lrt,64,0.25,0.00390625,2.0,1.0,0.08600920006252917,False,0.3668777777777778,0.3620718278754352,0.36183680491588155,0.0016019981250314191,2.9999722391986974,True,True,0.013273470986524885
laplace,squared,64,1.0,0.015625,0.9999999999999998,0.4999999999999999,0.17201840012505834,True,0.3091,0.3088843603322428,0.30853753872598694,0.0015401111513797523,0.14001565248325465,True,True,0.0006981242673640899
laplace,absolute,64,1.0,0.015625,2.0,1.0,0.17201840012505834,False,0.24926666666666666,0.24026929045235434,0.23975006109347669,0.0014241565087130485,6.317687809777928,True,False,0.03744705033828078
laplace,huber,64,1.0,0.015625,1.3954049402621596,0.6977024701310798,0.17201840012505834,True,0.28115555555555555,0.2778027651079132,0.27738206972289137,0.0014930520151924113,2.2455952060118176,True,True,0.012068959955600018
laplace,cauchy,64,1.0,0.015625,1.4541978602897538,0.7270989301448769,0.17201840012505834,True,0.27676666666666666,0.27370172364132733,0.2732707657016785,0.0014861923388201507,2.062278848626354,True,True,0.011198113715044724
laplace,tukey,64,1.0,0.015625,1.390124435422024,0.695062217711012,0.17201840012505834,True,0.2818444444444444,0.2781767893661368,0.27775702385316703,0.0014936698401516713,2.455465712513249,True,True,0.013184619344643453
laplace,student_t,64,1.0,0.015625,1.511763100651862,0.755881550325931,0.17201840012505834,True,0.2725111111111111,0.2697945318372707,0.2693536820717989,0.0014795098378553868,1.8361346469842945,True,True,0.010069067209556803
laplace,lrt,64,1.0,0.015625,2.0,1.0,0.17201840012505834,False,0.24926666666666666,0.24026929045235434,0.23975006109347669,0.0014241565087130485,6.317687809777928,True,False,0.03744705033828078
laplace,squared,64,2.25,0.03515625,0.9999999999999998,0.4999999999999999,0.25802760018758747,True,0.22816666666666666,0.22718334861016176,0.22662735237686826,0.001396706740572406,0.7040261408790124,True,True,0.0043283016229866056
laplace,absolute,64,2.25,0.03515625,2.0,1.0,0.25802760018758747,False,0.158,0.1452294875759322,0.14442218317324246,0.0011744402142409252,10.87370158924756,True,False,0.08793332977499367
laplace,huber,64,2.25,0.03515625,1.3954049402621596,0.6977024701310798,0.25802760018758747,True,0.19153333333333333,0.18849230762711724,0.18782103781521975,0.0013036826368770442,2.332642638779656,True,True,0.016133420745381093
laplace,cauchy,64,2.25,0.03515625,1.4541978602897538,0.7270989301448769,0.25802760018758747,True,0.18595555555555554,0.1835713108230478,0.1828847919998403,0.0012904473154933343,1.8476110600425706,True,True,0.012988111932185327
laplace,tukey,64,2.25,0.03515625,1.390124435422024,0.695062217711012,0.25802760018758747,True,0.1917333333333333,0.18894335277207416,0.1882734752685704,0.0013048787181417015,2.1381148473571576,True,True,0.014766227656734516
laplace,student_t,64,2.25,0.03515625,1.511763100651862,0.755881550325931,0.25802760018758747,True,0.1813888888888889,0.17892531018591887,0.1782243041736895,0.0012776325482912684,1.9282372746881544,True,True,0.013768754685461583
laplace,lrt,64,2.25,0.03515625,2.0,1.0,0.25802760018758747,False,0.158,0.1452294875759322,0.14442218317324246,0.0011744402142409252,10.87370158924756,True,False,0.08793332977499367
laplace,squared,64,4.0,0.0625,0.9999999999999998,0.4999999999999999,0.3440368002501167,True,0.15935555555555556,0.15941773643611673,0.15865525393145707,0.0012202172927880126,-0.05095885866287029,True,True,-0.0003900499527296463
laplace,absolute,64,4.0,0.0625,2.0,1.0,0.3440368002501167,False,0.09344444444444444,0.07963241535867883,0.07864960352514253,0.000902410929940344,15.305697911569714,True,False,0.17344732071171926
laplace,huber,64,4.0,0.0625,1.3954049402621596,0.6977024701310798,0.3440368002501167,True,0.12147777777777778,0.11963288517809505,0.11874722552018746,0.0010817725061832537,1.7054349127359016,True,True,0.015421283177583494
laplace,cauchy,64,4.0,0.0625,1.4541978602897538,0.7270989301448769,0.3440368002501167,True,0.11687777777777779,0.11482735155324818,0.11392778146745014,0.0010627115783510015,1.9294287051160546,True,True,0.017856601208630852
laplace,tukey,64,4.0,0.0625,1.390124435422024,0.695062217711012,0.3440368002501167,True,0.12224444444444445,0.12007640132194712,0.11919204329654237,0.0010835028542623421,2.0009574630731803,True,True,0.0180555304675096
laplace,student_t,64,4.0,0.0625,1.511763100651862,0.755881550325931,0.3440368002501167,True,0.11302222222222223,0.11034730141559705,0.109435124929681,0.0010444071922275251,2.56118573917523,True,True,0.024240926350801485
laplace,lrt,64,4.0,0.0625,2.0,1.0,0.3440368002501167,False,0.09344444444444444,0.07963241535867883,0.07864960352514253,0.000902410929940344,15.305697911569714,True,False,0.17344732071171926
laplace,squared,64,9.0,0.140625,0.9999999999999998,0.4999999999999999,0.5160552003751749,True,0.0685888888888889,0.06780455906566017,0.06680720126885809,0.0008380340806883928,0.935916380136287,True,True,0.011567508645977581
laplace,absolute,64,9.0,0.140625,2.0,1.0,0.5160552003751749,False,0.028177777777777777,0.017731414878418006,0.016947426762344637,0.0004399117563636727,23.74649631032779,True,False,0.5891443503515719
laplace,huber,64,9.0,0.140625,1.3954049402621596,0.6977024701310798,0.5160552003751749,True,0.04055555555555556,0.039170119225317324,0.03820484120583872,0.000646665128736932,2.1424324100238312,True,True,0.03536972461760519
laplace,cauchy,64,9.0,0.140625,1.4541978602897538,0.7270989301448769,0.5160552003751749,True,0.03855555555555555,0.03618943336809729,0.03523700760326663,0.0006225374444837598,3.8007708747870947,True,False,0.06538157598079754
laplace,tukey,64,9.0,0.140625,1.390124435422024,0.695062217711012,0.5160552003751749,True,0.0409,0.03945059761836751,0.03848424375947942,0.0006488814989051131,2.233693492691861,True,True,0.03673968125029557
laplace,student_t,64,9.0,0.140625,1.511763100651862,0.755881550325931,0.5160552003751749,True,0.0358,0.03350764831709808,0.03256923229745969,0.0005998600375768756,3.8214775769391744,True,False,0.06841278925958505
laplace,lrt,64,9.0,0.140625,2.0,1.0,0.5160552003751749,False,0.028177777777777777,0.017731414878418006,0.016947426762344637,0.0004399117563636727,23.74649631032779,True,False,0.5891443503515719
laplace,squared,64,16.0,0.25,0.9999999999999998,0.4999999999999999,0.6880736005002334,True,0.024244444444444443,0.023610095195677767,0.02275013194817922,0.0005061033996299439,1.253398513486581,True,True,0.026867712455594217
laplace,absolute,64,16.0,0.25,2.0,1.0,0.6880736005002334,False,0.006688888888888889,0.0026464930946408,0.0023388674905236283,0.00017125319685388582,23.60479026675971,True,False,1.5274537471622422
laplace,huber,64,16.0,0.25,1.3954049402621596,0.6977024701310798,0.6880736005002334,True,0.010700000000000001,0.0096885601882604,0.009074964314604913,0.0003265083287986329,3.097745823088593,True,False,0.10439526535275703
laplace,cauchy,64,16.0,0.25,1.4541978602897538,0.7270989301448769,0.6880736005002334,True,0.01011111111111111,0.0085149495541483,0.007936938192937204,0.00030627593202206494,5.211514814189904,True,False,0.18745402386854965
laplace,tukey,64,16.0,0.25,1.390124435422024,0.695062217711012,0.6880736005002334,True,0.011099999999999999,0.009801931283907371,0.009185095303322083,0.000328394299365411,3.9527748155221167,True,False,0.13242989350718795
laplace,student_t,64,16.0,0.25,1.511763100651862,0.755881550325931,0.6880736005002334,True,0.009111111111111111,0.007508921847795382,0.00696476568147398,0.0002877602771690948,5.5677916322489684,True,False,0.21337141280623828
laplace,lrt,64,16.0,0.25,2.0,1.0,0.6880736005002334,False,0.006688888888888889,0.0026464930946408,0.0023388674905236283,0.00017125319685388582,23.60479026675971,True,False,1.5274537471622422
laplace,squared,64,25.0,0.390625,0.9999999999999998,0.4999999999999999,0.8600920006252918,True,0.007411111111111111,0.0067248974580802895,0.006209665325776138,0.0002724308926082314,2.518854034728102,True,True,0.10204076081581036
laplace,absolute,64,25.0,0.390625,2.0,1.0,0.8600920006252918,False,0.0013444444444444443,0.00026888733819759107,0.00020347600872247894,5.465193274989845e-05,19.68012935917352,True,False,4.000028835335055
laplace,huber,64,25.0,0.390625,1.3954049402621596,0.6977024701310798,0.8600920006252918,True,0.002455555555555556,0.0018167907690242397,0.0015725849841762313,0.000141950305871293,4.4999183524865884,True,False,0.3515896257412093
laplace,cauchy,64,25.0,0.390625,1.4541978602897538,0.7270989301448769,0.8600920006252918,True,0.002277777777777778,0.0015023555742985004,0.0012859423627470303,0.00012910368365632308,6.0061973564090465,True,False,0.5161376020063345
laplace,tukey,64,25.0,0.390625,1.390124435422024,0.695062217711012,0.8600920006252918,True,0.002611111111111111,0.0018481610932412392,0.001601315544572529,0.0001431683311433964,5.3290417774424315,True,False,0.41281575543387133
laplace,student_t,64,25.0,0.390625,1.511763100651862,0.755881550325931,0.8600920006252918,True,0.001977777777777778,0.0012485074086845446,0.0010565981015179656,0.00011770719972008719,6.195630945494157,True,False,0.5841137697866038
laplace,lrt,64,25.0,0.390625,2.0,1.0,0.8600920006252918,False,0.0013444444444444443,0.00026888733819759107,0.00020347600872247894,5.465193274989845e-05,19.68012935917352,True,False,4.000028835335055
student_t3,squared,16,0.25,0.015625,0.9999999999999999,0.5000000000000001,0.19091747837260312,True,0.3848444444444444,0.4019344732199481,0.4012936743170763,0.0016342961531475217,-10.457118645595346,True,False,-0.04251944014304945
student_t3,absolute,16,0.25,0.015625,1.6211389382774042,0.8105694691387023,0.19091747837260312,False,0.37247777777777785,0.3759549017524022,0.37512494296301124,0.0016145615627805169,-2.153602597002386,True,True,-0.009248779463751558
student_t3,huber,16,0.25,0.015625,1.8903084391528426,0.9451542195764215,0.19091747837260312,True,0.3670555555555555,0.366430493551637,0.36552797539722925,0.0016060966725682788,0.3891808099689397,True,True,0.001705813284970124
student_t3,cauchy,16,0.25,0.015625,1.9331935895658328,0.9665967947829166,0.19091747837260312,True,0.36566666666666664,0.3649846283068527,0.3640709301386757,0.0016047528345738801,0.4250114691307326,True,True,0.0018686769439521266
student_t3,tukey,16,0.25,0.015625,1.9138320885348452,0.9569160442674228,0.19091747837260312,True,0.36562222222222224,0.3656351455763605,0.36472648298219246,0.0016053593778885158,-0.008050131525858095,True,True,-3.534494507605622e-05
student_t3,student_t,16,0.25,0.015625,1.974269409675048,0.9871347048375242,0.19091747837260312,True,0.36484444444444447,0.3636165632933142,0.3626922454979661,0.0016034669320363765,0.765766431847068,True,True,0.0033768570386596528
student_t3,lrt,16,0.25,0.015625,1.9999999999999996,1.0,0.19091747837260312,True,0.3645222222222222,0.3627677320786043,0.36183680491588155,0.0016026620377122222,1.0947349486872497,True,True,0.004836400783401901
student_t3,squared,16,1.0,0.0625,0.9999999999999999,0.5000000000000001,0.38183495674520623,True,0.27984444444444445,0.30991413763043685,0.30853753872598694,0.0015415265339094502,-19.506438925662177,True,False,-0.09702588405905377
student_t3,absolute,16,1.0,0.0625,1.6211389382774042,0.8105694691387023,0.38183495674520623,False,0.253,0.26401304869379416,0.2621862714271639,0.0014693541998412561,-7.495162633341892,True,False,-0.041714031743056906
student_t3,huber,16,1.0,0.0625,1.8903084391528426,0.9451542195764215,0.38183495674520623,True,0.24653333333333335,0.24790220657497522,0.24590198027774218,0.0014393158195253495,-0.9510582896902267,True,True,-0.005521827580941139
student_t3,cauchy,16,1.0,0.0625,1.9331935895658328,0.9665967947829166,0.38183495674520623,True,0.24433333333333332,0.24549289985233336,0.2434660323023552,0.00143459686933076,-0.8082873619687853,True,True,-0.004723421816669769
student_t3,tukey,16,1.0,0.0625,1.9138320885348452,0.9569160442674228,0.38183495674520623,True,0.2452,0.24657567239029266,0.24456080031315697,0.0014367250961651475,-0.9575056452793556,True,True,-0.005579108340076505
student_t3,student_t,16,1.0,0.0625,1.974269409675048,0.9871347048375242,0.38183495674520623,True,0.2422888888888889,0.2432222874734534,0.24117014557726235,0.0014300940386703176,-0.6526833616007318,True,True,-0.003837635910181077
student_t3,lrt,16,1.0,0.0625,1.9999999999999996,1.0,0.38183495674520623,True,0.24157777777777775,0.24181791593929755,0.23975006109347674,0.0014272818434978363,-0.16824859267549594,True,True,-0.000993053639499892
student_t3,squared,16,2.25,0.140625,0.9999999999999999,0.5000000000000001,0.5727524351178095,True,0.19604444444444444,0.22884326806255906,0.22662735237686826,0.0014002937260327714,-23.422816947868707,True,False,-0.1433243979418629
student_t3,absolute,16,2.25,0.140625,1.6211389382774042,0.8105694691387023,0.5727524351178095,False,0.15926666666666667,0.17271638063610437,0.16980663505205112,0.0012600063161044015,-10.674322658175694,True,False,-0.07787167563321548
student_t3,huber,16,2.25,0.140625,1.8903084391528426,0.9451542195764215,0.5727524351178095,True,0.1557111111111111,0.15438079276390637,0.1512320390696863,0.001204377956500986,1.1045688274382204,True,True,0.008617123434773276
student_t3,cauchy,16,2.25,0.140625,1.9331935895658328,0.9665967947829166,0.5727524351178095,True,0.15366666666666667,0.1517053395835211,0.1485216257690692,0.0011957834694615245,1.640202539368432,True,True,0.012928530324180064
student_t3,tukey,16,2.25,0.140625,1.9138320885348452,0.9569160442674228,0.5727524351178095,True,0.15496666666666667,0.15290553067513893,0.14973749710152684,0.0011996547158990424,1.7181076889970701,True,True,0.013479800125129567
student_t3,student_t,16,2.25,0.140625,1.974269409675048,0.9871347048375242,0.5727524351178095,True,0.15159999999999998,0.14920018009884037,0.1459837592176345,0.0011876189360664003,2.0206985829210806,True,True,0.01608456437230714
student_t3,lrt,16,2.25,0.140625,1.9999999999999996,1.0,0.5727524351178095,True,0.15081111111111112,0.14765870833629682,0.14442218317324246,0.0011825378273900458,2.6657944480067046,True,True,0.021349250649237764
student_t3,squared,16,4.0,0.25,0.9999999999999999,0.5000000000000001,0.7636699134904125,True,0.13214444444444443,0.1617082549563292,0.15865525393145707,0.0012272765478231692,-24.0889557975522,True,False,-0.1828219005879988
student_t3,absolute,16,4.0,0.25,1.6211389382774042,0.8105694691387023,0.7636699134904125,False,0.09314444444444443,0.10522788935976866,0.10146652600296135,0.0010228227861096356,-11.813820614306316,True,False,-0.11483120101374993
student_t3,huber,16,4.0,0.25,1.8903084391528426,0.9451542195764215,0.7636699134904125,True,0.09143333333333332,0.08851233146358055,0.0845835684430487,0.0009467951711047926,3.0851465648523844,True,False,0.03300107252235986
student_t3,cauchy,16,4.0,0.25,1.9331935895658328,0.9665967947829166,0.7636699134904125,True,0.08968888888888889,0.08615359203140181,0.08220473662286637,0.0009353023908607703,3.7798437083363994,True,False,0.04103481670501338
student_t3,tukey,16,4.0,0.25,1.9138320885348452,0.9569160442674228,0.7636699134904125,True,0.09012222222222221,0.08720909815325635,0.083269102339387,0.000940470753001165,3.0975169187023672,True,False,0.033403900861886035
student_t3,student_t,16,4.0,0.25,1.974269409675048,0.9871347048375242,0.7636699134904125,True,0.0873,0.08396422502741248,0.07999770825610203,0.0009244471858176679,3.6083997266291115,True,False,0.03972852689938443
student_t3,lrt,16,4.0,0.25,1.9999999999999996,1.0,0.7636699134904125,True,0.08643333333333332,0.08262641141655314,0.07864960352514258,0.0009177223469787437,4.148228414959106,True,False,0.04607391089016262
student_t3,squared,16,9.0,0.5625,0.9999999999999999,0.5000000000000001,1.145504870235619,True,0.056566666666666675,0.07085494034947008,0.06680720126885809,0.000855274600331789,-16.706065721185357,True,False,-0.20165529195749676
student_t3,absolute,16,9.0,0.5625,1.6211389382774042,0.8105694691387023,1.145504870235619,False,0.026333333333333334,0.0318403733657154,0.028075664712993723,0.0005852498420869049,-9.409724935157378,True,False,-0.17295777185552275
student_t3,huber,16,9.0,0.5625,1.8903084391528426,0.9451542195764215,1.145504870235619,True,0.0268,0.023034605035127553,0.019588291693634807,0.0005000445758574733,7.530118606757352,True,False,0.16346687773158064
student_t3,cauchy,16,9.0,0.5625,1.9331935895658328,0.9665967947829166,1.145504870235619,True,0.026344444444444445,0.021898771883771043,0.018507889754730687,0.0004878435048905836,9.112907143594137,True,False,0.20301013153929623
student_t3,tukey,16,9.0,0.5625,1.9138320885348452,0.9569160442674228,1.145504870235619,True,0.026555555555555554,0.022403736079002607,0.01898771638499267,0.0004933086557871249,8.416271289479587,True,False,0.18531817469694914
student_t3,student_t,16,9.0,0.5625,1.974269409675048,0.9871347048375242,1.145504870235619,True,0.025333333333333333,0.020868491848531026,0.017531483185255686,0.00047648012546285494,9.370467405046831,True,False,0.21395132514650766
student_t3,lrt,16,9.0,0.5625,1.9999999999999996,1.0,1.145504870235619,True,0.02497777777777778,0.020250356793917568,0.016947426762344637,0.00046951842755975457,10.068659090613783,True,False,0.23344877485221138
student_t3,squared,16,16.0,1.0,0.9999999999999999,0.5000000000000001,1.527339826980825,True,0.023944444444444445,0.026336790254173948,0.02275013194817922,0.0005337827661894927,-4.481871580095602,True,False,-0.0908366504285903
student_t3,absolute,16,16.0,1.0,1.6211389382774042,0.8105694691387023,1.527339826980825,False,0.007188888888888888,0.007581832270823756,0.00544078653373402,0.0002891433341257287,-1.3589916680009084,True,True,-0.05182696845549912
student_t3,huber,16,16.0,1.0,1.8903084391528426,0.9451542195764215,1.527339826980825,True,0.007644444444444444,0.004600008738904537,0.0029818575607813125,0.0002255573013795568,13.49739373063734,True,False,0.6618325917061018
student_t3,cauchy,16,16.0,1.0,1.9331935895658328,0.9665967947829166,1.527339826980825,True,0.007411111111111111,0.004255958051358352,0.0027113681532985666,0.0002169957724222968,14.540159121683239,True,False,0.7413496612697451
student_t3,tukey,16,16.0,1.0,1.9138320885348452,0.9569160442674228,1.527339826980825,True,0.007155555555555555,0.004407710817798006,0.002830244399464999,0.0002208137199628449,12.44417574333657,True,False,0.6234176540488904
student_t3,student_t,16,16.0,1.0,1.974269409675048,0.9871347048375242,1.527339826980825,True,0.007011111111111111,0.0039523926815359855,0.002475736505418765,0.00020914565030212602,14.624824495066408,True,False,0.7738903181012979
student_t3,lrt,16,16.0,1.0,1.9999999999999996,1.0,1.527339826980825,True,0.006688888888888889,0.0037742171529874112,0.002338867490523633,0.00020439538040739426,14.259968743383771,True,False,0.7722586215248436
student_t3,squared,16,25.0,1.5625,0.9999999999999999,0.5000000000000001,1.9091747837260316,True,0.011144444444444443,0.008477926688530204,0.006209665325776134,0.0003056150710287936,8.725085928969166,True,False,0.3145247480757028
student_t3,absolute,16,25.0,1.5625,1.6211389382774042,0.8105694691387023,1.9091747837260316,False,0.0016777777777777778,0.0015055610874084102,0.0007285392740912442,0.00012924113437122494,1.3325222747945098,True,True,0.1143870493264487
student_t3,huber,16,25.0,1.5625,1.8903084391528426,0.9451542195764215,1.9091747837260316,True,0.0017666666666666664,0.0007624194813785796,0.00029386746967716463,9.200472197501568e-05,10.915170044867859,True,False,1.3171845812127503
student_t3,cauchy,16,25.0,1.5625,1.9331935895658328,0.9665967947829166,1.9091747837260316,True,0.0016666666666666668,0.0006863752038287901,0.00025449198531216186,8.729923589511341e-05,11.229095567522013,True,False,1.4282151472977762
student_t3,tukey,16,25.0,1.5625,1.9138320885348452,0.9569160442674228,1.9091747837260316,True,0.001911111111111111,0.0007196408087019971,0.0002715628603583115,8.938822479054484e-05,13.329163938549803,True,False,1.6556458277541917
student_t3,student_t,16,25.0,1.5625,1.974269409675048,0.9871347048375242,1.9091747837260316,True,0.0016888888888888889,0.0006211729744322667,0.00022177445281323165,8.305199967945796e-05,12.855992854807933,True,False,1.7188705214235735
student_t3,lrt,16,25.0,1.5625,1.9999999999999996,1.0,1.9091747837260316,True,0.0016444444444444447,0.0005837600245293038,0.00020347600872247946,8.051357709956373e-05,13.173982055268644,True,False,1.8169870757600948
student_t3,squared,64,0.25,0.00390625,0.9999999999999999,0.5000000000000001,0.09545873918630156,True,0.39053333333333334,0.40145564179680715,0.4012936743170763,0.0016339760962018753,-6.684497092009093,True,False,-0.02720676290558155
student_t3,absolute,64,0.25,0.00390625,1.6211389382774042,0.8105694691387023,0.09545873918630156,False,0.37192222222222227,0.37533456604884624,0.37512494296301124,0.0016140305985595004,-2.114175424969914,True,True,-0.009091472343050577
student_t3,huber,64,0.25,0.00390625,1.8903084391528426,0.9451542195764215,0.09545873918630156,True,0.36246666666666666,0.3657558543845462,0.36552797539722925,0.0016054715796231089,-2.0487361842006018,True,True,-0.008992850499725409
student_t3,cauchy,64,0.25,0.00390625,1.9331935895658328,0.9665967947829166,0.09545873918630156,True,0.3609222222222222,0.3643016207983411,0.3640709301386757,0.0016041125960828267,-2.106709082873143,True,True,-0.009276375352690434
student_t3,tukey,64,0.25,0.00390625,1.9138320885348452,0.9569160442674228,0.09545873918630156,True,0.3617222222222222,0.36495590728074917,0.36472648298219246,0.0016047259822219368,-2.015101079157153,True,True,-0.008860481482875064
student_t3,student_t,64,0.25,0.00390625,1.974269409675048,0.9871347048375242,0.09545873918630156,True,0.35965555555555556,0.36292560659684553,0.3626922454979661,0.0016028121490858818,-2.04019606611726,True,True,-0.009010251637941025
student_t3,lrt,64,0.25,0.00390625,1.9999999999999996,1.0,0.09545873918630156,True,0.35855555555555557,0.3620718278754352,0.36183680491588155,0.0016019981250314191,-2.194929110675861,True,True,-0.009711532489319564
student_t3,squared,64,1.0,0.015625,0.9999999999999999,0.5000000000000001,0.19091747837260312,True,0.29173333333333334,0.3088843603322428,0.30853753872598694,0.0015401111513797523,-11.136226748013762,True,False,-0.05552572160164227
student_t3,absolute,64,1.0,0.015625,1.6211389382774042,0.8105694691387023,0.19091747837260312,False,0.2534888888888889,0.262645510675499,0.2621862714271639,0.0014669047018865016,-6.242138139467641,True,False,-0.03486304320625999
student_t3,huber,64,1.0,0.015625,1.8903084391528426,0.9451542195764215,0.19091747837260312,True,0.24427777777777773,0.24640439615485946,0.24590198027774218,0.0014363892605744235,-1.4805306858332206,True,True,-0.008630602417276652
student_t3,cauchy,64,1.0,0.015625,1.9331935895658328,0.9665967947829166,0.19091747837260312,True,0.24177777777777779,0.24397507304795354,0.2434660323023552,0.0014315928843199619,-1.5348604301141957,True,True,-0.00900622855738987
student_t3,tukey,64,1.0,0.015625,1.9138320885348452,0.9569160442674228,0.19091747837260312,True,0.24264444444444444,0.24506685838185147,0.24456080031315697,0.0014337561132474574,-1.689557878794503,True,True,-0.009884706375239591
student_t3,student_t,64,1.0,0.015625,1.974269409675048,0.9871347048375242,0.19091747837260312,True,0.23882222222222224,0.2416854695443442,0.24117014557726235,0.001427015546732543,-2.0064583940083693,True,True,-0.011846998197782047
student_t3,lrt,64,1.0,0.015625,1.9999999999999996,1.0,0.19091747837260312,True,0.2373222222222222,0.24026929045235434,0.23975006109347674,0.0014241565087130485,-2.0693429493892332,True,True,-0.012265688322397321
student_t3,squared,64,2.25,0.03515625,0.9999999999999999,0.5000000000000001,0.28637621755890474,True,0.20904444444444445,0.22718334861016176,0.22662735237686826,0.001396706740572406,-12.986909591546416,True,False,-0.0798425777095266
student_t3,absolute,64,2.25,0.03515625,1.6211389382774042,0.8105694691387023,0.28637621755890474,False,0.15851111111111113,0.1705339881044429,0.16980663505205112,0.0012536708189492373,-9.590138664477111,True,False,-0.07050135358335959
student_t3,huber,64,2.25,0.03515625,1.8903084391528426,0.9451542195764215,0.28637621755890474,True,0.1504,0.1520179357675425,0.1512320390696863,0.0011967942502671125,-1.3518913273366593,True,True,-0.010643058395533983
student_t3,cauchy,64,2.25,0.03515625,1.9331935895658328,0.9665967947829166,0.28637621755890474,True,0.14802222222222222,0.14931605606669185,0.1485216257690692,0.0011879991183469437,-1.0890865359142259,True,True,-0.008665068436389305
student_t3,tukey,64,2.25,0.03515625,1.9138320885348452,0.9569160442674228,0.28637621755890474,True,0.14898888888888887,0.15052810098755043,0.14973749710152684,0.0011919609976870154,-1.2913275699862528,True,True,-0.010225413650763224
student_t3,student_t,64,2.25,0.03515625,1.974269409675048,0.9871347048375242,0.28637621755890474,True,0.14565555555555557,0.14678616517980317,0.1459837592176345,0.0011796420685558757,-0.95843447295136,True,True,-0.007702426334679989
student_t3,lrt,64,2.25,0.03515625,1.9999999999999996,1.0,0.28637621755890474,True,0.14395555555555553,0.14522948757593224,0.14442218317324246,0.0011744402142409255,-1.0847142365608493,True,True,-0.008771855093895027
student_t3,squared,64,4.0,0.0625,0.9999999999999999,0.5000000000000001,0.38183495674520623,True,0.14284444444444444,0.1594177364361167,0.15865525393145707,0.0012202172927880126,-13.58224644874913,True,False,-0.103961405814551
student_t3,absolute,64,4.0,0.0625,1.6211389382774042,0.8105694691387023,0.38183495674520623,False,0.0909888888888889,0.10239999749484846,0.10146652600296135,0.0010105787011405532,-11.291657535509929,True,False,-0.11143661020630038
student_t3,huber,64,4.0,0.0625,1.8903084391528426,0.9451542195764215,0.38183495674520623,True,0.08437777777777777,0.08555572289900219,0.0845835684430487,0.0009323562813182961,-1.2634066448920953,True,True,-0.01376816279858886
student_t3,cauchy,64,4.0,0.0625,1.9331935895658328,0.9665967947829166,0.38183495674520623,True,0.08264444444444445,0.08318138867002173,0.08220473662286637,0.0009205206573151263,-0.5833049169622946,True,True,-0.006455100523836162
student_t3,tukey,64,4.0,0.0625,1.9138320885348452,0.9569160442674228,0.38183495674520623,True,0.08508888888888888,0.08424377736745599,0.083269102339387,0.0009258435393515983,0.9128016619576507,True,True,0.010031738222595009
student_t3,student_t,64,4.0,0.0625,1.974269409675048,0.9871347048375242,0.38183495674520623,True,0.08095555555555556,0.08097826768736523,0.07999770825610203,0.0009093391241856097,-0.024976525484932927,True,True,-0.00028047193967341646
student_t3,lrt,64,4.0,0.0625,1.9999999999999996,1.0,0.38183495674520623,True,0.08044444444444444,0.07963241535867883,0.07864960352514258,0.000902410929940344,0.8998440276197561,True,True,0.01019721783030293
student_t3,squared,64,9.0,0.140625,0.9999999999999999,0.5000000000000001,0.5727524351178095,True,0.05824444444444444,0.06780455906566017,0.06680720126885809,0.0008380340806883928,-11.407787393756939,True,False,-0.14099515951365404
student_t3,absolute,64,9.0,0.140625,1.6211389382774042,0.8105694691387023,0.5727524351178095,False,0.022144444444444442,0.028984179865097177,0.028075664712993723,0.000559206751495613,-12.231138845086694,True,False,-0.23598167871188108
student_t3,huber,64,9.0,0.140625,1.8903084391528426,0.9451542195764215,0.5727524351178095,True,0.02111111111111111,0.020410505785823235,0.019588291693634807,0.00047133282696095043,1.4864343945768022,True,True,0.03432572091253616
student_t3,cauchy,64,9.0,0.140625,1.9331935895658328,0.9665967947829166,0.5727524351178095,True,0.020155555555555555,0.019315289244409752,0.018507889754730687,0.00045876899107908015,1.8315673628450668,True,True,0.0435026522519715
student_t3,tukey,64,9.0,0.140625,1.9138320885348452,0.9569160442674228,0.5727524351178095,True,0.019733333333333335,0.019801828134721592,0.01898771638499267,0.00046439585290095563,-0.1474922761699703,True,True,-0.003459014032555619
student_t3,student_t,64,9.0,0.140625,1.974269409675048,0.9871347048375242,0.5727524351178095,True,0.0189,0.01832452932198668,0.017531483185255686,0.0004470737069123854,1.2871941899416994,True,True,0.03140439068865154
student_t3,lrt,64,9.0,0.140625,1.9999999999999996,1.0,0.5727524351178095,True,0.01852222222222222,0.01773141487841802,0.016947426762344637,0.0004399117563636729,1.7976499431182396,True,True,0.04459922398898584
student_t3,squared,64,16.0,0.25,0.9999999999999999,0.5000000000000001,0.7636699134904125,True,0.021955555555555558,0.023610095195677753,0.02275013194817922,0.0005061033996299438,-3.2691731399788515,True,False,-0.07007763528310922
student_t3,absolute,64,16.0,0.25,1.6211389382774042,0.8105694691387023,0.7636699134904125,False,0.0038666666666666663,0.005923752107667386,0.00544078653373402,0.0002557920437611228,-8.042022772693336,True,False,-0.34726055439391856
student_t3,huber,64,16.0,0.25,1.8903084391528426,0.9451542195764215,0.7636699134904125,True,0.003822222222222222,0.0033342357020639877,0.0029818575607813125,0.0001921549887850103,2.539546452807482,True,True,0.1463563358331736
student_t3,cauchy,64,16.0,0.25,1.9331935895658328,0.9665967947829166,0.7636699134904125,True,0.003533333333333333,0.003045673840702562,0.0027113681532985666,0.00018367839380463712,2.654963833957807,True,True,0.1601154680825181
student_t3,tukey,64,16.0,0.25,1.9138320885348452,0.9569160442674228,0.7636699134904125,True,0.0035777777777777774,0.003172616940202065,0.002830244399464999,0.00018745522256299587,2.1613739645986905,True,True,0.1277055645898138
student_t3,student_t,64,16.0,0.25,1.974269409675048,0.9871347048375242,0.7636699134904125,True,0.0032777777777777775,0.002793427540293131,0.002475736505418765,0.00017593004616324898,2.7530842402849625,True,True,0.1733892254222642
student_t3,lrt,64,16.0,0.25,1.9999999999999996,1.0,0.7636699134904125,True,0.0031000000000000003,0.0026464930946408,0.002338867490523633,0.00017125319685388582,2.6481660704187306,True,True,0.17136145424961072
student_t3,squared,64,25.0,0.390625,0.9999999999999999,0.5000000000000001,0.9545873918630158,True,0.0083,0.006724897458080287,0.006209665325776134,0.00027243089260823135,5.781659072654385,True,False,0.23421956271275957
student_t3,absolute,64,25.0,0.390625,1.6211389382774042,0.8105694691387023,0.9545873918630158,False,0.0005333333333333334,0.000880576016173422,0.0007285392740912442,9.88714430209003e-05,-3.512062454339677,True,False,-0.39433583979387204
student_t3,huber,64,25.0,0.390625,1.8903084391528426,0.9451542195764215,0.9545873918630158,True,0.0005666666666666666,0.00037778677831254155,0.00029386746967716463,6.477688677835927e-05,2.915853134473672,True,True,0.49996426343397715
student_t3,cauchy,64,25.0,0.390625,1.9331935895658328,0.9665967947829166,0.9545873918630158,True,0.0005111111111111112,0.0003306541648429309,0.00025449198531216186,6.060297321879357e-05,2.9776913026474876,True,True,0.5457573666247387
student_t3,tukey,64,25.0,0.390625,1.9138320885348452,0.9569160442674228,0.9545873918630158,True,0.0005333333333333333,0.00035113969767719237,0.0002715628603583115,6.245143878690488e-05,2.9173649029579143,True,True,0.5188636797871656
student_t3,student_t,64,25.0,0.390625,1.974269409675048,0.9871347048375242,0.9545873918630158,True,0.0004888888888888889,0.00029114441780484396,0.00022177445281323165,5.686823490733499e-05,3.4772394713193284,True,False,0.6791971921529141
student_t3,lrt,64,25.0,0.390625,1.9999999999999996,1.0,0.9545873918630158,True,0.00047777777777777776,0.0002688873381975914,0.00020347600872247946,5.465193274989849e-05,3.8221967471145724,True,False,0.7768697514000589
contaminated_10,squared,16,0.25,0.015625,1.0000000000000004,0.11087520991912592,0.3693905222036966,True,0.3500888888888889,0.4019344732199481,0.40129367431707624,0.0016342961531475217,-31.723494074931764,True,False,-0.12899014089465285
contaminated_10,absolute,16,0.25,0.015625,5.746314685123776,0.6371238469744543,0.3693905222036966,False,0.2643111111111111,0.27619189720073895,0.2744908246047551,0.0014903762877631324,-7.971668757196483,True,False,-0.04301641796896296
contaminated_10,huber,16,0.25,0.015625,7.52450144531728,0.8342806772863194,0.3693905222036966,True,0.24875555555555554,0.2484233711049596,0.24642888365710314,0.0014403286654009336,0.2306310070580086,True,True,0.0013371706901746613
contaminated_10,cauchy,16,0.25,0.015625,8.297965694191433,0.9200386882451801,0.3693905222036966,True,0.23804444444444442,0.23782769770372195,0.23571486217348597,0.0014191769285542824,0.152727074659587,True,True,0.0009113603790273803
contaminated_10,tukey,16,0.25,0.015625,8.90176738182198,0.9869853271107395,0.3693905222036966,True,0.2303777777777778,0.23006692916180896,0.22786519811278266,0.0014029181383731085,0.22157288259834532,True,True,0.0013511225498655229
contaminated_10,student_t,16,0.25,0.015625,8.395771860352216,0.9308829674496418,0.3693905222036966,True,0.23585555555555557,0.23654169323689736,0.2344142554889596,0.0014165283093124342,-0.4843797874218517,True,True,-0.0029007050383063867
contaminated_10,lrt,16,0.25,0.015625,9.019148651257714,1.0,0.3693905222036966,True,0.22929999999999998,0.22860595804190478,0.22638728620887566,0.00139978281644629,0.49582117307111795,True,True,0.0030359749327616868
contaminated_10,squared,16,1.0,0.0625,1.0000000000000004,0.11087520991912592,0.7387810444073932,True,0.24111111111111114,0.3099141376304368,0.3085375387259869,0.00154152653390945,-44.63304718137741,True,False,-0.22200673723820621
contaminated_10,absolute,16,1.0,0.0625,5.746314685123776,0.6371238469744543,0.7387810444073932,False,0.09812222222222222,0.11894836750973005,0.11534689457904984,0.0010790924858751565,-19.299685207813845,True,False,-0.1750855915345306
contaminated_10,huber,16,1.0,0.0625,7.52450144531728,0.8342806772863194,0.7387810444073932,True,0.09164444444444446,0.0890273861543774,0.08510314909937988,0.0009492775654786514,2.756894701021895,True,True,0.029396103863242318
contaminated_10,cauchy,16,1.0,0.0625,8.297965694191433,0.9200386882451801,0.7387810444073932,True,0.08031111111111111,0.07889326970376362,0.0748899290133263,0.0008985736951117639,1.5778799391308045,True,True,0.017971639566611266
contaminated_10,tukey,16,1.0,0.0625,8.90176738182198,0.9869853271107395,0.7387810444073932,True,0.0726,0.07191989410208036,0.06787690796422982,0.000861184087524109,0.7897334701979175,True,True,0.009456436308906758
contaminated_10,student_t,16,1.0,0.0625,8.395771860352216,0.9308829674496418,0.7387810444073932,True,0.0788,0.07771152453694812,0.07370050474230767,0.0008923903200026036,1.2197302443270612,True,True,0.014006615743773782
contaminated_10,lrt,16,1.0,0.0625,9.019148651257714,1.0,0.7387810444073932,True,0.07156666666666667,0.07064949649544962,0.06660088411728282,0.0008541281789077814,1.0738085850180976,True,True,0.012981977462162413
contaminated_10,squared,16,2.25,0.140625,1.0000000000000004,0.11087520991912592,1.1081715666110898,True,0.17035555555555557,0.22884326806255897,0.2266273523768682,0.0014002937260327712,-41.76817436203711,True,False,-0.25557978175269985
contaminated_10,absolute,16,2.25,0.140625,5.746314685123776,0.6371238469744543,1.1081715666110898,False,0.027966666666666667,0.04003533821925417,0.036099566608295254,0.0006534737086688176,-18.468488314812888,True,False,-0.3014504707439519
contaminated_10,huber,16,2.25,0.140625,7.52450144531728,0.8342806772863194,1.1081715666110898,True,0.027688888888888888,0.0232861793094128,0.019828118934578906,0.0005027030619293469,8.758071937295801,True,False,0.189069641737939
contaminated_10,cauchy,16,2.25,0.140625,8.297965694191433,0.9200386882451801,1.1081715666110898,True,0.02093333333333333,0.018571507685221863,0.015368374782609717,0.00045001983644575306,5.248270091303345,True,False,0.1271746854452142
contaminated_10,tukey,16,2.25,0.140625,8.90176738182198,0.9869853271107395,1.1081715666110898,True,0.017333333333333333,0.015618624751769825,0.012620729201123901,0.00041331563554360443,4.148666138188251,True,False,0.10978614371084149
contaminated_10,student_t,16,2.25,0.140625,8.395771860352216,0.9308829674496418,1.1081715666110898,True,0.019633333333333332,0.01805424903523274,0.014884162075954367,0.0004438254552687544,3.557894842116234,True,False,0.08746330545341535
contaminated_10,lrt,16,2.25,0.140625,9.019148651257714,1.0,1.1081715666110898,True,0.016977777777777776,0.015106581080084681,0.01214874564427797,0.00040658977808864344,4.602173489184822,True,False,0.12386632605837809
contaminated_10,squared,16,4.0,0.25,1.0000000000000004,0.11087520991912592,1.4775620888147865,True,0.12357777777777779,0.16170825495632915,0.15865525393145702,0.0012272765478231692,-31.069180981404486,True,False,-0.2357979633683442
contaminated_10,absolute,16,4.0,0.25,5.746314685123776,0.6371238469744543,1.4775620888147865,False,0.006877777777777778,0.010816580600630227,0.008261642224875673,0.0003447959490729472,-11.423576272989019,True,False,-0.3641449149487182
contaminated_10,huber,16,4.0,0.25,7.52450144531728,0.8342806772863194,1.4775620888147865,True,0.007955555555555556,0.004677524358396973,0.0030432698433897074,0.00022744095996479264,14.412668666479489,True,False,0.7008047304497611
contaminated_10,cauchy,16,4.0,0.25,8.297965694191433,0.9200386882451801,1.4775620888147865,True,0.0051444444444444445,0.003305585402400054,0.001984475610114259,0.00019133038637531602,9.61090957312584,True,False,0.5562884688168299
contaminated_10,tukey,16,4.0,0.25,8.90176738182198,0.9869853271107395,1.4775620888147865,True,0.0033222222222222216,0.002537600229581149,0.0014244738755530746,0.00016770214384954384,4.67866405658479,True,False,0.30919842435960876
contaminated_10,student_t,16,4.0,0.25,8.395771860352216,0.9308829674496418,1.4775620888147865,True,0.004644444444444444,0.0031657898891598144,0.001880473896588764,0.0001872540657780673,7.896515085750526,True,False,0.467072865558067
contaminated_10,lrt,16,4.0,0.25,9.019148651257714,1.0,1.4775620888147865,True,0.0032555555555555554,0.0024120185064600724,0.0013358290065120654,0.00016351013129278587,5.1589283332237175,True,False,0.34972246143064434
contaminated_10,squared,16,9.0,0.5625,1.0000000000000004,0.11087520991912592,2.2163431332221797,True,0.06384444444444444,0.07085494034947003,0.06680720126885806,0.0008552746003317886,-8.196777856265099,True,False,-0.09894152574892436
contaminated_10,absolute,16,9.0,0.5625,5.746314685123776,0.6371238469744543,2.2163431332221797,False,0.0006111111111111112,0.0004953211823610879,0.0001617473081484835,7.416766585749347e-05,1.5611914897322412,True,True,0.23376736726274863
contaminated_10,huber,16,9.0,0.5625,7.52450144531728,0.8342806772863194,2.2163431332221797,True,0.0009333333333333333,0.00011819461249465973,1.93905767079885e-05,3.6236973525858144e-05,22.494668884447627,True,False,6.896581016968969
contaminated_10,cauchy,16,9.0,0.5625,8.297965694191433,0.9200386882451801,2.2163431332221797,True,0.0003444444444444445,6.669201234889674e-05,7.768702077613178e-06,2.7220818120692845e-05,10.203676864671626,False,,4.164703122804218
contaminated_10,tukey,16,9.0,0.5625,8.90176738182198,0.9869853271107395,2.2163431332221797,True,8.888888888888889e-05,4.3512646872282755e-05,3.8138752806367097e-06,2.1987560503825524e-05,2.0637233497873178,False,,1.042828815948461
contaminated_10,student_t,16,9.0,0.5625,8.395771860352216,0.9308829674496418,2.2163431332221797,True,0.0002222222222222222,6.216341219582297e-05,6.922067325078154e-06,2.6280442222308196e-05,6.090415399879879,False,,2.574807340404558
contaminated_10,lrt,16,9.0,0.5625,9.019148651257714,1.0,2.2163431332221797,True,0.0001111111111111111,4.0123642929056804e-05,3.3220147157271365e-06,2.111398510264778e-05,3.3621065770834604,False,,1.769217922399725
contaminated_10,squared,16,16.0,1.0,1.0000000000000004,0.11087520991912592,2.955124177629573,True,0.032433333333333335,0.02633679025417392,0.02275013194817918,0.0005337827661894924,11.421393618008167,True,False,0.2314839059855906
contaminated_10,absolute,16,16.0,1.0,5.746314685123776,0.6371238469744543,2.955124177629573,False,6.666666666666668e-05,1.8169343007771815e-05,8.16241975853231e-07,1.420837502740568e-05,3.413291355651248,False,,2.6691842208136234
contaminated_10,huber,16,16.0,1.0,7.52450144531728,0.8342806772863194,2.955124177629573,True,0.00013333333333333337,2.947578037148227e-06,2.053766947818956e-08,1.1111094735665506e-05,11.734735271193385,False,,44.23487814501867
contaminated_10,cauchy,16,16.0,1.0,8.297965694191433,0.9200386882451801,2.955124177629573,True,3.3333333333333335e-05,1.4929742867006623e-06,4.174961103904194e-09,1.1111102816806422e-05,2.8656344533570155,False,,21.326796670421547
contaminated_10,tukey,16,16.0,1.0,8.90176738182198,0.9869853271107395,2.955124177629573,True,0.0,9.151196029059314e-07,1.207049219653513e-09,1.1111106027112155e-05,-0.08236080194653463,False,,-1.0
contaminated_10,student_t,16,16.0,1.0,8.395771860352216,0.9308829674496418,2.955124177629573,True,2.2222222222222223e-05,1.3758874764511775e-06,3.4141936686510295e-09,1.1111103467289169e-05,1.8761714178202167,False,,15.151191578209533
contaminated_10,lrt,16,16.0,1.0,9.019148651257714,1.0,2.955124177629573,True,0.0,8.353660145773249e-07,9.485593052393253e-10,1.1111106470187839e-05,-0.07518297271461594,False,,-1.0
contaminated_10,squared,16,25.0,1.5625,1.0000000000000004,0.11087520991912592,3.6939052220369657,True,0.016466666666666668,0.00847792668853019,0.006209665325776122,0.00030561507102879333,26.13987573074832,True,False,0.9422987803072733
contaminated_10,absolute,16,25.0,1.5625,5.746314685123776,0.6371238469744543,3.6939052220369657,False,3.3333333333333335e-05,8.619649456883004e-07,1.0308610310368754e-09,1.1111106322415936e-05,2.9224244144020255,False,,37.671332865765024
contaminated_10,huber,16,25.0,1.5625,7.52450144531728,0.8342806772863194,3.6939052220369657,True,4.4444444444444447e-05,1.354671035842841e-07,3.498749616884078e-12,1.1111110358516067e-05,3.9878082307858387,False,,327.08293134275414
contaminated_10,cauchy,16,25.0,1.5625,8.297965694191433,0.9200386882451801,3.6939052220369657,True,2.2222222222222223e-05,7.019195292794567e-08,2.976650220467777e-13,1.1111110721155811e-05,1.9936827942067303,False,,315.5921632788029
contaminated_10,tukey,16,25.0,1.5625,8.90176738182198,0.9869853271107395,3.6939052220369657,True,0.0,4.3831964933033936e-08,4.360488373223626e-14,1.1111110867600193e-05,-0.003944876930428908,False,,-1.0
contaminated_10,student_t,16,25.0,1.5625,8.395771860352216,0.9308829674496418,3.6939052220369657,True,1.1111111111111112e-05,6.489139352981025e-08,2.180384154356306e-13,1.1111110750603364e-05,0.9941598068385252,False,,170.2262675636148
contaminated_10,lrt,16,25.0,1.5625,9.019148651257714,1.0,3.6939052220369657,True,0.0,4.013960313941157e-08,3.002462997291662e-14,1.1111110888113313e-05,-0.0036125643550504916,False,,-1.0
contaminated_10,squared,64,0.25,0.00390625,1.0000000000000004,0.11087520991912592,0.1846952611018483,True,0.3923888888888889,0.40145564179680715,0.40129367431707624,0.0016339760962018753,-5.548889563925462,True,False,-0.022584694207653706
contaminated_10,absolute,64,0.25,0.00390625,5.746314685123776,0.6371238469744543,0.1846952611018483,False,0.26724444444444445,0.27491872428744807,0.2744908246047551,0.0014882443770489748,-5.156599253021114,True,False,-0.02791472229799664
contaminated_10,huber,64,0.25,0.00390625,7.52450144531728,0.8342806772863194,0.1846952611018483,True,0.24757777777777779,0.24692987221216792,0.24642888365710314,0.0014374186370073663,0.45074242738272524,True,True,0.0026238444130128294
contaminated_10,cauchy,64,0.25,0.00390625,8.297965694191433,0.9200386882451801,0.1846952611018483,True,0.2361888888888889,0.2362452676280881,0.23571486217348597,0.0014159152562189475,-0.03981787677728055,True,True,-0.00023864494626809867
contaminated_10,tukey,64,0.25,0.00390625,8.90176738182198,0.9869853271107395,0.1846952611018483,True,0.2275222222222222,0.22841767461708526,0.22786519811278266,0.0013993770063837879,-0.6398936032092173,True,True,-0.003920241270138872
contaminated_10,student_t,64,0.25,0.00390625,8.395771860352216,0.9308829674496418,0.1846952611018483,True,0.2348,0.23494828789207792,0.2344142554889596,0.0014132216540336292,-0.1049289696734153,True,True,-0.000631151192495702
contaminated_10,lrt,64,0.25,0.00390625,9.019148651257714,1.0,0.1846952611018483,True,0.2266111111111111,0.22694396627723643,0.22638728620887566,0.001396186880390034,-0.23840301810624623,True,True,-0.0014666843608378219
contaminated_10,squared,64,1.0,0.015625,1.0000000000000004,0.11087520991912592,0.3693905222036966,True,0.2926222222222223,0.3088843603322428,0.3085375387259869,0.0015401111513797523,-10.559067827962696,True,False,-0.05264798156995911
contaminated_10,absolute,64,1.0,0.015625,5.746314685123776,0.6371238469744543,0.3693905222036966,False,0.10389999999999999,0.1162424071402872,0.11534689457904984,0.0010683846057510215,-11.55240076827119,True,False,-0.10617817923704705
contaminated_10,huber,64,1.0,0.015625,7.52450144531728,0.8342806772863194,0.3693905222036966,True,0.08685555555555556,0.08607428392260309,0.08510314909937988,0.0009349123641034443,0.8356629593851683,True,True,0.00907671370992732
contaminated_10,cauchy,64,1.0,0.015625,8.297965694191433,0.9200386882451801,0.3693905222036966,True,0.07655555555555556,0.07587843770608267,0.0748899290133263,0.0008826783760386894,0.7671172964626999,True,True,0.008923718910709803
contaminated_10,tukey,64,1.0,0.015625,8.90176738182198,0.9869853271107395,0.3693905222036966,True,0.07018888888888888,0.068873395663179,0.06787690796422982,0.0008441290780246177,1.558402926704437,True,True,0.01910016506436272
contaminated_10,student_t,64,1.0,0.015625,8.395771860352216,0.9308829674496418,0.3693905222036966,True,0.07506666666666667,0.07469062318726079,0.07370050474230767,0.0008763049570349316,0.4291239897561056,True,True,0.005034681240549891
contaminated_10,lrt,64,1.0,0.015625,9.019148651257714,1.0,0.3693905222036966,True,0.06821111111111111,0.06759839811614261,0.06660088411728282,0.000836851604316733,0.7321644504329553,True,True,0.009064016486245418
contaminated_10,squared,64,2.25,0.03515625,1.0000000000000004,0.11087520991912592,0.5540857833055449,True,0.21094444444444446,0.22718334861016168,0.2266273523768682,0.0013967067405724056,-11.626566761653992,True,False,-0.07147928871135086
contaminated_10,absolute,64,2.25,0.03515625,5.746314685123776,0.6371238469744543,0.5540857833055449,False,0.027466666666666667,0.03705600684715785,0.036099566608295254,0.0006296635715796637,-15.229307543445783,True,False,-0.25877964185519564
contaminated_10,huber,64,2.25,0.03515625,7.52450144531728,0.8342806772863194,0.5540857833055449,True,0.022366666666666663,0.020653478939532347,0.019828118934578906,0.0004740711707847092,3.6137774931526665,True,False,0.08294911148625633
contaminated_10,cauchy,64,2.25,0.03515625,8.297965694191433,0.9200386882451801,0.5540857833055449,True,0.01732222222222222,0.016125926155246027,0.015368374782609717,0.0004198661249716202,2.8492321619350824,True,True,0.07418464251040988
contaminated_10,tukey,64,2.25,0.03515625,8.90176738182198,0.9869853271107395,0.5540857833055449,True,0.013744444444444443,0.013324290969192215,0.012620729201123901,0.000382197654498305,1.0993094026276684,True,True,0.0315328955382081
contaminated_10,student_t,64,2.25,0.03515625,8.395771860352216,0.9308829674496418,0.5540857833055449,True,0.01653333333333333,0.01563298715010708,0.014884162075954367,0.0004135026113429793,2.17736516899396,True,True,0.05759271561993722
contaminated_10,lrt,64,2.25,0.03515625,9.019148651257714,1.0,0.5540857833055449,True,0.013455555555555554,0.012841824316157047,0.01214874564427797,0.00037530597686554374,1.6352823488829789,True,True,0.047791592867871296
contaminated_10,squared,64,4.0,0.0625,1.0000000000000004,0.11087520991912592,0.7387810444073932,True,0.14653333333333332,0.15941773643611662,0.15865525393145702,0.0012202172927880122,-10.559105479766135,True,False,-0.08082164124784483
contaminated_10,absolute,64,4.0,0.0625,5.746314685123776,0.6371238469744543,0.7387810444073932,False,0.005333333333333333,0.008850218052663804,0.008261642224875673,0.00031219459197188233,-11.265040490026225,True,False,-0.3973783129865295
contaminated_10,huber,64,4.0,0.0625,7.52450144531728,0.8342806772863194,0.7387810444073932,True,0.0042,0.0033996151151053874,0.0030432698433897074,0.00019402341588852203,4.125197369757066,True,False,0.23543397055104592
contaminated_10,cauchy,64,4.0,0.0625,8.297965694191433,0.9200386882451801,0.7387810444073932,True,0.0028,0.0022644181866860566,0.001984475610114259,0.0001584399850262925,3.3803450134450945,True,False,0.2365207170932325
contaminated_10,tukey,64,4.0,0.0625,8.90176738182198,0.9869853271107395,0.7387810444073932,True,0.0021777777777777776,0.0016546667197896965,0.0014244738755530746,0.00013547975649668589,3.861175067884606,True,False,0.3161428532596383
contaminated_10,student_t,64,4.0,0.0625,8.395771860352216,0.9308829674496418,0.7387810444073932,True,0.002511111111111111,0.0021517920913092154,0.001880473896588764,0.00015445826052889192,2.3263179228584145,True,True,0.16698593756020133
contaminated_10,lrt,64,4.0,0.0625,9.019148651257714,1.0,0.7387810444073932,True,0.002,0.0015572848993614828,0.0013358290065120654,0.00013143903373823604,3.3682163361014577,True,False,0.2842865173996352
contaminated_10,squared,64,9.0,0.140625,1.0000000000000004,0.11087520991912592,1.1081715666110898,True,0.06497777777777779,0.06780455906566009,0.06680720126885806,0.0008380340806883924,-3.3731101789563005,True,False,-0.04169013598547147
contaminated_10,absolute,64,9.0,0.140625,5.746314685123776,0.6371238469744543,1.1081715666110898,False,5.5555555555555565e-05,0.00021761577127059643,0.0001617473081484835,4.916733498378446e-05,-3.2960951771839744,True,False,-0.7447080456017386
contaminated_10,huber,64,9.0,0.140625,7.52450144531728,0.8342806772863194,1.1081715666110898,True,6.666666666666667e-05,3.1651426977865844e-05,1.93905767079885e-05,1.875290352779066e-05,1.8671903066589328,False,,1.1062768106249152
contaminated_10,cauchy,64,9.0,0.140625,8.297965694191433,0.9200386882451801,1.1081715666110898,True,5.5555555555555565e-05,1.399419944019436e-05,7.768702077613178e-06,1.246951999547358e-05,3.333035764844831,False,,2.9698987993545396
contaminated_10,tukey,64,9.0,0.140625,8.90176738182198,0.9869853271107395,1.1081715666110898,True,2.2222222222222223e-05,7.464220452390073e-06,3.8138752806367097e-06,1.1111069643142328e-05,1.3282251163766832,False,,1.9771658492624746
contaminated_10,student_t,64,9.0,0.140625,8.395771860352216,0.9308829674496418,1.1081715666110898,True,2.2222222222222223e-05,1.2633252500949099e-05,6.922067325078154e-06,1.1847687492071252e-05,0.8093537011075187,False,,0.7590262064779227
contaminated_10,lrt,64,9.0,0.140625,9.019148651257714,1.0,1.1081715666110898,True,2.2222222222222223e-05,6.611276788696901e-06,3.3220147157271365e-06,1.1111074381734912e-05,1.4049897334129617,False,,2.3612603030347907
contaminated_10,squared,64,16.0,0.25,1.0000000000000004,0.11087520991912592,1.4775620888147865,True,0.026877777777777778,0.023610095195677725,0.02275013194817918,0.0005061033996299434,6.456551338104708,True,False,0.13840192320352288
contaminated_10,absolute,64,16.0,0.25,5.746314685123776,0.6371238469744543,1.4775620888147865,False,0.0,1.9481285985666843e-06,8.16241975853231e-07,1.1111100288169182e-05,-0.17533174465547777,False,,-1.0
contaminated_10,huber,64,16.0,0.25,7.52450144531728,0.8342806772863194,1.4775620888147865,True,1.1111111111111112e-05,8.7162724218424e-08,2.053766947818956e-08,1.1111110626873743e-05,0.9921553980598266,False,,126.47549151019425
contaminated_10,cauchy,64,16.0,0.25,8.297965694191433,0.9200386882451801,1.4775620888147865,True,0.0,2.373038183771075e-08,4.174961103904194e-09,1.1111110979275656e-05,-0.002135734390734864,False,,-1.0
contaminated_10,tukey,64,16.0,0.25,8.90176738182198,0.9869853271107395,1.4775620888147865,True,0.0,8.76527993590342e-09,1.207049219653513e-09,1.1111111062415111e-05,-0.0007888751976886638,False,,-1.0
contaminated_10,student_t,64,16.0,0.25,8.395771860352216,0.9308829674496418,1.4775620888147865,True,0.0,2.0171664575720624e-08,3.4141936686510295e-09,1.1111110999046308e-05,-0.0018154498301251787,False,,-1.0
contaminated_10,lrt,64,16.0,0.25,9.019148651257714,1.0,1.4775620888147865,True,0.0,7.23635408562122e-09,9.485593052393253e-10,1.1111111070909144e-05,-0.0006512718700623267,False,,-1.0
contaminated_10,squared,64,25.0,0.390625,1.0000000000000004,0.11087520991912592,1.8469526110184828,True,0.009733333333333332,0.006724897458080273,0.006209665325776122,0.0002724308926082311,11.042932196310558,True,False,0.4473578807715923
contaminated_10,absolute,64,25.0,0.390625,5.746314685123776,0.6371238469744543,1.8469526110184828,False,0.0,7.730975660077794e-09,1.0308610310368754e-09,1.1111111068161247e-05,-0.0006957878120965607,False,,-1.0
contaminated_10,huber,64,25.0,0.390625,7.52450144531728,0.8342806772863194,1.8469526110184828,True,0.0,9.767381420439311e-11,3.498749616884078e-12,1.1111111110568479e-05,-8.790643278824689e-06,False,,-1.0
contaminated_10,cauchy,64,25.0,0.390625,8.297965694191433,0.9200386882451801,1.8469526110184828,True,0.0,1.6009939435637764e-11,2.976650220467777e-13,1.1111111111022168e-05,-1.4408945492189329e-06,False,,-1.0
contaminated_10,tukey,64,25.0,0.390625,8.90176738182198,0.9869853271107395,1.8469526110184828,True,0.0,4.039229906971338e-12,4.360488373223626e-14,1.111111111108867e-05,-3.6353069162815465e-07,False,,-1.0
contaminated_10,student_t,64,25.0,0.390625,8.395771860352216,0.9308829674496418,1.8469526110184828,True,0.0,1.2783420575199421e-11,2.180384154356306e-13,1.1111111111040091e-05,-1.1505078517753018e-06,False,,-1.0
contaminated_10,lrt,64,25.0,0.390625,9.019148651257714,1.0,1.8469526110184828,True,0.0,3.1007154387762e-12,3.002462997291662e-14,1.1111111111093885e-05,-2.790643894902906e-07,False,,-1.0
contaminated_20,squared,16,0.25,0.015625,0.9999999999999998,0.0697771641007733,0.4492550440164648,True,0.37096666666666667,0.4019344732199481,0.4012936743170763,0.0016342961531475217,-18.94871164791028,True,False,-0.07704690345467105
contaminated_20,absolute,16,0.25,0.015625,8.903713206751206,0.6212758575337015,0.4492550440164648,False,0.216,0.2300425881236611,0.22784057535758045,0.0014028660970908755,-10.009927642261246,True,False,-0.06104342782003655
contaminated_20,huber,16,0.25,0.015625,9.84219648913615,0.6867605595345081,0.4492550440164648,True,0.21936666666666668,0.21876448701493242,0.21643003199545524,0.0013780283267368551,0.43698641025776885,True,True,0.0027526389678282407
contaminated_20,cauchy,16,0.25,0.015625,11.71750967931667,0.817614595746079,0.4492550440164648,True,0.1998777777777778,0.19864190337441667,0.1960621728462728,0.0013299260530746544,0.9292805419548731,True,True,0.006221619821229975
contaminated_20,tukey,16,0.25,0.015625,13.628848969620842,0.9509824310578888,0.4492550440164648,True,0.18288888888888888,0.1808265292317711,0.17802138031904818,0.0012829146310810418,1.6075579833242317,True,True,0.011405182999859488
contaminated_20,student_t,16,0.25,0.015625,12.465928345051678,0.8698371278011524,0.4492550440164648,True,0.19323333333333334,0.19137596598408377,0.18870512528016786,0.001311280992124972,1.4164525836980602,True,True,0.009705332326860964
contaminated_20,lrt,16,0.25,0.015625,14.331336231374834,1.0,0.4492550440164648,True,0.17685555555555554,0.17484965178979595,0.17196751421569756,0.0012661281796563142,1.5842817480802718,True,True,0.011472163342773442
contaminated_20,squared,16,1.0,0.0625,0.9999999999999998,0.0697771641007733,0.8985100880329296,True,0.2708777777777778,0.30991413763043685,0.30853753872598694,0.0015415265339094502,-25.32318386609885,True,False,-0.12595862890001083
contaminated_20,absolute,16,1.0,0.0625,8.903713206751206,0.6212758575337015,0.8985100880329296,False,0.061233333333333334,0.07189861847566857,0.067855533727502,0.000861066568190345,-12.38613312412055,True,False,-0.14833783135825493
contaminated_20,huber,16,1.0,0.0625,9.84219648913615,0.6867605595345081,0.8985100880329296,True,0.072,0.062439544362209554,0.0583689823429528,0.0008065071995411188,11.85414791489783,True,False,0.1531153972285669
contaminated_20,cauchy,16,1.0,0.0625,11.71750967931667,0.817614595746079,0.8985100880329296,True,0.05527777777777778,0.047513523608607965,0.04349051462928717,0.0007091151660336378,10.949214656623926,True,False,0.1634114580330383
contaminated_20,tukey,16,1.0,0.0625,13.628848969620842,0.9509824310578888,0.8985100880329296,True,0.04175555555555555,0.03632594833700698,0.032456010227706646,0.0006236663443293669,8.705948730305574,True,False,0.14946911139597616
contaminated_20,student_t,16,1.0,0.0625,12.465928345051678,0.8698371278011524,0.8985100880329296,True,0.049077777777777776,0.04272545297346934,0.038751970016654806,0.0006741248535997633,9.42306869474938,True,False,0.14867776377357447
contaminated_20,lrt,16,1.0,0.0625,14.331336231374834,1.0,0.8985100880329296,True,0.03781111111111111,0.03298427827786285,0.02918973695444643,0.0005953179884580019,8.107990900377064,True,False,0.14633737905636549
contaminated_20,squared,16,2.25,0.140625,0.9999999999999998,0.0697771641007733,1.3477651320493944,True,0.1952111111111111,0.22884326806255906,0.22662735237686826,0.0014002937260327714,-24.017930185785065,True,False,-0.14696590044437705
contaminated_20,absolute,16,2.25,0.140625,8.903713206751206,0.6212758575337015,1.3477651320493944,False,0.01615555555555555,0.01560998338016859,0.012612751915107245,0.00041320309505992934,1.3203487144931323,True,True,0.034950208600482764
contaminated_20,huber,16,2.25,0.140625,9.84219648913615,0.6867605595345081,1.3477651320493944,True,0.02195555555555555,0.011992258682740937,0.00931330454910426,0.0003628352000323618,27.459565312092025,True,False,0.8308107035043889
contaminated_20,cauchy,16,2.25,0.140625,11.71750967931667,0.817614595746079,1.3477651320493944,True,0.014199999999999999,0.0072092302541535425,0.0051244935698922045,0.00028200191593707183,24.789795213329093,True,False,0.9696971104257321
contaminated_20,tukey,16,2.25,0.140625,13.628848969620842,0.9509824310578888,1.3477651320493944,True,0.007922222222222221,0.0043860047918264635,0.0028131984256487704,0.00022027174514405152,16.053885749546186,True,False,0.8062502432705211
contaminated_20,student_t,16,2.25,0.140625,12.465928345051678,0.8698371278011524,1.3477651320493944,True,0.011722222222222222,0.0059198954942125855,0.0040480676891529585,0.0002557092605012834,22.691109100370323,True,False,0.9801400605267633
contaminated_20,lrt,16,2.25,0.140625,14.331336231374834,1.0,1.3477651320493944,True,0.0064444444444444445,0.0036721118792493353,0.002260940663529395,0.00020162196401504617,13.750151570729775,True,False,0.7549695260814979
contaminated_20,squared,16,4.0,0.25,0.9999999999999998,0.0697771641007733,1.7970201760658593,True,0.13756666666666667,0.16170825495632918,0.15865525393145707,0.0012272765478231692,-19.670862555373233,True,False,-0.1492910074144463
contaminated_20,absolute,16,4.0,0.25,8.903713206751206,0.6212758575337015,1.7970201760658593,False,0.005277777777777778,0.0025354618228921205,0.0014229567675100039,0.00016763164830586725,16.359177891527505,True,False,1.0815844001774735
contaminated_20,huber,16,4.0,0.25,9.84219648913615,0.6867605595345081,1.7970201760658593,True,0.008155555555555557,0.0016993447980926174,0.0008527686149598729,0.00013729356322816745,47.02486122188698,True,False,3.79923530804904
contaminated_20,cauchy,16,4.0,0.25,11.71750967931667,0.817614595746079,1.7970201760658593,True,0.004255555555555555,0.0007921169988913266,0.0003095737721008586,9.377808021253592e-05,36.932282563417715,True,False,4.3723825666054035
contaminated_20,tukey,16,4.0,0.25,13.628848969620842,0.9509824310578888,1.7970201760658593,True,0.0018666666666666666,0.0003807036651479313,0.0001113681946395013,6.502638181429597e-05,22.851694344033888,True,False,3.903201197029006
contaminated_20,student_t,16,4.0,0.25,12.465928345051678,0.8698371278011524,1.7970201760658593,True,0.003166666666666667,0.0005914783819161643,0.0002072212465593462,8.104378345066806e-05,31.77527226771241,True,False,4.353816408991779
contaminated_20,lrt,16,4.0,0.25,14.331336231374834,1.0,1.7970201760658593,True,0.0013444444444444443,0.00029393249442447375,7.664591408109839e-05,5.7139799139497926e-05,18.384942996654733,True,False,3.573990524854681
contaminated_20,squared,16,9.0,0.5625,0.9999999999999998,0.0697771641007733,2.695530264098789,True,0.06565555555555556,0.07085494034947008,0.06680720126885809,0.000855274600331789,-6.079199349422405,True,False,-0.07338069537946347
contaminated_20,absolute,16,9.0,0.5625,8.903713206751206,0.6212758575337015,2.695530264098789,False,0.0010777777777777778,4.345397887323068e-05,3.8051535839441638e-06,2.1972733260655068e-05,47.07306035324397,False,,23.802740870335587
contaminated_20,huber,16,9.0,0.5625,9.84219648913615,0.6867605595345081,2.695530264098789,True,0.0017555555555555553,2.31141751996612e-05,1.2641058744279204e-06,1.6025549369874634e-05,108.10496042105088,False,,74.95146875849966
contaminated_20,cauchy,16,9.0,0.5625,11.71750967931667,0.817614595746079,2.695530264098789,True,0.0006666666666666666,7.305952053533447e-06,1.4135189783824848e-07,1.1111070522414457e-05,59.34268109296932,False,,90.24980040681218
contaminated_20,tukey,16,9.0,0.5625,13.628848969620842,0.9509824310578888,2.695530264098789,True,0.00015555555555555556,2.5899858826766404e-06,1.5333049210870323e-08,1.1111096722291335e-05,13.766919098633704,False,,59.060387431454075
contaminated_20,student_t,16,9.0,0.5625,12.465928345051678,0.8698371278011524,2.695530264098789,True,0.00038888888888888887,4.792220869221123e-06,5.916131869458909e-08,1.1111084487629941e-05,34.56878295249088,False,,80.15003450416816
contaminated_20,lrt,16,9.0,0.5625,14.331336231374834,1.0,2.695530264098789,True,4.4444444444444447e-05,1.8262737031827567e-06,6.7935472282993574e-09,1.1111100965141462e-05,3.8356388691783514,False,,23.33613557868596
contaminated_20,squared,16,16.0,1.0,0.9999999999999998,0.0697771641007733,3.5940403521317186,True,0.030033333333333332,0.026336790254173945,0.02275013194817922,0.0005337827661894926,6.925182514879315,True,False,0.140356628255926
contaminated_20,absolute,16,16.0,1.0,8.903713206751206,0.6212758575337015,3.5940403521317186,False,0.00041111111111111106,9.137280180765527e-07,1.2022360596459423e-09,1.1111106034843186e-05,36.91778134478255,False,,448.92722448910166
contaminated_20,huber,16,16.0,1.0,9.84219648913615,0.6867605595345081,3.5940403521317186,True,0.0005888888888888889,4.5589277062886334e-07,1.7543050601792384e-10,1.1111108578373208e-05,52.958981722453224,False,,1290.7267542465506
contaminated_20,cauchy,16,16.0,1.0,11.71750967931667,0.817614595746079,3.5940403521317186,True,0.0001888888888888889,1.385812010524915e-07,3.792676266308793e-12,1.1111110341215522e-05,16.987528868981396,False,,1362.0195687028427
contaminated_20,tukey,16,16.0,1.0,13.628848969620842,0.9509824310578888,3.5940403521317186,True,1.1111111111111112e-05,5.024368441125303e-08,7.711737126845398e-14,1.1111110831979529e-05,0.9954780934112311,False,,220.1444332020875
contaminated_20,student_t,16,16.0,1.0,12.465928345051678,0.8698371278011524,3.5940403521317186,True,0.00014444444444444444,9.135674349836113e-08,8.240224966000455e-13,1.1111110603573637e-05,12.991778486528446,False,,1580.1032542664532
contaminated_20,lrt,16,16.0,1.0,14.331336231374834,1.0,3.5940403521317186,True,0.0,3.5847206685539766e-08,1.8468231481002285e-14,1.111111091195996e-05,-0.003226248659524581,False,,-1.0
contaminated_20,squared,16,25.0,1.5625,0.9999999999999998,0.0697771641007733,4.492550440164647,True,0.01317777777777778,0.00847792668853021,0.006209665325776138,0.00030561507102879376,15.378335477456767,True,False,0.5543632614334822
contaminated_20,absolute,16,25.0,1.5625,8.903713206751206,0.6212758575337015,4.492550440164647,False,0.0001888888888888889,4.376769229499394e-08,4.333596047700317e-14,1.1111110867957262e-05,16.99606127963265,False,,4314.715062511844
contaminated_20,huber,16,25.0,1.5625,9.84219648913615,0.6867605595345081,4.492550440164647,True,0.0003,2.223549259989687e-08,2.198334860379101e-15,1.1111110987580596e-05,26.997999105822913,False,,13490.943056903152
contaminated_20,cauchy,16,25.0,1.5625,11.71750967931667,0.817614595746079,4.492550440164647,True,4.4444444444444447e-05,6.5323982532020804e-09,5.75647441881843e-18,1.111111107482001e-05,3.999412097220088,False,,6802.694863928185
contaminated_20,tukey,16,25.0,1.5625,13.628848969620842,0.9509824310578888,4.492550440164647,True,0.0,2.068080577535077e-09,1.3618056215531377e-20,1.1111111099621774e-05,-0.00018612725217062,False,,-1.0
contaminated_20,student_t,16,25.0,1.5625,12.465928345051678,0.8698371278011524,4.492550440164647,True,2.2222222222222223e-05,4.128906814978525e-09,5.386601971297903e-19,1.111111108817274e-05,1.9996284025147917,False,,5381.1079569067015
contaminated_20,lrt,16,25.0,1.5625,14.331336231374834,1.0,4.492550440164647,True,0.0,1.3750801784011276e-09,1.4792557139174634e-21,1.1111111103471777e-05,-0.00012375721614118953,False,,-1.0
contaminated_20,squared,64,0.25,0.00390625,0.9999999999999998,0.0697771641007733,0.2246275220082324,True,0.39786666666666665,0.40145564179680715,0.4012936743170763,0.0016339760962018753,-2.1964673403013424,True,True,-0.00893990457844164
contaminated_20,absolute,64,0.25,0.00390625,8.903713206751206,0.6212758575337015,0.2246275220082324,False,0.2204222222222222,0.228393121771768,0.22784057535758045,0.0013993240578504497,-5.696249917828291,True,False,-0.03489991067905736
contaminated_20,huber,64,0.25,0.00390625,9.84219648913615,0.6867605595345081,0.2246275220082324,True,0.21834444444444445,0.21701541945070993,0.21643003199545524,0.0013740440198809027,0.9672361107104258,True,True,0.00612410397887133
contaminated_20,cauchy,64,0.25,0.00390625,11.71750967931667,0.817614595746079,0.2246275220082324,True,0.19792222222222222,0.1967082366513483,0.1960621728462728,0.0013250329399883086,0.9161927482985017,True,True,0.006171503499498282
contaminated_20,tukey,64,0.25,0.00390625,13.628848969620842,0.9509824310578888,0.2246275220082324,True,0.17943333333333333,0.17872301892024833,0.17802138031904818,0.0012770673932807535,0.5562074615813507,True,True,0.003974386832632702
contaminated_20,student_t,64,0.25,0.00390625,12.465928345051678,0.8698371278011524,0.2246275220082324,True,0.19126666666666667,0.18937367532213603,0.18870512528016786,0.001306017212823111,1.4494382814746458,True,True,0.009996063820964263
contaminated_20,lrt,64,0.25,0.00390625,14.331336231374834,1.0,0.2246275220082324,True,0.17343333333333333,0.17268808498006596,0.17196751421569756,0.0012599246462740164,0.5915023215644615,True,True,0.004315574831659003
contaminated_20,squared,64,1.0,0.015625,0.9999999999999998,0.0697771641007733,0.4492550440164648,True,0.3019444444444444,0.3088843603322428,0.30853753872598694,0.0015401111513797523,-4.506113653927568,True,False,-0.022467682987684073
contaminated_20,absolute,64,1.0,0.015625,8.903713206751206,0.6212758575337015,0.4492550440164648,False,0.05876666666666666,0.06885203978638738,0.067855533727502,0.0008440078751846987,-11.94938272052696,True,False,-0.14647893005073578
contaminated_20,huber,64,1.0,0.015625,9.84219648913615,0.6867605595345081,0.4492550440164648,True,0.06263333333333333,0.059369286668287065,0.0583689823429528,0.0007877152225743755,4.143688698028276,True,False,0.05497870781711453
contaminated_20,cauchy,64,1.0,0.015625,11.71750967931667,0.817614595746079,0.4492550440164648,True,0.047966666666666664,0.04447271275883005,0.04349051462928717,0.0006871429624717492,5.084755427412619,True,False,0.07856399331392008
contaminated_20,tukey,64,1.0,0.015625,13.628848969620842,0.9509824310578888,0.4492550440164648,True,0.03543333333333334,0.033393774897097106,0.032456010227706646,0.0005988751557454202,3.4056487678096987,True,False,0.06107600720556838
contaminated_20,student_t,64,1.0,0.015625,12.465928345051678,0.8698371278011524,0.4492550440164648,True,0.04254444444444444,0.03971933431970411,0.038751970016654806,0.0006509967468847178,4.339668574781087,True,False,0.0711268245837352
contaminated_20,lrt,64,1.0,0.015625,14.331336231374834,1.0,0.4492550440164648,True,0.031811111111111116,0.030106489219085694,0.02918973695444643,0.0005696011131191017,2.992658990237948,True,True,0.05661974996888029
contaminated_20,squared,64,2.25,0.03515625,0.9999999999999998,0.0697771641007733,0.6738825660246972,True,0.2196,0.22718334861016176,0.22662735237686826,0.001396706740572406,-5.429449425477765,True,False,-0.03337986105299697
contaminated_20,absolute,64,2.25,0.03515625,8.903713206751206,0.6212758575337015,0.6738825660246972,False,0.009911111111111112,0.013316139760933049,0.012612751915107245,0.00038208230909059877,-8.911767356950676,True,False,-0.2557068873527165
contaminated_20,huber,64,2.25,0.03515625,9.84219648913615,0.6867605595345081,0.6738825660246972,True,0.013033333333333334,0.009933870538558563,0.00931330454910426,0.00033057506719657355,9.37597266805274,True,False,0.31200958203996415
contaminated_20,cauchy,64,2.25,0.03515625,11.71750967931667,0.817614595746079,0.6738825660246972,True,0.007277777777777779,0.005593234773628278,0.0051244935698922045,0.00024859495164256774,6.7762558854033115,True,False,0.30117509318436037
contaminated_20,tukey,64,2.25,0.03515625,13.628848969620842,0.9509824310578888,0.6738825660246972,True,0.004011111111111111,0.003154426522783766,0.0028131984256487704,0.00018691876179821853,4.583192078129366,True,False,0.27158172242710066
contaminated_20,student_t,64,2.25,0.03515625,12.465928345051678,0.8698371278011524,0.6738825660246972,True,0.005644444444444445,0.004463363163290255,0.0040480676891529585,0.00022219714851062729,5.315465518216139,True,False,0.2646168904354923
contaminated_20,lrt,64,2.25,0.03515625,14.331336231374834,1.0,0.6738825660246972,True,0.0032333333333333333,0.0025626879764614166,0.002260940663529395,0.00016852697135924288,3.979454157769952,True,False,0.2616960640670543
contaminated_20,squared,64,4.0,0.0625,0.9999999999999998,0.0697771641007733,0.8985100880329296,True,0.15263333333333332,0.15941773643611667,0.15865525393145707,0.0012202172927880124,-5.5599958653937955,True,False,-0.042557392009527545
contaminated_20,absolute,64,4.0,0.0625,8.903713206751206,0.6212758575337015,0.8985100880329296,False,0.001088888888888889,0.0016530023880536183,0.0014229567675100039,0.00013541171667501496,-4.165913504505587,True,False,-0.34126599165350463
contaminated_20,huber,64,4.0,0.0625,9.84219648913615,0.6867605595345081,0.8985100880329296,True,0.001888888888888889,0.0010207059073162874,0.0008527686149598729,0.00010644059724492432,8.156502350084299,True,False,0.8505711344958216
contaminated_20,cauchy,64,4.0,0.0625,11.71750967931667,0.817614595746079,0.8985100880329296,True,0.0007444444444444444,0.00039647625856182575,0.0003095737721008586,6.635921313730652e-05,5.2437057257237765,True,False,0.8776520116105695
contaminated_20,tukey,64,4.0,0.0625,13.628848969620842,0.9509824310578888,0.8985100880329296,True,0.0002888888888888889,0.00015446439589859848,0.0001113681946395013,4.142470232562506e-05,3.245032201646896,True,False,0.8702619927930595
contaminated_20,student_t,64,4.0,0.0625,12.465928345051678,0.8698371278011524,0.8985100880329296,True,0.0005,0.00027345298606505576,0.0002072212465593462,5.5113842738812287e-05,4.11052836595996,True,False,0.8284678737464861
contaminated_20,lrt,64,4.0,0.0625,14.331336231374834,1.0,0.8985100880329296,True,0.0002111111111111111,0.00010976206525120361,7.664591408109839e-05,3.4920547523427365e-05,2.9022753950783513,False,,0.9233522130615718
contaminated_20,squared,64,9.0,0.140625,0.9999999999999998,0.0697771641007733,1.3477651320493944,True,0.06674444444444444,0.06780455906566017,0.06680720126885809,0.0008380340806883928,-1.2650018008156834,True,True,-0.015634857535009483
contaminated_20,absolute,64,9.0,0.140625,8.903713206751206,0.6212758575337015,1.3477651320493944,False,4.4444444444444447e-05,7.449204702457482e-06,3.8051535839441638e-06,1.111106972656347e-05,3.3295839781782357,False,,4.966334155078634
contaminated_20,huber,64,9.0,0.140625,9.84219648913615,0.6867605595345081,1.3477651320493944,True,5.5555555555555565e-05,2.8445019349184777e-06,1.2641058744279204e-06,1.1111095308311347e-05,4.744001573022962,False,,18.530855252221077
contaminated_20,cauchy,64,9.0,0.140625,11.71750967931667,0.817614595746079,1.3477651320493944,True,1.1111111111111112e-05,4.3598605065233776e-07,1.4135189783824848e-07,1.1111108688966121e-05,0.9607614648806109,False,,24.485015161577476
contaminated_20,tukey,64,9.0,0.140625,13.628848969620842,0.9509824310578888,1.3477651320493944,True,0.0,6.852541673593473e-08,1.5333049210870323e-08,1.1111110730414346e-05,-0.0061672877175421095,False,,-1.0
contaminated_20,student_t,64,9.0,0.140625,12.465928345051678,0.8698371278011524,1.3477651320493944,True,1.1111111111111112e-05,2.0976395132919041e-07,5.916131869458909e-08,1.1111109945755766e-05,0.9811213472823234,False,,51.96959291958621
contaminated_20,lrt,64,9.0,0.140625,14.331336231374834,1.0,1.3477651320493944,True,0.0,3.522134486220035e-08,6.7935472282993574e-09,1.1111110915436972e-05,-0.0031699210934224738,False,,-1.0
contaminated_20,squared,64,16.0,0.25,0.9999999999999998,0.0697771641007733,1.7970201760658593,True,0.025344444444444444,0.02361009519567775,0.02275013194817922,0.0005061033996299438,3.4268674149093408,True,False,0.07345795238827321
contaminated_20,absolute,64,16.0,0.25,8.903713206751206,0.6212758575337015,1.7970201760658593,False,0.0,8.73742826467e-09,1.2022360596459423e-09,1.1111111062569844e-05,-0.0007863685472557192,False,,-1.0
contaminated_20,huber,64,16.0,0.25,9.84219648913615,0.6867605595345081,1.7970201760658593,True,1.1111111111111112e-05,1.9197826593165346e-09,1.7543050601792384e-10,1.1111111100445652e-05,0.999827220520387,False,,5786.692193795937
contaminated_20,cauchy,64,16.0,0.25,11.71750967931667,0.817614595746079,1.7970201760658593,True,0.0,1.0371693114450924e-10,3.792676266308793e-12,1.1111111110534906e-05,-9.334523803489905e-06,False,,-1.0
contaminated_20,tukey,64,16.0,0.25,13.628848969620842,0.9509824310578888,1.7970201760658593,True,0.0,6.061782806870085e-12,7.711737126845398e-14,1.1111111111077434e-05,-5.455604526199612e-07,False,,-1.0
contaminated_20,student_t,64,16.0,0.25,12.465928345051678,0.8698371278011524,1.7970201760658593,True,0.0,3.360237984787421e-11,8.240224966000455e-13,1.1111111110924432e-05,-3.024214186359489e-06,False,,-1.0
contaminated_20,lrt,64,16.0,0.25,14.331336231374834,1.0,1.7970201760658593,True,0.0,2.200613921627519e-12,1.8468231481002285e-14,1.1111111111098887e-05,-1.980552529466946e-07,False,,-1.0
contaminated_20,squared,64,25.0,0.390625,0.9999999999999998,0.0697771641007733,2.2462752200823237,True,0.008522222222222223,0.006724897458080293,0.006209665325776138,0.0002724308926082315,6.597360332135929,True,False,0.2672642631869957
contaminated_20,absolute,64,25.0,0.390625,8.903713206751206,0.6212758575337015,2.2462752200823237,False,0.0,4.02152918141029e-12,4.333596047700317e-14,1.1111111111088769e-05,-3.6193762632765393e-07,False,,-1.0
contaminated_20,huber,64,25.0,0.390625,9.84219648913615,0.6867605595345081,2.2462752200823237,True,0.0,4.994595322423286e-13,2.198334860379101e-15,1.1111111111108337e-05,-4.495135790182079e-08,False,,-0.4994595322423286
contaminated_20,cauchy,64,25.0,0.390625,11.71750967931667,0.817614595746079,2.2462752200823237,True,0.0,9.161478626868132e-15,5.75647441881843e-18,1.111111111111106e-05,-8.245330764181356e-10,False,,-0.009161478626868131
contaminated_20,tukey,64,25.0,0.390625,13.628848969620842,0.9509824310578888,2.2462752200823237,True,0.0,1.8707818442514486e-16,1.3618056215531377e-20,1.1111111111111112e-05,-1.6837036598263036e-11,False,,-0.00018707818442514486
contaminated_20,student_t,64,25.0,0.390625,12.465928345051678,0.8698371278011524,2.2462752200823237,True,0.0,1.9583381443584416e-15,5.386601971297903e-19,1.11111111111111e-05,-1.7625043299225994e-10,False,,-0.001958338144358442
contaminated_20,lrt,64,25.0,0.390625,14.331336231374834,1.0,2.2462752200823237,True,0.0,4.644208577705153e-17,1.4792557139174634e-21,1.1111111111111112e-05,-4.179787719934637e-12,False,,-4.644208577705153e-05
