t,label,map_regime,p_value,novel,spawned,n_clusters,max_posterior,entropy,truth,date,n_hours,complete,as_daytype,correct,arm
0,1,1,0.5613066574184082,False,,2,1.0,9.329065054226655e-134,0,2013-01-13,19,False,0,True,all_days
1,0,0,0.33342613841648827,False,,2,1.0,2.578497299858241e-59,1,2013-01-14,24,True,1,True,all_days
2,0,0,0.7534525460853623,False,,2,1.0,1.0474483175409328e-52,1,2013-01-15,22,False,1,True,all_days
3,0,0,0.812775149167801,False,,2,1.0,1.0386795414326074e-44,1,2013-01-16,22,False,1,True,all_days
4,0,0,0.9767166275247269,False,,2,1.0,3.551797316708822e-52,1,2013-01-17,24,True,1,True,all_days
5,0,0,0.8573564696305127,False,,2,1.0,4.793900567769391e-42,1,2013-01-18,23,False,1,True,all_days
6,1,1,0.852770291644317,False,,2,1.0,7.737933264295803e-124,0,2013-01-19,23,False,0,True,all_days
7,1,1,0.27132181288108176,False,,2,1.0,9.877726222053584e-137,0,2013-01-20,18,False,0,True,all_days
8,0,0,0.5272551578802529,False,,2,1.0,2.4128885402586737e-36,1,2013-01-21,20,False,1,True,all_days
9,0,0,0.014551649555213576,False,,2,1.0,4.981304993770011e-31,1,2013-01-22,17,False,1,True,all_days
10,0,0,0.9039963150449465,False,,2,1.0,4.4649918099325505e-45,1,2013-01-23,22,False,1,True,all_days
11,0,0,0.9875523460828223,False,,2,1.0,3.266979110652974e-36,1,2013-01-24,17,False,1,True,all_days
12,0,0,0.49525142410225964,False,,2,1.0,1.710196936996322e-40,1,2013-01-25,18,False,1,True,all_days
13,1,1,0.8479325604548228,False,,2,1.0,1.1774900192635014e-63,0,2013-01-26,8,False,0,True,all_days
14,1,1,0.00010961548025630235,False,,2,1.0,5.784425229824505e-109,0,2013-01-27,15,False,0,True,all_days
15,0,0,0.13970733175520564,False,,2,1.0,1.5406075333117318e-40,1,2013-01-28,13,False,1,True,all_days
16,0,0,0.011952143358928056,False,,2,1.0,5.698486234529492e-39,1,2013-01-30,22,False,1,True,all_days
17,0,0,0.9856946607922298,False,,2,1.0,5.731374447613063e-40,1,2013-01-31,22,False,1,True,all_days
18,0,0,0.678731468062501,False,,2,1.0,9.383528587969573e-42,1,2013-02-01,24,True,1,True,all_days
19,1,1,0.9868532228039038,False,,2,1.0,1.3329252073362692e-95,0,2013-02-02,24,True,0,True,all_days
20,1,1,0.40316519742102314,False,,2,1.0,1.1362484506413117e-168,0,2013-02-03,23,False,0,True,all_days
21,0,0,0.753838816992364,False,,2,1.0,4.460125500318233e-51,1,2013-02-04,24,True,1,True,all_days
22,0,0,0.9161343572185616,False,,2,1.0,3.693011210092204e-42,1,2013-02-05,22,False,1,True,all_days
23,-1,0,1.0550117288885817e-07,True,,2,1.0,5.4340551976289875e-28,1,2013-02-06,18,False,-1,False,all_days
24,0,0,0.0004173306568310379,False,,2,1.0,1.4766274234720082e-19,1,2013-02-07,18,False,1,True,all_days
25,0,0,0.08039984034981712,False,,2,1.0,2.134133263639967e-22,1,2013-02-08,21,False,1,True,all_days
26,1,1,0.8573745872128139,False,,2,1.0,1.275927872715792e-76,0,2013-02-09,19,False,0,True,all_days
27,1,1,0.004728868662865148,False,,2,1.0,7.394062326138178e-135,0,2013-02-10,19,False,0,True,all_days
28,0,0,0.7995812642980922,False,,2,1.0,1.8541953310558286e-34,1,2013-02-11,19,False,1,True,all_days
29,0,0,0.9720521938670191,False,,2,1.0,6.912168406382917e-30,1,2013-02-12,20,False,1,True,all_days
30,0,0,0.8761438923013146,False,,2,1.0,2.6472169115629695e-43,1,2013-02-13,20,False,1,True,all_days
31,0,0,0.0020227211310989853,False,,2,1.0,5.160609380534591e-34,1,2013-02-14,23,False,1,True,all_days
32,0,0,2.7748315103014962e-05,False,,2,1.0,1.426306321384791e-16,1,2013-02-15,21,False,1,True,all_days
33,1,1,0.9999616439249588,False,,2,1.0,7.046246693282446e-86,0,2013-02-16,23,False,0,True,all_days
34,1,1,0.3246242969820449,False,,2,1.0,1.3728957874883044e-123,0,2013-02-17,20,False,0,True,all_days
35,0,0,0.448096210962769,False,,2,1.0,1.6291329916300682e-42,0,2013-02-18,24,True,1,False,all_days
36,0,0,0.5598519459046325,False,,2,1.0,2.8756281922029895e-54,1,2013-02-19,18,False,1,True,all_days
37,0,0,0.8675084390612198,False,,2,1.0,8.506758497953769e-36,1,2013-02-20,16,False,1,True,all_days
38,0,0,0.9996981082972172,False,,2,1.0,3.7555638450553395e-47,1,2013-02-21,20,False,1,True,all_days
39,0,0,1.0353033453262286e-05,False,,2,1.0,4.332979413771263e-22,1,2013-02-22,24,True,1,True,all_days
40,1,1,0.9999344635416697,False,,2,1.0,3.089878533838092e-100,0,2013-02-23,24,True,0,True,all_days
41,1,1,0.8079477760913002,False,,2,1.0,3.744826860377107e-160,0,2013-02-24,24,True,0,True,all_days
42,0,0,0.40753939516455395,False,,2,1.0,3.98383490327101e-58,1,2013-02-25,21,False,1,True,all_days
43,0,0,0.0204957578629173,False,,2,1.0,1.9002527070128854e-46,1,2013-02-26,23,False,1,True,all_days
44,0,0,0.9802502516431706,False,,2,1.0,2.386820994904086e-49,1,2013-02-27,23,False,1,True,all_days
45,0,0,0.8412924737809975,False,,2,1.0,2.6896691666651483e-48,1,2013-02-28,19,False,1,True,all_days
46,0,0,0.5679277779013866,False,,2,1.0,1.6887735526316832e-39,1,2013-03-01,23,False,1,True,all_days
47,1,1,0.8457544133913301,False,,2,1.0,5.497040009895537e-107,0,2013-03-02,23,False,0,True,all_days
48,1,1,0.40609762311093733,False,,2,1.0,1.6401123550043522e-159,0,2013-03-03,22,False,0,True,all_days
49,0,0,5.0381179249480545e-05,False,,2,1.0,1.8022568183579876e-30,1,2013-03-04,20,False,1,True,all_days
50,0,0,1.6889879819418002e-06,False,,2,1.0,2.0006385843128988e-16,1,2013-03-05,17,False,1,True,all_days
51,0,0,0.9988934529745417,False,,2,1.0,7.089854056428599e-30,1,2013-03-06,15,False,1,True,all_days
52,0,0,0.0036532373418860396,False,,2,1.0,4.189589994570245e-25,1,2013-03-07,16,False,1,True,all_days
53,0,0,1.8507073158988413e-05,False,,2,1.0,1.5681240057889792e-17,1,2013-03-08,21,False,1,True,all_days
54,1,1,0.9670132853244743,False,,2,1.0,5.574775440258552e-57,0,2013-03-09,16,False,0,True,all_days
55,1,1,0.5946928710193287,False,,2,1.0,8.95253367468189e-79,0,2013-03-10,15,False,0,True,all_days
56,0,0,0.9241554730984837,False,,2,1.0,1.3088248145702725e-45,1,2013-03-11,17,False,1,True,all_days
57,0,0,0.02492281784034301,False,,2,1.0,2.7800641138131883e-16,1,2013-03-12,13,False,1,True,all_days
58,0,0,0.9978092894536396,False,,2,1.0,6.976147525680329e-22,1,2013-03-13,14,False,1,True,all_days
59,0,0,0.00019218638594478905,False,,2,1.0,3.265081723134179e-19,1,2013-03-14,15,False,1,True,all_days
60,0,0,0.5751475208926615,False,,2,0.9999999999999893,3.4225950562732163e-13,1,2013-03-15,14,False,1,True,all_days
61,1,1,0.62288317276675,False,,2,1.0,3.230594608363077e-76,0,2013-03-16,16,False,0,True,all_days
62,1,1,0.4401264132957495,False,,2,1.0,7.026503139028295e-117,0,2013-03-17,14,False,0,True,all_days
63,0,0,0.8019965494603917,False,,2,1.0,2.0838546108827963e-19,1,2013-03-18,13,False,1,True,all_days
64,0,0,0.00043274530354082025,False,,2,1.0,5.480507486866564e-31,1,2013-03-19,17,False,1,True,all_days
65,0,0,0.8767560787629082,False,,2,1.0,5.662170775385592e-39,1,2013-03-20,22,False,1,True,all_days
66,0,0,0.292477468098875,False,,2,1.0,3.5297642890619545e-48,1,2013-03-21,24,True,1,True,all_days
67,0,0,0.003263406183147216,False,,2,1.0,1.0883308005910801e-30,1,2013-03-22,24,True,1,True,all_days
68,1,1,0.9576025762920097,False,,2,1.0,9.230765657566982e-101,0,2013-03-23,24,True,0,True,all_days
69,1,1,0.951523953779232,False,,2,1.0,2.374803027480261e-152,0,2013-03-24,24,True,0,True,all_days
70,0,0,0.0001354599758072059,False,,2,1.0,2.55770864403649e-41,1,2013-03-25,24,True,1,True,all_days
71,0,0,0.9745825122053983,False,,2,1.0,1.2666295684165888e-62,1,2013-03-26,24,True,1,True,all_days
72,0,0,0.00931987979843752,False,,2,1.0,1.5535474927707884e-45,1,2013-03-27,23,False,1,True,all_days
73,0,0,0.9981137994824155,False,,2,1.0,7.978113624577572e-49,1,2013-03-28,24,True,1,True,all_days
74,0,0,0.01799655409976276,False,,2,1.0,6.676837245953655e-29,1,2013-03-29,24,True,1,True,all_days
75,1,1,0.9178258035748994,False,,2,1.0,2.612016394478642e-109,0,2013-03-30,24,True,0,True,all_days
76,1,1,0.1839585865952009,False,,2,1.0,1.335400560179731e-166,0,2013-03-31,24,True,0,True,all_days
77,0,0,0.5145500179714486,False,,2,1.0,1.6777059051447904e-52,1,2013-04-01,19,False,1,True,all_days
78,0,0,0.909294191770134,False,,2,1.0,5.49252482718196e-61,1,2013-04-02,24,True,1,True,all_days
79,0,0,0.9948591275681369,False,,2,1.0,2.145632346580795e-56,1,2013-04-03,24,True,1,True,all_days
80,0,0,0.9993130063928555,False,,2,1.0,3.1063651159473864e-55,1,2013-04-04,23,False,1,True,all_days
81,0,0,0.9857371292716689,False,,2,1.0,3.1486179996526013e-48,1,2013-04-05,23,False,1,True,all_days
82,1,1,0.8616292035508422,False,,2,1.0,3.1146556740152506e-63,0,2013-04-06,23,False,0,True,all_days
83,1,1,0.8274797397895225,False,,2,1.0,2.400376732950692e-158,0,2013-04-07,24,True,0,True,all_days
84,0,0,0.8711332785905089,False,,2,1.0,1.3535391726578879e-59,1,2013-04-08,24,True,1,True,all_days
85,0,0,0.13630825844252042,False,,2,1.0,9.068497975127551e-58,1,2013-04-09,24,True,1,True,all_days
86,0,0,0.8831586708664986,False,,2,1.0,4.7685689712635325e-65,1,2013-04-10,24,True,1,True,all_days
87,-1,0,1.2831981432694835e-09,True,,2,1.0,1.1595562312902672e-28,1,2013-04-11,24,True,-1,False,all_days
88,0,0,0.8488874203602964,False,,2,1.0,6.770705937561603e-44,1,2013-04-12,24,True,1,True,all_days
89,1,1,0.4588820955366813,False,,2,1.0,1.8708102096739313e-91,0,2013-04-13,24,True,0,True,all_days
90,1,1,0.48066039626397095,False,,2,1.0,2.2700091988231592e-152,0,2013-04-14,24,True,0,True,all_days
91,0,0,0.585591273421767,False,,2,1.0,3.53503603779109e-67,1,2013-04-15,24,True,1,True,all_days
92,0,0,0.9341970080433648,False,,2,1.0,9.73552304436119e-65,1,2013-04-16,24,True,1,True,all_days
93,0,0,0.9630993814712121,False,,2,1.0,1.5577757906686928e-62,1,2013-04-17,23,False,1,True,all_days
94,0,0,1.6534209032004808e-05,False,,2,1.0,8.126238828460897e-62,1,2013-04-18,24,True,1,True,all_days
95,0,0,0.00982222764512567,False,,2,1.0,7.564181990801403e-41,1,2013-04-19,23,False,1,True,all_days
96,1,1,0.932956573463006,False,,2,1.0,1.0105355209327215e-82,0,2013-04-20,23,False,0,True,all_days
97,1,1,0.44955175576363676,False,,2,1.0,3.4012914239765825e-151,0,2013-04-21,24,True,0,True,all_days
98,0,0,0.002504669344825523,False,,2,1.0,8.861609196777203e-67,1,2013-04-22,24,True,1,True,all_days
99,0,0,0.03276099171155176,False,,2,1.0,6.721647747026498e-57,1,2013-04-23,24,True,1,True,all_days
100,0,0,0.9009222844432042,False,,2,1.0,1.5194795932435186e-52,1,2013-04-24,23,False,1,True,all_days
101,0,0,0.9718417934815494,False,,2,1.0,1.3076247713036694e-58,1,2013-04-25,24,True,1,True,all_days
102,0,0,0.0012345934540540409,False,,2,1.0,6.655147604123914e-36,1,2013-04-26,23,False,1,True,all_days
103,1,1,0.9451996858998015,False,,2,1.0,2.639728397022738e-85,0,2013-04-27,24,True,0,True,all_days
104,1,1,0.9916299357305927,False,,2,1.0,1.4378974118244576e-141,0,2013-04-28,24,True,0,True,all_days
105,0,0,0.8424964266715623,False,,2,1.0,6.840298112793493e-62,1,2013-04-29,24,True,1,True,all_days
106,0,0,0.9596211575830091,False,,2,1.0,7.735627388651668e-65,1,2013-04-30,24,True,1,True,all_days
107,0,0,0.9692139781143192,False,,2,1.0,4.063071728284456e-52,1,2013-05-01,23,False,1,True,all_days
108,0,0,0.9776539400189904,False,,2,1.0,1.5636546732566693e-60,1,2013-05-02,24,True,1,True,all_days
109,0,0,0.30140041665111234,False,,2,1.0,3.307422824016299e-45,1,2013-05-03,24,True,1,True,all_days
110,1,1,0.9443561139551457,False,,2,1.0,8.296236918662679e-78,0,2013-05-04,24,True,0,True,all_days
111,1,1,0.6426287900450223,False,,2,1.0,8.999207444292265e-141,0,2013-05-05,24,True,0,True,all_days
112,0,0,0.8337636050219113,False,,2,1.0,1.3512222920556084e-63,1,2013-05-06,24,True,1,True,all_days
113,-1,0,4.428225874187051e-07,True,,2,1.0,4.1688430486862153e-50,1,2013-05-07,24,True,-1,False,all_days
114,0,0,0.5773300289398813,False,,2,1.0,5.1030349892437345e-51,1,2013-05-08,24,True,1,True,all_days
115,0,0,0.9815799703538187,False,,2,1.0,9.195264433603618e-60,1,2013-05-09,24,True,1,True,all_days
116,0,0,0.9024715524709173,False,,2,1.0,5.448364704271424e-49,1,2013-05-10,24,True,1,True,all_days
117,1,1,0.8843420225656254,False,,2,1.0,4.6476571594603134e-86,0,2013-05-11,24,True,0,True,all_days
118,1,1,0.9945981767397827,False,,2,1.0,2.222321772920528e-137,0,2013-05-12,24,True,0,True,all_days
119,0,0,0.701054004201793,False,,2,1.0,2.7839851056276323e-71,1,2013-05-13,24,True,1,True,all_days
120,0,0,0.9318313514670225,False,,2,1.0,9.832047495127162e-61,1,2013-05-14,24,True,1,True,all_days
121,0,0,0.9997141627785685,False,,2,1.0,5.785981735634796e-60,1,2013-05-15,24,True,1,True,all_days
122,0,0,0.989064603220836,False,,2,1.0,4.982715997186101e-59,1,2013-05-16,24,True,1,True,all_days
123,0,0,0.6725084118440183,False,,2,1.0,2.1411139012557443e-45,1,2013-05-17,23,False,1,True,all_days
124,1,1,0.9752149372236213,False,,2,1.0,2.6883611346921942e-89,0,2013-05-18,24,True,0,True,all_days
125,1,1,0.7382332918380934,False,,2,1.0,2.0132403150972926e-151,0,2013-05-19,24,True,0,True,all_days
126,0,0,0.15446964866977095,False,,2,1.0,1.6596728911752753e-57,1,2013-05-20,23,False,1,True,all_days
127,0,0,0.9483597938635075,False,,2,1.0,7.052792392846628e-64,1,2013-05-21,24,True,1,True,all_days
128,0,0,0.8243025350580435,False,,2,1.0,2.323031456866074e-69,1,2013-05-22,24,True,1,True,all_days
129,0,0,0.8192981999324993,False,,2,1.0,2.864502277305405e-64,1,2013-05-23,24,True,1,True,all_days
130,0,0,0.7496658352815757,False,,2,1.0,7.283372652397658e-48,1,2013-05-24,24,True,1,True,all_days
131,1,1,0.9939781092841148,False,,2,1.0,4.043758564173862e-92,0,2013-05-25,24,True,0,True,all_days
132,1,1,0.9883895059739687,False,,2,1.0,6.142451581461828e-150,0,2013-05-26,24,True,0,True,all_days
133,1,1,0.5593227328335914,False,,2,1.0,4.237108236961431e-122,0,2013-05-27,24,True,0,True,all_days
134,0,0,0.9070052584738952,False,,2,1.0,2.5148899539174382e-58,1,2013-05-28,23,False,1,True,all_days
135,0,0,0.8831859500697787,False,,2,1.0,2.2924295214657906e-68,1,2013-05-29,23,False,1,True,all_days
136,0,0,0.14423215105708362,False,,2,1.0,5.109197233854964e-53,1,2013-05-30,24,True,1,True,all_days
137,0,0,0.7151002609016344,False,,2,1.0,1.5729438804622184e-47,1,2013-05-31,24,True,1,True,all_days
138,1,1,0.7863527761157139,False,,2,1.0,6.117699442038954e-74,0,2013-06-01,24,True,0,True,all_days
139,1,1,0.9949026994755144,False,,2,1.0,1.0062292806389363e-113,0,2013-06-02,24,True,0,True,all_days
140,0,0,0.9227783568184058,False,,2,1.0,7.694530465461977e-66,1,2013-06-03,24,True,1,True,all_days
141,0,0,0.99974821467768,False,,2,1.0,1.3229228978185466e-68,1,2013-06-04,24,True,1,True,all_days
142,0,0,0.9987439618534327,False,,2,1.0,1.935515688662976e-64,1,2013-06-05,24,True,1,True,all_days
143,0,0,0.9998844217185833,False,,2,1.0,2.673992407489477e-60,1,2013-06-06,24,True,1,True,all_days
144,0,0,0.1797049178024961,False,,2,1.0,9.732287751669143e-46,1,2013-06-07,24,True,1,True,all_days
145,1,1,0.821486297575264,False,,2,1.0,3.5244047849618204e-100,0,2013-06-08,24,True,0,True,all_days
146,-1,1,3.1695350798659026e-11,True,,2,1.0,2.3144594837372398e-215,0,2013-06-09,24,True,-1,False,all_days
147,0,0,0.9930276884088242,False,,2,1.0,4.472206744054474e-61,1,2013-06-10,24,True,1,True,all_days
148,0,0,0.9979581759479977,False,,2,1.0,2.5445282370068994e-49,1,2013-06-11,23,False,1,True,all_days
149,0,0,0.9989260261229227,False,,2,1.0,3.198301070108964e-63,1,2013-06-12,24,True,1,True,all_days
150,0,0,0.9472311641144763,False,,2,1.0,6.171088669181576e-43,1,2013-06-13,22,False,1,True,all_days
151,0,0,0.02493297038405773,False,,2,1.0,5.609770093329963e-40,1,2013-06-14,24,True,1,True,all_days
152,1,1,0.9753700395780217,False,,2,1.0,2.4519814809717214e-90,0,2013-06-15,24,True,0,True,all_days
153,1,1,0.8539165108673827,False,,2,1.0,6.261989325768414e-169,0,2013-06-16,24,True,0,True,all_days
154,0,0,0.998059908625295,False,,2,1.0,7.338244088624845e-61,1,2013-06-17,24,True,1,True,all_days
155,0,0,0.9987869967873495,False,,2,1.0,8.204523073181065e-67,1,2013-06-18,24,True,1,True,all_days
156,0,0,0.9647498400618856,False,,2,1.0,6.795094388224577e-47,1,2013-06-19,12,False,1,True,all_days
157,0,0,0.752830124129888,False,,2,0.999999999999547,1.3336647901432063e-11,1,2013-06-20,10,False,1,True,all_days
158,0,0,0.0488472224408499,False,,2,0.9722221413722045,0.12693083279123474,1,2013-06-21,8,False,1,True,all_days
159,1,1,0.8732063061927706,False,,2,1.0,1.0419595834934818e-97,0,2013-06-22,12,False,0,True,all_days
160,1,1,0.8025934724066999,False,,2,1.0,5.587844203183158e-129,0,2013-06-23,15,False,0,True,all_days
161,0,0,0.8338015621521381,False,,2,1.0,7.236639045699029e-54,1,2013-06-24,23,False,1,True,all_days
162,0,0,0.9958136189717826,False,,2,1.0,1.3132573990329007e-67,1,2013-06-25,24,True,1,True,all_days
163,0,0,0.9845148154193524,False,,2,1.0,9.400770663855052e-60,1,2013-06-26,24,True,1,True,all_days
164,0,0,0.8407195880357001,False,,2,1.0,1.3503868950629658e-53,1,2013-06-27,23,False,1,True,all_days
165,0,0,0.11716712553305873,False,,2,1.0,1.6130764552260226e-42,1,2013-06-28,23,False,1,True,all_days
166,1,1,0.9234678617172889,False,,2,1.0,1.339635471806879e-97,0,2013-06-29,23,False,0,True,all_days
167,1,1,0.9459448897865756,False,,2,1.0,7.869193219371969e-160,0,2013-06-30,24,True,0,True,all_days
168,0,0,0.373067137198954,False,,2,1.0,5.0652938290809235e-55,1,2013-07-01,24,True,1,True,all_days
169,0,0,0.9420540805686188,False,,2,1.0,3.310098164028394e-61,1,2013-07-02,24,True,1,True,all_days
170,0,0,0.7694795574097643,False,,2,1.0,2.0838102489888832e-44,1,2013-07-03,23,False,1,True,all_days
171,1,1,0.0013308570132112337,False,,2,1.0,9.136668549452295e-132,0,2013-07-04,24,True,0,True,all_days
172,-1,1,4.870914982384753e-10,True,,2,0.9999999877702664,2.350480826134311e-07,1,2013-07-05,23,False,-1,False,all_days
173,1,1,0.966931056826487,False,,2,1.0,3.70179438097264e-101,0,2013-07-06,23,False,0,True,all_days
174,1,1,0.56678799068434,False,,2,1.0,4.488262658334106e-159,0,2013-07-07,24,True,0,True,all_days
175,0,0,0.9913631345065365,False,,2,1.0,8.474872071535695e-65,1,2013-07-08,24,True,1,True,all_days
176,0,0,0.7659570603149214,False,,2,1.0,5.0925174268421625e-59,1,2013-07-09,24,True,1,True,all_days
177,0,0,0.9798851144480559,False,,2,1.0,2.410163433408126e-58,1,2013-07-10,24,True,1,True,all_days
178,0,0,0.9873406285005825,False,,2,1.0,1.2155721856177236e-55,1,2013-07-11,23,False,1,True,all_days
179,0,0,0.05367354023155956,False,,2,1.0,8.418772805055515e-44,1,2013-07-12,23,False,1,True,all_days
180,1,1,0.9944423307201181,False,,2,1.0,5.249069681809795e-106,0,2013-07-13,24,True,0,True,all_days
181,1,1,0.9868478890866896,False,,2,1.0,2.845502707894229e-144,0,2013-07-14,24,True,0,True,all_days
182,0,0,0.409657490694501,False,,2,1.0,5.6579528486157395e-53,1,2013-07-15,15,False,1,True,all_days
183,0,0,0.9906366476641042,False,,2,1.0,3.011829187800032e-58,1,2013-07-16,21,False,1,True,all_days
184,0,0,0.9630890390927376,False,,2,1.0,1.5299348708695398e-60,1,2013-07-17,22,False,1,True,all_days
185,0,0,0.9005254139077249,False,,2,1.0,1.233994516100105e-55,1,2013-07-18,22,False,1,True,all_days
186,-1,0,4.4444700095103365e-23,True,,2,0.9490309964466079,0.20135859121534555,1,2013-07-19,23,False,-1,False,all_days
187,1,1,0.9840661785877779,False,,2,1.0,7.330685708946277e-93,0,2013-07-20,23,False,0,True,all_days
188,1,1,0.7458442788514065,False,,2,1.0,3.193514358084005e-170,0,2013-07-21,24,True,0,True,all_days
189,0,0,0.8606852639570655,False,,2,1.0,1.5560034373182736e-56,1,2013-07-22,22,False,1,True,all_days
190,0,0,0.9952961567415914,False,,2,1.0,1.1294464039124244e-66,1,2013-07-23,23,False,1,True,all_days
191,0,0,0.9966472131099675,False,,2,1.0,6.171068103898069e-49,1,2013-07-24,21,False,1,True,all_days
192,0,0,0.9922416496875112,False,,2,1.0,3.4471985456429135e-60,1,2013-07-25,24,True,1,True,all_days
193,0,0,0.3994355698289606,False,,2,1.0,5.704259377373435e-49,1,2013-07-26,22,False,1,True,all_days
194,1,1,0.8748254047482498,False,,2,1.0,1.5292398369134967e-85,0,2013-07-27,24,True,0,True,all_days
195,1,1,0.9513623430621602,False,,2,1.0,4.1323176706189776e-159,0,2013-07-28,24,True,0,True,all_days
196,0,0,0.8036438292262669,False,,2,1.0,3.8747259565138504e-61,1,2013-07-29,23,False,1,True,all_days
197,0,0,0.9796321644481614,False,,2,1.0,1.0336324757049064e-59,1,2013-07-30,22,False,1,True,all_days
198,0,0,0.9986359743087733,False,,2,1.0,5.122393559202386e-66,1,2013-07-31,23,False,1,True,all_days
199,0,0,0.10081273173163816,False,,2,1.0,1.2764248587763491e-48,1,2013-08-01,22,False,1,True,all_days
200,0,0,0.0008714458427108246,False,,2,1.0,2.589965028681392e-36,1,2013-08-02,24,True,1,True,all_days
201,1,1,0.9973242240666045,False,,2,1.0,7.369905078739152e-83,0,2013-08-03,22,False,0,True,all_days
202,1,1,0.838965846896216,False,,2,1.0,3.6678723888728763e-166,0,2013-08-04,24,True,0,True,all_days
203,0,0,0.9807861410900742,False,,2,1.0,4.9736754978375553e-57,1,2013-08-05,23,False,1,True,all_days
204,0,0,0.9895387471586433,False,,2,1.0,2.6757454512105023e-65,1,2013-08-06,24,True,1,True,all_days
205,0,0,0.9752662447970623,False,,2,1.0,1.7753028914512536e-44,1,2013-08-07,16,False,1,True,all_days
206,0,0,0.9961299604078244,False,,2,1.0,6.256390766850212e-54,1,2013-08-08,22,False,1,True,all_days
207,0,0,0.06259455995710463,False,,2,1.0,1.241377618997094e-37,1,2013-08-09,22,False,1,True,all_days
208,1,1,0.9600457297288032,False,,2,1.0,3.461959107347084e-66,0,2013-08-10,22,False,0,True,all_days
209,1,1,0.8426540690212124,False,,2,1.0,1.0455109460132927e-136,0,2013-08-11,23,False,0,True,all_days
210,0,0,0.9704071784420906,False,,2,1.0,4.062113053147519e-70,1,2013-08-12,24,True,1,True,all_days
211,0,0,0.9920635199960796,False,,2,1.0,6.064732366630965e-68,1,2013-08-13,24,True,1,True,all_days
212,0,0,0.9535172489202952,False,,2,1.0,4.2858159584297556e-66,1,2013-08-14,19,False,1,True,all_days
213,0,0,0.9788496459436636,False,,2,1.0,1.6074011157055847e-47,1,2013-08-15,16,False,1,True,all_days
214,0,0,0.13198130958877413,False,,2,1.0,3.747496540382192e-17,1,2013-08-16,20,False,1,True,all_days
215,1,1,0.9713557856887184,False,,2,1.0,3.305388701999901e-94,0,2013-08-17,24,True,0,True,all_days
216,1,1,0.7737952400664337,False,,2,1.0,1.3941982301548246e-142,0,2013-08-18,23,False,0,True,all_days
217,0,0,0.9944707639656366,False,,2,1.0,4.1058714848347695e-69,1,2013-08-19,24,True,1,True,all_days
218,0,0,0.9418100759172184,False,,2,1.0,2.033132039898398e-67,1,2013-08-20,24,True,1,True,all_days
219,0,0,0.9596707173706013,False,,2,1.0,6.6070479565346424e-68,1,2013-08-21,23,False,1,True,all_days
220,0,0,0.675157072910656,False,,2,1.0,1.335868426701382e-64,0,2013-08-22,24,True,1,False,all_days
221,0,0,0.24365148067339293,False,,2,1.0,8.270867411969439e-40,1,2013-08-23,23,False,1,True,all_days
222,1,1,0.46201365072165723,False,,2,1.0,2.622641094147309e-38,0,2013-08-24,14,False,0,True,all_days
223,1,1,0.9269370846622446,False,,2,1.0,1.1489820973191038e-78,0,2013-08-25,22,False,0,True,all_days
224,0,0,0.651774823647534,False,,2,1.0,1.824446582320571e-66,1,2013-08-26,22,False,1,True,all_days
225,0,0,0.5327962009561686,False,,2,0.9999998340483454,2.7567174036503027e-06,1,2013-08-27,6,False,1,True,all_days
226,0,0,0.8499865383459743,False,,2,0.9999999999999982,6.856008350661543e-14,1,2013-08-28,12,False,1,True,all_days
227,0,0,0.9949684695508418,False,,2,0.9999999999980336,5.49758770147877e-11,1,2013-08-29,14,False,1,True,all_days
228,0,0,0.27877549603124635,False,,2,1.0,6.8264336299208594e-49,1,2013-08-30,23,False,1,True,all_days
229,1,1,0.6995907525040337,False,,2,1.0,5.6944316350057676e-83,0,2013-09-02,22,False,0,True,all_days
230,1,1,0.00040220956258519414,False,,2,0.9631127663417307,0.1579221812470749,1,2013-09-04,15,False,0,False,all_days
231,0,0,0.914199767826523,False,,2,1.0,8.058688145045663e-53,1,2013-09-05,15,False,1,True,all_days
232,0,0,0.53232477987628,False,,2,0.9999999999999964,1.0594167613414225e-13,1,2013-09-06,15,False,1,True,all_days
233,1,1,0.041429635332271744,False,,2,1.0,5.288300631211149e-45,0,2013-09-07,9,False,0,True,all_days
234,1,1,0.9976420362939915,False,,2,1.0,3.1033264505281645e-30,0,2013-09-08,12,False,0,True,all_days
235,0,0,0.7014850749848613,False,,2,1.0,3.8662609991618946e-71,1,2013-09-09,22,False,1,True,all_days
236,0,0,0.4074019554573488,False,,2,1.0,2.1758563624902146e-62,1,2013-09-10,17,False,1,True,all_days
237,0,0,0.1553554465461796,False,,2,1.0,1.1251992780978213e-33,1,2013-09-11,18,False,1,True,all_days
238,0,0,2.6669246824945955e-06,False,,2,0.9999999999995346,1.3658977601034521e-11,1,2013-09-12,6,False,1,True,all_days
239,0,0,0.5587379787362603,False,,2,1.0,6.312372336190127e-42,1,2013-09-13,17,False,1,True,all_days
240,1,1,0.6961786294943029,False,,2,1.0,1.7803184777153572e-50,0,2013-09-14,16,False,0,True,all_days
241,1,1,0.7911920110328854,False,,2,1.0,2.3060002124121905e-93,0,2013-09-15,17,False,0,True,all_days
242,0,0,0.4286282208800597,False,,2,1.0,1.3276097909912649e-45,1,2013-09-16,15,False,1,True,all_days
243,0,0,0.148417420958876,False,,2,1.0,4.3654384526392184e-36,1,2013-09-17,17,False,1,True,all_days
244,0,0,0.7793013655816662,False,,2,1.0,9.204363544484756e-39,1,2013-09-18,14,False,1,True,all_days
245,0,0,0.7182870463920279,False,,2,1.0,6.155324115197946e-33,1,2013-09-19,14,False,1,True,all_days
246,0,0,0.666683379773162,False,,2,1.0,2.7445475661291066e-26,1,2013-09-20,15,False,1,True,all_days
247,1,1,0.0928990266275569,False,,2,1.0,7.392013152296506e-39,0,2013-09-21,10,False,0,True,all_days
248,1,1,0.04013303770890353,False,,2,1.0,5.280510977053029e-35,0,2013-09-22,11,False,0,True,all_days
249,0,0,0.17944406417628855,False,,2,1.0,4.190141433088657e-20,1,2013-09-23,7,False,1,True,all_days
250,0,0,0.4280287274220066,False,,2,1.0,9.520944940054785e-30,1,2013-09-24,12,False,1,True,all_days
251,0,0,0.9028621533658245,False,,2,1.0,5.20094208905066e-46,1,2013-09-25,15,False,1,True,all_days
252,0,0,0.8676477480926565,False,,2,1.0,1.80110196398637e-56,1,2013-09-26,22,False,1,True,all_days
253,0,0,0.8401202001044112,False,,2,1.0,3.260253189579862e-56,1,2013-09-27,22,False,1,True,all_days
254,1,1,0.4012560290626754,False,,2,1.0,7.471730142038451e-91,0,2013-09-28,20,False,0,True,all_days
255,1,1,0.18701234398949132,False,,2,1.0,4.081522528935575e-160,0,2013-09-29,22,False,0,True,all_days
256,0,0,0.19273202549046758,False,,2,1.0,1.289873503253741e-44,1,2013-09-30,11,False,1,True,all_days
257,0,0,0.011435964994421437,False,,2,1.0,6.736075961117932e-36,1,2013-10-03,17,False,1,True,all_days
258,0,0,0.8073513755512257,False,,2,1.0,1.8311320765637677e-43,1,2013-10-04,18,False,1,True,all_days
259,1,1,0.2629201642687723,False,,2,1.0,3.419847385038085e-88,0,2013-10-05,22,False,0,True,all_days
260,1,1,0.002575041999939362,False,,2,1.0,3.658803228778655e-87,0,2013-10-06,21,False,0,True,all_days
261,0,0,0.9147984420092456,False,,2,1.0,1.3110448866819453e-52,1,2013-10-07,16,False,1,True,all_days
262,0,0,0.4579444306833914,False,,2,1.0,1.0933213796511886e-30,1,2013-10-08,12,False,1,True,all_days
263,0,0,0.9736178549426625,False,,2,1.0,1.0703778392783955e-71,1,2013-10-09,24,True,1,True,all_days
264,0,0,0.255154963033572,False,,2,1.0,7.424770095856914e-63,1,2013-10-10,24,True,1,True,all_days
265,0,0,0.0013229622890904445,False,,2,1.0,2.1568505049599443e-36,1,2013-10-11,17,False,1,True,all_days
266,1,1,0.9401559574570026,False,,2,1.0,1.0528826439707427e-42,0,2013-10-12,12,False,0,True,all_days
267,1,1,0.03043904903649737,False,,2,1.0,1.1445589190614114e-31,0,2013-10-13,9,False,0,True,all_days
268,0,0,0.9194310175926079,False,,2,1.0,4.4640580310724224e-42,0,2013-10-14,12,False,1,False,all_days
269,0,0,0.12462692025852659,False,,2,1.0,3.7823877163988077e-28,1,2013-10-15,11,False,1,True,all_days
270,0,0,0.7307178580271527,False,,2,1.0,6.999627312160423e-18,1,2013-10-16,13,False,1,True,all_days
271,0,0,0.9853375510275777,False,,2,1.0,8.85833832733632e-50,1,2013-10-17,18,False,1,True,all_days
272,0,0,0.015953439172491715,False,,2,1.0,7.964062254204969e-37,1,2013-10-18,21,False,1,True,all_days
273,1,1,0.9518630589304872,False,,2,1.0,2.995048083033178e-71,0,2013-10-19,16,False,0,True,all_days
274,1,1,0.747284103163113,False,,2,1.0,2.9939355479969906e-72,0,2013-10-20,12,False,0,True,all_days
275,0,0,0.6447837184127065,False,,2,1.0,2.0962159270839156e-22,1,2013-10-21,15,False,1,True,all_days
276,0,0,0.9203815630892864,False,,2,1.0,4.683369793518666e-48,1,2013-10-22,11,False,1,True,all_days
277,0,0,0.2556911097945573,False,,2,1.0,4.520846402300354e-18,1,2013-10-23,11,False,1,True,all_days
278,0,0,0.9432642080561964,False,,2,0.9999079148368741,0.0009478096252857522,1,2013-10-24,6,False,1,True,all_days
279,0,0,0.056249700412202855,False,,2,0.9999999889571823,2.1336364570346776e-07,1,2013-10-25,10,False,1,True,all_days
280,1,1,0.5013015569221796,False,,2,0.9999999999999998,7.686357772988996e-15,0,2013-10-26,8,False,0,True,all_days
281,0,0,0.8461517324605079,False,,2,1.0,1.127483061024631e-22,1,2013-11-06,17,False,1,True,all_days
282,0,0,0.9369946404368426,False,,2,1.0,5.588200923852284e-67,1,2013-11-07,18,False,1,True,all_days
283,0,0,0.9074125316899867,False,,2,1.0,9.991928244043992e-56,1,2013-11-08,23,False,1,True,all_days
284,1,1,0.5939421584256073,False,,2,1.0,4.153245668522882e-84,0,2013-11-09,23,False,0,True,all_days
285,1,1,0.6179491789578315,False,,2,1.0,1.1422925111430098e-152,0,2013-11-10,24,True,0,True,all_days
286,0,0,0.5452082673386198,False,,2,1.0,4.1827474085268576e-78,0,2013-11-11,23,False,1,False,all_days
287,0,0,0.4446229123053333,False,,2,1.0,2.1838568492975445e-78,1,2013-11-12,24,True,1,True,all_days
288,0,0,0.40734130020963705,False,,2,1.0,1.5549410925598637e-68,1,2013-11-13,24,True,1,True,all_days
289,0,0,0.9986072997568245,False,,2,1.0,8.062063225136431e-66,1,2013-11-14,23,False,1,True,all_days
290,0,0,0.1477110412654638,False,,2,1.0,2.785127129431061e-52,1,2013-11-15,24,True,1,True,all_days
291,1,1,0.7871922667668305,False,,2,1.0,7.914512666764675e-73,0,2013-11-16,20,False,0,True,all_days
292,1,1,0.3500272586230723,False,,2,1.0,2.72150409610731e-171,0,2013-11-17,22,False,0,True,all_days
293,0,0,0.2038904675426699,False,,2,1.0,5.326587514834589e-62,1,2013-11-18,21,False,1,True,all_days
294,0,0,0.20093442125799219,False,,2,1.0,1.7736694084821545e-81,1,2013-11-19,24,True,1,True,all_days
295,0,0,0.44014030849419944,False,,2,1.0,7.198519857604532e-75,1,2013-11-20,24,True,1,True,all_days
296,0,0,0.9991071462496155,False,,2,1.0,1.1406336394573405e-69,1,2013-11-21,24,True,1,True,all_days
297,0,0,6.612218722885183e-06,False,,2,1.0,1.4090842530734718e-43,1,2013-11-22,24,True,1,True,all_days
298,1,1,0.963646775791419,False,,2,1.0,3.779452180521332e-108,0,2013-11-23,24,True,0,True,all_days
299,1,1,0.7322217301411862,False,,2,1.0,4.3624575700890154e-159,0,2013-11-24,24,True,0,True,all_days
300,0,0,0.1476378395035276,False,,2,1.0,2.6797468651710556e-68,1,2013-11-25,21,False,1,True,all_days
301,0,0,0.9423068814062132,False,,2,1.0,2.1338164075268394e-62,1,2013-11-26,21,False,1,True,all_days
302,0,0,0.3652363095730255,False,,2,1.0,5.829434986231324e-53,1,2013-11-27,24,True,1,True,all_days
303,1,1,0.5862474781498901,False,,2,1.0,9.20866392771091e-133,0,2013-11-28,23,False,0,True,all_days
304,1,1,4.838453692030438e-06,False,,2,1.0,2.3447864408427165e-24,1,2013-11-29,23,False,0,False,all_days
305,1,1,0.5305477990988858,False,,2,1.0,1.9349737829501047e-138,0,2013-11-30,24,True,0,True,all_days
306,1,1,0.12749760951630038,False,,2,1.0,2.27447462362576e-170,0,2013-12-01,24,True,0,True,all_days
307,0,0,0.14339779126360164,False,,2,1.0,8.684082872598853e-71,1,2013-12-02,24,True,1,True,all_days
308,0,0,0.973458417627332,False,,2,1.0,2.2434555897076157e-68,1,2013-12-03,23,False,1,True,all_days
309,0,0,0.001974210021773782,False,,2,1.0,2.659620357482603e-54,1,2013-12-04,24,True,1,True,all_days
310,0,0,0.009318824322296717,False,,2,1.0,1.9423375907602276e-54,1,2013-12-05,22,False,1,True,all_days
311,0,0,0.9850620266384895,False,,2,1.0,1.6226832183118948e-55,1,2013-12-06,23,False,1,True,all_days
312,1,1,0.5545027790106899,False,,2,1.0,5.727274210105546e-90,0,2013-12-07,22,False,0,True,all_days
313,1,1,0.5048839775111937,False,,2,1.0,6.371429915785064e-151,0,2013-12-08,22,False,0,True,all_days
314,0,0,0.8955264044849646,False,,2,1.0,1.5919905469358234e-67,1,2013-12-09,21,False,1,True,all_days
315,0,0,0.00032083439693998255,False,,2,1.0,7.303282517185606e-45,1,2013-12-10,22,False,1,True,all_days
316,0,0,0.9603580056805935,False,,2,1.0,1.3655423853484968e-52,1,2013-12-11,21,False,1,True,all_days
317,0,0,0.9876684562461533,False,,2,1.0,3.421693696848898e-65,1,2013-12-12,24,True,1,True,all_days
318,0,0,0.9183698171420337,False,,2,1.0,9.724336102719672e-56,1,2013-12-13,24,True,1,True,all_days
319,1,1,0.988450166907427,False,,2,1.0,3.733365285100106e-95,0,2013-12-14,24,True,0,True,all_days
320,1,1,0.627634014248703,False,,2,1.0,1.9997912735371256e-143,0,2013-12-15,24,True,0,True,all_days
321,0,0,0.4737800236061981,False,,2,1.0,2.5268489179950143e-64,1,2013-12-16,20,False,1,True,all_days
322,0,0,0.012704477679515432,False,,2,1.0,9.754080997433935e-54,1,2013-12-17,22,False,1,True,all_days
323,0,0,0.9110098999125477,False,,2,1.0,1.7257866544919086e-59,1,2013-12-18,22,False,1,True,all_days
324,0,0,0.9975361546585555,False,,2,1.0,6.626183057458007e-63,1,2013-12-19,23,False,1,True,all_days
325,0,0,0.18879590874252447,False,,2,1.0,5.500325489986254e-46,1,2013-12-20,22,False,1,True,all_days
326,1,1,0.9984289927922885,False,,2,1.0,1.331885337435859e-97,0,2013-12-21,23,False,0,True,all_days
327,1,1,0.8820984582187315,False,,2,1.0,2.220117951894768e-132,0,2013-12-22,21,False,0,True,all_days
328,0,0,0.4134993534950898,False,,2,1.0,1.63168040993644e-47,1,2013-12-23,23,False,1,True,all_days
329,-1,0,1.124948304080777e-15,True,,2,0.9987517195544662,0.009593489495927835,1,2013-12-24,21,False,-1,False,all_days
330,1,1,0.00013154902890436836,False,,2,1.0,8.265279272938523e-202,0,2013-12-25,22,False,0,True,all_days
331,0,0,0.11753445960720744,False,,2,1.0,9.6524214891787e-41,1,2013-12-26,23,False,1,True,all_days
332,0,0,0.0016602569637575383,False,,2,1.0,7.70244624700445e-30,1,2013-12-27,21,False,1,True,all_days
333,1,1,0.9887973669998106,False,,2,1.0,5.3271113826674e-112,0,2013-12-28,23,False,0,True,all_days
334,1,1,0.5614403429113768,False,,2,1.0,8.244572726354571e-162,0,2013-12-29,23,False,0,True,all_days
335,0,0,0.0660084672249082,False,,2,1.0,7.992229540880258e-57,1,2013-12-30,24,True,1,True,all_days
336,0,0,4.7725080769283285e-05,False,,2,1.0,1.726695288647063e-31,1,2013-12-31,23,False,1,True,all_days
337,-1,1,1.589186182005104e-14,True,,2,1.0,2.8395326439728963e-232,0,2014-01-01,22,False,-1,False,all_days
338,0,0,0.09539518234687422,False,,2,1.0,4.475450784575628e-59,1,2014-01-02,22,False,1,True,all_days
339,0,0,0.970556181858066,False,,2,1.0,8.570810822712236e-37,1,2014-01-03,21,False,1,True,all_days
340,1,1,0.6364417821882172,False,,2,1.0,1.9561105647540214e-102,0,2014-01-04,23,False,0,True,all_days
341,1,1,0.5103221632834648,False,,2,1.0,3.699440394255142e-145,0,2014-01-05,23,False,0,True,all_days
342,0,0,0.10881883766206517,False,,2,1.0,6.690721285018556e-65,1,2014-01-06,23,False,1,True,all_days
343,0,0,0.8245026040660088,False,,2,1.0,1.9586848896225033e-69,1,2014-01-07,22,False,1,True,all_days
344,0,0,0.6370605806570973,False,,2,1.0,4.441198981321013e-74,1,2014-01-08,23,False,1,True,all_days
345,0,0,0.9696069816160745,False,,2,1.0,2.8157058066240895e-65,1,2014-01-09,22,False,1,True,all_days
346,0,0,0.8416423417289169,False,,2,1.0,1.251809379476779e-53,1,2014-01-10,22,False,1,True,all_days
347,1,1,0.7877222466383892,False,,2,1.0,1.8764493716160557e-96,0,2014-01-11,22,False,0,True,all_days
348,1,1,0.3888700901348895,False,,2,1.0,9.550948907564653e-144,0,2014-01-12,23,False,0,True,all_days
349,0,0,0.09929098883519223,False,,2,1.0,4.034039617938081e-79,1,2014-01-13,23,False,1,True,all_days
350,-1,0,8.11179035037808e-08,True,,2,1.0,9.30496966499566e-42,1,2014-01-14,23,False,-1,False,all_days
351,0,0,0.4393630200295348,False,,2,1.0,2.78117690948515e-61,1,2014-01-15,21,False,1,True,all_days
352,0,0,0.15430797057836199,False,,2,1.0,4.801019008146438e-62,1,2014-01-16,23,False,1,True,all_days
353,0,0,0.0027093417962618664,False,,2,1.0,3.096197119379893e-48,1,2014-01-17,20,False,1,True,all_days
354,1,1,0.4804984471227478,False,,2,1.0,1.372631244140533e-107,0,2014-01-18,24,True,0,True,all_days
355,1,1,0.6670084126452269,False,,2,1.0,9.485747974779853e-148,0,2014-01-19,22,False,0,True,all_days
356,0,0,0.3588550644233499,False,,2,1.0,1.6459578147248514e-41,0,2014-01-20,21,False,1,False,all_days
357,0,0,0.0946802619169755,False,,2,1.0,2.561274723337693e-78,1,2014-01-21,22,False,1,True,all_days
358,0,0,0.16142122813656898,False,,2,1.0,7.266851890540151e-69,1,2014-01-22,24,True,1,True,all_days
359,0,0,0.14662129164171392,False,,2,1.0,5.414403336817264e-50,1,2014-01-23,22,False,1,True,all_days
360,0,0,0.018051240704424886,False,,2,1.0,3.7748545672421823e-57,1,2014-01-24,23,False,1,True,all_days
361,1,1,0.5901145487089208,False,,2,1.0,1.2196230668114638e-91,0,2014-01-25,24,True,0,True,all_days
362,1,1,0.37385762797434585,False,,2,1.0,5.205644468046511e-114,0,2014-01-26,23,False,0,True,all_days
363,0,0,0.6619838461028689,False,,2,1.0,4.1441678386119935e-72,1,2014-01-27,24,True,1,True,all_days
364,0,0,0.9757114820897662,False,,2,1.0,1.7581653712017405e-67,1,2014-01-28,24,True,1,True,all_days
365,0,0,0.7146393943490551,False,,2,1.0,5.4079004601619774e-73,1,2014-01-29,24,True,1,True,all_days
366,0,0,3.609875379411888e-06,False,,2,1.0,7.718371839697295e-42,1,2014-01-30,24,True,1,True,all_days
367,0,0,0.40790162053574386,False,,2,1.0,1.6255914654178015e-48,1,2014-01-31,24,True,1,True,all_days
368,1,1,0.9838098429801938,False,,2,1.0,5.919140877513001e-100,0,2014-02-01,24,True,0,True,all_days
369,1,1,0.15101697358001073,False,,2,1.0,1.0831770001552854e-150,0,2014-02-02,24,True,0,True,all_days
370,0,0,0.7979933570705795,False,,2,1.0,9.945380641585343e-75,1,2014-02-03,24,True,1,True,all_days
371,0,0,0.09486707277951748,False,,2,1.0,7.911716457573658e-71,1,2014-02-04,24,True,1,True,all_days
372,0,0,0.7185321934993569,False,,2,1.0,7.45518963477899e-77,1,2014-02-05,24,True,1,True,all_days
373,0,0,0.013005090643921552,False,,2,1.0,2.0940104442014433e-59,1,2014-02-06,24,True,1,True,all_days
374,0,0,0.5816081690605559,False,,2,1.0,1.5536969598719183e-53,1,2014-02-07,24,True,1,True,all_days
375,1,1,0.990898405382959,False,,2,1.0,1.3516538981752665e-95,0,2014-02-08,24,True,0,True,all_days
376,1,1,0.1141613170399786,False,,2,1.0,1.8481740446844584e-171,0,2014-02-09,24,True,0,True,all_days
377,0,0,0.18265959148915809,False,,2,1.0,1.963193257868048e-66,1,2014-02-10,24,True,1,True,all_days
378,0,0,0.6422693561813237,False,,2,1.0,5.735650438554879e-73,1,2014-02-11,24,True,1,True,all_days
379,0,0,0.6540538224310142,False,,2,1.0,5.238993557472931e-71,1,2014-02-12,24,True,1,True,all_days
380,0,0,0.9987208753400327,False,,2,1.0,2.3730077489799758e-70,1,2014-02-13,24,True,1,True,all_days
381,0,0,0.06545301696180923,False,,2,1.0,7.17971679426231e-49,1,2014-02-14,24,True,1,True,all_days
382,1,1,0.85936131180178,False,,2,1.0,1.317579254185502e-95,0,2014-02-15,24,True,0,True,all_days
383,1,1,0.8091556796420846,False,,2,1.0,5.524809341912629e-147,0,2014-02-16,24,True,0,True,all_days
384,0,0,2.7892605739030522e-05,False,,2,1.0,1.44759596227575e-52,0,2014-02-17,24,True,1,False,all_days
385,0,0,0.644360237129854,False,,2,1.0,2.7128175309787088e-68,1,2014-02-18,24,True,1,True,all_days
386,0,0,0.9912466482828456,False,,2,1.0,2.425134815042742e-69,1,2014-02-19,24,True,1,True,all_days
387,-1,0,1.7532822436858535e-21,True,,2,1.0,5.142998936345842e-62,1,2014-02-20,24,True,-1,False,all_days
388,-1,0,1.838911721146743e-22,True,,2,1.0,9.977147054393691e-25,1,2014-02-21,24,True,-1,False,all_days
389,1,1,0.17383855417857635,False,,2,1.0,1.771139489414478e-77,0,2014-02-22,24,True,0,True,all_days
390,1,1,0.8067511710234087,False,,2,1.0,1.5573617688722424e-163,0,2014-02-23,24,True,0,True,all_days
391,0,0,0.0410657536596404,False,,2,1.0,1.244362352149464e-69,1,2014-02-24,24,True,1,True,all_days
392,0,0,0.6393110305623633,False,,2,1.0,2.1345833524630456e-67,1,2014-02-25,24,True,1,True,all_days
393,0,0,0.9773943557537857,False,,2,1.0,6.324778588988939e-69,1,2014-02-26,24,True,1,True,all_days
394,0,0,0.9488173244612315,False,,2,1.0,4.777124645928419e-66,1,2014-02-27,24,True,1,True,all_days
395,0,0,0.725536800617792,False,,2,1.0,1.8402672698118412e-53,1,2014-02-28,24,True,1,True,all_days
396,1,1,0.9482357291671808,False,,2,1.0,1.217898549712879e-87,0,2014-03-01,24,True,0,True,all_days
397,1,1,0.5837069850875005,False,,2,1.0,5.402847904134587e-151,0,2014-03-02,24,True,0,True,all_days
398,0,0,0.1727540838926432,False,,2,1.0,1.1715629592253696e-57,1,2014-03-03,24,True,1,True,all_days
399,0,0,0.5628589909927906,False,,2,1.0,7.043469708615554e-70,1,2014-03-04,19,False,1,True,all_days
400,0,0,0.9404947530366164,False,,2,1.0,5.738998502527892e-72,1,2014-03-05,24,True,1,True,all_days
401,0,0,0.8685264822828487,False,,2,1.0,5.9193908762253735e-65,1,2014-03-06,24,True,1,True,all_days
402,0,0,0.022410447574940075,False,,2,1.0,1.3311011352362836e-47,1,2014-03-07,24,True,1,True,all_days
403,1,1,0.8907444342707397,False,,2,1.0,5.213577699437095e-109,0,2014-03-08,24,True,0,True,all_days
404,1,1,0.1185760420390573,False,,2,1.0,4.43241946904901e-148,0,2014-03-09,23,False,0,True,all_days
405,0,0,0.5882927596570602,False,,2,1.0,7.232510022363897e-58,1,2014-03-10,24,True,1,True,all_days
406,0,0,0.09632973795485797,False,,2,1.0,1.7412990830455253e-56,1,2014-03-11,24,True,1,True,all_days
407,0,0,0.10340488175287552,False,,2,1.0,5.441159146223119e-62,1,2014-03-12,24,True,1,True,all_days
408,0,0,0.3917451171277967,False,,2,1.0,6.179967801684169e-60,1,2014-03-13,24,True,1,True,all_days
409,0,0,0.9395720067563197,False,,2,1.0,5.570314287652731e-52,1,2014-03-14,24,True,1,True,all_days
410,1,1,0.31304410450704734,False,,2,1.0,1.0938174560862316e-98,0,2014-03-15,24,True,0,True,all_days
411,1,1,0.058071183629421985,False,,2,1.0,1.3633384422306552e-175,0,2014-03-16,24,True,0,True,all_days
412,0,0,0.877588415181608,False,,2,1.0,2.463448487033252e-73,1,2014-03-17,24,True,1,True,all_days
413,0,0,0.8951002270102846,False,,2,1.0,5.625759457233968e-62,1,2014-03-18,24,True,1,True,all_days
414,0,0,0.8255434318535548,False,,2,1.0,5.493955953611474e-63,1,2014-03-19,24,True,1,True,all_days
415,0,0,0.9794307708449825,False,,2,1.0,1.6691309382978751e-68,1,2014-03-20,24,True,1,True,all_days
416,0,0,0.49611585050140494,False,,2,1.0,6.18231329572803e-52,1,2014-03-21,24,True,1,True,all_days
417,1,1,0.9465056348918736,False,,2,1.0,6.923717094654239e-100,0,2014-03-22,24,True,0,True,all_days
418,1,1,0.3945290322934753,False,,2,1.0,3.935098377785405e-157,0,2014-03-23,24,True,0,True,all_days
419,0,0,0.3730820930507869,False,,2,1.0,1.3340122130765933e-79,1,2014-03-24,24,True,1,True,all_days
420,0,0,0.8550763393969489,False,,2,1.0,3.827248371030122e-77,1,2014-03-25,24,True,1,True,all_days
421,0,0,0.17967434166000326,False,,2,1.0,2.797379407109539e-67,1,2014-03-26,24,True,1,True,all_days
422,0,0,0.9995906593391902,False,,2,1.0,3.697386414893225e-68,1,2014-03-27,24,True,1,True,all_days
423,0,0,0.9814511880508034,False,,2,1.0,7.6925588254220685e-59,1,2014-03-28,24,True,1,True,all_days
424,1,1,0.9041701584013455,False,,2,1.0,9.46779061006284e-99,0,2014-03-29,24,True,0,True,all_days
425,1,1,0.4578726944261963,False,,2,1.0,9.481736514381171e-157,0,2014-03-30,24,True,0,True,all_days
426,0,0,0.34737896810337443,False,,2,1.0,2.2716479257105753e-65,1,2014-03-31,24,True,1,True,all_days
427,0,0,0.9509317966167693,False,,2,1.0,8.970209130683148e-72,1,2014-04-01,24,True,1,True,all_days
428,0,0,0.9343447570550751,False,,2,1.0,9.364108038851857e-73,1,2014-04-02,23,False,1,True,all_days
429,0,0,0.2912456103952505,False,,2,1.0,3.543467702767496e-71,1,2014-04-03,24,True,1,True,all_days
430,-1,0,6.5572545237443176e-12,True,,2,1.0,1.5129230501164042e-18,1,2014-04-04,24,True,-1,False,all_days
431,1,1,0.4365379922632169,False,,2,1.0,7.164738718938134e-110,0,2014-04-05,24,True,0,True,all_days
432,1,1,0.8008745444364822,False,,2,1.0,1.1012096717356337e-162,0,2014-04-06,24,True,0,True,all_days
433,0,0,0.8183722131771844,False,,2,1.0,6.699029957696972e-77,1,2014-04-07,24,True,1,True,all_days
434,0,0,0.027340793877535345,False,,2,1.0,2.124173270724415e-72,1,2014-04-08,24,True,1,True,all_days
435,0,0,0.997306602293025,False,,2,1.0,1.7085803005225678e-70,1,2014-04-09,24,True,1,True,all_days
436,0,0,0.5194872765347138,False,,2,1.0,1.7154704075296795e-62,1,2014-04-10,24,True,1,True,all_days
437,0,0,0.915425560625392,False,,2,1.0,9.807274489294637e-56,1,2014-04-11,24,True,1,True,all_days
438,1,1,0.8782700479351122,False,,2,1.0,3.485008808104629e-91,0,2014-04-12,24,True,0,True,all_days
439,1,1,0.5285170833225377,False,,2,1.0,2.98935717195788e-163,0,2014-04-13,24,True,0,True,all_days
440,0,0,0.6066793624610525,False,,2,1.0,2.999945132629258e-77,1,2014-04-14,24,True,1,True,all_days
441,0,0,0.9371173533971631,False,,2,1.0,6.628584451141367e-76,1,2014-04-15,24,True,1,True,all_days
442,0,0,0.6645867745319566,False,,2,1.0,4.035702824611933e-78,1,2014-04-16,24,True,1,True,all_days
443,0,0,0.8533262884086342,False,,2,1.0,4.6259713700509535e-68,1,2014-04-17,24,True,1,True,all_days
444,0,0,0.03391483273096046,False,,2,1.0,4.800142578905134e-40,1,2014-04-18,24,True,1,True,all_days
445,1,1,0.8140933188136934,False,,2,1.0,3.317896012147898e-113,0,2014-04-19,24,True,0,True,all_days
446,1,1,0.021578617491782713,False,,2,1.0,1.5275161791392044e-173,0,2014-04-20,22,False,0,True,all_days
447,0,0,0.019348582996489925,False,,2,1.0,2.4939754629136106e-64,1,2014-04-21,24,True,1,True,all_days
448,0,0,0.8931391008060666,False,,2,1.0,3.1048102076493666e-75,1,2014-04-22,24,True,1,True,all_days
449,0,0,0.9411015173499776,False,,2,1.0,8.60804751770324e-77,1,2014-04-23,24,True,1,True,all_days
450,-1,0,3.1853903971156114e-07,True,,2,1.0,8.8079496638023e-53,1,2014-04-24,24,True,-1,False,all_days
451,0,0,0.01548678902801314,False,,2,1.0,3.870286675303401e-41,1,2014-04-25,24,True,1,True,all_days
452,1,1,0.8061696241427747,False,,2,1.0,2.2695601308404305e-110,0,2014-04-26,24,True,0,True,all_days
453,1,1,0.5208670037222467,False,,2,1.0,2.1784728448108643e-163,0,2014-04-27,24,True,0,True,all_days
454,2,0,1.550477939464244e-08,True,2.0,3,1.0,6.685610404731099e-65,1,2014-04-28,24,True,1,True,all_days
455,0,0,0.8505448217812046,False,,3,0.9998542992207986,0.0014328043636413243,1,2014-04-29,9,False,1,True,all_days
456,1,1,0.6161718615202101,False,,3,1.0,1.4479679579540095e-17,0,2014-05-04,19,False,0,True,all_days
457,0,0,0.9124280540098165,False,,3,0.9999999927456464,1.432130179305565e-07,1,2014-05-05,24,True,1,True,all_days
458,2,2,0.7937214272459683,False,,3,0.999946827540138,0.0005764927992396516,1,2014-05-06,20,False,1,True,all_days
459,0,0,0.6557970320092676,False,,3,0.9999998291983697,2.832362932956801e-06,1,2014-05-07,24,True,1,True,all_days
460,0,0,0.9970711915989191,False,,3,0.9999999962841635,7.584268443055028e-08,1,2014-05-08,24,True,1,True,all_days
461,2,2,0.8115271126950425,False,,3,0.999993603383697,8.28984727281694e-05,1,2014-05-09,24,True,1,True,all_days
462,1,1,0.9050131350481213,False,,3,1.0,4.384390093231929e-29,0,2014-05-10,24,True,0,True,all_days
463,1,1,0.699505859478208,False,,3,1.0,2.7953805060948117e-37,0,2014-05-11,24,True,0,True,all_days
464,0,0,0.5236488905007448,False,,3,0.9999999559551817,7.90078516498889e-07,1,2014-05-12,24,True,1,True,all_days
465,2,2,0.6941387191855555,False,,3,0.9999380261197559,0.0006624243387767455,1,2014-05-13,24,True,1,True,all_days
466,0,0,0.5605353241560419,False,,3,0.99999355811248,8.343974466263929e-05,1,2014-05-14,24,True,1,True,all_days
467,0,0,0.9902603362860274,False,,3,0.9999999784962983,4.011524317653149e-07,1,2014-05-15,24,True,1,True,all_days
468,0,0,0.05650355723994147,False,,3,0.9907985347997188,0.05229908213910835,1,2014-05-16,24,True,1,True,all_days
469,1,1,0.8338989396092448,False,,3,1.0,1.3789369398995298e-21,0,2014-05-17,24,True,0,True,all_days
470,1,1,0.966303581379389,False,,3,1.0,1.0381335880561565e-35,0,2014-05-18,24,True,0,True,all_days
471,0,0,0.36205171780901024,False,,3,0.9999987007462805,1.890897466581366e-05,1,2014-05-19,24,True,1,True,all_days
472,0,0,0.06801342589544974,False,,3,0.9992893454165791,0.0058621673815277,1,2014-05-20,24,True,1,True,all_days
473,0,0,0.2723640902426257,False,,3,0.9999841484245569,0.00019104689238868964,1,2014-05-21,23,False,1,True,all_days
474,0,0,0.9979816187006035,False,,3,0.9999999897748459,1.98351776074499e-07,1,2014-05-22,24,True,1,True,all_days
475,0,0,0.1984026554705625,False,,3,0.9994138107816702,0.0049483601161504605,1,2014-05-23,24,True,1,True,all_days
476,1,1,0.8107067117413261,False,,3,1.0,1.6249708095947365e-27,0,2014-05-24,24,True,0,True,all_days
477,1,1,0.8343151121966839,False,,3,1.0,3.473041288839253e-41,0,2014-05-25,24,True,0,True,all_days
478,1,1,0.7336921083033257,False,,3,1.0,1.333883280542943e-31,0,2014-05-26,24,True,0,True,all_days
479,0,0,0.9254636648553204,False,,3,0.9999999855232319,2.757928591044759e-07,1,2014-05-27,24,True,1,True,all_days
480,0,0,0.9737985972632479,False,,3,0.9999999910647546,1.7453451274012354e-07,1,2014-05-28,24,True,1,True,all_days
481,0,0,0.9887722103818466,False,,3,0.9999999680959034,5.825857347015142e-07,1,2014-05-29,24,True,1,True,all_days
482,0,0,0.29120649264617693,False,,3,0.9996259235991857,0.0033258621956353818,1,2014-05-30,24,True,1,True,all_days
483,1,1,0.828499158931554,False,,3,1.0,2.4333399497085828e-21,0,2014-05-31,24,True,0,True,all_days
484,1,1,0.9281487714519175,False,,3,1.0,2.5857783283340188e-33,0,2014-06-01,24,True,0,True,all_days
485,0,0,0.9345128638861829,False,,3,0.9999999699925337,5.497913839220967e-07,1,2014-06-02,24,True,1,True,all_days
486,0,0,0.9888451861403849,False,,3,0.9999999132146693,1.4978998784667739e-06,1,2014-06-03,21,False,1,True,all_days
487,0,0,0.8511577385647714,False,,3,0.9999978357899557,3.0392984320841753e-05,1,2014-06-04,20,False,1,True,all_days
488,0,0,0.9920689428668795,False,,3,0.9999999618298298,6.901629241948949e-07,1,2014-06-05,24,True,1,True,all_days
489,0,0,0.006161244326946633,False,,3,0.5381665823338011,0.6902309686777919,1,2014-06-06,24,True,1,True,all_days
490,1,1,0.9335003139908845,False,,3,1.0,5.431187773132849e-25,0,2014-06-07,24,True,0,True,all_days
491,1,1,0.8276307105685727,False,,3,1.0,4.739752496993483e-38,0,2014-06-08,24,True,0,True,all_days
492,0,0,0.8814161544968178,False,,3,0.999999289858362,1.0764185643297315e-05,1,2014-06-09,22,False,1,True,all_days
493,0,0,0.9839509263715109,False,,3,0.9999721694038652,0.000319755756005908,1,2014-06-10,13,False,1,True,all_days
494,0,0,0.998872237178493,False,,3,0.9999203607540739,0.000831271560188969,1,2014-06-11,9,False,1,True,all_days
495,0,0,0.9093741475916137,False,,3,0.9979907819067786,0.014484461990998695,1,2014-06-13,6,False,1,True,all_days
496,1,1,0.6553031312329846,False,,3,0.99999992389801,1.323504273780271e-06,0,2014-06-14,6,False,0,True,all_days
497,1,1,0.2869401917102324,False,,3,1.0,2.342277326574312e-19,0,2014-06-15,8,False,0,True,all_days
498,0,0,0.9009836808556037,False,,3,0.9991699037778017,0.006718428409075676,1,2014-06-18,6,False,1,True,all_days
499,0,0,0.31572988997004114,False,,3,0.9845855581216338,0.0796110187576927,1,2014-06-20,6,False,1,True,all_days
500,0,0,0.6541762981308262,False,,3,0.9987421662670303,0.009657329713778636,1,2014-06-26,8,False,1,True,all_days
501,0,0,0.9813977810377715,False,,3,0.9999875014076415,0.00015512279713493057,1,2014-07-01,11,False,1,True,all_days
502,0,0,0.9954187035500857,False,,3,0.9999996194045386,6.006378140849088e-06,1,2014-07-02,19,False,1,True,all_days
503,0,0,0.1887365110163065,False,,3,0.9488787249306396,0.23718282844842586,1,2014-07-03,8,False,1,True,all_days
504,1,1,0.0005310968230618552,False,,3,0.999999999998396,4.518179199101181e-11,1,2014-07-04,20,False,0,False,all_days
505,1,1,0.722534091575666,False,,3,1.0,1.3909332722998286e-23,0,2014-07-05,21,False,0,True,all_days
506,1,1,0.29714147375279804,False,,3,1.0,9.802080849631062e-43,0,2014-07-06,24,True,0,True,all_days
507,0,0,0.07594090906679032,False,,3,0.999782736967572,0.0020497231425100552,1,2014-07-07,24,True,1,True,all_days
508,0,0,0.9975461510923724,False,,3,0.9999999875718474,2.3866154162772465e-07,1,2014-07-08,23,False,1,True,all_days
509,0,0,0.9990646378292096,False,,3,0.9999999771019044,4.257262441398865e-07,1,2014-07-09,24,True,1,True,all_days
510,0,0,0.5379080646941667,False,,3,0.9999802082963577,0.00023414056095146971,1,2014-07-10,24,True,1,True,all_days
511,2,2,0.9996895320971583,False,,3,0.6436177816836175,0.6513082074153751,1,2014-07-11,23,False,1,True,all_days
512,1,1,0.8297732880540238,False,,3,1.0,4.886531310163687e-25,0,2014-07-12,24,True,0,True,all_days
513,1,1,0.9877259066650013,False,,3,1.0,4.025841140895344e-39,0,2014-07-13,24,True,0,True,all_days
514,0,0,0.5894161623448008,False,,3,0.9999973946799382,3.610440484652743e-05,1,2014-07-14,22,False,1,True,all_days
515,0,0,0.9957738641965721,False,,3,0.9999999702480804,5.453637357195131e-07,1,2014-07-15,24,True,1,True,all_days
516,0,0,0.9561975486179544,False,,3,0.9999996602453196,5.400414883991002e-06,1,2014-07-16,24,True,1,True,all_days
517,0,0,0.9961455474585196,False,,3,0.9999998558703884,2.4145389363833905e-06,1,2014-07-17,24,True,1,True,all_days
518,0,0,0.19287236067128996,False,,3,0.996919157208118,0.020891226026433243,1,2014-07-18,24,True,1,True,all_days
519,1,1,0.9666656306156094,False,,3,1.0,6.888422979594675e-26,0,2014-07-19,24,True,0,True,all_days
520,1,1,0.4176794920410919,False,,3,1.0,1.0720323037561757e-45,0,2014-07-20,24,True,0,True,all_days
521,0,0,0.07405911333378809,False,,3,0.999592118864894,0.003591120437786552,1,2014-07-21,24,True,1,True,all_days
522,0,0,0.9743934108650187,False,,3,0.9999999263869901,1.2826657455308215e-06,1,2014-07-22,24,True,1,True,all_days
523,0,0,0.9934920211206402,False,,3,0.9999999494287919,9.001616032116929e-07,1,2014-07-23,24,True,1,True,all_days
524,0,0,0.012604749138439404,False,,3,0.7091451097159976,0.6029153640059214,1,2014-07-25,23,False,1,True,all_days
525,1,1,0.8951422590147061,False,,3,1.0,1.1160150602850747e-26,0,2014-07-26,24,True,0,True,all_days
526,1,1,0.3417931230133864,False,,3,1.0,1.8742081151361195e-41,0,2014-07-27,16,False,0,True,all_days
527,0,0,0.9977318190331605,False,,3,0.9999933810073229,9.010249359683959e-05,1,2014-07-30,15,False,1,True,all_days
528,0,0,0.9890744377168932,False,,3,0.9999991367662164,1.2916204407082982e-05,1,2014-07-31,23,False,1,True,all_days
529,0,0,0.04295205371753176,False,,3,0.9345427336665667,0.24172652994506863,1,2014-08-01,22,False,1,True,all_days
530,0,0,0.17286569458500656,False,,3,0.6110249077539686,0.6786784784383673,0,2014-08-03,13,False,1,False,all_days
531,0,0,0.9072513466638368,False,,3,0.999999540684853,7.162344082902235e-06,1,2014-08-04,21,False,1,True,all_days
532,0,0,0.9849817184287869,False,,3,0.9999999584431416,7.478656519381716e-07,1,2014-08-05,24,True,1,True,all_days
533,0,0,0.949190643194689,False,,3,0.9999998037950434,3.22641506968353e-06,1,2014-08-06,24,True,1,True,all_days
534,0,0,0.732229254747994,False,,3,0.9998877090853265,0.0011335068691718923,1,2014-08-07,14,False,1,True,all_days
535,0,0,0.8899405235094177,False,,3,0.9999807131293419,0.0002286666106249355,1,2015-06-24,16,False,1,True,all_days
536,0,0,0.7873906011325115,False,,3,0.9997814450559912,0.0020615184278007844,1,2015-06-25,13,False,1,True,all_days
537,2,2,0.9978778144104811,False,,3,0.9988675479694947,0.008813651761130838,1,2015-06-26,20,False,1,True,all_days
538,1,1,0.7108798098726006,False,,3,1.0,5.5396730370738825e-28,0,2015-06-27,23,False,0,True,all_days
539,1,1,0.9520957006527995,False,,3,1.0,1.8324237088864833e-44,0,2015-06-28,24,True,0,True,all_days
540,0,0,0.7362614651166113,False,,3,0.9999991100033315,1.3289472677949781e-05,1,2015-06-29,23,False,1,True,all_days
541,0,0,0.7925215861700633,False,,3,0.9999828507159044,0.00020533773434807908,1,2015-06-30,19,False,1,True,all_days
542,2,2,0.9976879854310166,False,,3,0.9938732060806194,0.03732451438206187,1,2015-07-01,23,False,1,True,all_days
543,2,2,0.9863689506995512,False,,3,0.9999719334033204,0.00032223024970752843,1,2015-07-02,24,True,1,True,all_days
544,1,1,0.01944797718397424,False,,3,0.9999999999996427,1.0597785725537132e-11,0,2015-07-03,24,True,0,True,all_days
545,1,1,5.8768729659713025e-05,False,,3,1.0,3.78233667527936e-38,0,2015-07-04,24,True,0,True,all_days
546,1,1,0.10474223441417435,False,,3,1.0,6.254841263735489e-53,0,2015-07-05,24,True,0,True,all_days
547,0,0,0.6687396037691964,False,,3,0.9999514678009056,0.0005306150935647385,1,2015-07-06,24,True,1,True,all_days
548,0,0,0.8400385292128645,False,,3,0.9999905760209421,0.00011848060600730225,1,2015-07-07,24,True,1,True,all_days
549,0,0,0.9084607430497156,False,,3,0.9999949195501777,6.70116829122203e-05,1,2015-07-08,24,True,1,True,all_days
550,0,0,0.773387904749563,False,,3,0.9999577992257691,0.00046729132064165396,1,2015-07-09,24,True,1,True,all_days
551,0,0,0.06908519606596972,False,,3,0.8193218070385223,0.47242030644714395,1,2015-07-10,24,True,1,True,all_days
552,1,1,0.9954261962775649,False,,3,1.0,1.4551989273531979e-31,0,2015-07-11,24,True,0,True,all_days
553,1,1,0.40233114892236826,False,,3,1.0,8.316433200105366e-47,0,2015-07-12,23,False,0,True,all_days
554,0,0,0.9468556236133439,False,,3,0.9999996818397934,5.078062991870307e-06,1,2015-07-13,24,True,1,True,all_days
555,0,0,0.27835898007538834,False,,3,0.9995067427527565,0.004249032881920979,1,2015-07-14,24,True,1,True,all_days
556,0,0,0.24273013197089027,False,,3,0.9991852507621526,0.0066094272542456065,1,2015-07-15,24,True,1,True,all_days
557,0,0,0.8112407866890263,False,,3,0.9999834447644323,0.0001988085109094579,1,2015-07-16,24,True,1,True,all_days
558,2,2,0.9999948455166862,False,,3,0.5588788141439632,0.6861976373538222,1,2015-07-17,24,True,1,True,all_days
559,1,1,0.9129147594923506,False,,3,1.0,2.948468613374239e-30,0,2015-07-18,24,True,0,True,all_days
560,1,1,0.1574754862854682,False,,3,1.0,1.834160238820161e-58,0,2015-07-19,24,True,0,True,all_days
561,0,0,0.5973765464418428,False,,3,0.9999209286577588,0.0008259096986061005,1,2015-07-20,24,True,1,True,all_days
562,0,0,0.8011472785238929,False,,3,0.999977905744394,0.00025894869384018865,1,2015-07-21,24,True,1,True,all_days
563,0,0,0.8661468051405783,False,,3,0.9999971753786414,3.891518927869124e-05,1,2015-07-22,24,True,1,True,all_days
564,0,0,0.03580391126384225,False,,3,0.6173871113665305,0.6653287853889641,1,2015-07-23,24,True,1,True,all_days
565,-1,2,2.9264248309899813e-87,True,,3,1.0,3.5151029996740055e-98,1,2015-07-24,24,True,-1,False,all_days
566,-1,2,0.0,True,,3,1.0,1.1614990738942098e-44,0,2015-07-25,24,True,-1,False,all_days
567,1,1,0.00555567701181092,False,,3,1.0,3.5863536643338285e-65,0,2015-07-26,24,True,0,True,all_days
568,0,0,0.4653501331228146,False,,3,0.9998838938728332,0.0011681376893829412,1,2015-07-27,24,True,1,True,all_days
569,0,0,0.002492290788216045,False,,3,0.7768481191354255,0.5308683432669647,1,2015-07-28,24,True,1,True,all_days
570,0,0,0.7079504474018767,False,,3,0.9999644145310843,0.00040010719071587736,1,2015-07-29,23,False,1,True,all_days
571,0,0,0.8381902740218906,False,,3,0.9999519954271688,0.0005253711794496797,1,2015-07-30,23,False,1,True,all_days
572,2,2,0.9995661872847845,False,,3,0.9997439289854371,0.002373759792315026,1,2015-07-31,24,True,1,True,all_days
573,1,1,0.62125610881824,False,,3,1.0,3.299314644586736e-30,0,2015-08-01,24,True,0,True,all_days
574,1,1,0.6033921899460755,False,,3,1.0,2.798352836225502e-56,0,2015-08-02,24,True,0,True,all_days
575,0,0,0.7579503200891431,False,,3,0.9999973860817896,3.6214945246387675e-05,1,2015-08-03,24,True,1,True,all_days
576,0,0,0.015996982639684937,False,,3,0.5637428320632365,0.6849987266841646,1,2015-08-04,24,True,1,True,all_days
577,2,2,0.9998053804110744,False,,3,0.8813167860866674,0.3642931509972416,1,2015-08-05,23,False,1,True,all_days
578,0,0,0.6670779469655486,False,,3,0.9996055817355652,0.003485829728207073,1,2015-08-06,24,True,1,True,all_days
579,2,2,0.9970881879648634,False,,3,0.9998802502427975,0.0012010956297487207,1,2015-08-07,24,True,1,True,all_days
580,1,1,0.9204817415633638,False,,3,1.0,5.2438807177413765e-40,0,2015-08-08,24,True,0,True,all_days
581,1,1,0.5126003134829982,False,,3,1.0,1.0134944961703919e-60,0,2015-08-09,24,True,0,True,all_days
582,0,0,0.9452336450151431,False,,3,0.999997937805178,2.905991048813175e-05,1,2015-08-10,23,False,1,True,all_days
583,0,0,0.9349633563239896,False,,3,0.9999980935523302,2.701487433585429e-05,1,2015-08-11,24,True,1,True,all_days
584,0,0,0.09435800784243982,False,,3,0.9280135990903932,0.2587471047563316,1,2015-08-12,24,True,1,True,all_days
585,0,0,0.8486329954797482,False,,3,0.9999638685329757,0.0004056959752699903,1,2015-08-13,24,True,1,True,all_days
586,0,0,0.13510502475203734,False,,3,0.68457587327961,0.6233720580430763,1,2015-08-14,24,True,1,True,all_days
587,1,1,0.9361881593401048,False,,3,1.0,1.2857129693106974e-37,0,2015-08-15,24,True,0,True,all_days
588,1,1,0.3377410603102929,False,,3,1.0,2.324835199029948e-60,0,2015-08-16,24,True,0,True,all_days
589,0,0,0.9660047554640364,False,,3,0.9999999392839013,1.0696389589469741e-06,1,2015-08-17,23,False,1,True,all_days
590,0,0,0.9416068569967634,False,,3,0.9999998713231525,2.1702587649076446e-06,1,2015-08-18,24,True,1,True,all_days
591,0,0,0.9514512475306763,False,,3,0.9999998981240931,1.7420281393256443e-06,1,2015-08-19,24,True,1,True,all_days
592,0,0,0.9981226767760155,False,,3,0.9999991832796229,1.2265481038847854e-05,1,2015-08-20,24,True,1,True,all_days
593,0,0,0.20797175828446715,False,,3,0.8036648718692244,0.4952796653530944,1,2015-08-21,24,True,1,True,all_days
594,1,1,0.5582325359143804,False,,3,1.0,3.645092363591058e-29,0,2015-08-22,23,False,0,True,all_days
595,1,1,0.3036061105801878,False,,3,1.0,1.6059765555853865e-59,0,2015-08-23,24,True,0,True,all_days
596,0,0,0.8264817604723664,False,,3,0.9999999616397098,6.934099097028614e-07,1,2015-08-24,24,True,1,True,all_days
597,0,0,0.9306779644243913,False,,3,0.9999993055419156,1.0541966573676378e-05,1,2015-08-25,23,False,1,True,all_days
598,0,0,0.9024442322733024,False,,3,0.9999999276516105,1.2618841750670672e-06,1,2015-08-26,24,True,1,True,all_days
599,0,0,0.9982423082802306,False,,3,0.9999999685153473,5.753431335090888e-07,0,2015-08-27,24,True,1,False,all_days
600,0,0,0.7345982099433747,False,,3,0.9997382988668283,0.0024202582845775857,1,2015-08-28,24,True,1,True,all_days
601,1,1,0.11845225450543474,False,,3,1.0,9.533696395942853e-24,0,2015-08-29,17,False,0,True,all_days
602,1,1,0.6949229286834694,False,,3,1.0,2.2747774468725482e-39,0,2015-08-30,22,False,0,True,all_days
603,0,0,0.9778833675754443,False,,3,0.9999999854824858,2.7652829987576417e-07,1,2015-08-31,24,True,1,True,all_days
604,0,0,0.8826707609670862,False,,3,0.9997940414729771,0.0019540794616198652,1,2015-09-01,10,False,1,True,all_days
605,0,0,0.9945735392512218,False,,3,0.9999994466239496,8.525990869136901e-06,1,2015-09-02,20,False,1,True,all_days
606,0,0,0.8900800682858759,False,,3,0.9999983486448293,2.3637355024409066e-05,1,2015-09-03,24,True,1,True,all_days
607,2,2,0.9995746414492611,False,,3,0.8752447689142112,0.3762935889061048,1,2015-09-04,24,True,1,True,all_days
608,1,1,0.8281665673660148,False,,3,1.0,1.1761651887546656e-39,0,2015-09-05,24,True,0,True,all_days
609,1,1,0.9999453937522335,False,,3,1.0,2.3261086381708286e-51,0,2015-09-06,24,True,0,True,all_days
610,1,1,0.24460225436125912,False,,3,1.0,1.6176749330963093e-30,0,2015-09-07,24,True,0,True,all_days
611,0,0,0.47832087973767223,False,,3,0.9999999885327285,2.2113221412917224e-07,1,2015-09-08,24,True,1,True,all_days
612,0,0,0.007378144860628312,False,,3,0.9999902194727731,0.00012260000691098784,1,2015-09-09,24,True,1,True,all_days
613,0,0,0.8331781180533069,False,,3,0.9999996376406858,5.736375988932382e-06,1,2015-09-10,24,True,1,True,all_days
614,0,0,0.011853356285848365,False,,3,0.6579916547402893,0.642358623029434,1,2015-09-11,24,True,1,True,all_days
615,1,1,2.355791380022893e-05,False,,3,1.0,7.285041315216875e-50,0,2015-09-12,24,True,0,True,all_days
616,1,1,0.5291399800144683,False,,3,1.0,1.0213037312986614e-66,0,2015-09-13,24,True,0,True,all_days
617,0,0,0.37809036050528644,False,,3,0.9999999708018703,5.357611845980613e-07,1,2015-09-14,23,False,1,True,all_days
618,2,2,0.5731981986212763,False,,3,0.8490449791975556,0.4243620974040323,1,2015-09-15,24,True,1,True,all_days
619,0,0,0.2952913238953587,False,,3,0.9999975512627245,3.40862682219475e-05,1,2015-09-16,20,False,1,True,all_days
620,0,0,0.8967204982950676,False,,3,0.9999951090524762,6.469805083510462e-05,1,2015-09-17,24,True,1,True,all_days
621,0,0,0.8751237647132127,False,,3,0.9998568276738018,0.0014104464204918905,1,2015-09-18,24,True,1,True,all_days
622,1,1,0.32249140213175603,False,,3,1.0,1.4653261073082937e-24,0,2015-09-19,24,True,0,True,all_days
623,1,1,0.5314160742216615,False,,3,1.0,2.1490566040783885e-58,0,2015-09-20,21,False,0,True,all_days
624,0,0,0.33250383280904927,False,,3,0.9999967242127202,4.464554330412344e-05,1,2015-09-21,21,False,1,True,all_days
625,0,0,0.19063486672517332,False,,3,0.9999991499892953,1.2731474343199228e-05,1,2015-09-22,19,False,1,True,all_days
626,0,0,0.6482180507924105,False,,3,0.9999999818300794,3.420214580165989e-07,1,2015-09-23,23,False,1,True,all_days
627,0,0,0.9869227722489554,False,,3,0.9999999652336206,6.318655814714784e-07,1,2015-09-24,22,False,1,True,all_days
628,0,0,0.9741217423403432,False,,3,0.9998367283677333,0.001587002494002766,1,2015-09-25,16,False,1,True,all_days
629,1,1,0.9172040494615916,False,,3,1.0,1.838985024720349e-18,0,2015-09-26,14,False,0,True,all_days
630,1,1,0.07450133848217956,False,,3,1.0,1.1076945272617241e-57,0,2015-09-27,21,False,0,True,all_days
631,0,0,0.6386066295667937,False,,3,0.9999999465095005,9.491226745697002e-07,1,2015-09-28,20,False,1,True,all_days
632,0,0,0.13725026006859306,False,,3,0.9999998272203576,2.8631744280984654e-06,1,2015-09-29,21,False,1,True,all_days
633,0,0,0.4731375279193617,False,,3,0.9999998885985653,1.8949523921910237e-06,1,2015-09-30,21,False,1,True,all_days
634,2,2,0.6257957581657853,False,,3,0.6913653419196539,0.6180038669237258,1,2015-10-01,20,False,1,True,all_days
635,0,0,0.8098082600422253,False,,3,0.9998673919631882,0.0013165387644539402,1,2015-10-02,20,False,1,True,all_days
636,1,1,0.8413166258043425,False,,3,1.0,2.5864687116896076e-26,0,2015-10-03,21,False,0,True,all_days
637,1,1,0.03037721597242005,False,,3,1.0,1.1284752777762072e-33,0,2015-10-04,21,False,0,True,all_days
638,0,0,0.021520466228479324,False,,3,0.994208920157717,0.035606659170884555,1,2015-10-05,21,False,1,True,all_days
639,0,0,0.5050301306600555,False,,3,0.9999995754727276,6.653314250485047e-06,1,2015-10-06,20,False,1,True,all_days
640,0,0,0.4407930978347743,False,,3,0.9999998521296496,2.473416982135722e-06,1,2015-10-07,23,False,1,True,all_days
641,0,0,0.9653438917408014,False,,3,0.9999994085192592,9.073691012252323e-06,1,2015-10-08,21,False,1,True,all_days
642,2,2,0.005358843038981913,False,,3,0.5614893431809717,0.6855661253302394,1,2015-10-09,16,False,1,True,all_days
643,1,1,0.03789135004529346,False,,3,1.0,1.1536154996150073e-23,0,2015-10-10,20,False,0,True,all_days
644,1,1,0.08165934437212975,False,,3,1.0,2.04529777900792e-54,0,2015-10-11,23,False,0,True,all_days
645,0,0,0.37731082301961016,False,,3,0.9999999348144509,1.1437474593215179e-06,0,2015-10-12,22,False,1,False,all_days
646,0,0,0.6008060907226209,False,,3,0.9999998583574972,2.375339010045586e-06,1,2015-10-13,24,True,1,True,all_days
647,0,0,0.4531513564044136,False,,3,0.9999971638351168,3.906265888751602e-05,1,2015-10-14,15,False,1,True,all_days
648,0,0,0.9998633284831189,False,,3,0.9999991056064083,1.335072000180054e-05,1,2015-10-15,21,False,1,True,all_days
649,0,0,0.1874556638478612,False,,3,0.9276730005735021,0.25963795134435963,1,2015-10-16,9,False,1,True,all_days
650,1,1,0.9482874275307632,False,,3,1.0,3.018510727720665e-19,0,2015-10-17,11,False,0,True,all_days
651,1,1,0.1898692911471483,False,,3,1.0,3.750492209126759e-49,0,2015-10-18,17,False,0,True,all_days
652,0,0,0.4010619882721153,False,,3,0.9999993905228975,9.33149922293791e-06,1,2015-10-19,19,False,1,True,all_days
653,0,0,0.3691210989515437,False,,3,0.9999878837816978,0.00014928343607245286,1,2015-10-20,13,False,1,True,all_days
654,0,0,0.3948088389433903,False,,3,0.9999994469849566,8.520789620501548e-06,1,2015-10-21,20,False,1,True,all_days
655,0,0,0.023536687406609722,False,,3,0.7734438463244753,0.5350815010652819,1,2015-10-22,20,False,1,True,all_days
656,0,0,0.5840976239276431,False,,3,0.9957808352677054,0.027281142557355857,1,2015-10-23,10,False,1,True,all_days
657,0,0,0.10363836214042925,False,,3,0.9940815082262103,0.03626126340031852,1,2015-10-27,9,False,1,True,all_days
658,0,0,0.39748366488400444,False,,3,0.9999869422829182,0.0001599064319744,1,2015-10-28,13,False,1,True,all_days
659,0,0,0.9785774341777811,False,,3,0.999961190602347,0.000432989802659231,1,2015-10-29,13,False,1,True,all_days
660,0,0,0.159251476354216,False,,3,0.923482871205939,0.2701794675367946,1,2015-10-30,13,False,1,True,all_days
661,1,1,0.9624003045350933,False,,3,1.0,7.952613370133419e-17,0,2015-10-31,12,False,0,True,all_days
662,1,1,0.01419255134842294,False,,3,1.0,2.9972131332589636e-30,0,2015-11-01,13,False,0,True,all_days
663,0,0,0.03820862855779745,False,,3,0.9999582333394846,0.00046291623963036737,1,2015-11-02,13,False,1,True,all_days
664,0,0,0.18460912345786168,False,,3,0.9999973864727985,3.6209918954295965e-05,1,2015-11-03,14,False,1,True,all_days
665,0,0,0.59193715865641,False,,3,0.9999910221084511,0.00011330764404348607,1,2015-11-04,13,False,1,True,all_days
666,2,2,0.7153795125397662,False,,3,0.5369158709027567,0.6904191358644953,1,2015-11-05,13,False,1,True,all_days
667,0,0,0.9787561692529739,False,,3,0.9990549260150784,0.007526356249815761,1,2015-11-06,13,False,1,True,all_days
668,1,1,0.30399718213869087,False,,3,1.0,2.809924175336288e-16,0,2015-11-07,13,False,0,True,all_days
669,1,1,0.12897868131877355,False,,3,1.0,3.9851586705538914e-29,0,2015-11-08,13,False,0,True,all_days
670,0,0,0.08856205441772645,False,,3,0.999996162754302,5.169059205589939e-05,1,2015-11-09,14,False,1,True,all_days
671,0,0,0.009332575907602355,False,,3,0.9471814259869954,0.20673218563845625,1,2015-11-10,13,False,1,True,all_days
672,0,0,0.09060480194456788,False,,3,0.9999359885847429,0.0006821323414670722,0,2015-11-11,13,False,1,False,all_days
673,0,0,0.9075252915593295,False,,3,0.9999528856241144,0.0005165106072084547,1,2015-11-12,12,False,1,True,all_days
674,0,0,0.5735219732350438,False,,3,0.999992747898648,9.307503276076886e-05,1,2015-11-13,13,False,1,True,all_days
675,1,1,0.8999870968188812,False,,3,1.0,1.657224524596034e-20,0,2015-11-14,14,False,0,True,all_days
676,1,1,0.36606639592679785,False,,3,1.0,4.025301835856707e-49,0,2015-11-15,16,False,0,True,all_days
677,0,0,0.33924366780344195,False,,3,0.9998705366470005,0.0012884254995121755,1,2015-11-16,12,False,1,True,all_days
678,0,0,0.7051348559581139,False,,3,0.9999728537861888,0.00031256854761113286,1,2015-11-17,13,False,1,True,all_days
679,0,0,0.5000516726288599,False,,3,0.9999618956494586,0.0004258223299267355,1,2015-11-18,12,False,1,True,all_days
680,0,0,0.8658607693600049,False,,3,0.9999953426098688,6.183641558616014e-05,1,2015-11-19,13,False,1,True,all_days
681,0,0,0.9230501105440032,False,,3,0.9991792730786497,0.0066519175409108545,1,2015-11-20,14,False,1,True,all_days
682,1,1,0.018997355405404454,False,,3,0.9999999999999987,4.287904624098667e-14,0,2015-11-21,13,False,0,True,all_days
683,1,1,0.086144090859151,False,,3,1.0,3.3071718312320284e-36,0,2015-11-22,14,False,0,True,all_days
684,0,0,0.173763618454948,False,,3,0.9999764406012407,0.000274607737964542,1,2015-11-23,13,False,1,True,all_days
685,0,0,0.9242402587357682,False,,3,0.9999858403359351,0.00017225381589296414,1,2015-11-24,13,False,1,True,all_days
686,0,0,0.3827474247752694,False,,3,0.9955237606666304,0.028678059299547868,1,2015-11-25,13,False,1,True,all_days
687,1,1,0.638331127874453,False,,3,1.0,3.0343676534657856e-24,0,2015-11-26,14,False,0,True,all_days
688,2,2,0.0009860297577900835,False,,3,0.5747307381967989,0.6819358530900825,1,2015-11-27,13,False,1,True,all_days
689,1,1,0.05164131532448939,False,,3,1.0,2.4037677966607972e-23,0,2015-11-28,14,False,0,True,all_days
690,1,1,0.36497467209699275,False,,3,1.0,4.253078746357963e-32,0,2015-11-29,13,False,0,True,all_days
691,0,0,0.0034831114333150164,False,,3,0.9850121378468849,0.07783171249390018,1,2015-11-30,12,False,1,True,all_days
692,0,0,0.24293615695863657,False,,3,0.9998071860269326,0.0018420845967991866,1,2015-12-01,12,False,1,True,all_days
693,0,0,0.34443437623059286,False,,3,0.9999953461082487,6.179346448972848e-05,1,2015-12-02,13,False,1,True,all_days
694,0,0,0.3578803300281781,False,,3,0.9954653699304561,0.028993250291101384,1,2015-12-03,12,False,1,True,all_days
695,0,0,0.4621450517813327,False,,3,0.9910466237269158,0.05113483121031495,1,2015-12-04,13,False,1,True,all_days
696,1,1,0.6711168381111505,False,,3,1.0,4.946309211401912e-17,0,2015-12-05,13,False,0,True,all_days
697,1,1,0.25032082760617,False,,3,1.0,1.6958466164572852e-22,0,2015-12-06,12,False,0,True,all_days
698,0,0,0.003795137103730065,False,,3,0.8681090164662235,0.38996564450043936,1,2015-12-07,13,False,1,True,all_days
699,0,0,0.01665290475238913,False,,3,0.9049216160422766,0.31413249649992836,1,2015-12-08,12,False,1,True,all_days
700,0,0,0.7352187059217212,False,,3,0.9999924029913642,9.714866382432324e-05,1,2015-12-09,13,False,1,True,all_days
701,0,0,0.9347221808710999,False,,3,0.9999584029900014,0.0004612052456046323,1,2015-12-10,12,False,1,True,all_days
702,0,0,0.13519324375926242,False,,3,0.8833241510365053,0.3602491092597974,1,2015-12-11,14,False,1,True,all_days
703,1,1,0.9930431363209673,False,,3,1.0,4.930993819369552e-17,0,2015-12-12,13,False,0,True,all_days
704,1,1,0.34176591366271203,False,,3,1.0,1.820006223665124e-33,0,2015-12-13,14,False,0,True,all_days
705,0,0,0.7590951746311306,False,,3,0.9999693469056292,0.0003492233969432295,1,2015-12-14,13,False,1,True,all_days
706,0,0,0.1015981178148399,False,,3,0.9981730520781409,0.013344382918717179,1,2015-12-15,13,False,1,True,all_days
707,0,0,0.9969965195091777,False,,3,0.999987404199831,0.00015470339143322317,1,2015-12-16,13,False,1,True,all_days
708,0,0,0.32616943159938966,False,,3,0.995886000164273,0.026705205904039114,1,2015-12-17,14,False,1,True,all_days
709,0,0,0.3605533288977122,False,,3,0.9812505093797318,0.09313162237792305,1,2015-12-18,13,False,1,True,all_days
710,1,1,0.9950699940329076,False,,3,1.0,4.346422742327255e-19,0,2015-12-19,15,False,0,True,all_days
711,1,1,0.26977802815369784,False,,3,1.0,1.315386623101145e-47,0,2015-12-20,17,False,0,True,all_days
712,0,0,0.054189263424684296,False,,3,0.8821316600663189,0.3626561813910412,1,2015-12-21,13,False,1,True,all_days
713,2,2,0.976177997038389,False,,3,0.955207161623781,0.18288774785809914,1,2015-12-22,11,False,1,True,all_days
714,0,0,0.028145117213987283,False,,3,0.6958789476324947,0.6143157298701565,1,2015-12-23,12,False,1,True,all_days
715,2,2,0.008011806982011361,False,,3,0.9994091783005279,0.004982813445408447,1,2015-12-24,14,False,1,True,all_days
716,1,1,0.00012560019089947019,False,,3,1.0,9.373732198750208e-55,0,2015-12-25,19,False,0,True,all_days
717,1,1,0.002030423609876923,False,,3,1.0,5.47293487219277e-34,0,2015-12-26,19,False,0,True,all_days
718,1,1,0.20646184778653112,False,,3,1.0,4.0356141800885147e-53,0,2015-12-27,19,False,0,True,all_days
719,0,0,0.01338758484530731,False,,3,0.948645579180935,0.20248410571397693,1,2015-12-28,18,False,1,True,all_days
720,2,2,0.7294946665669008,False,,3,0.999887862481601,0.0011321099433521894,1,2015-12-29,17,False,1,True,all_days
721,0,0,0.11530891079712394,False,,3,0.8559065209746948,0.4123253087768245,1,2015-12-30,16,False,1,True,all_days
722,2,2,0.6722350926986643,False,,3,0.9999999971669937,5.8592028093838137e-08,1,2015-12-31,17,False,1,True,all_days
723,-1,1,5.538664669345381e-11,True,,3,1.0,4.6117335587937356e-48,0,2016-01-01,18,False,-1,False,all_days
724,1,1,0.49681944919856047,False,,3,1.0,8.550579115874418e-40,0,2016-01-02,18,False,0,True,all_days
725,1,1,0.02578933788918457,False,,3,1.0,1.6849497746272764e-18,0,2016-01-03,13,False,0,True,all_days
726,0,0,0.10870246757859757,False,,3,0.9999894682437424,0.00013123737526381026,1,2016-01-04,16,False,1,True,all_days
727,0,0,0.21190885164559967,False,,3,0.999999740640419,4.19256065872782e-06,1,2016-01-05,17,False,1,True,all_days
728,2,2,0.04312136483633154,False,,3,0.8736552170574696,0.37937874614543965,1,2016-01-06,17,False,1,True,all_days
729,0,0,0.24202260093044742,False,,3,0.9995309424877006,0.0040641725515522835,1,2016-01-07,16,False,1,True,all_days
730,0,0,0.9928409088251681,False,,3,0.9999316808942271,0.0007235872525247123,1,2016-01-08,15,False,1,True,all_days
731,1,1,0.8200936237907606,False,,3,1.0,3.34373223763771e-28,0,2016-01-09,13,False,0,True,all_days
732,1,1,0.07082604641817652,False,,3,1.0,1.0311062463785293e-23,0,2016-01-10,15,False,0,True,all_days
733,0,0,0.23679291406736389,False,,3,0.999987148085814,0.00015759031784569083,1,2016-01-11,14,False,1,True,all_days
734,0,0,0.13606793350101684,False,,3,0.9996513732843822,0.003124160599402327,1,2016-01-12,15,False,1,True,all_days
735,0,0,0.00033108312440847216,False,,3,0.9534847100328875,0.18812398824094906,1,2016-01-13,13,False,1,True,all_days
736,0,0,0.9978325428680239,False,,3,0.9998881188691924,0.0011297776324396469,1,2016-01-14,11,False,1,True,all_days
737,2,2,0.9904030862914309,False,,3,0.7480698503437547,0.5644457131112052,1,2016-01-15,13,False,1,True,all_days
738,1,1,0.9824295103589247,False,,3,1.0,2.041091767515528e-38,0,2016-01-16,16,False,0,True,all_days
739,1,1,0.20537351924291258,False,,3,1.0,1.0965089210926002e-23,0,2016-01-17,17,False,0,True,all_days
740,0,0,0.12729454431518294,False,,3,0.9431071658937186,0.21833103619156674,1,2016-01-18,14,False,1,True,all_days
741,2,2,0.0363003931049083,False,,3,0.8009149973447915,0.49913134856588853,1,2016-01-19,13,False,1,True,all_days
742,0,0,0.909189095377334,False,,3,0.9999842110445413,0.0001903546783294498,1,2016-01-20,14,False,1,True,all_days
743,0,0,0.9596214048194974,False,,3,0.9999738331642888,0.0003022532417015849,1,2016-01-21,13,False,1,True,all_days
744,2,2,0.5904000476986706,False,,3,0.9999054368292112,0.0009708039690806351,1,2016-01-22,13,False,1,True,all_days
745,1,1,0.09196604528261702,False,,3,0.9999999999999997,1.0303493262683449e-14,0,2016-01-23,14,False,0,True,all_days
746,1,1,0.43831274587198177,False,,3,1.0,9.327184650529093e-38,0,2016-01-24,15,False,0,True,all_days
747,0,0,0.020788844699730646,False,,3,0.8925168512861881,0.3412206816044359,1,2016-01-25,14,False,1,True,all_days
748,0,0,0.22468923019107526,False,,3,0.9998065409019349,0.001847601654487483,1,2016-01-26,14,False,1,True,all_days
749,0,0,0.5761801271441469,False,,3,0.9999992320696727,1.1580056390323684e-05,1,2016-01-27,16,False,1,True,all_days
750,0,0,0.9739964911394543,False,,3,0.9999981082113354,2.6821754802620105e-05,1,2016-01-28,17,False,1,True,all_days
751,0,0,0.9565126031691862,False,,3,0.9999459427104384,0.0005851938975025589,1,2016-01-29,21,False,1,True,all_days
752,1,1,0.9701880970170289,False,,3,1.0,1.1540878656811838e-20,0,2016-01-30,11,False,0,True,all_days
753,1,1,0.611685189952267,False,,3,1.0,2.8932840604873006e-38,0,2016-01-31,15,False,0,True,all_days
754,0,0,0.8000140819865968,False,,3,0.9999964016151861,4.870422364942414e-05,1,2016-02-01,15,False,1,True,all_days
755,-1,2,2.5191606278701277e-16,True,,3,1.0,8.795086271833386e-18,1,2016-02-02,19,False,-1,False,all_days
756,0,0,0.0552343572904328,False,,3,0.999963827168501,0.00040611904030091075,1,2016-02-03,18,False,1,True,all_days
757,0,0,0.9357536542334018,False,,3,0.9999902402653482,0.00012236014020800684,1,2016-02-04,17,False,1,True,all_days
758,0,0,0.522343711093229,False,,3,0.9989811987470498,0.008036934932781152,1,2016-02-05,23,False,1,True,all_days
759,1,1,0.7510941964499571,False,,3,1.0,2.7942955737341017e-35,0,2016-02-06,24,True,0,True,all_days
760,1,1,0.005945616787391431,False,,3,1.0,2.884701175871192e-42,0,2016-02-07,24,True,0,True,all_days
761,0,0,0.7563145330687672,False,,3,0.9999998941211372,1.8063961047563382e-06,1,2016-02-08,24,True,1,True,all_days
762,0,0,0.03871018545461618,False,,3,0.9756055317773837,0.11468086483587056,1,2016-02-09,22,False,1,True,all_days
763,0,0,0.46250188589525354,False,,3,0.9999995076795618,7.642849329282535e-06,1,2016-02-10,18,False,1,True,all_days
764,0,0,0.07276171608149577,False,,3,0.9916557589464479,0.0482464009261559,1,2016-02-11,18,False,1,True,all_days
765,0,0,0.7905457408309603,False,,3,0.9989139407284072,0.008498040472477163,1,2016-02-12,18,False,1,True,all_days
766,1,1,0.49618685103108806,False,,3,1.0,1.2178980296303636e-36,0,2016-02-13,20,False,0,True,all_days
767,1,1,0.33746790928071935,False,,3,1.0,1.9942666976029947e-53,0,2016-02-14,19,False,0,True,all_days
768,2,2,0.434066968795024,False,,3,0.9998225671747576,0.001709889928630784,0,2016-02-15,19,False,1,False,all_days
769,0,0,0.7483257308645097,False,,3,0.9999991592284605,1.260227874059008e-05,1,2016-02-16,17,False,1,True,all_days
770,0,0,0.9027945122755647,False,,3,0.9999993221705387,1.0305969775291465e-05,1,2016-02-17,18,False,1,True,all_days
771,0,0,0.9739480669921566,False,,3,0.9999956398848333,5.8177059864245e-05,1,2016-02-18,14,False,1,True,all_days
772,0,0,0.4246312052643046,False,,3,0.9861483100067667,0.07303151161047886,1,2016-02-19,12,False,1,True,all_days
773,1,1,0.9198457573781875,False,,3,1.0,4.4913233828663523e-17,0,2016-02-20,14,False,0,True,all_days
774,1,1,0.07601255295134994,False,,3,1.0,2.0598558597765958e-32,0,2016-02-21,15,False,0,True,all_days
775,0,0,0.20851212363816493,False,,3,0.9999991858150433,1.2229935641011089e-05,1,2016-02-22,18,False,1,True,all_days
776,0,0,0.010966431001481633,False,,3,0.9783142508002123,0.10452916771025587,1,2016-02-23,18,False,1,True,all_days
777,0,0,0.1979880439257859,False,,3,0.9996222780361175,0.003354610440783492,1,2016-02-24,15,False,1,True,all_days
778,0,0,0.9530397707980225,False,,3,0.999999613784956,6.089402888743108e-06,1,2016-02-25,16,False,1,True,all_days
779,0,0,0.20339018001011386,False,,3,0.9512245240429719,0.1948937996517874,1,2016-02-26,15,False,1,True,all_days
780,1,1,0.8676121374933304,False,,3,1.0,1.2722758134863598e-21,0,2016-02-27,14,False,0,True,all_days
781,1,1,0.675269042865632,False,,3,1.0,7.33524155400583e-21,0,2016-02-28,12,False,0,True,all_days
782,0,0,0.48386656138726225,False,,3,0.9999708907986239,0.00033313855751270275,1,2016-02-29,13,False,1,True,all_days
783,2,2,0.09315429344341235,False,,3,0.9999992317933464,1.1583946899302226e-05,1,2016-03-01,14,False,1,True,all_days
784,0,0,0.7543588420595922,False,,3,0.9996126969062157,0.0034299985334339533,1,2016-03-02,13,False,1,True,all_days
785,0,0,0.020879607321635674,False,,3,0.5745064027217205,0.6820033153040386,1,2016-03-03,11,False,1,True,all_days
786,2,2,0.9604250585513335,False,,3,0.9580005723278376,0.17424719394296648,1,2016-03-04,12,False,1,True,all_days
787,1,1,0.7701821518459615,False,,3,1.0,1.9434899442197795e-16,0,2016-03-05,12,False,0,True,all_days
788,1,1,0.3435022702673191,False,,3,1.0,2.045860440431491e-38,0,2016-03-06,15,False,0,True,all_days
789,0,0,0.037724493553131455,False,,3,0.9988148259251746,0.009170015126859435,1,2016-03-07,13,False,1,True,all_days
790,0,0,0.5537936994780421,False,,3,0.9999774087438837,0.0002642710756227589,1,2016-03-08,12,False,1,True,all_days
791,0,0,0.7883565298183767,False,,3,0.9999750237228576,0.00028966416270584795,1,2016-03-09,12,False,1,True,all_days
792,0,0,0.7877307383138281,False,,3,0.9999413369391912,0.0006302566242961825,1,2016-03-10,14,False,1,True,all_days
793,0,0,0.3618156592629089,False,,3,0.9759847259181545,0.11327909445236518,1,2016-03-11,15,False,1,True,all_days
794,1,1,0.9409511614541196,False,,3,1.0,4.752328976673407e-19,0,2016-03-12,16,False,0,True,all_days
795,1,1,0.3140669596759332,False,,3,1.0,2.3378789207070892e-37,0,2016-03-13,16,False,0,True,all_days
796,0,0,0.36445908235071084,False,,3,0.9997264805169818,0.002517473576216042,1,2016-03-14,14,False,1,True,all_days
797,0,0,0.9340513770000158,False,,3,0.9999996449945412,5.627238567824665e-06,1,2016-03-15,17,False,1,True,all_days
798,0,0,0.9414128599306825,False,,3,0.9999995545193678,6.960239223169388e-06,1,2016-03-16,18,False,1,True,all_days
799,0,0,0.9885133168199811,False,,3,0.9999971698537894,3.8985775661599844e-05,1,2016-03-17,22,False,1,True,all_days
800,0,0,0.24845273624660102,False,,3,0.9790293457655299,0.1017930620977687,1,2016-03-18,19,False,1,True,all_days
801,1,1,0.8563225257911102,False,,3,1.0,1.0662742419225126e-23,0,2016-03-19,18,False,0,True,all_days
802,1,1,0.016305639205655868,False,,3,1.0,5.99039509677772e-28,0,2016-03-20,14,False,0,True,all_days
803,0,0,0.4604586865003406,False,,3,0.999998698201841,1.8943458792706444e-05,1,2016-03-21,18,False,1,True,all_days
804,0,0,0.9720311033971795,False,,3,0.9999972688851324,3.7718879270466936e-05,1,2016-03-22,16,False,1,True,all_days
805,0,0,0.006028914231239842,False,,3,0.9920364304911676,0.046418735253177745,1,2016-03-23,17,False,1,True,all_days
806,2,2,0.38793457283929034,False,,3,0.536091889654151,0.6905396643929683,1,2016-03-24,16,False,1,True,all_days
807,2,2,0.9943759247453805,False,,3,0.9808488687051765,0.09471682641925039,1,2016-03-25,17,False,1,True,all_days
808,1,1,0.9911265937697492,False,,3,1.0,3.0486906690040503e-19,0,2016-03-26,13,False,0,True,all_days
809,1,1,0.9584043722331711,False,,3,1.0,2.356621282858562e-37,0,2016-03-27,16,False,0,True,all_days
810,0,0,0.8165281548997436,False,,3,0.999998353449792,2.3573375154480573e-05,1,2016-03-28,16,False,1,True,all_days
811,0,0,0.7940341553003268,False,,3,0.9998765337409797,0.0012345985000836862,1,2016-03-29,17,False,1,True,all_days
812,0,0,0.9134702747664007,False,,3,0.9999896826568505,0.0001287777665624504,1,2016-03-30,14,False,1,True,all_days
813,0,0,0.7298073834973067,False,,3,0.9967274871702281,0.021993115863187505,1,2016-03-31,15,False,1,True,all_days
814,0,0,0.9239425334407639,False,,3,0.9991852049467257,0.006609753083803409,1,2016-04-01,14,False,1,True,all_days
815,1,1,0.776389488129763,False,,3,1.0,2.6766754331409734e-20,0,2016-04-02,15,False,0,True,all_days
816,1,1,0.20422998932791034,False,,3,1.0,3.9050285800664644e-20,0,2016-04-03,14,False,0,True,all_days
817,0,0,0.9359014284629477,False,,3,0.9999992613132892,1.116775494461271e-05,1,2016-04-04,17,False,1,True,all_days
818,0,0,0.12069742228862052,False,,3,0.9996742165200978,0.0029415363943448305,1,2016-04-05,21,False,1,True,all_days
819,0,0,0.7885567680640088,False,,3,0.9999995062667797,7.663366734189753e-06,1,2016-04-06,22,False,1,True,all_days
820,0,0,0.7575785775638024,False,,3,0.9999429697544585,0.0006143241185814435,1,2016-04-07,20,False,1,True,all_days
821,0,0,0.7851731814910248,False,,3,0.9993185138303083,0.005650129445749707,1,2016-04-08,22,False,1,True,all_days
822,1,1,0.46209233928452886,False,,3,1.0,4.267222651790371e-29,0,2016-04-09,21,False,0,True,all_days
823,1,1,0.5816468183479016,False,,3,1.0,3.407876426187684e-21,0,2016-04-10,18,False,0,True,all_days
824,0,0,0.37643798183648697,False,,3,0.9999995758408666,6.647912661568645e-06,1,2016-04-11,17,False,1,True,all_days
825,0,0,0.2949002667441888,False,,3,0.999731779128773,0.0024739528139508912,1,2016-04-12,17,False,1,True,all_days
826,0,0,0.44015033961995087,False,,3,0.9999676761907822,0.0003665419861624491,1,2016-04-13,19,False,1,True,all_days
827,0,0,0.9918756974360744,False,,3,0.999999194449509,1.2108825163309575e-05,1,2016-04-14,22,False,1,True,all_days
828,0,0,0.22340511004661412,False,,3,0.9423531567405502,0.22044302576657154,1,2016-04-15,21,False,1,True,all_days
829,1,1,0.8480712132068714,False,,3,1.0,8.919769924646858e-32,0,2016-04-16,22,False,0,True,all_days
830,1,1,0.6878031176277377,False,,3,1.0,9.915142134259368e-38,0,2016-04-17,20,False,0,True,all_days
831,0,0,0.03860586124790674,False,,3,0.9817313552374421,0.09122226034975493,1,2016-04-18,23,False,1,True,all_days
832,0,0,0.9085222232418295,False,,3,0.9999999792867877,3.871815923241596e-07,1,2016-04-19,23,False,1,True,all_days
833,0,0,0.0037690619028437145,False,,3,0.8215132856748528,0.4690910452665207,1,2016-04-20,23,False,1,True,all_days
834,2,2,0.9626625423409073,False,,3,0.9999998249670512,2.898246588815737e-06,1,2016-04-21,24,True,1,True,all_days
835,2,2,0.7528532887272112,False,,3,0.9999999954703056,9.155694842821249e-08,1,2016-04-22,21,False,1,True,all_days
836,1,1,0.9716042401325027,False,,3,1.0,6.894407222257389e-37,0,2016-04-23,21,False,0,True,all_days
837,1,1,0.028795304090816553,False,,3,1.0,1.103044288546463e-42,0,2016-04-24,23,False,0,True,all_days
838,0,0,0.5266371883020227,False,,3,0.9999999361629437,1.1214212320269165e-06,1,2016-04-25,22,False,1,True,all_days
839,0,0,0.5463814328290644,False,,3,0.9999980948429077,2.6997876637701262e-05,1,2016-04-26,14,False,1,True,all_days
840,0,0,0.5325925751745308,False,,3,0.9999826059130069,0.00020802234895628952,1,2016-04-27,13,False,1,True,all_days
841,0,0,0.9998730526639873,False,,3,0.9999999619145726,6.887152935303211e-07,1,2016-04-28,24,True,1,True,all_days
842,-1,2,1.758458459866282e-20,True,,3,1.0,3.789086632325716e-21,1,2016-04-29,24,True,-1,False,all_days
843,1,1,0.9862691831845914,False,,3,1.0,3.8320357218745174e-35,0,2016-04-30,24,True,0,True,all_days
844,1,1,0.5161004225846227,False,,3,1.0,2.857171930381833e-41,0,2016-05-01,24,True,0,True,all_days
845,-1,2,7.026725492192234e-17,True,,3,0.9999999999908766,2.411129163870427e-10,1,2016-05-02,24,True,-1,False,all_days
846,0,0,0.9097781594470756,False,,3,0.9999999864428234,2.5916375409017477e-07,1,2016-05-03,24,True,1,True,all_days
847,2,2,2.4616655304583755e-05,False,,3,1.0,3.022970320384516e-15,1,2016-05-04,24,True,1,True,all_days
848,2,2,0.9972637081244091,False,,3,0.9999701253007731,0.00034112376550058787,1,2016-05-05,24,True,1,True,all_days
849,2,2,0.9995024912522321,False,,3,0.9982416937655753,0.012910406835568992,1,2016-05-06,24,True,1,True,all_days
850,1,1,0.9937239104371954,False,,3,1.0,1.1770134105085687e-36,0,2016-05-07,24,True,0,True,all_days
851,1,1,0.9078732020874751,False,,3,1.0,9.418599080687968e-46,0,2016-05-08,24,True,0,True,all_days
852,0,0,0.45675351815809806,False,,3,0.9999999078997319,1.5841603461188857e-06,1,2016-05-09,24,True,1,True,all_days
853,0,0,0.6602511486351217,False,,3,0.9999999894406885,2.0449437534263808e-07,1,2016-05-10,24,True,1,True,all_days
854,0,0,0.9181750906388156,False,,3,0.9999999892568853,2.0786854149079643e-07,1,2016-05-11,24,True,1,True,all_days
855,0,0,0.9825922451730451,False,,3,0.9999998389054229,2.6808189999009265e-06,1,2016-05-12,24,True,1,True,all_days
856,0,0,0.6504518341757735,False,,3,0.998847642552466,0.008948480892590576,1,2016-05-13,24,True,1,True,all_days
857,1,1,0.8685949551912497,False,,3,1.0,2.1350468273064183e-39,0,2016-05-14,24,True,0,True,all_days
858,1,1,0.909183777296926,False,,3,1.0,8.445887606093342e-49,0,2016-05-15,24,True,0,True,all_days
859,0,0,0.9053590722482018,False,,3,0.9999987949134321,1.7629161452033353e-05,1,2016-05-16,23,False,1,True,all_days
860,0,0,0.8427100543810592,False,,3,0.9999998829092254,1.9858965536653202e-06,1,2016-05-17,24,True,1,True,all_days
861,0,0,0.6685221795479208,False,,3,0.999999533995988,7.259909775474077e-06,1,2016-05-18,24,True,1,True,all_days
862,0,0,0.9958767467077766,False,,3,0.999999255280237,1.1252907361424152e-05,1,2016-05-19,24,True,1,True,all_days
863,2,2,0.9998394309801628,False,,3,0.9713973392079001,0.12985081322323663,1,2016-05-20,24,True,1,True,all_days
864,1,1,7.173807464893941e-05,False,,3,1.0,6.216871302273666e-28,0,2016-05-21,24,True,0,True,all_days
865,1,1,0.060384496342420824,False,,3,1.0,1.8290523817394077e-63,0,2016-05-22,24,True,0,True,all_days
866,0,0,0.3286857187799563,False,,3,0.9998933263523653,0.0010822770205697046,1,2016-05-23,24,True,1,True,all_days
867,0,0,0.7583356677354587,False,,3,0.9999915418764364,0.00010725221224787824,1,2016-05-24,21,False,1,True,all_days
868,0,0,0.7749467609985212,False,,3,0.9995909767593335,0.0036000319762422624,1,2016-05-25,21,False,1,True,all_days
869,0,0,0.892067646781753,False,,3,0.9999700523248685,0.00034188397361792534,1,2016-05-26,21,False,1,True,all_days
870,2,2,0.9999970138395012,False,,3,0.9188680313800998,0.2815253643494773,1,2016-05-27,21,False,1,True,all_days
871,1,1,0.0034277705985556084,False,,3,1.0,2.2112693764821854e-31,0,2016-05-28,21,False,0,True,all_days
872,1,1,0.4509423590349714,False,,3,1.0,4.953090276215957e-56,0,2016-05-29,22,False,0,True,all_days
873,1,1,0.40016795363251645,False,,3,1.0,6.619020402822458e-50,0,2016-05-30,21,False,0,True,all_days
874,0,0,0.01907801493387191,False,,3,0.9885725655570635,0.06246238726482578,1,2016-05-31,21,False,1,True,all_days
875,0,0,0.7577900792046246,False,,3,0.9999960830913562,5.268322762939223e-05,1,2016-06-01,21,False,1,True,all_days
876,0,0,0.08201341926158985,False,,3,0.6566101968292106,0.6432583523507913,1,2016-06-02,21,False,1,True,all_days
877,2,2,0.9942792944010376,False,,3,0.9999997414626215,4.1800906234461394e-06,1,2016-06-03,24,True,1,True,all_days
878,1,1,0.8548796462883756,False,,3,1.0,2.0246910830246733e-28,0,2016-06-04,24,True,0,True,all_days
879,1,1,0.9570789950338564,False,,3,1.0,6.607999145423626e-53,0,2016-06-05,24,True,0,True,all_days
880,0,0,0.8827089457223445,False,,3,0.9999977957358361,3.091505995327175e-05,1,2016-06-06,24,True,1,True,all_days
881,0,0,0.32241418941949607,False,,3,0.9940733169203966,0.036302838431927165,1,2016-06-07,24,True,1,True,all_days
882,2,2,0.8939008808980325,False,,3,0.9997329973810919,0.0024639318278612266,1,2016-06-08,24,True,1,True,all_days
883,0,0,0.8855716985583517,False,,3,0.9999287745527399,0.0007514017437031546,1,2016-06-09,24,True,1,True,all_days
884,2,2,0.9999060978298431,False,,3,0.9855556457558792,0.07554678135570053,1,2016-06-10,24,True,1,True,all_days
885,1,1,0.9907383372073205,False,,3,1.0,3.4701825070482755e-43,0,2016-06-11,24,True,0,True,all_days
886,1,1,0.4855437549967143,False,,3,1.0,6.188741926005012e-65,0,2016-06-12,24,True,0,True,all_days
887,0,0,0.9996844790248994,False,,3,0.9999988634448223,1.669316333056411e-05,1,2016-06-13,24,True,1,True,all_days
888,0,0,0.44430838035994963,False,,3,0.9994966285441987,0.004325939282538071,1,2016-06-14,24,True,1,True,all_days
889,0,0,0.4958760905729034,False,,3,0.9937573419651179,0.03791304421846885,1,2016-06-15,24,True,1,True,all_days
890,0,0,0.990710997492633,False,,3,0.9999727002840756,0.0003141820733879225,1,2016-06-16,24,True,1,True,all_days
891,2,2,0.9999534289384178,False,,3,0.9754053864127568,0.11541830208581838,1,2016-06-17,24,True,1,True,all_days
892,1,1,0.5232681298927049,False,,3,1.0,6.079076297740374e-27,0,2016-06-18,24,True,0,True,all_days
893,1,1,0.7688263712491894,False,,3,1.0,1.2885175798309315e-50,0,2016-06-19,24,True,0,True,all_days
894,0,0,0.9841362088266278,False,,3,0.9999974631913052,3.522258012091572e-05,1,2016-06-20,24,True,1,True,all_days
895,0,0,0.9969253706936683,False,,3,0.9999989837678788,1.5039634061493391e-05,1,2016-06-21,24,True,1,True,all_days
896,0,0,0.517234543922474,False,,3,0.9919761848813147,0.04670918410144198,1,2016-06-22,24,True,1,True,all_days
897,2,2,0.9851219227448973,False,,3,0.9999991256426991,1.3071446042711746e-05,1,2016-06-23,24,True,1,True,all_days
898,2,2,0.7977557093663658,False,,3,0.9999999999999991,2.6905327593366665e-14,1,2016-06-24,24,True,1,True,all_days
899,1,1,0.06733547153791879,False,,3,1.0,3.922275658559399e-37,0,2016-06-25,24,True,0,True,all_days
900,1,1,0.4248695338890892,False,,3,1.0,3.3427660806927304e-62,0,2016-06-26,24,True,0,True,all_days
901,0,0,0.9553000381625428,False,,3,0.999988399397675,0.00014343504115571268,1,2016-06-27,24,True,1,True,all_days
902,0,0,0.32332775867545294,False,,3,0.9841040348112126,0.08160510901083162,1,2016-06-28,24,True,1,True,all_days
903,0,0,0.9267658148115256,False,,3,0.999984380390314,0.00018848144883503915,1,2016-06-29,23,False,1,True,all_days
904,0,0,0.17679142023432265,False,,3,0.793509683101824,0.5092693246340061,1,2016-06-30,24,True,1,True,all_days
905,2,2,0.9955159717653812,False,,3,0.999999988157498,2.2798676853103393e-07,1,2016-07-01,24,True,1,True,all_days
906,1,1,0.6928322610734552,False,,3,1.0,2.0508016516684172e-41,0,2016-07-02,24,True,0,True,all_days
907,1,1,0.2621172792151235,False,,3,1.0,1.1990121900094245e-52,0,2016-07-03,24,True,0,True,all_days
908,1,1,0.0006696284153112728,False,,3,1.0,2.2448051451994463e-52,0,2016-07-04,24,True,0,True,all_days
909,2,2,0.6887216666281466,False,,3,0.9999999999994094,1.721127834089458e-11,1,2016-07-05,24,True,1,True,all_days
910,2,2,0.9650732066051378,False,,3,0.9999946380408684,7.043565204818605e-05,1,2016-07-06,24,True,1,True,all_days
911,0,0,0.24954496079719055,False,,3,0.9832642513820048,0.08504761455931334,1,2016-07-07,24,True,1,True,all_days
912,2,2,0.9999956553567754,False,,3,0.6811114846556928,0.6260288113453403,1,2016-07-08,24,True,1,True,all_days
913,-1,2,0.0,True,,3,1.0,4.012381289195683e-18,0,2016-07-09,24,True,-1,False,all_days
914,1,1,0.044770219998083394,False,,3,1.0,1.8383381839170898e-31,0,2016-07-10,24,True,0,True,all_days
915,0,0,0.7380248455905246,False,,3,0.999993974704052,7.844658730758199e-05,1,2016-07-11,24,True,1,True,all_days
916,0,0,0.9684158743919518,False,,3,0.9999910600524451,0.00011286662660170326,1,2016-07-12,21,False,1,True,all_days
917,0,0,0.933341456778872,False,,3,0.999959866013246,0.00044642104904007833,1,2016-07-13,21,False,1,True,all_days
918,0,0,0.9883247043691524,False,,3,0.9999930185451784,8.986703006575834e-05,1,2016-07-14,24,True,1,True,all_days
919,2,2,0.9997491951236158,False,,3,0.9905018022381262,0.05368275945957454,1,2016-07-15,24,True,1,True,all_days
920,1,1,0.9962717722300081,False,,3,1.0,3.5636918983055504e-40,0,2016-07-16,24,True,0,True,all_days
921,1,1,0.8585683706305267,False,,3,1.0,3.670787231650968e-67,0,2016-07-17,24,True,0,True,all_days
922,0,0,0.2169727524780171,False,,3,0.9341070358041821,0.24288335393371832,1,2016-07-18,24,True,1,True,all_days
923,0,0,0.6616159434117032,False,,3,0.9998692221110691,0.0013001865510192188,1,2016-07-19,24,True,1,True,all_days
924,0,0,0.9506398369017832,False,,3,0.9999945228578397,7.183230511807124e-05,1,2016-07-20,24,True,1,True,all_days
925,0,0,0.9967652016006268,False,,3,0.9999964748934675,4.778492754743489e-05,1,2016-07-21,24,True,1,True,all_days
926,-1,2,3.734514944730441e-230,True,,3,1.0,2.4301273333380553e-67,1,2016-07-22,24,True,-1,False,all_days
927,-1,2,0.0,True,,3,1.0,5.503752227862477e-267,0,2016-07-23,24,True,-1,False,all_days
928,-1,2,0.0,True,,3,1.0,7.849809203403921e-98,0,2016-07-24,24,True,-1,False,all_days
929,2,2,0.05528956213105809,False,,3,0.9999999999999534,1.4761172596314447e-12,1,2016-07-25,24,True,1,True,all_days
930,0,0,0.9598842701347662,False,,3,0.9999988660672442,1.665726592593577e-05,1,2016-07-26,24,True,1,True,all_days
931,0,0,0.009660203340820281,False,,3,0.9933506706612634,0.03996185241779536,1,2016-07-27,24,True,1,True,all_days
932,0,0,0.9617861744842273,False,,3,0.9999880820708146,0.00014703698270623783,1,2016-07-28,24,True,1,True,all_days
933,2,2,0.04078762135862143,False,,3,1.0,7.2305442613404e-17,1,2016-07-29,24,True,1,True,all_days
934,-1,1,3.401483189990488e-10,True,,3,1.0,6.702412046430093e-16,0,2016-07-30,24,True,-1,False,all_days
935,-1,1,3.5960150436700465e-09,True,,3,1.0,5.616524938661993e-33,0,2016-07-31,24,True,-1,False,all_days
936,0,0,0.31195072434640914,False,,3,0.9850450514879437,0.07769391858764252,1,2016-08-01,24,True,1,True,all_days
937,2,2,0.8319473788615344,False,,3,0.8061011426592435,0.49182721698470566,1,2016-08-02,24,True,1,True,all_days
938,2,2,0.029688357405362017,False,,3,0.999994377433725,7.35921931493948e-05,1,2016-08-03,24,True,1,True,all_days
939,2,2,0.9686205233226636,False,,3,0.999946887267943,0.0005759049295907646,1,2016-08-04,24,True,1,True,all_days
940,2,2,0.5854173907707201,False,,3,1.0,2.7002573497956397e-16,1,2016-08-05,24,True,1,True,all_days
941,1,1,0.22026416524874412,False,,3,1.0,3.8321962661684744e-33,0,2016-08-06,24,True,0,True,all_days
942,1,1,0.9188851988163504,False,,3,1.0,1.2130072686337003e-58,0,2016-08-07,24,True,0,True,all_days
943,2,2,0.23138014638094206,False,,3,0.9999981168622719,2.6707733077505248e-05,1,2016-08-08,24,True,1,True,all_days
944,2,2,0.7041563307116907,False,,3,0.9999999999976685,6.477460313350815e-11,1,2016-08-09,24,True,1,True,all_days
945,2,2,0.31390116902970844,False,,3,0.9998352710135814,0.001599704037186464,1,2016-08-10,24,True,1,True,all_days
946,2,2,0.9975896118581044,False,,3,0.9998085490352511,0.0018304211500331231,1,2016-08-11,24,True,1,True,all_days
947,2,2,0.9930977741890478,False,,3,0.9999999832158243,3.17268409472421e-07,1,2016-08-12,24,True,1,True,all_days
948,1,1,0.08225123400071392,False,,3,1.0,1.1398065630330097e-77,0,2016-08-13,24,True,0,True,all_days
949,1,1,0.13934768530481562,False,,3,1.0,1.1559768859308558e-77,0,2016-08-14,24,True,0,True,all_days
950,0,0,0.867223903838055,False,,3,0.9999988961626068,1.6244862926335255e-05,1,2016-08-15,24,True,1,True,all_days
951,0,0,0.8426703680625005,False,,3,0.999991110428769,0.00011228086105295031,1,2016-08-16,24,True,1,True,all_days
952,0,0,0.03200408931849301,False,,3,0.6165104845833906,0.6657466010566306,1,2016-08-17,24,True,1,True,all_days
953,0,0,0.9655039426844247,False,,3,0.9999915118865449,0.00010760245232177437,1,2016-08-18,24,True,1,True,all_days
954,2,2,0.9049711987934874,False,,3,0.999999999987315,3.3096123557988487e-10,1,2016-08-19,24,True,1,True,all_days
955,1,1,0.9970141422303103,False,,3,1.0,4.0680768982843345e-40,0,2016-08-20,24,True,0,True,all_days
956,1,1,0.5526995311905747,False,,3,1.0,7.546053933893307e-62,0,2016-08-21,24,True,0,True,all_days
957,2,2,0.6207062492466153,False,,3,0.9736427635840988,0.12184203067997718,1,2016-08-22,24,True,1,True,all_days
958,0,0,0.20668203234831184,False,,3,0.9999260973801659,0.0007769179432826846,1,2016-08-23,24,True,1,True,all_days
959,0,0,0.9973123101246647,False,,3,0.9999999834912466,3.12335280033691e-07,1,2016-08-24,23,False,1,True,all_days
960,0,0,0.9243418643304745,False,,3,0.9999713162280423,0.00032869206679451323,0,2016-08-25,24,True,1,False,all_days
961,0,0,0.5860940471450901,False,,3,0.9527353299244792,0.19038107388099634,1,2016-08-26,24,True,1,True,all_days
962,1,1,0.995258092524325,False,,3,1.0,1.9049268812459387e-40,0,2016-08-27,24,True,0,True,all_days
963,1,1,0.6239553050451208,False,,3,1.0,1.2741588602224868e-57,0,2016-08-28,24,True,0,True,all_days
964,0,0,0.6356899597053307,False,,3,0.9999462271337762,0.0005823985713869283,1,2016-08-29,24,True,1,True,all_days
965,0,0,0.9574290465666006,False,,3,0.999999989815251,1.976083212116757e-07,1,2016-08-30,24,True,1,True,all_days
966,-1,2,1.1239027467650323e-159,True,,3,1.0,6.66165042480814e-82,1,2016-08-31,24,True,-1,False,all_days
967,-1,2,0.0,True,,3,1.0,1.0134284805487345e-182,1,2016-09-01,21,False,-1,False,all_days
968,2,2,0.9996596433312823,False,,3,0.9545523955850231,0.18488626646184528,1,2016-09-02,24,True,1,True,all_days
969,1,1,0.6004196753345421,False,,3,1.0,2.2445038792869006e-37,0,2016-09-03,24,True,0,True,all_days
970,1,1,0.6195414963469134,False,,3,1.0,1.7620846038899555e-33,0,2016-09-04,24,True,0,True,all_days
971,1,1,0.5184667442811381,False,,3,1.0,3.895367349958502e-35,0,2016-09-05,24,True,0,True,all_days
972,0,0,0.5881572410855661,False,,3,0.9999999953693717,9.349500807680631e-08,1,2016-09-06,24,True,1,True,all_days
973,-1,2,9.195680499751419e-293,True,,3,1.0,1.2674319409638716e-87,1,2016-09-07,24,True,-1,False,all_days
974,-1,2,0.0,True,,3,1.0,4.663080999792392e-183,1,2016-09-08,24,True,-1,False,all_days
975,0,0,0.6180356022771202,False,,3,0.9818836745861524,0.09061475144437171,1,2016-09-09,24,True,1,True,all_days
976,1,1,0.14454453072368806,False,,3,1.0,2.876546106780866e-23,0,2016-09-10,24,True,0,True,all_days
977,1,1,0.0018276330989140611,False,,3,1.0,2.2730123611978003e-50,0,2016-09-11,24,True,0,True,all_days
978,0,0,0.5166748687536808,False,,3,0.9999999804481663,3.6660071144504223e-07,1,2016-09-12,24,True,1,True,all_days
979,0,0,0.8996657686326534,False,,3,0.9999999977833482,4.63884863712692e-08,1,2016-09-13,24,True,1,True,all_days
980,0,0,0.9689637409220276,False,,3,0.9999999950393885,9.98161044462788e-08,1,2016-09-14,24,True,1,True,all_days
981,0,0,0.9968788181466186,False,,3,0.9999998468620437,2.5561675172409275e-06,1,2016-09-15,24,True,1,True,all_days
982,0,0,0.9411015630052779,False,,3,0.9999853412957003,0.00017781695691766218,1,2016-09-16,24,True,1,True,all_days
983,1,1,0.541793703098089,False,,3,1.0,2.757354690071958e-32,0,2016-09-17,24,True,0,True,all_days
984,1,1,0.9340248477930435,False,,3,1.0,3.6444423087476535e-44,0,2016-09-18,22,False,0,True,all_days
985,0,0,0.001990371486506889,False,,3,0.7735370919610114,0.5349669836437279,1,2016-09-19,24,True,1,True,all_days
986,0,0,0.0009465703524786841,False,,3,0.9689789143891201,0.13827384184409272,1,2016-09-20,23,False,1,True,all_days
987,0,0,0.026089254072636934,False,,3,0.9999999957785297,8.562443251166012e-08,1,2016-09-21,23,False,1,True,all_days
988,0,0,0.014870054383682031,False,,3,0.9999999969662206,6.25366869841553e-08,1,2016-09-22,24,True,1,True,all_days
989,0,0,0.9199128860859601,False,,3,0.9995219981753242,0.004132639806791434,1,2016-09-23,24,True,1,True,all_days
990,1,1,0.40062024153197384,False,,3,1.0,2.4416269858666073e-23,0,2016-09-24,24,True,0,True,all_days
991,1,1,0.9229060825094941,False,,3,1.0,3.219012079766358e-62,0,2016-09-25,23,False,0,True,all_days
992,2,2,0.001299409702183484,False,,3,0.7677172187442578,0.5420199733321182,1,2016-09-26,24,True,1,True,all_days
993,0,0,0.15558492370588822,False,,3,0.9999989520790786,1.5476431716918733e-05,1,2016-09-27,23,False,1,True,all_days
994,0,0,0.004034646380154885,False,,3,0.9999999177016886,1.4248236839332392e-06,1,2016-09-28,24,True,1,True,all_days
995,0,0,0.6126552372129014,False,,3,0.9999998556770746,2.4175839940757647e-06,1,2016-09-29,24,True,1,True,all_days
996,0,0,0.2364486917576702,False,,3,0.91661428449059,0.286961572071951,1,2016-09-30,24,True,1,True,all_days
997,1,1,0.35654453313779066,False,,3,1.0,4.745223522611527e-24,0,2016-10-01,24,True,0,True,all_days
998,1,1,0.24001285032176028,False,,3,1.0,4.472681695381434e-58,0,2016-10-02,24,True,0,True,all_days
999,0,0,0.2381966760217621,False,,3,0.9999932973579345,8.655125332269399e-05,1,2016-10-03,24,True,1,True,all_days
1000,2,2,0.002351906279178649,False,,3,0.9999999996830686,7.24895901723822e-09,1,2016-10-04,24,True,1,True,all_days
1001,0,0,0.28719808208015557,False,,3,0.9999042429909255,0.000981858746048792,1,2016-10-05,24,True,1,True,all_days
1002,0,0,0.825860789924318,False,,3,0.999994184049422,7.592667301618162e-05,1,2016-10-06,24,True,1,True,all_days
1003,0,0,0.3582658123563375,False,,3,0.9997456980672546,0.0023591237135387085,1,2016-10-07,23,False,1,True,all_days
1004,1,1,0.26332749488233964,False,,3,1.0,8.892577869735465e-34,0,2016-10-08,23,False,0,True,all_days
1005,1,1,0.021600235385700484,False,,3,1.0,2.438627556875481e-36,0,2016-10-09,23,False,0,True,all_days
1006,0,0,0.4879391565583949,False,,3,0.9999962614050556,5.045906387448415e-05,0,2016-10-10,23,False,1,False,all_days
1007,2,2,0.00034595579661776487,False,,3,0.9999999999999556,1.4095216631250759e-12,1,2016-10-11,24,True,1,True,all_days
1008,0,0,0.21225669959410176,False,,3,0.9999999959105761,8.307608531900439e-08,1,2016-10-12,24,True,1,True,all_days
1009,0,0,0.5240910407482773,False,,3,0.9999951461999597,6.424366555307812e-05,1,2016-10-13,24,True,1,True,all_days
1010,2,2,0.002091290236082869,False,,3,1.0,1.8989541215950152e-25,1,2016-10-14,23,False,1,True,all_days
1011,1,1,0.751618366566556,False,,3,1.0,3.875301844910434e-38,0,2016-10-15,20,False,0,True,all_days
1012,1,1,0.08163201873239911,False,,3,1.0,1.0948012143385425e-49,0,2016-10-16,22,False,0,True,all_days
1013,0,0,0.2230633250681947,False,,3,0.9995884399958622,0.003619814250359183,1,2016-10-17,24,True,1,True,all_days
1014,0,0,0.011880913009881276,False,,3,0.7733681925353653,0.5351743770144859,1,2016-10-18,24,True,1,True,all_days
1015,2,2,4.0453475141642455e-05,False,,3,0.9999999998820748,2.8138065356841464e-09,1,2016-10-19,22,False,1,True,all_days
1016,0,0,0.035805953258037364,False,,3,0.975120945227859,0.11646345831048342,1,2016-10-20,19,False,1,True,all_days
1017,2,2,0.7875982226832946,False,,3,0.9996039398356675,0.0034986950397216748,1,2016-10-21,23,False,1,True,all_days
1018,1,1,0.2675891798765404,False,,3,1.0,1.508250103375653e-32,0,2016-10-22,23,False,0,True,all_days
1019,1,1,0.6093969835482884,False,,3,1.0,3.160368499167924e-42,0,2016-10-23,24,True,0,True,all_days
1020,0,0,0.03876776604962296,False,,3,0.9996102897724565,0.003448901305339659,1,2016-10-24,24,True,1,True,all_days
1021,0,0,0.5141510727383048,False,,3,0.9999999740912638,4.785002906404177e-07,1,2016-10-25,24,True,1,True,all_days
1022,0,0,0.004050799473884761,False,,3,0.9964600313942936,0.02351199480020551,1,2016-10-26,24,True,1,True,all_days
1023,0,0,0.6883248829051958,False,,3,0.9999733530577785,0.0003073144635729056,1,2016-10-27,24,True,1,True,all_days
1024,0,0,0.2260306572446138,False,,3,0.7840087092949832,0.5217872433249001,1,2016-10-28,24,True,1,True,all_days
1025,1,1,0.0395659480855648,False,,3,1.0,5.3915881155461766e-27,0,2016-10-29,24,True,0,True,all_days
1026,1,1,0.846351888695922,False,,3,1.0,1.0344980624665862e-54,0,2016-10-30,24,True,0,True,all_days
1027,0,0,0.3887229567381648,False,,3,0.9999989588197151,1.53836001747484e-05,1,2016-10-31,24,True,1,True,all_days
1028,0,0,0.19316194752005272,False,,3,0.9997215354588024,0.0025579977147107205,1,2016-11-01,24,True,1,True,all_days
1029,0,0,0.7555220778779034,False,,3,0.9999998133443061,3.0786990420398914e-06,1,2016-11-02,24,True,1,True,all_days
1030,2,2,0.8239433839737964,False,,3,0.9992589304221815,0.006081991679744047,1,2016-11-03,24,True,1,True,all_days
1031,0,0,0.8044774713564943,False,,3,0.9989155220109145,0.008487248469261818,1,2016-11-04,24,True,1,True,all_days
1032,1,1,0.9995849737627649,False,,3,1.0,7.724165457848537e-39,0,2016-11-05,24,True,0,True,all_days
1033,1,1,0.027428279566858053,False,,3,1.0,6.03457686576954e-39,0,2016-11-06,24,True,0,True,all_days
1034,0,0,0.04168899772600802,False,,3,0.999999973647418,4.862499301889098e-07,1,2016-11-07,24,True,1,True,all_days
1035,0,0,0.38847253763019673,False,,3,0.9999999814526002,3.487455817514856e-07,1,2016-11-08,24,True,1,True,all_days
1036,0,0,0.033704800778897905,False,,3,0.9892828675058072,0.05927146390571954,1,2016-11-09,24,True,1,True,all_days
1037,2,2,0.5292340366203208,False,,3,0.8523078910527565,0.4186848409275795,1,2016-11-10,24,True,1,True,all_days
1038,0,0,0.6089264101268835,False,,3,0.9967402344186207,0.021920190438181393,0,2016-11-11,24,True,1,False,all_days
1039,1,1,0.8948035495592483,False,,3,1.0,4.346298674397886e-31,0,2016-11-12,24,True,0,True,all_days
1040,1,1,0.6792838178436429,False,,3,1.0,9.513331487658929e-39,0,2016-11-13,24,True,0,True,all_days
1041,0,0,0.06336278018541232,False,,3,0.9999867598604399,0.0001619567083391875,1,2016-11-14,24,True,1,True,all_days
1042,0,0,0.03268869899686508,False,,3,0.9998480312213851,0.0014880417277307858,1,2016-11-15,24,True,1,True,all_days
1043,0,0,0.2418615397667321,False,,3,0.9999993060807678,1.0534325356559234e-05,1,2016-11-16,24,True,1,True,all_days
1044,0,0,0.011161142011948944,False,,3,0.998849973388997,0.0089327109056344,1,2016-11-17,24,True,1,True,all_days
1045,2,2,0.9919093126953399,False,,3,0.7823951589676533,0.5238597298721743,1,2016-11-18,24,True,1,True,all_days
1046,1,1,0.024782778122724756,False,,3,1.0,8.901433887297157e-22,0,2016-11-19,24,True,0,True,all_days
1047,1,1,0.003821577777338621,False,,3,1.0,1.796776692297273e-22,0,2016-11-20,24,True,0,True,all_days
1048,0,0,0.2504550117380303,False,,3,0.9999992421999526,1.1437359344563304e-05,1,2016-11-21,24,True,1,True,all_days
1049,0,0,0.029986286290201166,False,,3,0.9999619699669678,0.00042506606604196285,1,2016-11-22,24,True,1,True,all_days
1050,0,0,0.0882310837284726,False,,3,0.9898993588601873,0.056463482596970996,1,2016-11-23,24,True,1,True,all_days
1051,1,1,0.9022327590072264,False,,3,1.0,1.1980338815031929e-23,0,2016-11-24,22,False,0,True,all_days
1052,1,1,0.9837268770251153,False,,3,1.0,8.795943681357209e-41,1,2016-11-25,24,True,0,False,all_days
1053,1,1,0.9983766691417164,False,,3,1.0,1.889537803316204e-46,0,2016-11-26,24,True,0,True,all_days
1054,1,1,0.48493651855041775,False,,3,1.0,1.758968110392859e-49,0,2016-11-27,24,True,0,True,all_days
1055,0,0,0.15592947267870622,False,,3,0.9999997743642203,3.678843288783719e-06,1,2016-11-28,24,True,1,True,all_days
1056,0,0,0.21709714256524926,False,,3,0.9999999519068663,8.584685107450183e-07,1,2016-11-29,24,True,1,True,all_days
1057,0,0,0.8115702475293232,False,,3,0.9999998855052356,1.94443442016023e-06,1,2016-11-30,24,True,1,True,all_days
1058,0,0,0.9875263885409943,False,,3,0.9999999766500596,4.336707878136639e-07,1,2016-12-01,24,True,1,True,all_days
1059,0,0,0.5934633392320675,False,,3,0.9982979172039963,0.012552947561311796,1,2016-12-02,23,False,1,True,all_days
1060,1,1,0.9958870054539614,False,,3,1.0,1.3594081947780042e-38,0,2016-12-03,24,True,0,True,all_days
1061,1,1,0.39863896185097053,False,,3,1.0,1.6723021388275585e-50,0,2016-12-04,21,False,0,True,all_days
1062,0,0,0.02400692860533078,False,,3,0.9979738393567962,0.014589569937072347,1,2016-12-05,23,False,1,True,all_days
1063,0,0,0.11001316418776062,False,,3,0.986400507258773,0.07195344739367351,1,2016-12-06,22,False,1,True,all_days
1064,0,0,0.8317088732069577,False,,3,0.9999993961452252,9.251013958873491e-06,1,2016-12-07,21,False,1,True,all_days
1065,0,0,0.3501611807507229,False,,3,0.9960984125977272,0.025533620566883065,1,2016-12-08,24,True,1,True,all_days
1066,2,2,0.5250447633638746,False,,3,0.9944573508361173,0.03432288956181575,1,2016-12-09,24,True,1,True,all_days
1067,1,1,0.8973314378290107,False,,3,1.0,1.8204170625504873e-37,0,2016-12-10,24,True,0,True,all_days
1068,1,1,0.2862261929452195,False,,3,1.0,5.776863526906748e-60,0,2016-12-11,24,True,0,True,all_days
1069,2,2,0.07054293435600878,False,,3,0.9999997540434848,3.988950055277109e-06,1,2016-12-12,24,True,1,True,all_days
1070,2,2,0.7715090703399441,False,,3,0.9971455252663255,0.019574385897044702,1,2016-12-13,24,True,1,True,all_days
1071,0,0,0.5235633060696494,False,,3,0.9999338565387184,0.0007026850781345101,1,2016-12-14,24,True,1,True,all_days
1072,0,0,0.999908068120671,False,,3,0.9999999394015423,1.0676840234622895e-06,1,2016-12-15,24,True,1,True,all_days
1073,2,2,0.047463238329869366,False,,3,0.9999999792239562,3.882931499291324e-07,1,2016-12-16,21,False,1,True,all_days
1074,1,1,0.16152683454433409,False,,3,1.0,1.0470480831159579e-32,0,2016-12-17,24,True,0,True,all_days
1075,1,1,0.9722811028306199,False,,3,1.0,5.0617286930870844e-51,0,2016-12-18,21,False,0,True,all_days
1076,0,0,0.7286479374609152,False,,3,0.9999999700775857,5.483180364624248e-07,1,2016-12-19,24,True,1,True,all_days
1077,0,0,0.19606713467979175,False,,3,0.9926062928431163,0.043648158897781585,1,2016-12-20,24,True,1,True,all_days
1078,0,0,0.963025171605426,False,,3,0.9999821832013787,0.00021264990372598462,1,2016-12-21,24,True,1,True,all_days
1079,0,0,0.6989725212923491,False,,3,0.9988894421217858,0.008664947170677131,1,2016-12-22,24,True,1,True,all_days
1080,2,2,0.41206855121012337,False,,3,0.9999999999999751,8.042958490236256e-13,1,2016-12-23,24,True,1,True,all_days
1081,1,1,0.649362592020027,False,,3,1.0,2.13590576601985e-46,0,2016-12-24,24,True,0,True,all_days
1082,1,1,7.793440581744501e-05,False,,3,1.0,5.9328035663769356e-83,0,2016-12-25,24,True,0,True,all_days
1083,-1,1,4.0599553015656016e-11,True,,3,0.7387886313633923,0.5743201610191158,0,2016-12-26,24,True,-1,False,all_days
1084,0,0,0.23066389264536719,False,,3,0.9777872913326546,0.10652995564927877,1,2016-12-27,24,True,1,True,all_days
1085,2,2,0.9900961766147072,False,,3,0.9993674735096838,0.005291382723933127,1,2016-12-28,24,True,1,True,all_days
1086,2,2,0.9256237033541816,False,,3,0.9999999999685247,7.92615030883234e-10,1,2016-12-29,24,True,1,True,all_days
1087,2,2,0.33432371512253695,False,,3,1.0,2.7585632735039645e-16,1,2016-12-30,24,True,1,True,all_days
1088,1,1,1.0709057878379874e-05,False,,3,1.0,8.638852709240928e-73,0,2016-12-31,24,True,0,True,all_days
1089,-1,1,2.2945709860795047e-14,True,,3,1.0,1.3821648780462045e-73,0,2017-01-01,24,True,-1,False,all_days
1090,1,1,0.00010629444458520128,False,,3,0.9999999991472492,1.866037839145086e-08,0,2017-01-02,24,True,0,True,all_days
1091,2,2,0.3839171555895458,False,,3,0.9954004617286848,0.029342736247938463,1,2017-01-03,24,True,1,True,all_days
1092,0,0,0.9448868915924098,False,,3,0.9999999611243141,7.022075252444887e-07,1,2017-01-04,24,True,1,True,all_days
1093,0,0,0.399411343808311,False,,3,0.9997476542701127,0.0023429251976510566,1,2017-01-05,24,True,1,True,all_days
1094,0,0,0.9399918826647409,False,,3,0.9987999654565443,0.009270032456198847,1,2017-01-06,24,True,1,True,all_days
1095,1,1,0.6796195636613709,False,,3,1.0,2.7571434465941087e-27,0,2017-01-07,24,True,0,True,all_days
1096,1,1,0.10453734720683987,False,,3,1.0,4.894725186758298e-33,0,2017-01-08,24,True,0,True,all_days
1097,2,2,0.008748031575356956,False,,3,0.999999999999428,1.669012298210716e-11,1,2017-01-09,24,True,1,True,all_days
1098,0,0,0.11066019758094059,False,,3,0.9828582071928706,0.0866965966461064,1,2017-01-10,24,True,1,True,all_days
1099,0,0,0.53491710416984,False,,3,0.9999050132617479,0.0009747278605535265,1,2017-01-11,24,True,1,True,all_days
1100,0,0,0.190277090015667,False,,3,0.999342230604801,0.005476803202930473,1,2017-01-12,24,True,1,True,all_days
1101,0,0,0.9925394672838841,False,,3,0.9999975354037427,3.429111400820698e-05,1,2017-01-13,24,True,1,True,all_days
1102,1,1,0.9683801124500413,False,,3,1.0,2.1516169311529682e-44,0,2017-01-14,24,True,0,True,all_days
1103,1,1,0.16349286138217503,False,,3,1.0,4.570090413699428e-54,0,2017-01-15,24,True,0,True,all_days
1104,2,2,0.023258140982670608,False,,3,0.9999999997497895,5.782047981395171e-09,0,2017-01-16,24,True,1,False,all_days
1105,0,0,0.004243187405165409,False,,3,0.9999111138809278,0.0009180256262919847,1,2017-01-17,24,True,1,True,all_days
1106,0,0,0.02403602486859808,False,,3,0.8310512612504929,0.45421538189228705,1,2017-01-18,24,True,1,True,all_days
1107,2,2,0.990605075568976,False,,3,0.998821989363731,0.009121735617373455,1,2017-01-19,24,True,1,True,all_days
1108,0,0,0.9346801058760488,False,,3,0.9999101072599332,0.0009274097740156652,1,2017-01-20,24,True,1,True,all_days
1109,1,1,0.3545610717715427,False,,3,1.0,6.78338025993162e-41,0,2017-01-21,24,True,0,True,all_days
1110,1,1,0.836083090870359,False,,3,1.0,4.730125579751936e-40,0,2017-01-22,24,True,0,True,all_days
1111,0,0,0.7542783198215083,False,,3,0.9999998824334602,1.993488979250728e-06,1,2017-01-23,24,True,1,True,all_days
1112,0,0,0.9508456127463156,False,,3,0.9999999932480002,1.337802375269925e-07,1,2017-01-24,24,True,1,True,all_days
1113,2,2,0.6564659676177134,False,,3,0.9999977194324784,3.190761425071287e-05,1,2017-01-25,24,True,1,True,all_days
1114,0,0,0.0612366987058561,False,,3,0.9997298350026265,0.0024899331715011715,1,2017-01-26,24,True,1,True,all_days
1115,0,0,0.16336882567637065,False,,3,0.9703388407971775,0.1335623441568011,1,2017-01-27,24,True,1,True,all_days
1116,1,1,0.9256829389361977,False,,3,1.0,2.419896305890829e-35,0,2017-01-28,24,True,0,True,all_days
1117,1,1,0.29905478824056797,False,,3,1.0,5.79307470117677e-56,0,2017-01-29,24,True,0,True,all_days
1118,0,0,0.4032108170297423,False,,3,0.9999997988162181,3.303245958757554e-06,1,2017-01-30,24,True,1,True,all_days
1119,0,0,0.8885372119180418,False,,3,0.9999999958931838,8.341197178402821e-08,1,2017-01-31,24,True,1,True,all_days
1120,0,0,0.9959505317493711,False,,3,0.9999999699778219,5.500462109388481e-07,1,2017-02-01,24,True,1,True,all_days
1121,0,0,0.9920680576247417,False,,3,0.9999999892167858,2.0860424859816435e-07,1,2017-02-02,24,True,1,True,all_days
1122,2,2,0.9983195849298367,False,,3,0.9870443203422902,0.06917963708085414,1,2017-02-03,24,True,1,True,all_days
1123,1,1,0.1046500276128014,False,,3,1.0,5.861440260415342e-72,0,2017-02-04,24,True,0,True,all_days
1124,1,1,0.0006619405036676414,False,,3,1.0,3.177816622043969e-61,0,2017-02-05,24,True,0,True,all_days
1125,0,0,0.564704705486319,False,,3,0.9999999687880892,5.706306907148613e-07,1,2017-02-06,24,True,1,True,all_days
1126,0,0,0.7973286110007338,False,,3,0.9999998925632618,1.831405723521934e-06,1,2017-02-07,24,True,1,True,all_days
1127,2,2,0.7378376816832246,False,,3,0.9993040741956832,0.005755250353681658,1,2017-02-08,24,True,1,True,all_days
1128,0,0,0.9997485114076747,False,,3,0.9999999735712425,4.875791955367126e-07,1,2017-02-09,24,True,1,True,all_days
1129,0,0,0.9662959583769652,False,,3,0.999998687392674,1.9089897297569986e-05,1,2017-02-10,24,True,1,True,all_days
1130,1,1,0.6287772026828913,False,,3,1.0,7.234091858073115e-62,0,2017-02-11,24,True,0,True,all_days
1131,1,1,0.2830253283322593,False,,3,1.0,2.9737333813374306e-62,0,2017-02-12,24,True,0,True,all_days
1132,0,0,0.944319364810318,False,,3,0.9997484960466301,0.002335950129455133,1,2017-02-13,16,False,1,True,all_days
1133,0,0,0.10679045260961338,False,,3,0.9984507378907336,0.01157175085267144,1,2017-02-14,23,False,1,True,all_days
1134,0,0,0.9870019949716994,False,,3,0.9999999315799061,1.1971873823457734e-06,1,2017-02-15,24,True,1,True,all_days
1135,2,2,0.9325975648837364,False,,3,0.9891033743671097,0.060082183830786215,1,2017-02-16,24,True,1,True,all_days
1136,0,0,0.810117331564759,False,,3,0.999782031680501,0.002055670520019732,1,2017-02-17,24,True,1,True,all_days
1137,1,1,0.7615444687875573,False,,3,1.0,8.76869346144415e-45,0,2017-02-18,24,True,0,True,all_days
1138,1,1,0.2985370097045439,False,,3,1.0,4.183037003185086e-56,0,2017-02-19,24,True,0,True,all_days
1139,0,0,0.4811043686008206,False,,3,0.9868015860627727,0.07022915888500413,0,2017-02-20,24,True,1,False,all_days
1140,0,0,0.014319311735414801,False,,3,0.843152472735258,0.4344051899465702,1,2017-02-21,18,False,1,True,all_days
1141,0,0,0.9898885915403512,False,,3,0.9999864930989619,0.00016495036888836923,1,2017-02-22,24,True,1,True,all_days
1142,0,0,0.9487284706810712,False,,3,0.9999997514921641,4.027763141360994e-06,1,2017-02-23,24,True,1,True,all_days
1143,0,0,0.8336880955406498,False,,3,0.9997097246710931,0.002654433056835614,1,2017-02-24,24,True,1,True,all_days
1144,1,1,0.6193127587984983,False,,3,1.0,9.287624825706428e-24,0,2017-02-25,24,True,0,True,all_days
1145,1,1,0.08351925051673234,False,,3,1.0,1.5745981216507648e-24,0,2017-02-26,24,True,0,True,all_days
1146,0,0,0.06024843692391936,False,,3,0.999843858579092,0.0015246695019531544,1,2017-02-27,24,True,1,True,all_days
1147,0,0,0.910391397122275,False,,3,0.9999994435651323,8.570051506519315e-06,1,2017-02-28,24,True,1,True,all_days
1148,2,2,0.2547243648133177,False,,3,0.9301047166026785,0.25336799334158433,1,2017-03-01,24,True,1,True,all_days
1149,0,0,0.9725383430782448,False,,3,0.9999999809399542,3.5786513117377805e-07,1,2017-03-02,24,True,1,True,all_days
1150,0,0,0.8830694351796377,False,,3,0.9998966039044723,0.0010522508619931663,1,2017-03-03,24,True,1,True,all_days
1151,1,1,0.8614350924850942,False,,3,1.0,2.1583885530243306e-48,0,2017-03-04,24,True,0,True,all_days
1152,1,1,0.21068487712620268,False,,3,1.0,1.3725206897597736e-54,0,2017-03-05,24,True,0,True,all_days
1153,0,0,0.5054916741336708,False,,3,0.9999963912808199,4.883375033301937e-05,1,2017-03-06,24,True,1,True,all_days
1154,0,0,0.0841250627108877,False,,3,0.9999973507756996,3.666855558031416e-05,1,2017-03-07,24,True,1,True,all_days
1155,0,0,0.9641329715150632,False,,3,0.999999798605283,3.3064982531166474e-06,1,2017-03-08,24,True,1,True,all_days
1156,0,0,0.03872365064924189,False,,3,0.9992386283230702,0.006228026507913113,1,2017-03-09,24,True,1,True,all_days
1157,2,2,0.5944797888420247,False,,3,0.986692326605584,0.07070008782007478,1,2017-03-10,24,True,1,True,all_days
1158,1,1,0.8916640356440468,False,,3,1.0,5.837239162856743e-55,0,2017-03-11,24,True,0,True,all_days
1159,1,1,0.008027752999444946,False,,3,1.0,1.308326671673159e-60,0,2017-03-12,23,False,0,True,all_days
1160,0,0,0.7994831211408546,False,,3,0.9999526847490529,0.000518511474768216,1,2017-03-13,23,False,1,True,all_days
1161,0,0,0.9971258118159584,False,,3,0.999999991305355,1.7007208273094824e-07,1,2017-03-14,24,True,1,True,all_days
1162,2,2,0.5998595487830132,False,,3,0.9997628064632382,0.0022169330757014164,1,2017-03-15,23,False,1,True,all_days
1163,2,2,0.9996789112015075,False,,3,0.9999981249446812,2.6601168784892257e-05,1,2017-03-16,24,True,1,True,all_days
1164,2,2,0.7258552869274275,False,,3,0.9980541861436377,0.014089835470009637,1,2017-03-17,24,True,1,True,all_days
1165,1,1,0.9818828884939613,False,,3,1.0,2.8959139051017662e-49,0,2017-03-18,24,True,0,True,all_days
1166,1,1,0.0732517146908495,False,,3,1.0,5.014504164043475e-65,0,2017-03-19,24,True,0,True,all_days
1167,0,0,0.9622908578146551,False,,3,0.9999999802154174,3.7073070599086947e-07,1,2017-03-20,24,True,1,True,all_days
1168,0,0,0.05362118242983689,False,,3,0.999671055430657,0.0029669013371612244,1,2017-03-21,23,False,1,True,all_days
1169,0,0,0.9932301849932043,False,,3,0.9999998996169573,1.7179827530165465e-06,1,2017-03-22,24,True,1,True,all_days
1170,0,0,0.18861758302084342,False,,3,0.9999741614013993,0.0002987879472919283,1,2017-03-23,24,True,1,True,all_days
1171,0,0,0.7998604762520519,False,,3,0.9989201835629845,0.008455420668570574,1,2017-03-24,24,True,1,True,all_days
1172,1,1,0.777331679567624,False,,3,1.0,1.6654489259647023e-55,0,2017-03-25,24,True,0,True,all_days
1173,1,1,0.6521359804143337,False,,3,1.0,2.961106440985293e-62,0,2017-03-26,24,True,0,True,all_days
1174,0,0,0.017263519565456912,False,,3,0.9507361041875813,0.19634209909124198,1,2017-03-27,24,True,1,True,all_days
1175,0,0,0.19874421738927195,False,,3,0.9974940714746409,0.017511032428431477,1,2017-03-28,24,True,1,True,all_days
1176,0,0,0.9377475471459591,False,,3,0.9999996019755929,6.263611498172358e-06,1,2017-03-29,24,True,1,True,all_days
1177,0,0,0.12477256864084849,False,,3,0.9998939203147591,0.0010768432035909398,1,2017-03-30,24,True,1,True,all_days
1178,0,0,0.5374545382925922,False,,3,0.9920516574368268,0.04634525234584431,1,2017-03-31,24,True,1,True,all_days
1179,1,1,0.9582046678751278,False,,3,1.0,2.8536613034988558e-43,0,2017-04-01,24,True,0,True,all_days
1180,1,1,0.1534573923312225,False,,3,1.0,1.6312836603720952e-46,0,2017-04-02,24,True,0,True,all_days
1181,0,0,0.9511723504893282,False,,3,0.9999997937814555,3.3808147125956745e-06,1,2017-04-03,24,True,1,True,all_days
1182,0,0,0.03512391408839511,False,,3,0.9933757568382588,0.039836209075004236,1,2017-04-04,24,True,1,True,all_days
1183,0,0,0.9965336242585273,False,,3,0.9999993972229224,9.235580451479065e-06,1,2017-04-05,24,True,1,True,all_days
1184,0,0,0.9767712460072822,False,,3,0.9999904331676887,0.00012013266137326087,1,2017-04-06,23,False,1,True,all_days
1185,2,2,0.996502810940561,False,,3,0.9931208244765176,0.041108638790777,1,2017-04-07,23,False,1,True,all_days
1186,1,1,0.9462208412495015,False,,3,1.0,1.3299155184296493e-35,0,2017-04-08,24,True,0,True,all_days
1187,1,1,0.887436235394668,False,,3,1.0,1.9964210068200978e-60,0,2017-04-09,24,True,0,True,all_days
1188,0,0,0.0026490437944104574,False,,3,0.9554571525430889,0.18212207403404038,1,2017-04-10,24,True,1,True,all_days
1189,2,2,0.5762931757307068,False,,3,0.994155672814811,0.03588040474469455,1,2017-04-11,24,True,1,True,all_days
1190,0,0,0.9994574600317777,False,,3,0.9999999655395732,6.266095841184759e-07,1,2017-04-12,24,True,1,True,all_days
1191,2,2,5.673720802628941e-05,False,,3,0.9488005814064631,0.20203182834849537,1,2017-04-13,17,False,1,True,all_days
1192,2,2,0.2159244223938094,False,,3,0.999999999994807,1.401228158575454e-10,1,2017-04-14,24,True,1,True,all_days
1193,1,1,0.7471082703154068,False,,3,1.0,3.339704414381498e-46,0,2017-04-15,24,True,0,True,all_days
1194,1,1,0.1917090345999703,False,,3,1.0,7.596046362400825e-67,0,2017-04-16,24,True,0,True,all_days
1195,0,0,0.9048391139780884,False,,3,0.9999999840565331,3.021959027598653e-07,1,2017-04-17,24,True,1,True,all_days
1196,0,0,0.8988395497977634,False,,3,0.9999999619478367,6.881470260366662e-07,1,2017-04-18,24,True,1,True,all_days
1197,0,0,0.9725532269276562,False,,3,0.9999997332311246,4.304818140879384e-06,1,2017-04-19,24,True,1,True,all_days
1198,0,0,0.990060646865961,False,,3,0.9999999592086873,7.348472288033021e-07,1,2017-04-20,24,True,1,True,all_days
1199,2,2,0.6061604499474622,False,,3,0.9999799505760978,0.0002369300593469935,1,2017-04-21,24,True,1,True,all_days
1200,1,1,0.9842115139888233,False,,3,1.0,3.968400233219583e-35,0,2017-04-22,24,True,0,True,all_days
1201,1,1,0.6820377259353148,False,,3,1.0,6.155161101218512e-60,0,2017-04-23,24,True,0,True,all_days
1202,0,0,0.8710210498040726,False,,3,0.9999999690956654,5.65313496092864e-07,1,2017-04-24,24,True,1,True,all_days
1203,0,0,0.9155765174917053,False,,3,0.9999999917655913,1.6151745043445955e-07,1,2017-04-25,24,True,1,True,all_days
1204,0,0,0.9867292910700312,False,,3,0.9999999388061181,1.0775764518572167e-06,1,2017-04-26,24,True,1,True,all_days
1205,0,0,0.9581382403264865,False,,3,0.9999996613796047,5.3835177329922014e-06,1,2017-04-27,24,True,1,True,all_days
1206,2,2,0.9974650506135676,False,,3,0.9984275326910158,0.011721678776368885,1,2017-04-28,24,True,1,True,all_days
1207,1,1,0.9329596308969366,False,,3,1.0,4.056006639349927e-34,0,2017-04-29,24,True,0,True,all_days
1208,1,1,0.6045360860913296,False,,3,1.0,6.696948835546332e-56,0,2017-04-30,24,True,0,True,all_days
1209,0,0,0.9857889085512637,False,,3,0.9999999521221146,8.54841093366367e-07,1,2017-05-01,24,True,1,True,all_days
1210,0,0,0.985618589237732,False,,3,0.9999999902439143,1.897107230659316e-07,1,2017-05-02,24,True,1,True,all_days
1211,0,0,0.5694848254112537,False,,3,0.9990816572540969,0.007339836547245004,1,2017-05-03,24,True,1,True,all_days
1212,0,0,0.9957571901118367,False,,3,0.9999999116189574,1.5238313188837377e-06,1,2017-05-04,24,True,1,True,all_days
1213,0,0,0.05044326587136346,False,,3,0.563052085827611,0.6851748408106344,1,2017-05-05,24,True,1,True,all_days
1214,1,1,0.9450478112948648,False,,3,1.0,6.589961579660161e-43,0,2017-05-06,24,True,0,True,all_days
1215,1,1,0.27628336386496427,False,,3,1.0,8.864753927883623e-57,0,2017-05-07,24,True,0,True,all_days
1216,0,0,0.7756061904673337,False,,3,0.9999996570987426,5.4472687507173055e-06,1,2017-05-08,24,True,1,True,all_days
1217,0,0,0.9604597313068077,False,,3,0.9999999902718955,1.891945589628715e-07,1,2017-05-09,24,True,1,True,all_days
1218,0,0,0.9943545320302047,False,,3,0.9999999161860877,1.4495337049084578e-06,1,2017-05-10,24,True,1,True,all_days
1219,2,2,0.4280841677484669,False,,3,0.9931393518364204,0.041016489062776954,1,2017-05-11,24,True,1,True,all_days
1220,2,2,0.6972276054645908,False,,3,1.0,1.2536107030695518e-14,1,2017-05-12,24,True,1,True,all_days
1221,1,1,0.8571619525211763,False,,3,1.0,2.1688913623010377e-48,0,2017-05-13,24,True,0,True,all_days
1222,1,1,0.730255794269707,False,,3,1.0,1.195448983693042e-47,0,2017-05-14,24,True,0,True,all_days
1223,0,0,0.9749478917569183,False,,3,0.9999993951126296,9.26579980502708e-06,1,2017-05-15,24,True,1,True,all_days
1224,0,0,0.9998646577049762,False,,3,0.9999996972556883,4.84705059814775e-06,1,2017-05-16,24,True,1,True,all_days
1225,0,0,0.9847985160192524,False,,3,0.9999870631343462,0.0001585467615432444,1,2017-05-17,24,True,1,True,all_days
1226,0,0,0.7656802873012556,False,,3,0.9999922457514479,9.900055224170429e-05,1,2017-05-18,24,True,1,True,all_days
1227,2,2,0.9862033935536241,False,,3,0.9683336920777396,0.14048754430445726,1,2017-05-19,24,True,1,True,all_days
1228,1,1,0.9816929340961276,False,,3,1.0,2.092612647984931e-36,0,2017-05-20,24,True,0,True,all_days
1229,1,1,0.7960900783239548,False,,3,1.0,1.1126311893252398e-53,0,2017-05-21,24,True,0,True,all_days
1230,0,0,0.7626377380241183,False,,3,0.9999683467457454,0.0003596016622174661,1,2017-05-22,24,True,1,True,all_days
1231,0,0,0.6526051073710738,False,,3,0.9998496161306207,0.0014740994125864563,1,2017-05-23,24,True,1,True,all_days
1232,0,0,0.08322322826316149,False,,3,0.9124621936399663,0.29680388650871775,1,2017-05-24,24,True,1,True,all_days
1233,0,0,0.9873344046944896,False,,3,0.999991106742737,0.00011232373111443001,1,2017-05-25,24,True,1,True,all_days
1234,2,2,0.9996971843529552,False,,3,0.9999196085625415,0.0008383671452662031,1,2017-05-26,24,True,1,True,all_days
1235,1,1,0.8814970444036022,False,,3,1.0,1.7615286904338813e-61,0,2017-05-27,24,True,0,True,all_days
1236,1,1,0.7125991598644532,False,,3,1.0,1.0228213331785544e-64,0,2017-05-28,24,True,0,True,all_days
1237,1,1,0.9201307460332168,False,,3,1.0,2.0425798615203754e-52,0,2017-05-29,24,True,0,True,all_days
1238,0,0,0.9937404719423825,False,,3,0.9999999742926778,4.749810921059985e-07,1,2017-05-30,24,True,1,True,all_days
1239,0,0,0.9968090445951406,False,,3,0.9999996411117427,5.6848813510946095e-06,1,2017-05-31,24,True,1,True,all_days
1240,0,0,0.899851526096429,False,,3,0.9998580964637667,0.0013992103170646251,1,2017-06-01,24,True,1,True,all_days
1241,2,2,0.9912079452353723,False,,3,0.9901874398416746,0.05513844030998713,1,2017-06-02,24,True,1,True,all_days
1242,1,1,0.872327783586077,False,,3,1.0,4.57115286791562e-50,0,2017-06-03,24,True,0,True,all_days
1243,1,1,0.07075221005412226,False,,3,1.0,4.101207717496297e-62,0,2017-06-04,24,True,0,True,all_days
1244,2,2,0.5493351100460999,False,,3,0.9999989573404617,1.540397606254215e-05,1,2017-06-05,24,True,1,True,all_days
1245,0,0,0.9210380009371398,False,,3,0.9999544288935597,0.0005011096334808151,1,2017-06-06,24,True,1,True,all_days
1246,0,0,0.9597841918918562,False,,3,0.999868944698242,0.0013026668490003937,1,2017-06-07,24,True,1,True,all_days
1247,2,2,0.568351370950074,False,,3,0.9999999999916325,2.2178544713191112e-10,1,2017-06-08,24,True,1,True,all_days
1248,2,2,0.580361228080441,False,,3,0.9999999997789351,5.13590769197104e-09,1,2017-06-09,24,True,1,True,all_days
1249,1,1,0.9141491384858933,False,,3,1.0,4.739260615496429e-44,0,2017-06-10,24,True,0,True,all_days
1250,1,1,0.035582805888430775,False,,3,1.0,2.2395145172602028e-69,0,2017-06-11,24,True,0,True,all_days
1251,0,0,0.9782082858757483,False,,3,0.999981755712009,0.00021731956194733586,1,2017-06-12,24,True,1,True,all_days
1252,0,0,0.6351395004892324,False,,3,0.9993957244775585,0.0050826690421897375,1,2017-06-13,24,True,1,True,all_days
1253,0,0,0.08818259290343258,False,,3,0.6111487613973063,0.6682314573128734,1,2017-06-14,24,True,1,True,all_days
1254,2,2,0.9992075401451566,False,,3,0.9497659270941893,0.19920388084617557,1,2017-06-15,24,True,1,True,all_days
1255,-1,2,2.6762818004372005e-08,True,,3,0.9999999999985079,4.2156914757616754e-11,1,2017-06-16,24,True,-1,False,all_days
1256,-1,1,2.6211880495660917e-13,True,,3,0.9999999999980034,5.576808091958061e-11,0,2017-06-17,24,True,-1,False,all_days
1257,1,1,0.8668499242156369,False,,3,1.0,3.4487475549855817e-59,0,2017-06-18,24,True,0,True,all_days
1258,0,0,0.3122492443143961,False,,3,0.9239069602448661,0.2691219406418524,1,2017-06-19,24,True,1,True,all_days
1259,0,0,0.9475111417053421,False,,3,0.9999240847206872,0.0007960365828189464,1,2017-06-20,24,True,1,True,all_days
1260,0,0,0.9314036441192264,False,,3,0.9998419645239911,0.001541258679200539,1,2017-06-21,24,True,1,True,all_days
1261,2,2,0.9999710202077776,False,,3,0.6533248783300052,0.6453640769019393,1,2017-06-22,24,True,1,True,all_days
1262,2,2,0.754622199226201,False,,3,1.0,4.236283971816862e-15,1,2017-06-23,24,True,1,True,all_days
1263,1,1,0.6567361260422642,False,,3,1.0,1.2152131275723095e-29,0,2017-06-24,24,True,0,True,all_days
1264,1,1,0.8837705874564526,False,,3,1.0,7.286680985421405e-51,0,2017-06-25,24,True,0,True,all_days
1265,0,0,0.766490069815757,False,,3,0.9991543748890614,0.006828432492190507,1,2017-06-26,24,True,1,True,all_days
1266,0,0,0.7150043748285992,False,,3,0.9999031426331648,0.0009920347189680393,1,2017-06-27,24,True,1,True,all_days
1267,0,0,0.891999033006822,False,,3,0.9999720078172404,0.0003214502259287358,1,2017-06-28,24,True,1,True,all_days
1268,2,2,0.9993260731716122,False,,3,0.9999350072588301,0.0006916009179754834,1,2017-06-29,24,True,1,True,all_days
1269,2,2,0.9914002673899396,False,,3,0.9999999250411938,1.3047575014882275e-06,1,2017-06-30,24,True,1,True,all_days
1270,1,1,0.04166408947362802,False,,3,1.0,1.2018794562436793e-32,0,2017-07-01,24,True,0,True,all_days
1271,1,1,0.6280428213358724,False,,3,1.0,5.054249045957962e-19,0,2017-07-02,20,False,0,True,all_days
1272,2,2,0.22443000589314163,False,,3,1.0,3.2871329907193214e-20,1,2017-07-03,24,True,1,True,all_days
1273,1,1,0.007885673131607138,False,,3,1.0,1.947968703534066e-49,0,2017-07-04,24,True,0,True,all_days
1274,2,2,0.8260274026779251,False,,3,0.9999999999924896,1.9989186662724478e-10,1,2017-07-05,24,True,1,True,all_days
1275,0,0,0.15850724733767443,False,,3,0.9630940461301328,0.15798324735530578,1,2017-07-06,24,True,1,True,all_days
1276,2,2,0.9921915344576541,False,,3,0.999978463895225,0.00025295811122077094,1,2017-07-07,24,True,1,True,all_days
1277,1,1,0.9885514209238079,False,,3,1.0,2.406448229284173e-39,0,2017-07-08,24,True,0,True,all_days
1278,1,1,0.8651106924024896,False,,3,1.0,5.074908388033357e-59,0,2017-07-09,24,True,0,True,all_days
1279,0,0,0.9932968824415566,False,,3,0.9999984892892868,2.1758660013043077e-05,1,2017-07-10,22,False,1,True,all_days
1280,0,0,0.9298782614158609,False,,3,0.9999885178137051,0.00014208870259244666,1,2017-07-11,24,True,1,True,all_days
1281,0,0,0.9808107148847047,False,,3,0.9999900369031179,0.00012470427399037385,1,2017-07-12,24,True,1,True,all_days
1282,0,0,0.7255157608072984,False,,3,0.9991358898305207,0.00695900592068009,1,2017-07-13,24,True,1,True,all_days
1283,2,2,0.4599863893198867,False,,3,1.0,2.457035559734184e-16,1,2017-07-14,24,True,1,True,all_days
1284,1,1,0.9340106225965825,False,,3,1.0,3.090436439287094e-41,0,2017-07-15,24,True,0,True,all_days
1285,1,1,0.7049373999058698,False,,3,1.0,6.17626726676094e-64,0,2017-07-16,24,True,0,True,all_days
1286,0,0,0.22445510455642056,False,,3,0.9947646396924523,0.03271941744066472,1,2017-07-17,24,True,1,True,all_days
1287,0,0,0.9992438199458474,False,,3,0.9999999587607045,7.424671026764667e-07,1,2017-07-18,24,True,1,True,all_days
1288,0,0,0.8957833561341515,False,,3,0.9997896459916428,0.0019913400969864548,1,2017-07-19,24,True,1,True,all_days
1289,0,0,0.575410405117738,False,,3,0.9584771011593618,0.17275416446282726,1,2017-07-20,24,True,1,True,all_days
1290,2,2,0.994329091216977,False,,3,0.9999984541006602,2.222988402196289e-05,1,2017-07-21,24,True,1,True,all_days
1291,1,1,0.8704961843974389,False,,3,1.0,5.4359326171323055e-42,0,2017-07-22,24,True,0,True,all_days
1292,1,1,0.029662311303532606,False,,3,1.0,1.747940528730323e-77,0,2017-07-23,24,True,0,True,all_days
1293,0,0,0.9706025408405208,False,,3,0.9999964982206065,4.7491964045765346e-05,1,2017-07-24,24,True,1,True,all_days
1294,0,0,0.6214614590113896,False,,3,0.9999893670849174,0.0001323962829023458,1,2017-07-25,24,True,1,True,all_days
1295,2,2,0.2234187974990958,False,,3,0.9999348860584388,0.0006927693185944032,1,2017-07-26,24,True,1,True,all_days
1296,2,2,0.9961777572442568,False,,3,0.9999985654938439,2.0735340633455057e-05,1,2017-07-27,24,True,1,True,all_days
1297,2,2,0.9631302943421862,False,,3,0.9999999999999556,1.4057713872254501e-12,1,2017-07-28,24,True,1,True,all_days
1298,1,1,0.7228178275370734,False,,3,1.0,6.834392143218864e-66,0,2017-07-29,24,True,0,True,all_days
1299,1,1,0.18741161128809117,False,,3,1.0,3.2015572968540477e-74,0,2017-07-30,24,True,0,True,all_days
1300,0,0,0.3227175092766282,False,,3,0.9800623214548895,0.09779647019490764,1,2017-07-31,24,True,1,True,all_days
1301,0,0,0.9936714671845926,False,,3,0.9999972217364761,3.832248654128869e-05,1,2017-08-01,24,True,1,True,all_days
1302,0,0,0.8882999399427234,False,,3,0.9998417435406757,0.001543192688494083,1,2017-08-02,24,True,1,True,all_days
1303,0,0,0.5319306168356657,False,,3,0.9940914185886844,0.03621008758254938,1,2017-08-03,24,True,1,True,all_days
1304,2,2,0.9879970392917786,False,,3,0.9988381281775638,0.009012804449064951,1,2017-08-04,24,True,1,True,all_days
1305,1,1,0.4497121253025903,False,,3,1.0,9.017951297545885e-40,0,2017-08-05,24,True,0,True,all_days
1306,1,1,0.7695050932436929,False,,3,1.0,4.410345187601171e-64,0,2017-08-06,24,True,0,True,all_days
1307,0,0,0.9978001924150988,False,,3,0.9999998394087783,2.6729451071230676e-06,1,2017-08-07,24,True,1,True,all_days
1308,0,0,0.8103467518477067,False,,3,0.9999966564012347,4.55012340208379e-05,1,2017-08-08,24,True,1,True,all_days
1309,0,0,0.9705275484925165,False,,3,0.9999981943993527,2.5683976505662198e-05,1,2017-08-09,24,True,1,True,all_days
1310,0,0,0.9963632445535234,False,,3,0.999999671980533,5.225413327254747e-06,1,2017-08-10,24,True,1,True,all_days
1311,2,2,0.7055427959925422,False,,3,0.9999888205978702,0.00013864059507864943,1,2017-08-11,24,True,1,True,all_days
1312,1,1,0.9727524992502374,False,,3,1.0,3.8461567205581696e-44,0,2017-08-12,24,True,0,True,all_days
1313,1,1,0.5044932660817649,False,,3,1.0,1.5502902193468308e-67,0,2017-08-13,24,True,0,True,all_days
1314,0,0,0.9509773244854628,False,,3,0.9999998855032318,1.9444664496100813e-06,1,2017-08-14,24,True,1,True,all_days
1315,0,0,0.9974236405589157,False,,3,0.9999994101657456,9.050077059989898e-06,1,2017-08-15,24,True,1,True,all_days
1316,0,0,0.9975798132332384,False,,3,0.9999967829703157,4.390296647000926e-05,1,2017-08-16,23,False,1,True,all_days
1317,0,0,0.9573258429772159,False,,3,0.9999956359335527,5.8225828744154525e-05,1,2017-08-17,24,True,1,True,all_days
1318,2,2,0.9968509424692703,False,,3,0.999510495192033,0.004220447543867895,1,2017-08-18,24,True,1,True,all_days
1319,1,1,0.20295655331678297,False,,3,1.0,4.058973785408857e-43,0,2017-08-19,24,True,0,True,all_days
1320,1,1,0.029013325507492378,False,,3,1.0,5.764748460670621e-72,0,2017-08-20,24,True,0,True,all_days
1321,2,2,0.2500502092324634,False,,3,0.9824286438829037,0.08843044323274121,1,2017-08-21,24,True,1,True,all_days
1322,2,2,0.907086442291612,False,,3,0.7545160333015012,0.557319168811429,1,2017-08-22,24,True,1,True,all_days
1323,0,0,0.9093644309735958,False,,3,0.9999990274681712,1.4435642531366517e-05,1,2017-08-23,24,True,1,True,all_days
1324,0,0,0.9425771346707879,False,,3,0.9999960570192317,5.3007744298086416e-05,0,2017-08-24,24,True,1,False,all_days
1325,2,2,0.8099615113977401,False,,3,0.9999924301867441,9.682804278720706e-05,1,2017-08-25,24,True,1,True,all_days
1326,1,1,0.7836160270312792,False,,3,1.0,2.5288303999861344e-32,0,2017-08-26,24,True,0,True,all_days
1327,1,1,0.42089007145961954,False,,3,1.0,6.216236703063063e-59,0,2017-08-27,24,True,0,True,all_days
1328,0,0,0.915263476785878,False,,3,0.9999999367607002,1.1115154485999104e-06,1,2017-08-28,24,True,1,True,all_days
1329,0,0,0.976648056544648,False,,3,0.999999984179219,2.99992751136063e-07,1,2017-08-29,24,True,1,True,all_days
1330,0,0,0.9906176026555314,False,,3,0.9999999777389734,4.1450983848255585e-07,1,2017-08-30,24,True,1,True,all_days
1331,0,0,0.9502631804440399,False,,3,0.9999990411985222,1.4245470932729294e-05,1,2017-08-31,24,True,1,True,all_days
1332,2,2,0.9809842372620698,False,,3,0.9700840726339572,0.13444980185005262,1,2017-09-01,24,True,1,True,all_days
1333,1,1,0.9588236576229381,False,,3,1.0,1.2671543303209805e-32,0,2017-09-02,24,True,0,True,all_days
1334,1,1,0.9982829187400092,False,,3,1.0,6.228006506296633e-58,0,2017-09-03,24,True,0,True,all_days
1335,1,1,0.8509525485498816,False,,3,1.0,9.30029130684835e-39,0,2017-09-04,24,True,0,True,all_days
1336,0,0,0.4471118650630353,False,,3,0.99999999781177,4.582190925244436e-08,1,2017-09-05,24,True,1,True,all_days
1337,0,0,0.5713640759198344,False,,3,0.9999999922278278,1.5289972379607717e-07,1,2017-09-06,24,True,1,True,all_days
1338,0,0,0.9877552113095052,False,,3,0.9999999748831104,4.646555594887728e-07,1,2017-09-07,24,True,1,True,all_days
1339,0,0,0.950052274871364,False,,3,0.9999941422315367,7.64306334934532e-05,1,2017-09-08,24,True,1,True,all_days
1340,1,1,0.968501422153975,False,,3,1.0,1.3532540519398269e-33,0,2017-09-09,24,True,0,True,all_days
1341,1,1,0.9044994419879298,False,,3,1.0,5.267102666630216e-56,0,2017-09-10,24,True,0,True,all_days
1342,0,0,0.1603773484083285,False,,3,0.9999997507992022,4.038300594956129e-06,1,2017-09-11,24,True,1,True,all_days
1343,0,0,0.840117971380856,False,,3,0.9999999933409924,1.320301279981261e-07,1,2017-09-12,24,True,1,True,all_days
1344,0,0,0.8873951752231592,False,,3,0.9999999513154249,8.684307785888519e-07,1,2017-09-13,24,True,1,True,all_days
1345,0,0,0.9327389360372024,False,,3,0.9999999121697417,1.5148839486227552e-06,1,2017-09-14,24,True,1,True,all_days
1346,2,2,0.9192486357998699,False,,3,0.8735092520544275,0.3796608980000555,1,2017-09-15,24,True,1,True,all_days
1347,1,1,0.9683830542621967,False,,3,1.0,3.2852612254990514e-38,0,2017-09-16,24,True,0,True,all_days
1348,1,1,0.5768751128669987,False,,3,1.0,3.6268759832126184e-67,0,2017-09-17,24,True,0,True,all_days
1349,0,0,0.49666143287736997,False,,3,0.9999999699750437,5.500943089021512e-07,1,2017-09-18,24,True,1,True,all_days
1350,0,0,0.4745243988172575,False,,3,0.9999999990751931,2.0162102496732968e-08,1,2017-09-19,24,True,1,True,all_days
1351,0,0,0.8203858746265228,False,,3,0.999965832311979,0.00038555547177354166,1,2017-09-20,24,True,1,True,all_days
1352,0,0,0.16583315846856647,False,,3,0.9995248995637347,0.004110448652371164,1,2017-09-21,21,False,1,True,all_days
1353,2,2,0.9886719756067601,False,,3,0.9569307606807405,0.17757859230551937,1,2017-09-22,24,True,1,True,all_days
1354,1,1,0.9858082116935843,False,,3,1.0,1.3754301045434304e-38,0,2017-09-23,24,True,0,True,all_days
1355,1,1,0.7661121384157294,False,,3,1.0,2.393181530360851e-63,0,2017-09-24,24,True,0,True,all_days
1356,0,0,0.046030767321612015,False,,3,0.9985132598168412,0.011166051552244254,1,2017-09-25,24,True,1,True,all_days
1357,0,0,0.5762357492093806,False,,3,0.9999999988826929,2.4147644246642896e-08,1,2017-09-26,24,True,1,True,all_days
1358,0,0,0.949289247966638,False,,3,0.9999997989853877,3.3006374634528647e-06,1,2017-09-27,23,False,1,True,all_days
1359,0,0,0.9747804433189808,False,,3,0.9999999646536188,6.418220366104334e-07,1,2017-09-28,24,True,1,True,all_days
1360,0,0,0.7804816151029578,False,,3,0.9996908879467116,0.002807248141135727,1,2017-09-29,24,True,1,True,all_days
1361,1,1,0.5970087874211881,False,,3,1.0,1.9344046088657275e-34,0,2017-09-30,24,True,0,True,all_days
1362,1,1,0.16019242383294766,False,,3,1.0,1.1015974677491702e-37,0,2017-10-01,24,True,0,True,all_days
1363,0,0,0.0740185289282415,False,,3,0.9999999057966109,1.6182078824362048e-06,1,2017-10-02,24,True,1,True,all_days
1364,0,0,0.6875757146871465,False,,3,0.9999999977571399,4.6910543594470856e-08,1,2017-10-03,24,True,1,True,all_days
1365,0,0,0.8287146526024687,False,,3,0.9999999966660447,6.840978998728686e-08,1,2017-10-04,24,True,1,True,all_days
1366,0,0,0.9200756262430497,False,,3,0.99999997841109,4.0265663907982096e-07,1,2017-10-05,24,True,1,True,all_days
1367,2,2,0.5664857404027326,False,,3,0.7669242745642418,0.5429661495555571,1,2017-10-06,24,True,1,True,all_days
1368,1,1,0.7194339543684707,False,,3,1.0,2.3216200416629417e-46,0,2017-10-07,24,True,0,True,all_days
1369,1,1,0.16395424684493187,False,,3,1.0,3.997829101806552e-71,0,2017-10-08,24,True,0,True,all_days
1370,0,0,0.7370828870673423,False,,3,0.999999997851031,4.5038679522623396e-08,0,2017-10-09,24,True,1,False,all_days
1371,0,0,0.7214521622058214,False,,3,0.9999999952626872,9.554116991238779e-08,1,2017-10-10,24,True,1,True,all_days
1372,0,0,0.9649189020708815,False,,3,0.9999999821878341,3.356414604798665e-07,1,2017-10-11,24,True,1,True,all_days
1373,0,0,0.9899665656392274,False,,3,0.9999998469030598,2.5555239162598776e-06,1,2017-10-12,24,True,1,True,all_days
1374,2,2,0.3432587710186173,False,,3,0.9691321317886136,0.13774614144729772,1,2017-10-13,24,True,1,True,all_days
1375,1,1,0.5168788582564054,False,,3,1.0,7.430456088680993e-44,0,2017-10-14,24,True,0,True,all_days
1376,1,1,0.14896485447546787,False,,3,1.0,1.2102915480362657e-50,0,2017-10-15,24,True,0,True,all_days
1377,0,0,0.007472011473331099,False,,3,0.9989200589517845,0.00845627174139267,1,2017-10-16,24,True,1,True,all_days
1378,0,0,0.27148336013033775,False,,3,0.9998907417842937,0.001105883459258388,1,2017-10-17,24,True,1,True,all_days
1379,0,0,0.31485252352104864,False,,3,0.9999078876033611,0.0009480626942506205,1,2017-10-18,24,True,1,True,all_days
1380,0,0,0.9998441885220807,False,,3,0.999995239951779,6.309563100333334e-05,1,2017-10-19,24,True,1,True,all_days
1381,2,2,0.8297384508008849,False,,3,0.9999442686199522,0.0006016168662413754,1,2017-10-20,24,True,1,True,all_days
1382,1,1,0.9999678599253017,False,,3,1.0,1.5123038299636675e-44,0,2017-10-21,24,True,0,True,all_days
1383,1,1,0.9774963187761541,False,,3,1.0,2.3241357723953097e-62,0,2017-10-22,24,True,0,True,all_days
1384,0,0,0.6740314901040647,False,,3,0.9999999422184213,1.020803817439484e-06,1,2017-10-23,24,True,1,True,all_days
1385,0,0,0.09838506321514681,False,,3,0.9999959694795237,5.4096086119982516e-05,1,2017-10-24,24,True,1,True,all_days
1386,0,0,0.9877650471573272,False,,3,0.9999999839874364,3.034363472080139e-07,1,2017-10-25,24,True,1,True,all_days
1387,0,0,0.40148733611196213,False,,3,0.99932951008562,0.00556987140721378,1,2017-10-26,24,True,1,True,all_days
1388,0,0,0.2986596005366123,False,,3,0.7143396906314124,0.5982201234217412,1,2017-10-27,24,True,1,True,all_days
1389,1,1,0.39682550223253454,False,,3,1.0,9.387711939461075e-44,0,2017-10-28,24,True,0,True,all_days
1390,1,1,0.8129243590523496,False,,3,1.0,4.651665941655721e-66,0,2017-10-29,24,True,0,True,all_days
1391,0,0,0.4857752657931219,False,,3,0.9999998755477619,2.1031611778113544e-06,1,2017-10-30,24,True,1,True,all_days
1392,0,0,0.028356681402914242,False,,3,0.9999366677251201,0.0006755706846682089,1,2017-10-31,24,True,1,True,all_days
1393,0,0,0.3191404225982295,False,,3,0.9996346670779578,0.0032567672077255705,1,2017-11-01,24,True,1,True,all_days
1394,0,0,0.9878336243995147,False,,3,0.9999998011442222,3.2673368435238377e-06,1,2017-11-02,24,True,1,True,all_days
1395,0,0,0.4384515895140609,False,,3,0.7876417294705621,0.5170644875369556,1,2017-11-03,24,True,1,True,all_days
1396,1,1,0.43190554810556026,False,,3,1.0,1.4697856575614393e-38,0,2017-11-04,24,True,0,True,all_days
1397,1,1,0.040838970816368766,False,,3,1.0,1.1613098559527642e-52,0,2017-11-05,24,True,0,True,all_days
1398,0,0,0.08499728694748744,False,,3,0.9999999960896595,7.961312447026597e-08,1,2017-11-06,24,True,1,True,all_days
1399,0,0,0.84487249916725,False,,3,0.9999999961318125,7.879685121636131e-08,1,2017-11-07,24,True,1,True,all_days
1400,0,0,0.8927636404093044,False,,3,0.999999986774249,2.5315540615078937e-07,1,2017-11-08,23,False,1,True,all_days
1401,0,0,0.9226552439050544,False,,3,0.9999947351600229,6.925611198946134e-05,1,2017-11-09,23,False,1,True,all_days
1402,0,0,0.778498496333212,False,,3,0.9805252833191873,0.0959877049836436,0,2017-11-10,24,True,1,False,all_days
1403,1,1,0.13670504928611033,False,,3,1.0,2.8479675988777764e-17,0,2017-11-11,23,False,0,True,all_days
1404,1,1,0.038126344796071555,False,,3,1.0,8.015045797824766e-51,0,2017-11-12,24,True,0,True,all_days
1405,0,0,0.26400984219027435,False,,3,0.9999999993915338,1.3520177087021809e-08,1,2017-11-13,24,True,1,True,all_days
1406,0,0,0.1213328132408382,False,,3,0.999995772921065,5.6532942046639366e-05,1,2017-11-14,24,True,1,True,all_days
1407,0,0,0.997345315916208,False,,3,0.9999999705021847,5.409589503504696e-07,1,2017-11-15,23,False,1,True,all_days
1408,0,0,0.02114056827709185,False,,3,0.9132720532331794,0.2949013970479671,1,2017-11-16,24,True,1,True,all_days
1409,2,2,0.9813875304162399,False,,3,0.9980910700899139,0.013859322462935468,1,2017-11-17,24,True,1,True,all_days
1410,1,1,0.5254896164096527,False,,3,1.0,2.2656047919457814e-37,0,2017-11-18,24,True,0,True,all_days
1411,1,1,0.10908837299031086,False,,3,1.0,1.0663322922239404e-48,0,2017-11-19,24,True,0,True,all_days
1412,0,0,0.15052027819397787,False,,3,0.9999890323455295,0.0001362243515727095,1,2017-11-20,24,True,1,True,all_days
1413,0,0,0.9846205459689958,False,,3,0.9999999950724003,9.918478274399338e-08,1,2017-11-21,24,True,1,True,all_days
1414,0,0,0.9150533021090003,False,,3,0.9998835386392662,0.001171355878631336,1,2017-11-22,24,True,1,True,all_days
1415,1,1,0.5932494563170838,False,,3,1.0,1.4621320000882876e-64,0,2017-11-23,24,True,0,True,all_days
1416,-1,1,2.972931653423869e-08,True,,3,0.9905354234456072,0.053526457876829865,1,2017-11-24,24,True,-1,False,all_days
1417,1,1,0.9194844509934579,False,,3,1.0,9.690535037897348e-54,0,2017-11-25,24,True,0,True,all_days
1418,1,1,0.23959292350398334,False,,3,1.0,1.2766705804283603e-61,0,2017-11-26,24,True,0,True,all_days
1419,0,0,0.3722366092143251,False,,3,0.9999999980406873,4.124485840001419e-08,1,2017-11-27,24,True,1,True,all_days
1420,0,0,0.5441648181038727,False,,3,0.9999999974407601,5.319009786687171e-08,1,2017-11-28,24,True,1,True,all_days
1421,0,0,0.0010258425252337388,False,,3,0.9661589988355561,0.14785023402748948,1,2017-11-29,24,True,1,True,all_days
1422,0,0,0.682563447668137,False,,3,0.999423468826394,0.004876411835865134,1,2017-11-30,24,True,1,True,all_days
1423,2,2,0.33873858330377216,False,,3,0.9999977085371139,3.204913086046733e-05,1,2017-12-01,24,True,1,True,all_days
1424,1,1,0.990267955037622,False,,3,1.0,6.764483191146064e-33,0,2017-12-02,24,True,0,True,all_days
1425,1,1,0.608474751881179,False,,3,1.0,1.3723527671859813e-63,0,2017-12-03,24,True,0,True,all_days
1426,0,0,0.5294482603812384,False,,3,0.9999616903142443,0.00042791109301753026,1,2017-12-04,24,True,1,True,all_days
1427,2,2,0.000690661800560671,False,,3,0.9999999999999964,1.300531153820249e-13,1,2017-12-05,21,False,1,True,all_days
1428,2,2,0.3622721839699757,False,,3,0.999842875131234,0.0015332859303397426,1,2017-12-06,24,True,1,True,all_days
1429,0,0,0.9950935167429021,False,,3,0.9999996920364301,4.925348883554015e-06,1,2017-12-07,24,True,1,True,all_days
1430,0,0,0.5935059234281332,False,,3,0.9921621278125258,0.04581125521715859,1,2017-12-08,24,True,1,True,all_days
1431,1,1,0.9863534136741567,False,,3,1.0,1.7036730898824468e-35,0,2017-12-09,24,True,0,True,all_days
1432,1,1,0.6729368888756719,False,,3,1.0,8.76263959723596e-58,0,2017-12-10,24,True,0,True,all_days
1433,0,0,0.115949224106101,False,,3,0.9999888468825384,0.00013834088144744727,1,2017-12-11,24,True,1,True,all_days
1434,0,0,0.1375581563507633,False,,3,0.9998828337035515,0.0011777389402718612,1,2017-12-12,24,True,1,True,all_days
1435,0,0,0.9385850571941293,False,,3,0.9999973026103177,3.7286623648585555e-05,1,2017-12-13,24,True,1,True,all_days
1436,0,0,0.07432292217672412,False,,3,0.971856763436784,0.12822741622116765,1,2017-12-14,24,True,1,True,all_days
1437,0,0,0.42175598563173616,False,,3,0.7564999695067988,0.5550808716572317,1,2017-12-15,24,True,1,True,all_days
1438,1,1,0.9982732680153188,False,,3,1.0,1.0719911689785822e-43,0,2017-12-16,24,True,0,True,all_days
1439,1,1,0.7852998509558506,False,,3,1.0,6.131790183453721e-55,0,2017-12-17,24,True,0,True,all_days
1440,0,0,0.868768266422836,False,,3,0.9999999937914907,1.2353283998789455e-07,1,2017-12-18,24,True,1,True,all_days
1441,0,0,0.9973987727068064,False,,3,0.9999999722572358,5.104749235444855e-07,1,2017-12-19,24,True,1,True,all_days
1442,0,0,0.9737027287067805,False,,3,0.9999977442428976,3.1585164574409625e-05,1,2017-12-20,24,True,1,True,all_days
1443,0,0,0.9978083604762489,False,,3,0.9999947730401932,6.879556259173505e-05,1,2017-12-21,24,True,1,True,all_days
1444,2,2,0.9956018961139295,False,,3,0.9999749620614529,0.00029031754702784225,1,2017-12-22,24,True,1,True,all_days
1445,1,1,0.9999950224269876,False,,3,1.0,3.1708965709949086e-45,0,2017-12-23,23,False,0,True,all_days
1446,1,1,0.101624117771422,False,,3,1.0,1.0363883853290219e-71,0,2017-12-24,24,True,0,True,all_days
1447,1,1,0.509256464164134,False,,3,1.0,2.1370176604201454e-59,0,2017-12-25,24,True,0,True,all_days
1448,2,2,0.2126352616085934,False,,3,0.9986406626384198,0.010331069915489276,1,2017-12-26,24,True,1,True,all_days
1449,2,2,0.7603162346622976,False,,3,0.9824106886213932,0.08850268151853047,1,2017-12-27,24,True,1,True,all_days
1450,2,2,0.9637908929608812,False,,3,0.9999998771665237,2.0774133174523932e-06,1,2017-12-28,24,True,1,True,all_days
1451,2,2,0.7199742079109114,False,,3,0.9999999999997975,6.1366166548729956e-12,1,2017-12-29,24,True,1,True,all_days
1452,1,1,0.7643213559155406,False,,3,1.0,8.98672080909329e-55,0,2017-12-30,24,True,0,True,all_days
1453,1,1,0.8818578759883684,False,,3,1.0,7.363081659990971e-66,0,2017-12-31,24,True,0,True,all_days
1454,-1,1,6.512033344225212e-17,True,,3,1.0,4.942228197787939e-90,0,2018-01-01,24,True,-1,False,all_days
1455,0,0,0.09391128584063604,False,,3,0.9999259163139954,0.0007786401477008135,1,2018-01-02,24,True,1,True,all_days
1456,0,0,0.8633686661803507,False,,3,0.9999998501797199,2.5040705991367184e-06,1,2018-01-03,24,True,1,True,all_days
1457,0,0,0.08194018596537984,False,,3,0.999769871471459,0.0021578594087875466,1,2018-01-04,24,True,1,True,all_days
1458,0,0,0.20084824188097153,False,,3,0.9178137374047929,0.2840767790595583,1,2018-01-05,24,True,1,True,all_days
1459,1,1,0.9713322720304344,False,,3,1.0,5.090627526123811e-39,0,2018-01-06,24,True,0,True,all_days
1460,1,1,0.7686359669052444,False,,3,1.0,7.291933650828364e-62,0,2018-01-07,24,True,0,True,all_days
1461,0,0,0.5428470217316023,False,,3,0.9999999988791508,2.4220654454171663e-08,1,2018-01-08,24,True,1,True,all_days
1462,0,0,0.0458687965205412,False,,3,0.9998161908399382,0.0017648474371679602,1,2018-01-09,24,True,1,True,all_days
1463,0,0,0.961505872620456,False,,3,0.9999999924013458,1.4965775370298224e-07,1,2018-01-10,24,True,1,True,all_days
1464,2,2,0.5881716555420486,False,,3,0.8880052279072621,0.35066567324247305,1,2018-01-11,24,True,1,True,all_days
1465,0,0,0.6032847481985129,False,,3,0.9986777175006013,0.010086019755584558,1,2018-01-12,24,True,1,True,all_days
1466,1,1,0.38349090098108907,False,,3,1.0,3.6351135010820738e-40,0,2018-01-13,24,True,0,True,all_days
1467,1,1,0.07541323661318519,False,,3,1.0,5.88674389956922e-58,0,2018-01-14,24,True,0,True,all_days
1468,2,2,0.9106156557286358,False,,3,0.7597831303917014,0.5513297803407348,0,2018-01-15,24,True,1,False,all_days
1469,0,0,0.8050290484391076,False,,3,0.9999999683584738,5.780525584945589e-07,1,2018-01-16,24,True,1,True,all_days
1470,2,2,0.016573259017107225,False,,3,0.9884850882437106,0.06285221967919613,1,2018-01-17,24,True,1,True,all_days
1471,0,0,0.9951952717271845,False,,3,0.9999982910910177,2.4402629955884533e-05,1,2018-01-18,23,False,1,True,all_days
1472,0,0,0.3851298141535341,False,,3,0.9980399257800315,0.014178769723534192,1,2018-01-19,24,True,1,True,all_days
1473,1,1,0.42622387834495645,False,,3,1.0,1.2998452455123976e-45,0,2018-01-20,24,True,0,True,all_days
1474,1,1,0.000451684683524722,False,,3,1.0,7.994250149352185e-59,0,2018-01-21,24,True,0,True,all_days
1475,-1,2,3.390365328900051e-25,True,,3,1.0,4.155861297947714e-41,1,2018-01-22,24,True,-1,False,all_days
1476,0,0,0.762326108654712,False,,3,0.9999616092555433,0.00042873535563726646,1,2018-01-23,24,True,1,True,all_days
1477,0,0,0.9510099568665054,False,,3,0.999999912484569,1.5097681596641837e-06,1,2018-01-24,24,True,1,True,all_days
1478,0,0,0.9984553360332794,False,,3,0.9999998586531078,2.370676963033924e-06,1,2018-01-25,24,True,1,True,all_days
1479,2,2,0.9999999347492384,False,,3,0.9997237290597868,0.002540032360548135,1,2018-01-26,24,True,1,True,all_days
1480,1,1,0.8292967567162831,False,,3,1.0,2.2202766935780076e-35,0,2018-01-27,24,True,0,True,all_days
1481,1,1,0.27246281994112775,False,,3,1.0,7.536343770602109e-46,0,2018-01-28,24,True,0,True,all_days
1482,0,0,0.9789504825715613,False,,3,0.9999999852606295,2.805306704575243e-07,1,2018-01-29,24,True,1,True,all_days
1483,0,0,0.9990131069572048,False,,3,0.9999996802501001,5.101841981008992e-06,1,2018-01-30,24,True,1,True,all_days
1484,0,0,0.9964361930664397,False,,3,0.9999967773986412,4.39734269136519e-05,1,2018-01-31,23,False,1,True,all_days
1485,0,0,0.9999350319086863,False,,3,0.9999971541744045,3.9186039248830627e-05,1,2018-02-01,24,True,1,True,all_days
1486,2,2,0.9904776446738975,False,,3,0.9999999963621189,7.432869379009215e-08,1,2018-02-02,24,True,1,True,all_days
1487,1,1,0.3811913883892928,False,,3,1.0,2.13927344743194e-42,0,2018-02-03,24,True,0,True,all_days
1488,1,1,0.0024795348890415047,False,,3,1.0,1.1310102903010044e-51,0,2018-02-04,24,True,0,True,all_days
1489,2,2,0.17123315727563074,False,,3,0.9851077419782069,0.07743125948476254,1,2018-02-05,24,True,1,True,all_days
1490,0,0,0.8335425569657954,False,,3,0.999999992350574,1.50606758565637e-07,1,2018-02-06,24,True,1,True,all_days
1491,0,0,0.7066959468564163,False,,3,0.9999997875836305,3.476133862166808e-06,1,2018-02-07,24,True,1,True,all_days
1492,0,0,0.1057851462175748,False,,3,0.9998930548298167,0.0010847599199642509,1,2018-02-08,24,True,1,True,all_days
1493,0,0,0.39469847990570045,False,,3,0.9914564242830783,0.04919640072090889,1,2018-02-09,24,True,1,True,all_days
1494,1,1,0.0854267452655137,False,,3,1.0,9.771412526735229e-42,0,2018-02-10,24,True,0,True,all_days
1495,1,1,0.015802334882157418,False,,3,1.0,3.500832141944574e-56,0,2018-02-11,24,True,0,True,all_days
1496,0,0,0.583833350863045,False,,3,0.9999999992296651,1.6935208951595713e-08,1,2018-02-12,24,True,1,True,all_days
1497,0,0,0.05438958141072393,False,,3,0.9999967463502819,4.436589418350491e-05,1,2018-02-13,24,True,1,True,all_days
1498,0,0,0.9962880967374806,False,,3,0.9999999704020266,5.426954219384732e-07,1,2018-02-14,24,True,1,True,all_days
1499,0,0,0.36692346395617675,False,,3,0.999977146655254,0.00026707336566076853,1,2018-02-15,24,True,1,True,all_days
1500,0,0,0.9586921955735351,False,,3,0.9998423491521771,0.0015378917398151566,1,2018-02-16,24,True,1,True,all_days
1501,1,1,0.9354828838315566,False,,3,1.0,1.1920161143523319e-41,0,2018-02-17,24,True,0,True,all_days
1502,1,1,0.8878992857693064,False,,3,1.0,6.274494453771318e-65,0,2018-02-18,24,True,0,True,all_days
1503,2,2,0.612525679356889,False,,3,0.9998698998658806,0.0012941243897377137,0,2018-02-19,24,True,1,False,all_days
1504,0,0,0.4574057924690681,False,,3,0.9999999696857267,5.551042821261143e-07,1,2018-02-20,24,True,1,True,all_days
1505,0,0,0.8817913549965511,False,,3,0.9999999918196636,1.6051075629595875e-07,1,2018-02-21,24,True,1,True,all_days
1506,0,0,0.9648426675533522,False,,3,0.9999999906198127,1.827698104091326e-07,1,2018-02-22,24,True,1,True,all_days
1507,2,2,0.973098398412159,False,,3,0.9801000696786719,0.09764940419696991,1,2018-02-23,24,True,1,True,all_days
1508,1,1,0.0027630454382982462,False,,3,1.0,3.07556705564706e-31,0,2018-02-24,24,True,0,True,all_days
1509,1,1,0.031871210053446286,False,,3,1.0,2.6098027665070654e-62,0,2018-02-25,24,True,0,True,all_days
1510,0,0,0.9250460738020065,False,,3,0.9999999831298433,3.188074651039549e-07,1,2018-02-26,24,True,1,True,all_days
1511,0,0,0.33881199629044917,False,,3,0.9999923686347422,9.755357346311871e-05,1,2018-02-27,24,True,1,True,all_days
1512,0,0,0.995486838453001,False,,3,0.9999999823839866,3.321403741043656e-07,1,2018-02-28,24,True,1,True,all_days
1513,0,0,0.9997459177959127,False,,3,0.9999998896131029,1.87870489419828e-06,1,2018-03-01,24,True,1,True,all_days
1514,0,0,0.7857963861772633,False,,3,0.9996477977769972,0.0031526075069622335,1,2018-03-02,24,True,1,True,all_days
1515,1,1,0.9882949308898354,False,,3,1.0,7.151700111896201e-44,0,2018-03-03,24,True,0,True,all_days
1516,1,1,0.7381238032199956,False,,3,1.0,2.897828331321444e-69,0,2018-03-04,24,True,0,True,all_days
1517,-1,2,2.3651191339879324e-30,True,,3,1.0,7.56045868002443e-46,1,2018-03-05,24,True,-1,False,all_days
1518,0,0,3.77279494384354e-06,False,,3,0.989155341926504,0.059847770625704906,1,2018-03-06,24,True,1,True,all_days
1519,0,0,0.9981585124270321,False,,3,0.9999999527488772,8.442730883385598e-07,1,2018-03-07,24,True,1,True,all_days
1520,0,0,0.11800179131002174,False,,3,0.9983446443825101,0.012254450779302786,1,2018-03-08,24,True,1,True,all_days
1521,2,2,0.6539867905597381,False,,3,0.9864530706432645,0.07172816116611687,1,2018-03-09,24,True,1,True,all_days
1522,1,1,0.5640820449934221,False,,3,1.0,1.6476939674615187e-41,0,2018-03-10,23,False,0,True,all_days
1523,1,1,0.19903141893241932,False,,3,1.0,2.5853530885852468e-65,0,2018-03-11,23,False,0,True,all_days
1524,0,0,0.22248035161362842,False,,3,0.9990604753500032,0.007487698215989446,1,2018-03-12,24,True,1,True,all_days
1525,0,0,0.11028018485804156,False,,3,0.937963878602458,0.23253361167657305,1,2018-03-13,24,True,1,True,all_days
1526,0,0,0.9995210463841269,False,,3,0.9999999803324011,3.6865526372992994e-07,1,2018-03-14,24,True,1,True,all_days
1527,0,0,0.9999423014715957,False,,3,0.9999999705581648,5.399882696785859e-07,1,2018-03-15,23,False,1,True,all_days
1528,0,0,0.22364547223568637,False,,3,0.9489102197334545,0.2017116186831643,1,2018-03-16,23,False,1,True,all_days
1529,1,1,0.4618215315734624,False,,3,1.0,4.245991540644996e-45,0,2018-03-17,24,True,0,True,all_days
1530,1,1,0.02299357317754152,False,,3,1.0,1.0942664564231544e-79,0,2018-03-18,24,True,0,True,all_days
1531,0,0,0.2485313515064069,False,,3,0.9999961505465329,5.1842812714763166e-05,1,2018-03-19,24,True,1,True,all_days
1532,0,0,0.9701470799218085,False,,3,0.999999994580083,1.0857821443826581e-07,1,2018-03-20,24,True,1,True,all_days
1533,0,0,0.9743367600311708,False,,3,0.9999999976232132,4.9573864290679566e-08,1,2018-03-21,24,True,1,True,all_days
1534,0,0,0.9630513749802827,False,,3,0.9999999831550818,3.1835577726870853e-07,1,2018-03-22,24,True,1,True,all_days
1535,2,2,0.438972793686961,False,,3,0.9744520054422954,0.11890834440126496,1,2018-03-23,24,True,1,True,all_days
1536,1,1,0.7208017129460453,False,,3,0.9999999996948166,6.991783189651062e-09,0,2018-03-24,18,False,0,True,all_days
1537,1,1,0.07161985052118959,False,,3,1.0,8.63578414566114e-73,0,2018-03-25,24,True,0,True,all_days
1538,0,0,0.5745315347680484,False,,3,0.9999999923369458,1.5086142406414657e-07,1,2018-03-26,24,True,1,True,all_days
1539,0,0,0.9814480558263611,False,,3,0.9999999987540491,2.679214779575144e-08,1,2018-03-27,24,True,1,True,all_days
1540,0,0,0.9902263965677518,False,,3,0.9999999881276375,2.285317121954322e-07,1,2018-03-28,24,True,1,True,all_days
1541,0,0,0.027025301926264123,False,,3,0.9894496450849262,0.058515454046863376,1,2018-03-29,23,False,1,True,all_days
1542,2,2,0.9909464043801419,False,,3,0.7027276687470959,0.608535408590503,1,2018-03-30,24,True,1,True,all_days
1543,1,1,0.9942974601234557,False,,3,1.0,1.575561296408189e-45,0,2018-03-31,24,True,0,True,all_days
1544,1,1,0.08604121073862236,False,,3,1.0,3.517391199544046e-70,0,2018-04-01,24,True,0,True,all_days
1545,0,0,0.6036183541239761,False,,3,0.9999963158761112,4.977795137757769e-05,1,2018-04-02,24,True,1,True,all_days
1546,2,2,0.45687485776953707,False,,3,0.9954718010815451,0.02895857236997789,1,2018-04-03,24,True,1,True,all_days
1547,0,0,0.8542277520589922,False,,3,0.9999997537151925,3.993945810171868e-06,1,2018-04-04,24,True,1,True,all_days
1548,0,0,0.19728819165478909,False,,3,0.9887673902376949,0.06159173196166311,1,2018-04-05,24,True,1,True,all_days
1549,2,2,0.9997314740444889,False,,3,0.9994261661158236,0.0048562893859252255,1,2018-04-06,24,True,1,True,all_days
1550,1,1,0.16257911743151832,False,,3,1.0,8.180826598428685e-47,0,2018-04-07,24,True,0,True,all_days
1551,1,1,0.23499326543645754,False,,3,1.0,3.0229130169469646e-62,0,2018-04-08,24,True,0,True,all_days
1552,0,0,0.39447843717849546,False,,3,0.9999999968917095,6.399719184859118e-08,1,2018-04-09,24,True,1,True,all_days
1553,0,0,0.8497966134424222,False,,3,0.999999998959602,2.2559628229568685e-08,1,2018-04-10,24,True,1,True,all_days
1554,0,0,0.8716693911874169,False,,3,0.99999999576211,8.594103589214715e-08,1,2018-04-11,24,True,1,True,all_days
1555,0,0,0.9085897514812241,False,,3,0.9999999976601934,4.8839220442272485e-08,1,2018-04-12,24,True,1,True,all_days
1556,0,0,0.7470637079206564,False,,3,0.9999980765940487,2.7238144214895464e-05,1,2018-04-13,24,True,1,True,all_days
1557,-1,1,1.2241881871994901e-18,True,,3,0.9999999999986997,3.682536195026962e-11,0,2018-04-14,24,True,-1,False,all_days
1558,1,1,0.0001121256231047086,False,,3,1.0,1.9522721902917154e-48,0,2018-04-15,24,True,0,True,all_days
1559,0,0,0.854824719260501,False,,3,0.9999999203751347,1.3811680933984962e-06,1,2018-04-16,24,True,1,True,all_days
1560,0,0,0.13737267965400632,False,,3,0.9999349818021545,0.000691846345114337,1,2018-04-17,24,True,1,True,all_days
1561,2,2,0.3880628846692184,False,,3,0.905913667653791,0.31189152146810595,1,2018-04-18,24,True,1,True,all_days
1562,0,0,0.9014851780104967,False,,3,0.9999999254722055,1.297684959958871e-06,1,2018-04-19,24,True,1,True,all_days
1563,0,0,0.41607333552955567,False,,3,0.9794037288267657,0.10035071065646921,1,2018-04-20,24,True,1,True,all_days
1564,1,1,0.5939016150251479,False,,3,1.0,1.9995336490778185e-41,0,2018-04-21,24,True,0,True,all_days
1565,1,1,0.9818806817819635,False,,3,1.0,6.652724912580717e-66,0,2018-04-22,24,True,0,True,all_days
1566,0,0,0.7736853399092036,False,,3,0.9999999879259357,2.3221088460115444e-07,1,2018-04-23,24,True,1,True,all_days
1567,0,0,0.5646336089978263,False,,3,0.999999997833843,4.5381644566698746e-08,1,2018-04-24,24,True,1,True,all_days
1568,0,0,0.6442140672127274,False,,3,0.9999999989820161,2.2095798846725077e-08,1,2018-04-25,24,True,1,True,all_days
1569,0,0,0.9667435409815103,False,,3,0.9999999877476747,2.354596995425936e-07,1,2018-04-26,24,True,1,True,all_days
1570,0,0,0.7095779132934507,False,,3,0.9988334419792164,0.009044457582395757,1,2018-04-27,24,True,1,True,all_days
1571,1,1,0.24891144749545402,False,,3,1.0,4.257188227370455e-38,0,2018-04-28,24,True,0,True,all_days
1572,1,1,0.379651764046259,False,,3,1.0,2.0799281506206803e-68,0,2018-04-29,24,True,0,True,all_days
1573,0,0,0.9152661591830566,False,,3,0.9999999954644174,9.167010089059661e-08,1,2018-04-30,24,True,1,True,all_days
1574,0,0,0.6156039384223814,False,,3,0.9999998786502895,2.0537940211303587e-06,1,2018-05-01,24,True,1,True,all_days
1575,0,0,0.7890483315054294,False,,3,0.9999999984758645,3.246686023407073e-08,1,2018-05-02,24,True,1,True,all_days
1576,0,0,0.9965977196051669,False,,3,0.9999999901229586,1.9194105481999e-07,1,2018-05-03,24,True,1,True,all_days
1577,0,0,0.4456563765298506,False,,3,0.988981999193343,0.060628704134157475,1,2018-05-04,24,True,1,True,all_days
1578,1,1,0.7659423439105038,False,,3,1.0,4.7000138200126075e-34,0,2018-05-05,23,False,0,True,all_days
1579,1,1,0.9090296588533521,False,,3,1.0,1.8968149023202827e-60,0,2018-05-06,24,True,0,True,all_days
1580,0,0,0.9471084772566639,False,,3,0.999999991582964,1.6491505498513887e-07,1,2018-05-07,24,True,1,True,all_days
1581,0,0,0.7188360413330248,False,,3,0.9999999878942242,2.3278902025158718e-07,1,2018-05-08,24,True,1,True,all_days
1582,0,0,0.8789151275078803,False,,3,0.9999999883011698,2.2536364543449144e-07,1,2018-05-09,24,True,1,True,all_days
1583,0,0,0.9989238412075778,False,,3,0.999999972960968,4.982207590205617e-07,1,2018-05-10,24,True,1,True,all_days
1584,0,0,0.8832387754345313,False,,3,0.9999522264437395,0.0005230733554637602,1,2018-05-11,24,True,1,True,all_days
1585,1,1,0.6083327584702864,False,,3,1.0,7.38647880570569e-28,0,2018-05-12,24,True,0,True,all_days
1586,1,1,0.96501930442039,False,,3,1.0,5.714187789793991e-62,0,2018-05-13,24,True,0,True,all_days
1587,0,0,0.9703936879173292,False,,3,0.9999999724663663,5.068352230401624e-07,1,2018-05-14,24,True,1,True,all_days
1588,0,0,0.00415095541839313,False,,3,0.9622341059326233,0.16077785574383807,1,2018-05-15,24,True,1,True,all_days
1589,2,2,0.9817162489992712,False,,3,0.9033008425291155,0.3177691480484624,1,2018-05-16,24,True,1,True,all_days
1590,0,0,0.4169715080162242,False,,3,0.9638160010696629,0.15562101201132028,1,2018-05-17,24,True,1,True,all_days
1591,0,0,0.33739610859271096,False,,3,0.8984245327750875,0.3285309031316142,1,2018-05-18,24,True,1,True,all_days
1592,1,1,0.9598115416165952,False,,3,1.0,4.333365084343699e-37,0,2018-05-19,24,True,0,True,all_days
1593,1,1,0.9506642348059785,False,,3,1.0,7.775315750245724e-64,0,2018-05-20,24,True,0,True,all_days
1594,2,2,0.0010417925095324416,False,,3,0.7990031479315473,0.5017812524422196,1,2018-05-21,24,True,1,True,all_days
1595,0,0,0.8784646411551136,False,,3,0.9999999772020056,4.239650289534304e-07,1,2018-05-22,24,True,1,True,all_days
1596,0,0,0.9906386930532074,False,,3,0.9999998337825597,2.7608665451363467e-06,1,2018-05-23,24,True,1,True,all_days
1597,0,0,0.9999713097845928,False,,3,0.9999999751977743,4.5914706456432614e-07,1,2018-05-24,24,True,1,True,all_days
1598,2,2,0.9713189248108776,False,,3,0.7141788133165492,0.5983675129564743,1,2018-05-25,24,True,1,True,all_days
1599,1,1,0.962861173506637,False,,3,1.0,8.164422000093221e-46,0,2018-05-26,24,True,0,True,all_days
1600,1,1,0.4499036314904769,False,,3,1.0,6.516635496650694e-55,0,2018-05-27,24,True,0,True,all_days
1601,1,1,0.7715096560023563,False,,3,1.0,1.552024090239085e-58,0,2018-05-28,24,True,0,True,all_days
1602,0,0,0.7078794410603967,False,,3,0.9999999851509395,2.825082377617334e-07,1,2018-05-29,24,True,1,True,all_days
1603,0,0,0.9172143393086607,False,,3,0.9999999477866957,9.277222613516411e-07,1,2018-05-30,24,True,1,True,all_days
1604,0,0,0.9981882386662669,False,,3,0.9999981824330424,2.5842186783147123e-05,1,2018-05-31,24,True,1,True,all_days
1605,2,2,0.9987958829157025,False,,3,0.9814735535125101,0.0922475319594906,1,2018-06-01,24,True,1,True,all_days
1606,1,1,0.9996960193551853,False,,3,1.0,7.315950010019631e-40,0,2018-06-02,23,False,0,True,all_days
1607,1,1,0.989110523836495,False,,3,1.0,1.5460706955468955e-54,0,2018-06-03,24,True,0,True,all_days
1608,0,0,0.9817058283288311,False,,3,0.9999991442184568,1.2812119668513241e-05,1,2018-06-04,24,True,1,True,all_days
1609,0,0,0.9913531565755651,False,,3,0.9999990476956477,1.4155414393733176e-05,1,2018-06-05,24,True,1,True,all_days
1610,0,0,0.9807716712057714,False,,3,0.9999894953897944,0.000130926216490733,1,2018-06-06,24,True,1,True,all_days
1611,0,0,0.9936014243292489,False,,3,0.9999808261860349,0.0002274389276182357,1,2018-06-07,24,True,1,True,all_days
1612,2,2,0.8969974537163814,False,,3,0.9999986303728754,1.98609236832744e-05,1,2018-06-08,24,True,1,True,all_days
1613,1,1,0.35329431721398014,False,,3,1.0,1.1990560262937552e-46,0,2018-06-09,24,True,0,True,all_days
1614,1,1,0.896925078777959,False,,3,1.0,3.786603197177042e-71,0,2018-06-10,24,True,0,True,all_days
1615,0,0,0.9457005838260232,False,,3,0.9999982641129183,2.4760677924766427e-05,1,2018-06-11,24,True,1,True,all_days
1616,0,0,0.9568060617705779,False,,3,0.9999921866330612,9.969598900576154e-05,1,2018-06-12,24,True,1,True,all_days
1617,0,0,0.9707740676478117,False,,3,0.9999550263017515,0.00049513389380822,1,2018-06-13,24,True,1,True,all_days
1618,0,0,0.9974882793566555,False,,3,0.9999835349184394,0.00019781577830669725,1,2018-06-14,24,True,1,True,all_days
1619,2,2,0.9910433595191226,False,,3,0.9999973624203878,3.651899770346899e-05,1,2018-06-15,24,True,1,True,all_days
1620,1,1,0.9999438548927433,False,,3,1.0,2.2867497657131904e-48,0,2018-06-16,24,True,0,True,all_days
1621,1,1,0.9614559413446322,False,,3,1.0,6.340056353721985e-67,0,2018-06-17,24,True,0,True,all_days
1622,0,0,0.9525127475783027,False,,3,0.9999998527119482,2.4642580490663934e-06,1,2018-06-18,24,True,1,True,all_days
1623,0,0,0.96603043568844,False,,3,0.9999987699757431,1.796877991589135e-05,1,2018-06-19,24,True,1,True,all_days
1624,0,0,0.9906242371758851,False,,3,0.9999976841541979,3.2365645879849826e-05,1,2018-06-20,24,True,1,True,all_days
1625,0,0,0.4501251138875881,False,,3,0.9891904627954565,0.059689206310268764,1,2018-06-21,24,True,1,True,all_days
1626,2,2,0.2710730464914525,False,,3,0.9999999999995,1.4666242303961887e-11,1,2018-06-22,24,True,1,True,all_days
1627,1,1,0.6811343721667267,False,,3,1.0,4.3556428542548924e-35,0,2018-06-23,24,True,0,True,all_days
1628,1,1,0.9612236169318195,False,,3,1.0,2.3218292650492517e-58,0,2018-06-24,24,True,0,True,all_days
1629,0,0,0.8426756960099218,False,,3,0.9998173179648856,0.0017551490887851792,1,2018-06-25,24,True,1,True,all_days
1630,0,0,0.987384409525776,False,,3,0.9999977555757268,3.143778636489094e-05,1,2018-06-26,24,True,1,True,all_days
1631,0,0,0.9747941556034934,False,,3,0.9999645522455649,0.0003986962404317873,1,2018-06-27,24,True,1,True,all_days
1632,0,0,0.9631599813802404,False,,3,0.9995975197737103,0.0035489351293631153,1,2018-06-28,24,True,1,True,all_days
1633,2,2,0.9997560910142285,False,,3,0.9999994939816635,7.841610637656864e-06,1,2018-06-29,24,True,1,True,all_days
1634,1,1,0.9955712454925678,False,,3,1.0,5.1714571433376836e-39,0,2018-06-30,24,True,0,True,all_days
1635,1,1,0.4380712175583137,False,,3,1.0,7.98983076459501e-70,0,2018-07-01,24,True,0,True,all_days
1636,2,2,0.9943511894009127,False,,3,0.9999998330324151,2.7725745621248825e-06,1,2018-07-02,24,True,1,True,all_days
1637,2,2,0.9999888357055489,False,,3,0.8832588556866656,0.3603812654770729,1,2018-07-03,24,True,1,True,all_days
1638,1,1,0.017507528089192044,False,,3,1.0,1.498802145296865e-48,0,2018-07-04,24,True,0,True,all_days
1639,2,2,0.9992966050878274,False,,3,0.9998715508155159,0.001279342696728475,1,2018-07-05,24,True,1,True,all_days
1640,2,2,0.9843553776098128,False,,3,0.9999999821492979,3.36329054924694e-07,1,2018-07-06,24,True,1,True,all_days
1641,1,1,0.8917552515215922,False,,3,1.0,6.214908141935821e-45,0,2018-07-07,24,True,0,True,all_days
1642,1,1,0.6872729476673893,False,,3,1.0,1.1828375668639596e-74,0,2018-07-08,24,True,0,True,all_days
1643,0,0,0.9095897043501178,False,,3,0.999862925041519,0.0013563449392746682,1,2018-07-09,24,True,1,True,all_days
1644,0,0,0.9477140069214237,False,,3,0.9999590273829435,0.0004549020087883824,1,2018-07-10,24,True,1,True,all_days
1645,0,0,0.9908082334933068,False,,3,0.9999932643393562,8.69445224956884e-05,1,2018-07-11,24,True,1,True,all_days
1646,0,0,0.977045429776017,False,,3,0.9999863405397141,0.0001666600500442089,1,2018-07-12,24,True,1,True,all_days
1647,2,2,0.9991193066503917,False,,3,0.9725395426988289,0.12580048941866237,1,2018-07-13,24,True,1,True,all_days
1648,1,1,0.8956824729664666,False,,3,1.0,1.952385162466236e-38,0,2018-07-14,24,True,0,True,all_days
1649,1,1,0.9527550311286618,False,,3,1.0,1.1329959821681993e-68,0,2018-07-15,24,True,0,True,all_days
1650,0,0,0.7250805665201633,False,,3,0.9995078390338987,0.004240684592521535,1,2018-07-16,24,True,1,True,all_days
1651,0,0,0.9568112933253983,False,,3,0.999995136589923,6.436124196296742e-05,1,2018-07-17,24,True,1,True,all_days
1652,0,0,0.9692800114882122,False,,3,0.9999864288113325,0.00016567102809033973,1,2018-07-18,24,True,1,True,all_days
1653,0,0,0.9860765246509515,False,,3,0.9998823654614593,0.0011819764391288441,1,2018-07-19,24,True,1,True,all_days
1654,2,2,0.9964358649828533,False,,3,0.9993020500075092,0.005769962391013947,1,2018-07-20,24,True,1,True,all_days
1655,1,1,0.9326631961466827,False,,3,1.0,3.2220255437624995e-36,0,2018-07-21,24,True,0,True,all_days
1656,1,1,0.9318006947140816,False,,3,1.0,3.8099348538232167e-72,0,2018-07-22,24,True,0,True,all_days
1657,0,0,0.603823022043897,False,,3,0.9995202517160212,0.004145989029848775,1,2018-07-23,24,True,1,True,all_days
1658,0,0,0.9822991267307405,False,,3,0.9999918430650933,0.00010372878844398501,1,2018-07-24,24,True,1,True,all_days
1659,0,0,0.7315746781859767,False,,3,0.9984009907542614,0.011892745005665619,1,2018-07-25,24,True,1,True,all_days
1660,0,0,0.7036376778772397,False,,3,0.9942628461298028,0.0353289228250259,1,2018-07-26,24,True,1,True,all_days
1661,2,2,0.9985806086246027,False,,3,0.9998080137958327,0.00183500241972775,1,2018-07-27,24,True,1,True,all_days
1662,1,1,0.7759319933663449,False,,3,1.0,3.062910754879607e-35,0,2018-07-28,24,True,0,True,all_days
1663,1,1,0.45374120641335147,False,,3,1.0,5.852037823105215e-65,0,2018-07-29,24,True,0,True,all_days
1664,0,0,0.8991401873264482,False,,3,0.9999898902450236,0.00012639220427554122,1,2018-07-30,24,True,1,True,all_days
1665,0,0,0.9809227487574489,False,,3,0.9999884106522182,0.00014330713409179362,1,2018-07-31,24,True,1,True,all_days
1666,0,0,0.9425054965676831,False,,3,0.9998268850684177,0.0016725444197970612,1,2018-08-01,24,True,1,True,all_days
1667,0,0,0.974796177068825,False,,3,0.9997526249466131,0.002301696543599052,1,2018-08-02,24,True,1,True,all_days
1668,2,2,0.9999117878983598,False,,3,0.9767788529265276,0.11032344686181925,1,2018-08-03,24,True,1,True,all_days
1669,1,1,0.9303780522375947,False,,3,1.0,2.7213829488373485e-34,0,2018-08-04,24,True,0,True,all_days
1670,1,1,0.9833169248582285,False,,3,1.0,8.779480159029561e-71,0,2018-08-05,24,True,0,True,all_days
1671,0,0,0.7800731218375722,False,,3,0.9999006457138093,0.0010150797681948548,1,2018-08-06,24,True,1,True,all_days
1672,0,0,0.9370114597033784,False,,3,0.9999972871175508,3.748524645698955e-05,1,2018-08-07,21,False,1,True,all_days
1673,0,0,0.8956451705152815,False,,3,0.9998846659897848,0.0011611390494393275,1,2018-08-08,24,True,1,True,all_days
1674,0,0,0.5913293952059764,False,,3,0.93296792806994,0.24589328111187958,1,2018-08-09,24,True,1,True,all_days
1675,2,2,0.9850055234106194,False,,3,0.9999986360645228,1.978406907844586e-05,1,2018-08-10,24,True,1,True,all_days
1676,1,1,0.8052239071175287,False,,3,1.0,3.8789659940089346e-41,0,2018-08-11,24,True,0,True,all_days
1677,1,1,0.9570731033622291,False,,3,1.0,2.7363332930985895e-69,0,2018-08-12,24,True,0,True,all_days
1678,0,0,0.4878972833685228,False,,3,0.9992677877228127,0.006018106812564527,1,2018-08-13,24,True,1,True,all_days
1679,2,2,0.36208620719992046,False,,3,0.9153528273053106,0.28997518721213666,1,2018-08-14,24,True,1,True,all_days
1680,0,0,0.16202959436076658,False,,3,0.9909060113196684,0.05179554757342402,1,2018-08-15,24,True,1,True,all_days
1681,0,0,0.9824970986081378,False,,3,0.9999466803149429,0.000577941573707946,1,2018-08-16,24,True,1,True,all_days
1682,2,2,0.9999425496300305,False,,3,0.9999245059819093,0.0007920394050389267,1,2018-08-17,24,True,1,True,all_days
1683,1,1,0.8851289712017186,False,,3,1.0,1.8736039279960904e-35,0,2018-08-18,24,True,0,True,all_days
1684,1,1,0.9600728785969506,False,,3,1.0,2.2348260184010596e-73,0,2018-08-19,24,True,0,True,all_days
1685,0,0,0.025719958618810254,False,,3,0.7940253575533892,0.5085743054196382,1,2018-08-20,24,True,1,True,all_days
1686,0,0,0.8634359107075789,False,,3,0.9999977372742939,3.167575976428748e-05,1,2018-08-21,24,True,1,True,all_days
1687,0,0,0.9901013021813654,False,,3,0.9999992990878083,1.0633456758987723e-05,1,2018-08-22,24,True,1,True,all_days
1688,0,0,0.8921185439624566,False,,3,0.999955198269639,0.0004934122713425483,0,2018-08-23,23,False,1,False,all_days
1689,2,2,0.9999958296164522,False,,3,0.9893694134397898,0.058879477545933215,1,2018-08-24,24,True,1,True,all_days
1690,1,1,0.17724696528270353,False,,3,1.0,3.7686018404943304e-21,0,2018-08-25,24,True,0,True,all_days
1691,1,1,0.9797842481867455,False,,3,1.0,2.6201810352503176e-56,0,2018-08-26,24,True,0,True,all_days
1692,0,0,0.3538157026449012,False,,3,0.9999989015561177,1.617086846526021e-05,1,2018-08-27,24,True,1,True,all_days
1693,0,0,0.9786276928777521,False,,3,0.999999982893428,3.230371182175548e-07,1,2018-08-28,24,True,1,True,all_days
1694,0,0,0.9994769808861141,False,,3,0.9999999511541494,8.711460080607341e-07,1,2018-08-29,24,True,1,True,all_days
1695,0,0,0.9847818973280641,False,,3,0.9999731897548486,0.00030903400282765236,1,2018-08-30,24,True,1,True,all_days
1696,2,2,0.9980763906825982,False,,3,0.9661599562098833,0.14784702522473891,1,2018-08-31,24,True,1,True,all_days
1697,1,1,0.9367709265810283,False,,3,1.0,1.9544937989896975e-36,0,2018-09-01,24,True,0,True,all_days
1698,1,1,0.9999797744261748,False,,3,1.0,3.213782214302277e-59,0,2018-09-02,24,True,0,True,all_days
1699,1,1,0.886375932285408,False,,3,1.0,8.194881745418247e-42,0,2018-09-03,24,True,0,True,all_days
1700,0,0,0.43650969055465466,False,,3,0.9999999913522508,1.69201582599528e-07,1,2018-09-04,24,True,1,True,all_days
1701,0,0,0.5975846339017947,False,,3,0.9999999987317096,2.724999357096909e-08,1,2018-09-05,24,True,1,True,all_days
1702,0,0,0.9909355640182178,False,,3,0.9999999174979876,1.428146378270226e-06,1,2018-09-06,24,True,1,True,all_days
1703,0,0,0.11783910513783016,False,,3,0.9488280758523666,0.20195155134369683,1,2018-09-07,24,True,1,True,all_days
1704,1,1,0.9163431534182249,False,,3,1.0,1.083219041310332e-30,0,2018-09-08,24,True,0,True,all_days
1705,1,1,0.5570604283022593,False,,3,1.0,3.658160418176205e-50,0,2018-09-09,24,True,0,True,all_days
1706,0,0,0.18894840302899113,False,,3,0.9999999904740609,1.854628637316638e-07,1,2018-09-10,24,True,1,True,all_days
1707,0,0,0.0006851962136709142,False,,3,0.9295907221973203,0.25469633721830237,1,2018-09-11,24,True,1,True,all_days
1708,2,2,0.3612318316376427,False,,3,0.9041816958941492,0.31579647087383494,1,2018-09-12,24,True,1,True,all_days
1709,0,0,0.9445574195789846,False,,3,0.9999879109737762,0.00014897556528551556,1,2018-09-13,24,True,1,True,all_days
1710,0,0,0.20414184490098966,False,,3,0.9269972330599038,0.26133781660418803,1,2018-09-14,24,True,1,True,all_days
1711,1,1,0.877554299860551,False,,3,1.0,6.658551922093268e-35,0,2018-09-15,24,True,0,True,all_days
1712,1,1,0.8806046576021862,False,,3,1.0,7.344677463861989e-69,0,2018-09-16,24,True,0,True,all_days
1713,0,0,0.2493613786757375,False,,3,0.9999999930394932,1.3769981635430058e-07,1,2018-09-17,24,True,1,True,all_days
1714,0,0,0.8160624301907959,False,,3,0.9999983270372962,2.3924895070879173e-05,1,2018-09-18,24,True,1,True,all_days
1715,0,0,0.8248881927524659,False,,3,0.9999997572485394,3.9401542235142266e-06,1,2018-09-19,24,True,1,True,all_days
1716,0,0,0.17212446296869235,False,,3,0.9825664105343511,0.08787555246795734,1,2018-09-20,24,True,1,True,all_days
1717,0,0,0.2619497813849777,False,,3,0.7124085128000406,0.5999810286869277,1,2018-09-21,24,True,1,True,all_days
1718,1,1,0.1946952944705559,False,,3,1.0,4.1295164843669007e-47,0,2018-09-22,24,True,0,True,all_days
1719,1,1,0.498940034740205,False,,3,1.0,5.122031289285313e-58,0,2018-09-23,24,True,0,True,all_days
1720,0,0,0.11555747322786879,False,,3,0.999999993846389,1.2249517720518033e-07,1,2018-09-24,24,True,1,True,all_days
1721,0,0,0.5274659468307459,False,,3,0.9999999986778256,2.8352665383009308e-08,1,2018-09-25,24,True,1,True,all_days
1722,0,0,0.6209902426795508,False,,3,0.999999760213662,3.894973590670772e-06,1,2018-09-26,24,True,1,True,all_days
1723,0,0,0.9963180755400612,False,,3,0.99999527616467,6.265169490784787e-05,1,2018-09-27,24,True,1,True,all_days
1724,2,2,0.27417817320013615,False,,3,0.9999999752919025,4.5749846479929364e-07,1,2018-09-28,24,True,1,True,all_days
1725,1,1,0.5328626747129727,False,,3,1.0,3.089664075557499e-49,0,2018-09-29,24,True,0,True,all_days
1726,1,1,0.09037387755537526,False,,3,1.0,4.4012210404188525e-79,0,2018-09-30,24,True,0,True,all_days
0,0,0,0.33342613841648827,False,,2,1.0,8.300512927210337e-59,1,2013-01-14,24,True,1,True,complete_only
1,0,0,0.9755535611381405,False,,2,1.0,1.3609333149792308e-51,1,2013-01-17,24,True,1,True,complete_only
2,0,0,0.672708366545647,False,,2,1.0,4.1194201631785946e-42,1,2013-02-01,24,True,1,True,complete_only
3,1,1,0.988685454812895,False,,2,1.0,1.0243853364773267e-94,0,2013-02-02,24,True,0,True,complete_only
4,0,0,0.7947689021717543,False,,2,1.0,1.3883168861466484e-51,1,2013-02-04,24,True,1,True,complete_only
5,0,0,0.52990310294732,False,,2,1.0,1.3081118122925494e-42,0,2013-02-18,24,True,1,False,complete_only
6,0,0,2.651826036139063e-06,False,,2,1.0,1.9867548824870344e-20,1,2013-02-22,24,True,1,True,complete_only
7,1,1,0.9999666213845813,False,,2,1.0,8.414242174179569e-102,0,2013-02-23,24,True,0,True,complete_only
8,1,1,0.6232936611382435,False,,2,1.0,9.162319601399613e-161,0,2013-02-24,24,True,0,True,complete_only
9,0,0,0.05786565158648965,False,,2,1.0,6.660904774005104e-45,1,2013-03-21,24,True,1,True,complete_only
10,0,0,0.00013842693650742215,False,,2,1.0,3.294437939327561e-27,1,2013-03-22,24,True,1,True,complete_only
11,1,1,0.9573521379858927,False,,2,1.0,1.83066897045462e-110,0,2013-03-23,24,True,0,True,complete_only
12,1,1,0.8665783270130387,False,,2,1.0,3.502508742391574e-164,0,2013-03-24,24,True,0,True,complete_only
13,0,0,7.535813321413449e-05,False,,2,1.0,3.521769020355525e-40,1,2013-03-25,24,True,1,True,complete_only
14,0,0,0.9768591954026412,False,,2,1.0,9.85591434001003e-62,1,2013-03-26,24,True,1,True,complete_only
15,0,0,0.9919017818987893,False,,2,1.0,1.4288357033672947e-47,1,2013-03-28,24,True,1,True,complete_only
16,0,0,0.002518425598330581,False,,2,1.0,1.3298482096589425e-26,1,2013-03-29,24,True,1,True,complete_only
17,1,1,0.9125304275969797,False,,2,1.0,1.2446730066154974e-118,0,2013-03-30,24,True,0,True,complete_only
18,1,1,0.11607920676042528,False,,2,1.0,7.230162103271263e-179,0,2013-03-31,24,True,0,True,complete_only
19,0,0,0.9280562223088676,False,,2,1.0,1.2747684504135342e-60,1,2013-04-02,24,True,1,True,complete_only
20,0,0,0.9767060930145796,False,,2,1.0,2.1167340956397924e-55,1,2013-04-03,24,True,1,True,complete_only
21,1,1,0.7611580872533044,False,,2,1.0,4.877002255175318e-169,0,2013-04-07,24,True,0,True,complete_only
22,0,0,0.9115081418239556,False,,2,1.0,1.4802093124956478e-59,1,2013-04-08,24,True,1,True,complete_only
23,0,0,0.037862796755213125,False,,2,1.0,3.0912132277828914e-56,1,2013-04-09,24,True,1,True,complete_only
24,0,0,0.8987176583940096,False,,2,1.0,7.51524253168195e-65,1,2013-04-10,24,True,1,True,complete_only
25,-1,0,1.0103339556396366e-11,True,,2,1.0,1.690543678235038e-25,1,2013-04-11,24,True,-1,False,complete_only
26,0,0,0.6230500185063649,False,,2,1.0,1.1724267459354138e-42,1,2013-04-12,24,True,1,True,complete_only
27,1,1,0.45414885255554244,False,,2,1.0,7.339697418890296e-99,0,2013-04-13,24,True,0,True,complete_only
28,1,1,0.39461145562834865,False,,2,1.0,3.0059763286826506e-161,0,2013-04-14,24,True,0,True,complete_only
29,0,0,0.5609891186752591,False,,2,1.0,8.490492929473185e-67,1,2013-04-15,24,True,1,True,complete_only
30,0,0,0.892461225028391,False,,2,1.0,3.835042806758147e-64,1,2013-04-16,24,True,1,True,complete_only
31,0,0,3.104545638807085e-05,False,,2,1.0,2.4898931052408372e-62,1,2013-04-18,24,True,1,True,complete_only
32,1,1,0.44720728937735577,False,,2,1.0,1.502929219890925e-160,0,2013-04-21,24,True,0,True,complete_only
33,0,0,0.00842286447752255,False,,2,1.0,1.688582930657388e-67,1,2013-04-22,24,True,1,True,complete_only
34,0,0,0.005762235950449028,False,,2,1.0,3.954180727397316e-55,1,2013-04-23,24,True,1,True,complete_only
35,0,0,0.9263280607960104,False,,2,1.0,8.724154064967841e-58,1,2013-04-25,24,True,1,True,complete_only
36,1,1,0.9196790214468831,False,,2,1.0,1.5711990867306418e-91,0,2013-04-27,24,True,0,True,complete_only
37,1,1,0.9860258443409418,False,,2,1.0,6.256643210871435e-151,0,2013-04-28,24,True,0,True,complete_only
38,0,0,0.838484735822669,False,,2,1.0,4.863563228285028e-62,1,2013-04-29,24,True,1,True,complete_only
39,0,0,0.9694611037289371,False,,2,1.0,3.7133083334768735e-65,1,2013-04-30,24,True,1,True,complete_only
40,0,0,0.9677176905140638,False,,2,1.0,1.6831313031452145e-60,1,2013-05-02,24,True,1,True,complete_only
41,0,0,0.1097325582616439,False,,2,1.0,3.745666523429504e-44,1,2013-05-03,24,True,1,True,complete_only
42,1,1,0.9363762029795547,False,,2,1.0,8.281131695722894e-84,0,2013-05-04,24,True,0,True,complete_only
43,1,1,0.6424697136131446,False,,2,1.0,2.6363060841926336e-149,0,2013-05-05,24,True,0,True,complete_only
44,0,0,0.876313334779291,False,,2,1.0,3.068733865506719e-64,1,2013-05-06,24,True,1,True,complete_only
45,-1,0,2.317018370222e-08,True,,2,1.0,7.527792964297224e-49,1,2013-05-07,24,True,-1,False,complete_only
46,0,0,0.5560268854753594,False,,2,1.0,3.105332442176398e-51,1,2013-05-08,24,True,1,True,complete_only
47,0,0,0.9567528503254162,False,,2,1.0,8.379410783280794e-60,1,2013-05-09,24,True,1,True,complete_only
48,0,0,0.7408153569607773,False,,2,1.0,1.530326134100954e-48,1,2013-05-10,24,True,1,True,complete_only
49,1,1,0.8515044751867348,False,,2,1.0,5.317874882584665e-92,0,2013-05-11,24,True,0,True,complete_only
50,1,1,0.9912754895436644,False,,2,1.0,2.518750945661725e-146,0,2013-05-12,24,True,0,True,complete_only
51,0,0,0.6814325875270327,False,,2,1.0,4.334547299577567e-72,1,2013-05-13,24,True,1,True,complete_only
52,0,0,0.8039091395750815,False,,2,1.0,1.048747211083717e-60,1,2013-05-14,24,True,1,True,complete_only
53,0,0,0.9989182935913878,False,,2,1.0,1.9359613209114965e-60,1,2013-05-15,24,True,1,True,complete_only
54,0,0,0.9620423420971808,False,,2,1.0,2.7422903340832256e-59,1,2013-05-16,24,True,1,True,complete_only
55,1,1,0.9755061271978115,False,,2,1.0,3.68726150276179e-97,0,2013-05-18,24,True,0,True,complete_only
56,1,1,0.6716771774046295,False,,2,1.0,1.2324383896634423e-161,0,2013-05-19,24,True,0,True,complete_only
57,0,0,0.9615468205212355,False,,2,1.0,4.24369392886287e-65,1,2013-05-21,24,True,1,True,complete_only
58,0,0,0.8799850079585245,False,,2,1.0,7.508281916281322e-71,1,2013-05-22,24,True,1,True,complete_only
59,0,0,0.8383576141436913,False,,2,1.0,1.469291635546316e-65,1,2013-05-23,24,True,1,True,complete_only
60,0,0,0.5992248846873236,False,,2,1.0,3.2124853945377456e-48,1,2013-05-24,24,True,1,True,complete_only
61,1,1,0.9926674285215327,False,,2,1.0,2.1402330093555428e-100,0,2013-05-25,24,True,0,True,complete_only
62,1,1,0.9814302149898888,False,,2,1.0,4.135372702379398e-162,0,2013-05-26,24,True,0,True,complete_only
63,1,1,0.5809484583876976,False,,2,1.0,9.602777883181595e-133,0,2013-05-27,24,True,0,True,complete_only
64,0,0,0.07269377702363489,False,,2,1.0,1.1914370896211382e-53,1,2013-05-30,24,True,1,True,complete_only
65,0,0,0.5315455199233823,False,,2,1.0,5.01781687758647e-48,1,2013-05-31,24,True,1,True,complete_only
66,1,1,0.749312138138472,False,,2,1.0,1.5073522531280243e-79,0,2013-06-01,24,True,0,True,complete_only
67,1,1,0.994284657235849,False,,2,1.0,2.0869908048104547e-121,0,2013-06-02,24,True,0,True,complete_only
68,0,0,0.9448145263273121,False,,2,1.0,8.755540512322228e-68,1,2013-06-03,24,True,1,True,complete_only
69,0,0,0.999700611412338,False,,2,1.0,2.1861192491359864e-70,1,2013-06-04,24,True,1,True,complete_only
70,0,0,0.9977525346680399,False,,2,1.0,5.471751787427027e-66,1,2013-06-05,24,True,1,True,complete_only
71,0,0,0.9990979412172624,False,,2,1.0,1.657118240960925e-61,1,2013-06-06,24,True,1,True,complete_only
72,0,0,0.06235442112500853,False,,2,1.0,6.284424663484323e-46,1,2013-06-07,24,True,1,True,complete_only
73,1,1,0.7885683654949269,False,,2,1.0,2.0000673245734658e-108,0,2013-06-08,24,True,0,True,complete_only
74,-1,1,5.2303139272710175e-12,True,,2,1.0,1.0281475002823446e-229,0,2013-06-09,24,True,-1,False,complete_only
75,0,0,0.9904158161154654,False,,2,1.0,1.38787763409585e-62,1,2013-06-10,24,True,1,True,complete_only
76,0,0,0.9969632719199387,False,,2,1.0,1.31631382893233e-64,1,2013-06-12,24,True,1,True,complete_only
77,0,0,0.007049127936758075,False,,2,1.0,4.533338852349518e-40,1,2013-06-14,24,True,1,True,complete_only
78,1,1,0.9711320038786383,False,,2,1.0,7.758241294576302e-97,0,2013-06-15,24,True,0,True,complete_only
79,1,1,0.7841366129165344,False,,2,1.0,9.987860668868993e-180,0,2013-06-16,24,True,0,True,complete_only
80,0,0,0.9981253163864874,False,,2,1.0,1.2742094410583424e-62,1,2013-06-17,24,True,1,True,complete_only
81,0,0,0.9989336460413551,False,,2,1.0,7.901281185995265e-69,1,2013-06-18,24,True,1,True,complete_only
82,0,0,0.9962652342328872,False,,2,1.0,3.5682710246402975e-69,1,2013-06-25,24,True,1,True,complete_only
83,0,0,0.9734454101325279,False,,2,1.0,7.37986622832578e-61,1,2013-06-26,24,True,1,True,complete_only
84,1,1,0.9224453457073154,False,,2,1.0,2.6191582358043357e-171,0,2013-06-30,24,True,0,True,complete_only
85,0,0,0.34457978483319646,False,,2,1.0,3.3521969807233906e-56,1,2013-07-01,24,True,1,True,complete_only
86,0,0,0.929633882503935,False,,2,1.0,1.6410643772391732e-62,1,2013-07-02,24,True,1,True,complete_only
87,1,1,0.0009292632527037829,False,,2,1.0,1.10934401704556e-142,0,2013-07-04,24,True,0,True,complete_only
88,1,1,0.5591745849674221,False,,2,1.0,1.8200670585896546e-170,0,2013-07-07,24,True,0,True,complete_only
89,0,0,0.9907301631078419,False,,2,1.0,9.879021222380315e-66,1,2013-07-08,24,True,1,True,complete_only
90,0,0,0.6475833611578954,False,,2,1.0,1.8234794566603342e-59,1,2013-07-09,24,True,1,True,complete_only
91,0,0,0.9687381225110132,False,,2,1.0,4.594846781562828e-59,1,2013-07-10,24,True,1,True,complete_only
92,1,1,0.9937197487831968,False,,2,1.0,7.919702737019088e-115,0,2013-07-13,24,True,0,True,complete_only
93,1,1,0.985609743443009,False,,2,1.0,4.078554316235038e-156,0,2013-07-14,24,True,0,True,complete_only
94,1,1,0.7437941243347945,False,,2,1.0,8.704778320854963e-182,0,2013-07-21,24,True,0,True,complete_only
95,0,0,0.9790634489016913,False,,2,1.0,5.990072454330903e-61,1,2013-07-25,24,True,1,True,complete_only
96,1,1,0.8517680926728362,False,,2,1.0,9.264995844735865e-92,0,2013-07-27,24,True,0,True,complete_only
97,1,1,0.9547882353859322,False,,2,1.0,5.001771281000904e-169,0,2013-07-28,24,True,0,True,complete_only
98,0,0,0.00010487076594973043,False,,2,1.0,8.669899994851031e-36,1,2013-08-02,24,True,1,True,complete_only
99,1,1,0.8477522799523285,False,,2,1.0,8.877044583319445e-174,0,2013-08-04,24,True,0,True,complete_only
100,0,0,0.9800583142818726,False,,2,1.0,3.953581096625368e-66,1,2013-08-06,24,True,1,True,complete_only
101,0,0,0.9882538524660365,False,,2,1.0,6.9962504188088096e-71,1,2013-08-12,24,True,1,True,complete_only
102,0,0,0.995248954437965,False,,2,1.0,1.5416517751026414e-68,1,2013-08-13,24,True,1,True,complete_only
103,1,1,0.9637805925322493,False,,2,1.0,1.221359902912917e-99,0,2013-08-17,24,True,0,True,complete_only
104,0,0,0.9980833341829959,False,,2,1.0,1.5528207434786842e-69,1,2013-08-19,24,True,1,True,complete_only
105,0,0,0.9516644009952236,False,,2,1.0,1.1065246688210697e-67,1,2013-08-20,24,True,1,True,complete_only
106,0,0,0.6087804705139167,False,,2,1.0,1.6037910393618868e-64,0,2013-08-22,24,True,1,False,complete_only
107,0,0,0.9856048655730446,False,,2,1.0,1.8119145896690652e-75,1,2013-10-09,24,True,1,True,complete_only
108,0,0,0.12024848039182996,False,,2,1.0,3.2506592190415217e-65,1,2013-10-10,24,True,1,True,complete_only
109,1,1,0.6050745038523841,False,,2,1.0,2.695302364075675e-159,0,2013-11-10,24,True,0,True,complete_only
110,0,0,0.5122073079397058,False,,2,1.0,1.146105984880436e-82,1,2013-11-12,24,True,1,True,complete_only
111,0,0,0.32805690630277695,False,,2,1.0,7.212558895852684e-72,1,2013-11-13,24,True,1,True,complete_only
112,0,0,0.05739281052644796,False,,2,1.0,2.518647277825102e-54,1,2013-11-15,24,True,1,True,complete_only
113,0,0,0.2570570959764162,False,,2,1.0,9.948269117139761e-86,1,2013-11-19,24,True,1,True,complete_only
114,0,0,0.49621865146552413,False,,2,1.0,1.0129511645239238e-78,1,2013-11-20,24,True,1,True,complete_only
115,0,0,0.999650237719163,False,,2,1.0,3.1129947359049204e-73,1,2013-11-21,24,True,1,True,complete_only
116,-1,0,7.146374546360135e-07,True,,2,1.0,6.3381067174132e-45,1,2013-11-22,24,True,-1,False,complete_only
117,1,1,0.9230865971358841,False,,2,1.0,2.5260074166865474e-114,0,2013-11-23,24,True,0,True,complete_only
118,1,1,0.7398224640047175,False,,2,1.0,2.2052169763875564e-167,0,2013-11-24,24,True,0,True,complete_only
119,0,0,0.2230528332070021,False,,2,1.0,2.2652916710074703e-55,1,2013-11-27,24,True,1,True,complete_only
120,1,1,0.5050575545053089,False,,2,1.0,2.455996786659509e-146,0,2013-11-30,24,True,0,True,complete_only
121,1,1,0.13185416146004736,False,,2,1.0,1.8089938009506147e-178,0,2013-12-01,24,True,0,True,complete_only
122,0,0,0.13062368210213804,False,,2,1.0,2.7944256799358104e-76,1,2013-12-02,24,True,1,True,complete_only
123,0,0,0.0016758607853942012,False,,2,1.0,9.287658509941818e-59,1,2013-12-04,24,True,1,True,complete_only
124,0,0,0.9856476418317975,False,,2,1.0,4.373753219096863e-70,1,2013-12-12,24,True,1,True,complete_only
125,0,0,0.8260333301954436,False,,2,1.0,1.2004490467035445e-59,1,2013-12-13,24,True,1,True,complete_only
126,1,1,0.9654236955957434,False,,2,1.0,2.411167732487984e-100,0,2013-12-14,24,True,0,True,complete_only
127,1,1,0.5822839611980926,False,,2,1.0,8.114908411870862e-150,0,2013-12-15,24,True,0,True,complete_only
128,0,0,0.06026981781635067,False,,2,1.0,5.685683436654491e-61,1,2013-12-30,24,True,1,True,complete_only
129,1,1,0.4071541175022914,False,,2,1.0,7.859601257147824e-116,0,2014-01-18,24,True,0,True,complete_only
130,0,0,0.17027177882123137,False,,2,1.0,2.198241748327965e-73,1,2014-01-22,24,True,1,True,complete_only
131,1,1,0.45960951712320325,False,,2,1.0,5.430976158133989e-99,0,2014-01-25,24,True,0,True,complete_only
132,0,0,0.684815077655972,False,,2,1.0,1.503880584501855e-76,1,2014-01-27,24,True,1,True,complete_only
133,0,0,0.9483793594173181,False,,2,1.0,3.2231909947658275e-71,1,2014-01-28,24,True,1,True,complete_only
134,0,0,0.7530597622194819,False,,2,1.0,1.2910137462980142e-77,1,2014-01-29,24,True,1,True,complete_only
135,-1,0,1.8241146965527547e-07,True,,2,1.0,3.5934928355281525e-43,1,2014-01-30,24,True,-1,False,complete_only
136,0,0,0.18040482912162412,False,,2,1.0,1.1716994499723272e-50,1,2014-01-31,24,True,1,True,complete_only
137,1,1,0.9677875560906612,False,,2,1.0,9.668958829916025e-109,0,2014-02-01,24,True,0,True,complete_only
138,1,1,0.12069309852502141,False,,2,1.0,6.029950666198139e-163,0,2014-02-02,24,True,0,True,complete_only
139,0,0,0.8576478063555877,False,,2,1.0,1.560741274765697e-79,1,2014-02-03,24,True,1,True,complete_only
140,0,0,0.051587300813370575,False,,2,1.0,1.1606720908051048e-74,1,2014-02-04,24,True,1,True,complete_only
141,0,0,0.8002662580088418,False,,2,1.0,8.249344834711396e-82,1,2014-02-05,24,True,1,True,complete_only
142,0,0,0.0028423200219001845,False,,2,1.0,3.7849413085163757e-62,1,2014-02-06,24,True,1,True,complete_only
143,0,0,0.3578542116134455,False,,2,1.0,4.101015656085495e-56,1,2014-02-07,24,True,1,True,complete_only
144,1,1,0.9773182290219509,False,,2,1.0,2.605764712671952e-103,0,2014-02-08,24,True,0,True,complete_only
145,1,1,0.11792794307219238,False,,2,1.0,6.13053355839001e-185,0,2014-02-09,24,True,0,True,complete_only
146,0,0,0.20215328517800837,False,,2,1.0,9.232740066703256e-71,1,2014-02-10,24,True,1,True,complete_only
147,0,0,0.6996066195241237,False,,2,1.0,1.1340261945359676e-77,1,2014-02-11,24,True,1,True,complete_only
148,0,0,0.7081367595851034,False,,2,1.0,1.3230349941896201e-75,1,2014-02-12,24,True,1,True,complete_only
149,0,0,0.9985672726466246,False,,2,1.0,1.5319350959610521e-74,1,2014-02-13,24,True,1,True,complete_only
150,0,0,0.016084008363246912,False,,2,1.0,6.48856914263255e-51,1,2014-02-14,24,True,1,True,complete_only
151,1,1,0.7820023058902552,False,,2,1.0,2.262228188938185e-103,0,2014-02-15,24,True,0,True,complete_only
152,1,1,0.7779853607013079,False,,2,1.0,6.695754747366072e-158,0,2014-02-16,24,True,0,True,complete_only
153,0,0,4.035875597186871e-06,False,,2,1.0,4.748368718606212e-55,0,2014-02-17,24,True,1,False,complete_only
154,0,0,0.6913435769057159,False,,2,1.0,9.072638661876844e-73,1,2014-02-18,24,True,1,True,complete_only
155,0,0,0.9938967856121117,False,,2,1.0,1.1250001322465898e-73,1,2014-02-19,24,True,1,True,complete_only
156,-1,0,4.351704861519894e-22,True,,2,1.0,1.1697180075938053e-66,1,2014-02-20,24,True,-1,False,complete_only
157,-1,0,2.3720932123957405e-25,True,,2,1.0,1.6336265142588843e-24,1,2014-02-21,24,True,-1,False,complete_only
158,1,1,0.110977300623404,False,,2,1.0,2.701966550463714e-84,0,2014-02-22,24,True,0,True,complete_only
159,1,1,0.8267087596007823,False,,2,1.0,3.1048051257273627e-175,0,2014-02-23,24,True,0,True,complete_only
160,0,0,0.04406521754152551,False,,2,1.0,4.7970173724293626e-74,1,2014-02-24,24,True,1,True,complete_only
161,0,0,0.6245642953040467,False,,2,1.0,1.9660287754594673e-71,1,2014-02-25,24,True,1,True,complete_only
162,0,0,0.987146309809784,False,,2,1.0,3.1077641107013493e-73,1,2014-02-26,24,True,1,True,complete_only
163,0,0,0.9316981917671332,False,,2,1.0,7.506355008065857e-70,1,2014-02-27,24,True,1,True,complete_only
164,0,0,0.4930903098767313,False,,2,1.0,6.107004700695781e-56,1,2014-02-28,24,True,1,True,complete_only
165,1,1,0.8978441463861405,False,,2,1.0,1.4462678364895464e-94,0,2014-03-01,24,True,0,True,complete_only
166,1,1,0.5759778278287073,False,,2,1.0,3.7806876872933097e-162,0,2014-03-02,24,True,0,True,complete_only
167,0,0,0.08697111015113852,False,,2,1.0,1.4637403209275026e-60,1,2014-03-03,24,True,1,True,complete_only
168,0,0,0.9313240170833528,False,,2,1.0,3.804796259160118e-76,1,2014-03-05,24,True,1,True,complete_only
169,0,0,0.7515160026525278,False,,2,1.0,2.690363983586941e-68,1,2014-03-06,24,True,1,True,complete_only
170,0,0,0.004823235315036938,False,,2,1.0,1.5762281963477026e-49,1,2014-03-07,24,True,1,True,complete_only
171,1,1,0.8560568855394192,False,,2,1.0,5.225724007798945e-117,0,2014-03-08,24,True,0,True,complete_only
172,0,0,0.4244199682976972,False,,2,1.0,7.1809558676849e-61,1,2014-03-10,24,True,1,True,complete_only
173,0,0,0.04379433736518858,False,,2,1.0,2.2683564431057544e-59,1,2014-03-11,24,True,1,True,complete_only
174,0,0,0.052468039444236454,False,,2,1.0,3.288808066185316e-65,1,2014-03-12,24,True,1,True,complete_only
175,0,0,0.2398519823414852,False,,2,1.0,5.289935626145335e-63,1,2014-03-13,24,True,1,True,complete_only
176,0,0,0.8672691238743224,False,,2,1.0,9.476261341559486e-55,1,2014-03-14,24,True,1,True,complete_only
177,1,1,0.24299033325040095,False,,2,1.0,2.813847419560135e-105,0,2014-03-15,24,True,0,True,complete_only
178,1,1,0.04332253746404405,False,,2,1.0,3.231621356485063e-185,0,2014-03-16,24,True,0,True,complete_only
179,0,0,0.8729418901208058,False,,2,1.0,2.2258697485543655e-77,1,2014-03-17,24,True,1,True,complete_only
180,0,0,0.874493312134604,False,,2,1.0,2.268614886959934e-65,1,2014-03-18,24,True,1,True,complete_only
181,0,0,0.8162066783357094,False,,2,1.0,1.2673348022155468e-66,1,2014-03-19,24,True,1,True,complete_only
182,0,0,0.9723173940480437,False,,2,1.0,3.016026075686408e-72,1,2014-03-20,24,True,1,True,complete_only
183,0,0,0.30742720716148814,False,,2,1.0,2.8373143702836665e-54,1,2014-03-21,24,True,1,True,complete_only
184,1,1,0.9169366180047801,False,,2,1.0,1.2915175624266313e-106,0,2014-03-22,24,True,0,True,complete_only
185,1,1,0.34262765786606036,False,,2,1.0,2.051771428072553e-166,0,2014-03-23,24,True,0,True,complete_only
186,0,0,0.44778694102833055,False,,2,1.0,1.7535372833923503e-84,1,2014-03-24,24,True,1,True,complete_only
187,0,0,0.8936224011096152,False,,2,1.0,9.9867817491429e-82,1,2014-03-25,24,True,1,True,complete_only
188,0,0,0.11924613536330803,False,,2,1.0,8.604682409488527e-71,1,2014-03-26,24,True,1,True,complete_only
189,0,0,0.9996736892392224,False,,2,1.0,5.095016789670474e-72,1,2014-03-27,24,True,1,True,complete_only
190,0,0,0.9585815842880064,False,,2,1.0,6.475191195060078e-62,1,2014-03-28,24,True,1,True,complete_only
191,1,1,0.8616101614178009,False,,2,1.0,7.4092008205111e-106,0,2014-03-29,24,True,0,True,complete_only
192,1,1,0.4221866078947436,False,,2,1.0,4.7819438161620734e-167,0,2014-03-30,24,True,0,True,complete_only
193,0,0,0.37651660753895855,False,,2,1.0,1.9078378649042732e-69,1,2014-03-31,24,True,1,True,complete_only
194,0,0,0.9668882313212602,False,,2,1.0,4.343232399581535e-76,1,2014-04-01,24,True,1,True,complete_only
195,0,0,0.322543128566862,False,,2,1.0,1.4636896566552113e-75,1,2014-04-03,24,True,1,True,complete_only
196,-1,0,1.104352745833526e-13,True,,2,1.0,1.2602484128438233e-18,1,2014-04-04,24,True,-1,False,complete_only
197,1,1,0.37370732946861457,False,,2,1.0,6.315201986123218e-118,0,2014-04-05,24,True,0,True,complete_only
198,1,1,0.7787771720212258,False,,2,1.0,4.639911943354193e-173,0,2014-04-06,24,True,0,True,complete_only
199,0,0,0.8774181033294082,False,,2,1.0,1.1793255269099472e-81,1,2014-04-07,24,True,1,True,complete_only
200,0,0,0.014625977046103586,False,,2,1.0,3.313233712604603e-76,1,2014-04-08,24,True,1,True,complete_only
201,0,0,0.9983670514941724,False,,2,1.0,1.2066887361128712e-74,1,2014-04-09,24,True,1,True,complete_only
202,0,0,0.3693981725497577,False,,2,1.0,1.2338208068103272e-65,1,2014-04-10,24,True,1,True,complete_only
203,0,0,0.820449574748404,False,,2,1.0,1.627113880343432e-58,1,2014-04-11,24,True,1,True,complete_only
204,1,1,0.8233099815556266,False,,2,1.0,6.586372986469665e-98,0,2014-04-12,24,True,0,True,complete_only
205,1,1,0.5056355866419426,False,,2,1.0,4.0223168009835583e-174,0,2014-04-13,24,True,0,True,complete_only
206,0,0,0.6873048354931044,False,,2,1.0,4.1691973801906113e-82,1,2014-04-14,24,True,1,True,complete_only
207,0,0,0.9583624429758295,False,,2,1.0,1.635770304294722e-80,1,2014-04-15,24,True,1,True,complete_only
208,0,0,0.746731981822449,False,,2,1.0,4.822571504352524e-83,1,2014-04-16,24,True,1,True,complete_only
209,0,0,0.7982373940180267,False,,2,1.0,8.3948018929196e-72,1,2014-04-17,24,True,1,True,complete_only
210,0,0,0.009249247579027118,False,,2,1.0,1.1047458474374531e-41,1,2014-04-18,24,True,1,True,complete_only
211,1,1,0.7803390053923074,False,,2,1.0,1.4776152031359752e-121,0,2014-04-19,24,True,0,True,complete_only
212,0,0,0.010271441344839115,False,,2,1.0,5.111090738467817e-68,1,2014-04-21,24,True,1,True,complete_only
213,0,0,0.9241706056839217,False,,2,1.0,4.962761208713739e-80,1,2014-04-22,24,True,1,True,complete_only
214,0,0,0.9634166996275357,False,,2,1.0,1.1373039899494197e-81,1,2014-04-23,24,True,1,True,complete_only
215,2,0,3.3546580950067856e-08,True,2.0,3,1.0,2.692613814407145e-55,1,2014-04-24,24,True,1,True,complete_only
216,0,0,0.004911324611570387,False,,3,0.9066652429323329,0.310186083918403,1,2014-04-25,24,True,1,True,complete_only
217,1,1,0.7752933704223749,False,,3,1.0,3.492540292255074e-27,0,2014-04-26,24,True,0,True,complete_only
218,1,1,0.4564474449055661,False,,3,1.0,1.3098234960638192e-39,0,2014-04-27,24,True,0,True,complete_only
219,2,2,0.21337443198866285,False,,3,0.9999813951605967,0.00022125022974414072,1,2014-04-28,24,True,1,True,complete_only
220,0,0,0.9337250276037823,False,,3,0.9999999926054066,1.458399937080099e-07,1,2014-05-05,24,True,1,True,complete_only
221,0,0,0.6351263790417223,False,,3,0.999999547759706,7.059042219971552e-06,1,2014-05-07,24,True,1,True,complete_only
222,0,0,0.9975973956625311,False,,3,0.999999994639932,1.0743875709224383e-07,1,2014-05-08,24,True,1,True,complete_only
223,2,2,0.7478643359697004,False,,3,0.9999999083712238,1.576520780914693e-06,1,2014-05-09,24,True,1,True,complete_only
224,1,1,0.8857864269285962,False,,3,1.0,3.028669091805201e-30,0,2014-05-10,24,True,0,True,complete_only
225,1,1,0.6283419449179486,False,,3,1.0,2.1758860048822426e-39,0,2014-05-11,24,True,0,True,complete_only
226,0,0,0.6065754750931305,False,,3,0.9999999798017642,3.7806391982060103e-07,1,2014-05-12,24,True,1,True,complete_only
227,2,2,0.5908322371825219,False,,3,0.9999966028624039,4.6175849822847344e-05,1,2014-05-13,24,True,1,True,complete_only
228,0,0,0.4248618691855126,False,,3,0.9999554124871536,0.0004912667514690683,1,2014-05-14,24,True,1,True,complete_only
229,0,0,0.9848272804141455,False,,3,0.9999999573805853,7.65911649352746e-07,1,2014-05-15,24,True,1,True,complete_only
230,0,0,0.01940268900011692,False,,3,0.8306687822425618,0.4548241870752676,1,2014-05-16,24,True,1,True,complete_only
231,1,1,0.7812256263232767,False,,3,1.0,4.159752868345395e-22,0,2014-05-17,24,True,0,True,complete_only
232,1,1,0.9466532214190667,False,,3,1.0,3.062028769171445e-37,0,2014-05-18,24,True,0,True,complete_only
233,0,0,0.3841679866533194,False,,3,0.9999984436997589,2.2369012161752547e-05,1,2014-05-19,24,True,1,True,complete_only
234,0,0,0.037879862601682496,False,,3,0.9967820393429482,0.021680677664075016,1,2014-05-20,24,True,1,True,complete_only
235,0,0,0.9971391058486359,False,,3,0.9999999796559644,3.806466161103649e-07,1,2014-05-22,24,True,1,True,complete_only
236,0,0,0.09575841790321356,False,,3,0.9920506102491453,0.04635030685412468,1,2014-05-23,24,True,1,True,complete_only
237,1,1,0.7702296678828662,False,,3,1.0,1.9237071450310972e-28,0,2014-05-24,24,True,0,True,complete_only
238,1,1,0.8331201351677782,False,,3,1.0,3.098442332729321e-43,0,2014-05-25,24,True,0,True,complete_only
239,1,1,0.6593633294919418,False,,3,1.0,5.434366949975192e-33,0,2014-05-26,24,True,0,True,complete_only
240,0,0,0.9384439426775124,False,,3,0.9999999872483266,2.445465273434903e-07,1,2014-05-27,24,True,1,True,complete_only
241,0,0,0.9797804596580297,False,,3,0.9999999907492345,1.8037657579655666e-07,1,2014-05-28,24,True,1,True,complete_only
242,0,0,0.9817173653319975,False,,3,0.9999999245862015,1.312220878680107e-06,1,2014-05-29,24,True,1,True,complete_only
243,0,0,0.14932737596146808,False,,3,0.9942934009370187,0.035171329643413574,1,2014-05-30,24,True,1,True,complete_only
244,1,1,0.7604868684931612,False,,3,1.0,1.0066781405978995e-21,0,2014-05-31,24,True,0,True,complete_only
245,1,1,0.882094172875954,False,,3,1.0,1.0899607873167989e-34,0,2014-06-01,24,True,0,True,complete_only
246,0,0,0.9412211674383968,False,,3,0.9999999635309755,6.610668287948141e-07,1,2014-06-02,24,True,1,True,complete_only
247,0,0,0.9863980104522155,False,,3,0.9999998929423719,1.8253217026401895e-06,1,2014-06-05,24,True,1,True,complete_only
248,2,2,0.999824937994929,False,,3,0.9660980087730958,0.14805459484147987,1,2014-06-06,24,True,1,True,complete_only
249,1,1,0.9106793993780885,False,,3,1.0,4.021218202418862e-27,0,2014-06-07,24,True,0,True,complete_only
250,1,1,0.7838384544897022,False,,3,1.0,2.2366384740800456e-42,0,2014-06-08,24,True,0,True,complete_only
251,1,1,0.24684608880328743,False,,3,1.0,3.882431988570198e-48,0,2014-07-06,24,True,0,True,complete_only
252,0,0,0.055760018242762124,False,,3,0.9986963900167194,0.009962142992697164,1,2014-07-07,24,True,1,True,complete_only
253,0,0,0.9972631195795733,False,,3,0.9999998166346867,3.027688673920771e-06,1,2014-07-09,24,True,1,True,complete_only
254,0,0,0.4022138038797949,False,,3,0.9996498795455652,0.0031360492966569487,1,2014-07-10,24,True,1,True,complete_only
255,1,1,0.7652175600924978,False,,3,1.0,3.5091247550550804e-26,0,2014-07-12,24,True,0,True,complete_only
256,1,1,0.9833537264781262,False,,3,1.0,1.5819073592075725e-41,0,2014-07-13,24,True,0,True,complete_only
257,0,0,0.995266354028419,False,,3,0.9999999492421572,9.032967047401811e-07,1,2014-07-15,24,True,1,True,complete_only
258,0,0,0.9304875927008165,False,,3,0.9999988806151107,1.6458014561006396e-05,1,2014-07-16,24,True,1,True,complete_only
259,0,0,0.9893625768866829,False,,3,0.9999993703729749,9.619528528958733e-06,1,2014-07-17,24,True,1,True,complete_only
260,0,0,0.09209300536266435,False,,3,0.9497308115078992,0.19930709096549853,1,2014-07-18,24,True,1,True,complete_only
261,1,1,0.9435753368031238,False,,3,1.0,3.801533181572437e-27,0,2014-07-19,24,True,0,True,complete_only
262,1,1,0.36705173205187913,False,,3,1.0,9.42120256754343e-49,0,2014-07-20,24,True,0,True,complete_only
263,0,0,0.054384642228899195,False,,3,0.9986694893524302,0.010140522710257614,1,2014-07-21,24,True,1,True,complete_only
264,0,0,0.9698006558435628,False,,3,0.999999867329782,2.23355607854432e-06,1,2014-07-22,24,True,1,True,complete_only
265,0,0,0.991199436696367,False,,3,0.9999998925365845,1.8318337853427653e-06,1,2014-07-23,24,True,1,True,complete_only
266,1,1,0.8554515391141695,False,,3,1.0,5.842178054375053e-28,0,2014-07-26,24,True,0,True,complete_only
267,0,0,0.9836769980972968,False,,3,0.9999999310735946,1.205538449001243e-06,1,2014-08-05,24,True,1,True,complete_only
268,0,0,0.928584371383964,False,,3,0.9999995021746098,7.722773359980159e-06,1,2014-08-06,24,True,1,True,complete_only
269,1,1,0.9399888630555228,False,,3,1.0,1.4994247050238426e-45,0,2015-06-28,24,True,0,True,complete_only
270,2,2,0.9893812947153352,False,,3,0.9999987127371756,1.8746397949448008e-05,1,2015-07-02,24,True,1,True,complete_only
271,1,1,0.007832401325691794,False,,3,0.9999999999975975,6.668427273204192e-11,0,2015-07-03,24,True,0,True,complete_only
272,1,1,2.4077733861810835e-05,False,,3,1.0,1.3830011880507729e-36,0,2015-07-04,24,True,0,True,complete_only
273,1,1,0.0868030270361772,False,,3,1.0,2.0094087431712772e-51,0,2015-07-05,24,True,0,True,complete_only
274,0,0,0.5439412087975338,False,,3,0.9998990633311022,0.0010296516091881868,1,2015-07-06,24,True,1,True,complete_only
275,0,0,0.7460228329314218,False,,3,0.9999809680880236,0.00022589706947581575,1,2015-07-07,24,True,1,True,complete_only
276,0,0,0.8383122389581221,False,,3,0.9999900098616908,0.00012501566298068098,1,2015-07-08,24,True,1,True,complete_only
277,0,0,0.6291710640301329,False,,3,0.999887039665125,0.0011395910008035139,1,2015-07-09,24,True,1,True,complete_only
278,2,2,0.9999944504008045,False,,3,0.5772779146639181,0.6811554170455177,1,2015-07-10,24,True,1,True,complete_only
279,1,1,0.9934962332704107,False,,3,1.0,1.6241589996431985e-32,0,2015-07-11,24,True,0,True,complete_only
280,0,0,0.9383682493329084,False,,3,0.9999994562043448,8.387880526925032e-06,1,2015-07-13,24,True,1,True,complete_only
281,0,0,0.18650645936043225,False,,3,0.997734435100832,0.01606013081291246,1,2015-07-14,24,True,1,True,complete_only
282,0,0,0.16014716560763773,False,,3,0.9962950070823635,0.024438945208994985,1,2015-07-15,24,True,1,True,complete_only
283,0,0,0.7265519423087667,False,,3,0.9999376514236143,0.0006660535401098738,1,2015-07-16,24,True,1,True,complete_only
284,2,2,0.9999960023631631,False,,3,0.9621155862693944,0.161161411717046,1,2015-07-17,24,True,1,True,complete_only
285,1,1,0.8891592053627698,False,,3,1.0,2.6938267316495944e-31,0,2015-07-18,24,True,0,True,complete_only
286,1,1,0.12430959187495635,False,,3,1.0,1.1513017269456544e-60,0,2015-07-19,24,True,0,True,complete_only
287,0,0,0.49923846372860725,False,,3,0.9997332432480465,0.0024619087249578547,1,2015-07-20,24,True,1,True,complete_only
288,0,0,0.6953284894873832,False,,3,0.9999158526072862,0.0008736938415116089,1,2015-07-21,24,True,1,True,complete_only
289,0,0,0.8213667984288519,False,,3,0.9999930519292349,8.947060634762792e-05,1,2015-07-22,24,True,1,True,complete_only
290,2,2,0.9993291075006291,False,,3,0.8689400332861246,0.3883967037608639,1,2015-07-23,24,True,1,True,complete_only
291,-1,2,1.8842084247676727e-96,True,,3,1.0,9.313941233224432e-102,1,2015-07-24,24,True,-1,False,complete_only
292,-1,2,0.0,True,,3,1.0,5.9504099367734155e-21,0,2015-07-25,24,True,-1,False,complete_only
293,1,1,0.003615946987492071,False,,3,1.0,1.6228903929195914e-71,0,2015-07-26,24,True,0,True,complete_only
294,0,0,0.385018812542847,False,,3,0.9994106514516159,0.004971861077119896,1,2015-07-27,24,True,1,True,complete_only
295,2,2,0.6461984407541455,False,,3,0.6180235103046409,0.6650234285632133,1,2015-07-28,24,True,1,True,complete_only
296,2,2,0.9987747317715907,False,,3,0.9999962339506524,5.080205540843605e-05,1,2015-07-31,24,True,1,True,complete_only
297,1,1,0.5608233589962587,False,,3,1.0,9.375792160995692e-33,0,2015-08-01,24,True,0,True,complete_only
298,1,1,0.561936814710295,False,,3,1.0,2.5435303683299716e-61,0,2015-08-02,24,True,0,True,complete_only
299,0,0,0.7245391603679805,False,,3,0.9999877171081911,0.00015116919789598632,1,2015-08-03,24,True,1,True,complete_only
300,2,2,0.9721481577982511,False,,3,0.922173198248981,0.27342931434027595,1,2015-08-04,24,True,1,True,complete_only
301,0,0,0.5218000398654394,False,,3,0.9956345767349948,0.028077766100298093,1,2015-08-06,24,True,1,True,complete_only
302,2,2,0.9915872872715161,False,,3,0.9999974289315462,3.566377315293387e-05,1,2015-08-07,24,True,1,True,complete_only
303,1,1,0.9108663284160909,False,,3,1.0,6.079232954350209e-43,0,2015-08-08,24,True,0,True,complete_only
304,1,1,0.4603868348862862,False,,3,1.0,9.324435455992347e-65,0,2015-08-09,24,True,0,True,complete_only
305,0,0,0.909268437653618,False,,3,0.9999908094672904,0.00011577619236647102,1,2015-08-11,24,True,1,True,complete_only
306,2,2,0.9868429038049902,False,,3,0.5220603894429203,0.6921735429640974,1,2015-08-12,24,True,1,True,complete_only
307,0,0,0.7504622652070858,False,,3,0.9995643366341429,0.0038070107094519477,1,2015-08-13,24,True,1,True,complete_only
308,2,2,0.9999766512376795,False,,3,0.9337281695482544,0.24388677635152528,1,2015-08-14,24,True,1,True,complete_only
309,1,1,0.9208003821681924,False,,3,1.0,5.6252776572041115e-43,0,2015-08-15,24,True,0,True,complete_only
310,1,1,0.28202659389279117,False,,3,1.0,5.219406021536476e-69,0,2015-08-16,24,True,0,True,complete_only
311,0,0,0.9476161885049209,False,,3,0.9999994900477936,7.898623493651707e-06,1,2015-08-18,24,True,1,True,complete_only
312,0,0,0.9559059880270213,False,,3,0.999999513770118,7.554351459096636e-06,1,2015-08-19,24,True,1,True,complete_only
313,0,0,0.9943938049086714,False,,3,0.999990441766918,0.00012003327452012967,1,2015-08-20,24,True,1,True,complete_only
314,2,2,0.9999979293052449,False,,3,0.9318107773034181,0.24892964142959903,1,2015-08-21,24,True,1,True,complete_only
315,1,1,0.258543309558202,False,,3,1.0,7.358933751866473e-71,0,2015-08-23,24,True,0,True,complete_only
316,0,0,0.859248948302618,False,,3,0.9999999059526781,1.6156829226925726e-06,1,2015-08-24,24,True,1,True,complete_only
317,0,0,0.909740777547879,False,,3,0.999999658116346,5.432119375463837e-06,1,2015-08-26,24,True,1,True,complete_only
318,0,0,0.9982513126948471,False,,3,0.9999998071217968,3.1750080084790115e-06,0,2015-08-27,24,True,1,False,complete_only
319,0,0,0.5604223948381795,False,,3,0.9891040309600263,0.06007922366294901,1,2015-08-28,24,True,1,True,complete_only
320,0,0,0.9843496936737826,False,,3,0.9999999510086267,8.735956373673203e-07,1,2015-08-31,24,True,1,True,complete_only
321,0,0,0.8354950995108061,False,,3,0.9999761491928835,0.00027771117948868475,1,2015-09-03,24,True,1,True,complete_only
322,2,2,0.9989538963804149,False,,3,0.9985657275203907,0.010823565243366567,1,2015-09-04,24,True,1,True,complete_only
323,1,1,0.7798988864570111,False,,3,1.0,1.9040018930195117e-46,0,2015-09-05,24,True,0,True,complete_only
324,1,1,0.999933289881914,False,,3,1.0,5.007137896574019e-60,0,2015-09-06,24,True,0,True,complete_only
325,1,1,0.14676865450372856,False,,3,1.0,2.4420934959669815e-35,0,2015-09-07,24,True,0,True,complete_only
326,0,0,0.54580945988609,False,,3,0.999999989437324,2.0455611197001964e-07,1,2015-09-08,24,True,1,True,complete_only
327,0,0,0.007603694155823147,False,,3,0.9999931777608055,8.79749534436519e-05,1,2015-09-09,24,True,1,True,complete_only
328,0,0,0.8057094920460389,False,,3,0.9999982809419127,2.45373764657967e-05,1,2015-09-10,24,True,1,True,complete_only
329,2,2,0.7327873357582435,False,,3,0.8787200482726703,0.36946747240255134,1,2015-09-11,24,True,1,True,complete_only
330,1,1,1.18165593148261e-05,False,,3,1.0,4.181640779999827e-62,0,2015-09-12,24,True,0,True,complete_only
331,1,1,0.5450391210893208,False,,3,1.0,1.787045922022102e-80,0,2015-09-13,24,True,0,True,complete_only
332,2,2,0.34398292676690645,False,,3,0.9876283360761244,0.0666354531593158,1,2015-09-15,24,True,1,True,complete_only
333,0,0,0.8404142143472568,False,,3,0.9999524768369304,0.0005205815386352849,1,2015-09-17,24,True,1,True,complete_only
334,0,0,0.7555674252730337,False,,3,0.9961963394225694,0.024989620636115543,1,2015-09-18,24,True,1,True,complete_only
335,1,1,0.21980118480871597,False,,3,1.0,1.108265187433472e-28,0,2015-09-19,24,True,0,True,complete_only
336,0,0,0.5959863164827675,False,,3,0.9999997163673424,4.559561103838736e-06,1,2015-10-13,24,True,1,True,complete_only
337,1,1,0.7108454850872306,False,,3,1.0,1.2068060832510671e-48,0,2016-02-06,24,True,0,True,complete_only
338,1,1,0.0019096475077372294,False,,3,1.0,7.3667341055503265e-59,0,2016-02-07,24,True,0,True,complete_only
339,0,0,0.7172799073956098,False,,3,0.9999993796977874,9.48631815228274e-06,1,2016-02-08,24,True,1,True,complete_only
340,2,2,0.8911983816843302,False,,3,0.9999999976414511,4.921162839037649e-08,1,2016-04-21,24,True,1,True,complete_only
341,0,0,0.9997757952463786,False,,3,0.999999741774642,4.1753576536649356e-06,1,2016-04-28,24,True,1,True,complete_only
342,-1,2,1.5831854384447958e-27,True,,3,1.0,1.8873387299823062e-17,1,2016-04-29,24,True,-1,False,complete_only
343,1,1,0.9826031852002844,False,,3,1.0,4.125385726226429e-47,0,2016-04-30,24,True,0,True,complete_only
344,1,1,0.36689747801333167,False,,3,1.0,1.2759805120557996e-55,0,2016-05-01,24,True,0,True,complete_only
345,-1,2,3.1325267059320208e-21,True,,3,0.9999999998495213,3.5539060166254404e-09,1,2016-05-02,24,True,-1,False,complete_only
346,0,0,0.9061943125767695,False,,3,0.9999999702822575,5.447714651979451e-07,1,2016-05-03,24,True,1,True,complete_only
347,-1,2,1.1635434594671699e-08,True,,3,1.0,4.0956716633501264e-14,1,2016-05-04,24,True,-1,False,complete_only
348,2,2,0.9758591873070399,False,,3,0.9999992936799317,1.0710070347127128e-05,1,2016-05-05,24,True,1,True,complete_only
349,2,2,0.9921625601782553,False,,3,0.9999533301070308,0.0005120801715322646,1,2016-05-06,24,True,1,True,complete_only
350,1,1,0.9928700474977131,False,,3,1.0,2.5567750768486628e-51,0,2016-05-07,24,True,0,True,complete_only
351,1,1,0.8440532293725572,False,,3,1.0,2.2053093811266885e-64,0,2016-05-08,24,True,0,True,complete_only
352,0,0,0.42197281693822797,False,,3,0.9999999302545184,1.2190403404536705e-06,1,2016-05-09,24,True,1,True,complete_only
353,0,0,0.632059819227748,False,,3,0.9999999882073071,2.2707757491038903e-07,1,2016-05-10,24,True,1,True,complete_only
354,0,0,0.9120184890229552,False,,3,0.9999999809845728,3.570720048711191e-07,1,2016-05-11,24,True,1,True,complete_only
355,0,0,0.971938432309822,False,,3,0.999998242345881,2.5049259800242575e-05,1,2016-05-12,24,True,1,True,complete_only
356,0,0,0.5029380798746383,False,,3,0.9520118322463749,0.19254836857803329,1,2016-05-13,24,True,1,True,complete_only
357,1,1,0.8625663198232382,False,,3,1.0,7.205450990239214e-56,0,2016-05-14,24,True,0,True,complete_only
358,1,1,0.8837472380774177,False,,3,1.0,7.520247304964424e-69,0,2016-05-15,24,True,0,True,complete_only
359,0,0,0.823211573446696,False,,3,0.9999996760386437,5.164799765641263e-06,1,2016-05-17,24,True,1,True,complete_only
360,0,0,0.6180814129099829,False,,3,0.999998912557883,1.6019851181075927e-05,1,2016-05-18,24,True,1,True,complete_only
361,0,0,0.9930068752844343,False,,3,0.9999881622277481,0.0001461279369074131,1,2016-05-19,24,True,1,True,complete_only
362,2,2,0.9995802250953771,False,,3,0.999740616403668,0.002401132840082321,1,2016-05-20,24,True,1,True,complete_only
363,1,1,2.5317149973515288e-05,False,,3,1.0,2.3134139060967207e-43,0,2016-05-21,24,True,0,True,complete_only
364,1,1,0.03478404796552793,False,,3,1.0,1.7551936535768683e-90,0,2016-05-22,24,True,0,True,complete_only
365,0,0,0.2639209801998043,False,,3,0.999800261917943,0.0019011877120008406,1,2016-05-23,24,True,1,True,complete_only
366,2,2,0.85539449585384,False,,3,0.999999982139336,3.3650677453599555e-07,1,2016-06-03,24,True,1,True,complete_only
367,1,1,0.8140397385603567,False,,3,1.0,1.2860426184939348e-39,0,2016-06-04,24,True,0,True,complete_only
368,1,1,0.9257383481980195,False,,3,1.0,3.3357799362806305e-72,0,2016-06-05,24,True,0,True,complete_only
369,0,0,0.8428529705819529,False,,3,0.999994697788209,6.971021369025058e-05,1,2016-06-06,24,True,1,True,complete_only
370,0,0,0.20622321018329895,False,,3,0.8050999227526104,0.49325062518589446,1,2016-06-07,24,True,1,True,complete_only
371,2,2,0.66871415517896,False,,3,0.999982437209911,0.00020987041190878228,1,2016-06-08,24,True,1,True,complete_only
372,0,0,0.7980233295967893,False,,3,0.99899352817251,0.00795193351947733,1,2016-06-09,24,True,1,True,complete_only
373,2,2,0.99857433717019,False,,3,0.9995797245448673,0.003687660771330608,1,2016-06-10,24,True,1,True,complete_only
374,1,1,0.9913260295099783,False,,3,1.0,9.706945430601931e-59,0,2016-06-11,24,True,0,True,complete_only
375,1,1,0.3813661238764735,False,,3,1.0,1.1496389432200075e-88,0,2016-06-12,24,True,0,True,complete_only
376,0,0,0.9993786717517649,False,,3,0.9999902834977737,0.00012186126164568162,1,2016-06-13,24,True,1,True,complete_only
377,0,0,0.36133270730208294,False,,3,0.9948213191318729,0.03242170688477334,1,2016-06-14,24,True,1,True,complete_only
378,0,0,0.35359910763190067,False,,3,0.9271545095344881,0.2609379229182866,1,2016-06-15,24,True,1,True,complete_only
379,0,0,0.9775373876758732,False,,3,0.9996544031918293,0.0031000258117912373,1,2016-06-16,24,True,1,True,complete_only
380,2,2,0.998865989274716,False,,3,0.9990741716603863,0.007392145522729755,1,2016-06-17,24,True,1,True,complete_only
381,1,1,0.4500854695415484,False,,3,1.0,7.544194249698415e-38,0,2016-06-18,24,True,0,True,complete_only
382,1,1,0.678287487112587,False,,3,1.0,2.1449478224654394e-69,0,2016-06-19,24,True,0,True,complete_only
383,0,0,0.9753942025333936,False,,3,0.9999895672518991,0.00013010216551492416,1,2016-06-20,24,True,1,True,complete_only
384,0,0,0.9937813868411063,False,,3,0.9999947474871356,6.910626823071546e-05,1,2016-06-21,24,True,1,True,complete_only
385,0,0,0.3895977573224342,False,,3,0.859962132058624,0.4050322204033541,1,2016-06-22,24,True,1,True,complete_only
386,2,2,0.8588840134336746,False,,3,0.9999999478846227,9.260801339874068e-07,1,2016-06-23,24,True,1,True,complete_only
387,2,2,0.36251557937257217,False,,3,1.0,5.059507166224232e-16,1,2016-06-24,24,True,1,True,complete_only
388,1,1,0.05477937341698104,False,,3,1.0,1.6847416180198907e-51,0,2016-06-25,24,True,0,True,complete_only
389,1,1,0.32370193888170407,False,,3,1.0,7.229121258206799e-84,0,2016-06-26,24,True,0,True,complete_only
390,0,0,0.929465680270989,False,,3,0.9999382647198874,0.0006601121452644866,1,2016-06-27,24,True,1,True,complete_only
391,0,0,0.21409420904107845,False,,3,0.7628330086098295,0.5477923165511236,1,2016-06-28,24,True,1,True,complete_only
392,2,2,0.9886186680952561,False,,3,0.8385526298704229,0.442062174668387,1,2016-06-30,24,True,1,True,complete_only
393,2,2,0.9362261992289083,False,,3,0.9999999997107007,6.643326637835034e-09,1,2016-07-01,24,True,1,True,complete_only
394,1,1,0.6877378356007503,False,,3,1.0,4.774810951380777e-57,0,2016-07-02,24,True,0,True,complete_only
395,1,1,0.2558773016592352,False,,3,1.0,8.839353476601061e-73,0,2016-07-03,24,True,0,True,complete_only
396,1,1,0.0005225150609349582,False,,3,1.0,3.2075644484349475e-73,0,2016-07-04,24,True,0,True,complete_only
397,2,2,0.3229056447996731,False,,3,0.9999999999999831,5.398616172117386e-13,1,2016-07-05,24,True,1,True,complete_only
398,2,2,0.9378432831036292,False,,3,0.9999999647627689,6.399490719536179e-07,1,2016-07-06,24,True,1,True,complete_only
399,0,0,0.16962932711174633,False,,3,0.9228713187257646,0.2716999832306236,1,2016-07-07,24,True,1,True,complete_only
400,2,2,0.9999808620362682,False,,3,0.9898501705876153,0.05668889024502254,1,2016-07-08,24,True,1,True,complete_only
401,-1,1,0.0,True,,3,1.0,4.430827446003555e-132,0,2016-07-09,24,True,-1,False,complete_only
402,1,1,0.026071526494322872,False,,3,1.0,1.3319479318723086e-44,0,2016-07-10,24,True,0,True,complete_only
403,0,0,0.6793307222901476,False,,3,0.9999909792507695,0.00011380557971447582,1,2016-07-11,24,True,1,True,complete_only
404,0,0,0.9771232422313788,False,,3,0.9999431505867857,0.0006125567612687051,1,2016-07-14,24,True,1,True,complete_only
405,2,2,0.9988317040939548,False,,3,0.9998363614271741,0.0015902017786387172,1,2016-07-15,24,True,1,True,complete_only
406,1,1,0.9969592302003203,False,,3,1.0,1.7998345514958173e-54,0,2016-07-16,24,True,0,True,complete_only
407,1,1,0.8139813011714646,False,,3,1.0,1.3510345970215566e-90,0,2016-07-17,24,True,0,True,complete_only
408,0,0,0.1411649718690917,False,,3,0.647379744198307,0.6490536078464391,1,2016-07-18,24,True,1,True,complete_only
409,0,0,0.567702897823658,False,,3,0.9992642968443245,0.006043298129245927,1,2016-07-19,24,True,1,True,complete_only
410,0,0,0.9267718259272975,False,,3,0.999979981986528,0.00023659025898891694,1,2016-07-20,24,True,1,True,complete_only
411,0,0,0.9931343224276222,False,,3,0.9999747632896502,0.0002924227658708801,1,2016-07-21,24,True,1,True,complete_only
412,-1,2,6.392954123420777e-306,True,,3,1.0,5.9254571687086185e-15,1,2016-07-22,24,True,-1,False,complete_only
413,-1,2,0.0,True,,3,1.0,9.13322116431378e-87,0,2016-07-23,24,True,-1,False,complete_only
414,-1,1,0.0,True,,3,1.0,6.61653179165097e-23,0,2016-07-24,24,True,-1,False,complete_only
415,2,2,0.0029693102490207803,False,,3,0.9999999999999885,3.8503007837797274e-13,1,2016-07-25,24,True,1,True,complete_only
416,0,0,0.9388626861011881,False,,3,0.9999962321277281,5.0824822349552495e-05,1,2016-07-26,24,True,1,True,complete_only
417,0,0,0.004498900160267791,False,,3,0.9954544550073844,0.02905208455127185,1,2016-07-27,24,True,1,True,complete_only
418,0,0,0.9361040936784634,False,,3,0.9999088888110559,0.0009387536013430926,1,2016-07-28,24,True,1,True,complete_only
419,2,2,0.0033374457881219623,False,,3,1.0,2.0358378047201144e-18,1,2016-07-29,24,True,1,True,complete_only
420,-1,1,6.031023075336873e-11,True,,3,1.0,6.859652166327917e-25,0,2016-07-30,24,True,-1,False,complete_only
421,-1,1,7.774664893160564e-10,True,,3,1.0,9.654147210458815e-47,0,2016-07-31,24,True,-1,False,complete_only
422,0,0,0.23398013877766638,False,,3,0.9305833405886711,0.2521274057295576,1,2016-08-01,24,True,1,True,complete_only
423,2,2,0.4994559725804456,False,,3,0.9177043572009473,0.28434063490915423,1,2016-08-02,24,True,1,True,complete_only
424,2,2,0.0010458707320635118,False,,3,0.9999851173829468,0.00018030750768376354,1,2016-08-03,24,True,1,True,complete_only
425,2,2,0.8027008315799289,False,,3,0.9999933560342686,8.585198445044543e-05,1,2016-08-04,24,True,1,True,complete_only
426,2,2,0.20593548035376422,False,,3,1.0,8.27363566286986e-18,1,2016-08-05,24,True,1,True,complete_only
427,1,1,0.20047742751558192,False,,3,1.0,2.2272299299571438e-43,0,2016-08-06,24,True,0,True,complete_only
428,1,1,0.9171049221649508,False,,3,1.0,7.297781549997673e-75,0,2016-08-07,24,True,0,True,complete_only
429,2,2,0.03984635877410974,False,,3,0.9999984726789632,2.1981196038039665e-05,1,2016-08-08,24,True,1,True,complete_only
430,2,2,0.4430358379164798,False,,3,0.9999999999999458,1.7216768050566435e-12,1,2016-08-09,24,True,1,True,complete_only
431,2,2,0.09238478870400298,False,,3,0.9999098496609443,0.0009298094044028193,1,2016-08-10,24,True,1,True,complete_only
432,2,2,0.9801850146870087,False,,3,0.9999846752161649,0.0001852158204625174,1,2016-08-11,24,True,1,True,complete_only
433,2,2,0.9602089782735351,False,,3,0.999999999224455,1.704451051835289e-08,1,2016-08-12,24,True,1,True,complete_only
434,1,1,0.07827497783894159,False,,3,1.0,5.072434075730443e-97,0,2016-08-13,24,True,0,True,complete_only
435,1,1,0.11146845884872802,False,,3,1.0,6.160213545612792e-97,0,2016-08-14,24,True,0,True,complete_only
436,0,0,0.844425225248394,False,,3,0.9999984314784465,2.2532402312599945e-05,1,2016-08-15,24,True,1,True,complete_only
437,0,0,0.8187038353926204,False,,3,0.999979852338868,0.0002379924796905812,1,2016-08-16,24,True,1,True,complete_only
438,2,2,0.6201890247904852,False,,3,0.6359326214682113,0.6557225753054156,1,2016-08-17,24,True,1,True,complete_only
439,0,0,0.950989573527839,False,,3,0.9999679435569715,0.00036377639802876393,1,2016-08-18,24,True,1,True,complete_only
440,2,2,0.6550059977764695,False,,3,0.9999999999993587,1.8648099121234947e-11,1,2016-08-19,24,True,1,True,complete_only
441,1,1,0.9975008056782034,False,,3,1.0,5.1428898700331305e-50,0,2016-08-20,24,True,0,True,complete_only
442,1,1,0.49981291949076234,False,,3,1.0,3.542958492268449e-77,0,2016-08-21,24,True,0,True,complete_only
443,2,2,0.3641737699015027,False,,3,0.9934086027673802,0.039671556612489015,1,2016-08-22,24,True,1,True,complete_only
444,0,0,0.15526524473536363,False,,3,0.999909098521284,0.0009368023544985826,1,2016-08-23,24,True,1,True,complete_only
445,0,0,0.8967191922948877,False,,3,0.9998869841622849,0.0011400954170045926,0,2016-08-25,24,True,1,False,complete_only
446,0,0,0.4687460650275995,False,,3,0.6457530979598108,0.6500360712343214,1,2016-08-26,24,True,1,True,complete_only
447,1,1,0.9925440248321319,False,,3,1.0,4.262705372747988e-50,0,2016-08-27,24,True,0,True,complete_only
448,1,1,0.5068475031855154,False,,3,1.0,2.0833841852699096e-71,0,2016-08-28,24,True,0,True,complete_only
449,0,0,0.5758053104194558,False,,3,0.9998173171758726,0.001755155880295326,1,2016-08-29,24,True,1,True,complete_only
450,0,0,0.9457329306399819,False,,3,0.9999999869111705,2.5067081101393987e-07,1,2016-08-30,24,True,1,True,complete_only
451,-1,2,2.0674366796127853e-194,True,,3,1.0,3.4501447688088344e-66,1,2016-08-31,24,True,-1,False,complete_only
452,2,2,0.9986638188929862,False,,3,0.9973443426970353,0.018402998910669863,1,2016-09-02,24,True,1,True,complete_only
453,1,1,0.5239578351524256,False,,3,1.0,1.03236152852763e-46,0,2016-09-03,24,True,0,True,complete_only
454,1,1,0.5281148681246732,False,,3,1.0,7.347137650266478e-42,0,2016-09-04,24,True,0,True,complete_only
455,1,1,0.3511828072981899,False,,3,1.0,1.2565308693052372e-43,0,2016-09-05,24,True,0,True,complete_only
456,0,0,0.544767825914259,False,,3,0.9999999975822007,5.038794489036982e-08,1,2016-09-06,24,True,1,True,complete_only
457,-1,2,0.0,True,,3,1.0,5.1838938943972534e-54,1,2016-09-07,24,True,-1,False,complete_only
458,-1,2,0.0,True,,3,1.0,1.0315186874754724e-125,1,2016-09-08,24,True,-1,False,complete_only
459,0,0,0.47675222056539523,False,,3,0.7606054936328873,0.5503809824078407,1,2016-09-09,24,True,1,True,complete_only
460,1,1,0.1147846566089938,False,,3,1.0,7.064029944289807e-30,0,2016-09-10,24,True,0,True,complete_only
461,1,1,0.0007224804906815015,False,,3,1.0,1.5925615346500316e-63,0,2016-09-11,24,True,0,True,complete_only
462,0,0,0.4810767950711624,False,,3,0.9999999865738866,2.567886938473473e-07,1,2016-09-12,24,True,1,True,complete_only
463,0,0,0.8787020977864408,False,,3,0.9999999981631085,3.878633037880946e-08,1,2016-09-13,24,True,1,True,complete_only
464,0,0,0.9648624431466299,False,,3,0.9999999950142495,1.0029673728600822e-07,1,2016-09-14,24,True,1,True,complete_only
465,0,0,0.9951912328220558,False,,3,0.9999995797071075,6.591165006081488e-06,1,2016-09-15,24,True,1,True,complete_only
466,0,0,0.911982093488788,False,,3,0.9999344764960256,0.0006967159308725199,1,2016-09-16,24,True,1,True,complete_only
467,1,1,0.48525637412259104,False,,3,1.0,2.0344025354752825e-40,0,2016-09-17,24,True,0,True,complete_only
468,0,0,0.0010381432683573219,False,,3,0.6851876984170667,0.6228970990941619,1,2016-09-19,24,True,1,True,complete_only
469,0,0,0.008494526020129935,False,,3,0.9999999994556745,1.2155589856214077e-08,1,2016-09-22,24,True,1,True,complete_only
470,0,0,0.8596686611644105,False,,3,0.994678657703957,0.03316986505885626,1,2016-09-23,24,True,1,True,complete_only
471,1,1,0.34621463833262617,False,,3,1.0,1.2228734595743404e-29,0,2016-09-24,24,True,0,True,complete_only
472,2,2,7.338679991683881e-05,False,,3,0.5951106720495826,0.6749443823920903,1,2016-09-26,24,True,1,True,complete_only
473,0,0,0.00210518041130472,False,,3,0.999999977938993,4.1098451393393366e-07,1,2016-09-28,24,True,1,True,complete_only
474,0,0,0.5259364903874828,False,,3,0.9999997413042913,4.182492166788957e-06,1,2016-09-29,24,True,1,True,complete_only
475,2,2,0.9707529259047024,False,,3,0.5957842383426052,0.6746840277472974,1,2016-09-30,24,True,1,True,complete_only
476,1,1,0.32848670089806825,False,,3,1.0,1.0153595303252574e-30,0,2016-10-01,24,True,0,True,complete_only
477,1,1,0.16000027912305084,False,,3,1.0,3.114767681560504e-72,0,2016-10-02,24,True,0,True,complete_only
478,0,0,0.20999207200380599,False,,3,0.9999929251116804,9.097567310312624e-05,1,2016-10-03,24,True,1,True,complete_only
479,2,2,9.676627923521167e-05,False,,3,0.9999999996652829,7.637477373086163e-09,1,2016-10-04,24,True,1,True,complete_only
480,0,0,0.19403199142208885,False,,3,0.9994047846936113,0.005015456600558288,1,2016-10-05,24,True,1,True,complete_only
481,0,0,0.7897016445606172,False,,3,0.999983326502023,0.00020011001570802576,1,2016-10-06,24,True,1,True,complete_only
482,2,2,9.739152957974538e-06,False,,3,0.9999999999999698,9.732459959526483e-13,1,2016-10-11,24,True,1,True,complete_only
483,0,0,0.16927683508619476,False,,3,0.9999999970715177,6.046960405606553e-08,1,2016-10-12,24,True,1,True,complete_only
484,0,0,0.38763628489735136,False,,3,0.9999740764014589,0.00029968571431139584,1,2016-10-13,24,True,1,True,complete_only
485,0,0,0.14915028629012553,False,,3,0.9964187314934163,0.02374468916446679,1,2016-10-17,24,True,1,True,complete_only
486,2,2,0.4370755923472446,False,,3,0.7637947793497357,0.5466661453885132,1,2016-10-18,24,True,1,True,complete_only
487,1,1,0.532004619509476,False,,3,1.0,6.803004408525096e-54,0,2016-10-23,24,True,0,True,complete_only
488,0,0,0.02832787812500563,False,,3,0.9995470549306369,0.003940401606527276,1,2016-10-24,24,True,1,True,complete_only
489,0,0,0.4924878818309216,False,,3,0.9999999765453291,4.3551095332937197e-07,1,2016-10-25,24,True,1,True,complete_only
490,0,0,0.0015925485198199196,False,,3,0.9859828220611356,0.07373638528731212,1,2016-10-26,24,True,1,True,complete_only
491,0,0,0.5882662925465902,False,,3,0.9997717758313325,0.002141899363940546,1,2016-10-27,24,True,1,True,complete_only
492,2,2,0.9979448512179949,False,,3,0.8738598108235361,0.3789829393626687,1,2016-10-28,24,True,1,True,complete_only
493,1,1,0.034752893129507564,False,,3,1.0,5.071038642553164e-36,0,2016-10-29,24,True,0,True,complete_only
494,1,1,0.7529690631554969,False,,3,1.0,9.777442015198199e-70,0,2016-10-30,24,True,0,True,complete_only
495,0,0,0.3558233526490915,False,,3,0.999998425029505,2.261858160440278e-05,1,2016-10-31,24,True,1,True,complete_only
496,0,0,0.1112125731499909,False,,3,0.9973649096313335,0.018280989757771086,1,2016-11-01,24,True,1,True,complete_only
497,0,0,0.7413290193506544,False,,3,0.9999997528994967,4.006356722701972e-06,1,2016-11-02,24,True,1,True,complete_only
498,2,2,0.5536265944103878,False,,3,0.9998107542969749,0.0018115298415078578,1,2016-11-03,24,True,1,True,complete_only
499,0,0,0.6909863603525859,False,,3,0.9801908726225553,0.09729533902585624,1,2016-11-04,24,True,1,True,complete_only
500,1,1,0.9991307330319164,False,,3,1.0,4.1356207134980475e-49,0,2016-11-05,24,True,0,True,complete_only
501,1,1,0.008782258402894559,False,,3,1.0,7.49794345339926e-50,0,2016-11-06,24,True,0,True,complete_only
502,0,0,0.03372964537523089,False,,3,0.9999999910410189,1.749743562304214e-07,1,2016-11-07,24,True,1,True,complete_only
503,0,0,0.3790523639340223,False,,3,0.9999999874251221,2.413315705991759e-07,1,2016-11-08,24,True,1,True,complete_only
504,0,0,0.025916618982669493,False,,3,0.9837253040736881,0.08316307643539433,1,2016-11-09,24,True,1,True,complete_only
505,2,2,0.2610667315973536,False,,3,0.9181247317627942,0.28332570588249906,1,2016-11-10,24,True,1,True,complete_only
506,0,0,0.4736016719274191,False,,3,0.9387639012272623,0.23035523254818724,0,2016-11-11,24,True,1,False,complete_only
507,1,1,0.8309509926200268,False,,3,1.0,2.289593560375953e-39,0,2016-11-12,24,True,0,True,complete_only
508,1,1,0.5210355008453675,False,,3,1.0,3.0635915294257973e-49,0,2016-11-13,24,True,0,True,complete_only
509,0,0,0.05662082332555628,False,,3,0.9999906034710423,0.0001181629067450974,1,2016-11-14,24,True,1,True,complete_only
510,0,0,0.013145823694645266,False,,3,0.9990241591936933,0.007740098981341151,1,2016-11-15,24,True,1,True,complete_only
511,0,0,0.2038345933053915,False,,3,0.9999992619338572,1.1158993268629225e-05,1,2016-11-16,24,True,1,True,complete_only
512,0,0,0.0034192564901614026,False,,3,0.9899359758945739,0.05629552620398964,1,2016-11-17,24,True,1,True,complete_only
513,2,2,0.9785429590773567,False,,3,0.9736826931035709,0.12169788192210172,1,2016-11-18,24,True,1,True,complete_only
514,1,1,0.018018225068278694,False,,3,1.0,4.7033570823523614e-29,0,2016-11-19,24,True,0,True,complete_only
515,1,1,0.0015213966452408889,False,,3,1.0,4.181719564134216e-30,0,2016-11-20,24,True,0,True,complete_only
516,0,0,0.2494906825189124,False,,3,0.9999994575387824,8.368630017206927e-06,1,2016-11-21,24,True,1,True,complete_only
517,0,0,0.026914642464810734,False,,3,0.9999728452926662,0.0003126578492735411,1,2016-11-22,24,True,1,True,complete_only
518,0,0,0.036670681374256976,False,,3,0.8786379915117902,0.36962994314164943,1,2016-11-23,24,True,1,True,complete_only
519,1,1,0.9648225678483605,False,,3,1.0,2.1440618359001843e-51,1,2016-11-25,24,True,0,False,complete_only
520,1,1,0.996621401793099,False,,3,1.0,1.8385489909607577e-58,0,2016-11-26,24,True,0,True,complete_only
521,1,1,0.33211737642162376,False,,3,1.0,1.0111633220203085e-62,0,2016-11-27,24,True,0,True,complete_only
522,0,0,0.16091623804164418,False,,3,0.9999998847663671,1.9562411851973237e-06,1,2016-11-28,24,True,1,True,complete_only
523,0,0,0.21255529652424457,False,,3,0.9999999747332907,4.672769033398227e-07,1,2016-11-29,24,True,1,True,complete_only
524,0,0,0.8153325154305604,False,,3,0.999999844513615,2.5930009607358587e-06,1,2016-11-30,24,True,1,True,complete_only
525,0,0,0.9850874362685507,False,,3,0.999999933897977,1.158905077950649e-06,1,2016-12-01,24,True,1,True,complete_only
526,1,1,0.9906333424719318,False,,3,1.0,1.3911115956375106e-48,0,2016-12-03,24,True,0,True,complete_only
527,0,0,0.2967801540589167,False,,3,0.9850965123539162,0.07747832875707546,1,2016-12-08,24,True,1,True,complete_only
528,2,2,0.326333803216679,False,,3,0.9998433397698193,0.0015292157925801705,1,2016-12-09,24,True,1,True,complete_only
529,1,1,0.867610283550843,False,,3,1.0,2.0718244685685164e-47,0,2016-12-10,24,True,0,True,complete_only
530,1,1,0.2278161594805108,False,,3,1.0,2.7353952126429017e-76,0,2016-12-11,24,True,0,True,complete_only
531,2,2,0.008023316458172775,False,,3,0.9999997325864107,4.3145763226953976e-06,1,2016-12-12,24,True,1,True,complete_only
532,2,2,0.5851989655770371,False,,3,0.9997941501319733,0.0019531571756116217,1,2016-12-13,24,True,1,True,complete_only
533,0,0,0.5010832425701138,False,,3,0.9998490091166801,0.0014794412282770984,1,2016-12-14,24,True,1,True,complete_only
534,0,0,0.9997522403171705,False,,3,0.9999996724068406,5.219048212218422e-06,1,2016-12-15,24,True,1,True,complete_only
535,1,1,0.12588883446268934,False,,3,1.0,9.290074132062267e-42,0,2016-12-17,24,True,0,True,complete_only
536,0,0,0.7106005155268156,False,,3,0.9999999657127111,6.236340752721628e-07,1,2016-12-19,24,True,1,True,complete_only
537,0,0,0.10716807814194727,False,,3,0.911580591174396,0.2988655790266227,1,2016-12-20,24,True,1,True,complete_only
538,0,0,0.9411017397595359,False,,3,0.9999056755412843,0.0009685917261316985,1,2016-12-21,24,True,1,True,complete_only
539,0,0,0.5594687760845698,False,,3,0.9865432707365775,0.07134108206457611,1,2016-12-22,24,True,1,True,complete_only
540,2,2,0.11022796259781123,False,,3,0.9999999999999991,3.453265117233017e-14,1,2016-12-23,24,True,1,True,complete_only
541,1,1,0.6821608355812914,False,,3,1.0,9.102249956848586e-59,0,2016-12-24,24,True,0,True,complete_only
542,1,1,3.057827741886488e-05,False,,3,1.0,9.928401979626076e-105,0,2016-12-25,24,True,0,True,complete_only
543,-1,1,8.648326143535524e-12,True,,3,0.9999654545366086,0.0003894385068921113,0,2016-12-26,24,True,-1,False,complete_only
544,0,0,0.1180180873045548,False,,3,0.7220855095057919,0.5909728302633687,1,2016-12-27,24,True,1,True,complete_only
545,2,2,0.9425562156942048,False,,3,0.9999433366670041,0.0006107375133364224,1,2016-12-28,24,True,1,True,complete_only
546,2,2,0.7328840645088541,False,,3,0.9999999999992166,2.2641855573386724e-11,1,2016-12-29,24,True,1,True,complete_only
547,2,2,0.06665012420595709,False,,3,1.0,1.7247064659181426e-17,1,2016-12-30,24,True,1,True,complete_only
548,1,1,4.795835373276214e-06,False,,3,1.0,8.438583680393664e-92,0,2016-12-31,24,True,0,True,complete_only
549,-1,1,5.220990029533485e-15,True,,3,1.0,2.3596302230082935e-95,0,2017-01-01,24,True,-1,False,complete_only
550,1,1,3.844111894402742e-05,False,,3,0.9999999999999272,2.2722161506316364e-12,0,2017-01-02,24,True,0,True,complete_only
551,2,2,0.15617631905101528,False,,3,0.9963036207801388,0.024390747007026658,1,2017-01-03,24,True,1,True,complete_only
552,0,0,0.9416402574756911,False,,3,0.9999999290538203,1.2388156690167436e-06,1,2017-01-04,24,True,1,True,complete_only
553,0,0,0.36042028413166244,False,,3,0.9994639968163456,0.004572698050641438,1,2017-01-05,24,True,1,True,complete_only
554,0,0,0.9012020352756819,False,,3,0.986971527522601,0.06949485472053374,1,2017-01-06,24,True,1,True,complete_only
555,1,1,0.6610162999697133,False,,3,1.0,2.790331525172256e-34,0,2017-01-07,24,True,0,True,complete_only
556,1,1,0.0878256135734395,False,,3,1.0,6.839615907244072e-42,0,2017-01-08,24,True,0,True,complete_only
557,2,2,0.0005281276277047186,False,,3,0.9999999999991855,2.348775942587402e-11,1,2017-01-09,24,True,1,True,complete_only
558,0,0,0.07416226544388153,False,,3,0.9196077881132874,0.27972624582093675,1,2017-01-10,24,True,1,True,complete_only
559,0,0,0.4186541050989803,False,,3,0.9994082357241048,0.0049898192460293405,1,2017-01-11,24,True,1,True,complete_only
560,0,0,0.09828659913088468,False,,3,0.991887264360544,0.04713704471299996,1,2017-01-12,24,True,1,True,complete_only
561,0,0,0.9807940124652297,False,,3,0.9999791194360772,0.0002459037476764928,1,2017-01-13,24,True,1,True,complete_only
562,1,1,0.9730281796303902,False,,3,1.0,1.4020480181616694e-54,0,2017-01-14,24,True,0,True,complete_only
563,1,1,0.1405969283625594,False,,3,1.0,5.036148544468604e-67,0,2017-01-15,24,True,0,True,complete_only
564,2,2,0.0022066418759483794,False,,3,0.9999999997196323,6.447035617716475e-09,0,2017-01-16,24,True,1,False,complete_only
565,0,0,0.0012361318085020651,False,,3,0.9996022409189976,0.003511999945461654,1,2017-01-17,24,True,1,True,complete_only
566,0,0,0.017407197741346397,False,,3,0.6976082416608261,0.612877234096126,1,2017-01-18,24,True,1,True,complete_only
567,2,2,0.970195253875541,False,,3,0.9999201002272066,0.0008337299672429556,1,2017-01-19,24,True,1,True,complete_only
568,0,0,0.8793480903036154,False,,3,0.9990716729667523,0.007409592765930864,1,2017-01-20,24,True,1,True,complete_only
569,1,1,0.30456705916389487,False,,3,1.0,5.257644560298453e-50,0,2017-01-21,24,True,0,True,complete_only
570,1,1,0.7978217882034844,False,,3,1.0,7.647436051418393e-49,0,2017-01-22,24,True,0,True,complete_only
571,0,0,0.759640630303372,False,,3,0.9999998527199845,2.4641316555341186e-06,1,2017-01-23,24,True,1,True,complete_only
572,0,0,0.9492565564589276,False,,3,0.9999999895245004,2.029546965808039e-07,1,2017-01-24,24,True,1,True,complete_only
573,2,2,0.4076708732722423,False,,3,0.9999994199308831,8.909930242170187e-06,1,2017-01-25,24,True,1,True,complete_only
574,0,0,0.02545353596719243,False,,3,0.9975973700444921,0.01689046227496276,1,2017-01-26,24,True,1,True,complete_only
575,0,0,0.07519377770731872,False,,3,0.6293021772052085,0.6593260294549353,1,2017-01-27,24,True,1,True,complete_only
576,1,1,0.899573638438323,False,,3,1.0,9.103693996815006e-43,0,2017-01-28,24,True,0,True,complete_only
577,1,1,0.18290254589840085,False,,3,1.0,9.015045543441178e-68,0,2017-01-29,24,True,0,True,complete_only
578,0,0,0.3726340295696172,False,,3,0.9999997248114104,4.432134869337121e-06,1,2017-01-30,24,True,1,True,complete_only
579,0,0,0.8803084075834606,False,,3,0.999999994569567,1.0877835876132646e-07,1,2017-01-31,24,True,1,True,complete_only
580,0,0,0.9957074537999571,False,,3,0.9999999272853044,1.267905934779252e-06,1,2017-02-01,24,True,1,True,complete_only
581,0,0,0.990001609419037,False,,3,0.9999999743135145,4.7461692559317306e-07,1,2017-02-02,24,True,1,True,complete_only
582,2,2,0.9950794891094271,False,,3,0.9994984313548829,0.004312246083631141,1,2017-02-03,24,True,1,True,complete_only
583,1,1,0.10489322652139806,False,,3,1.0,7.447705761577804e-88,0,2017-02-04,24,True,0,True,complete_only
584,1,1,0.0004909313606227087,False,,3,1.0,7.69606158646956e-76,0,2017-02-05,24,True,0,True,complete_only
585,0,0,0.573495236522667,False,,3,0.9999999749474927,4.6352881374588615e-07,1,2017-02-06,24,True,1,True,complete_only
586,0,0,0.7833714945901371,False,,3,0.9999998091804057,3.143168397650323e-06,1,2017-02-07,24,True,1,True,complete_only
587,2,2,0.5711558703426141,False,,3,0.9999430287741419,0.0006137473552523524,1,2017-02-08,24,True,1,True,complete_only
588,0,0,0.999625445642319,False,,3,0.9999999183881767,1.413622190528446e-06,1,2017-02-09,24,True,1,True,complete_only
589,0,0,0.9568406135128091,False,,3,0.9999952964593056,6.24027805057605e-05,1,2017-02-10,24,True,1,True,complete_only
590,1,1,0.5111141484691339,False,,3,1.0,1.8077734483779993e-74,0,2017-02-11,24,True,0,True,complete_only
591,1,1,0.18676610517516462,False,,3,1.0,3.447295764871082e-75,0,2017-02-12,24,True,0,True,complete_only
592,0,0,0.9860047254018456,False,,3,0.9999998485119236,2.530268794836104e-06,1,2017-02-15,24,True,1,True,complete_only
593,2,2,0.8608096313217548,False,,3,0.9992691718473812,0.006008113911988072,1,2017-02-16,24,True,1,True,complete_only
594,0,0,0.6701103747223278,False,,3,0.9973100676383937,0.018605974473924064,1,2017-02-17,24,True,1,True,complete_only
595,1,1,0.7181989529711084,False,,3,1.0,4.0227054372515305e-54,0,2017-02-18,24,True,0,True,complete_only
596,1,1,0.23059547968198152,False,,3,1.0,3.4544871846989367e-68,0,2017-02-19,24,True,0,True,complete_only
597,0,0,0.3607380646498661,False,,3,0.8745868051454696,0.37757342157333584,0,2017-02-20,24,True,1,False,complete_only
598,0,0,0.9776681125503744,False,,3,0.9998947754573015,0.0010690141548096441,1,2017-02-22,24,True,1,True,complete_only
599,0,0,0.9441976626433992,False,,3,0.9999995232744077,7.4160980199754725e-06,1,2017-02-23,24,True,1,True,complete_only
600,0,0,0.6917287208799938,False,,3,0.9957783087150396,0.027294946603686473,1,2017-02-24,24,True,1,True,complete_only
601,1,1,0.5766479927243203,False,,3,1.0,4.2776606697807365e-29,0,2017-02-25,24,True,0,True,complete_only
602,1,1,0.06201617800581493,False,,3,1.0,1.32038312307006e-30,0,2017-02-26,24,True,0,True,complete_only
603,0,0,0.029370421187421,False,,3,0.9991202650535065,0.007069066084755125,1,2017-02-27,24,True,1,True,complete_only
604,0,0,0.8591183753985934,False,,3,0.9999977046537705,3.2099557906324226e-05,1,2017-02-28,24,True,1,True,complete_only
605,2,2,0.09841770245828094,False,,3,0.9791570422449841,0.10130187074078517,1,2017-03-01,24,True,1,True,complete_only
606,0,0,0.9563481282127786,False,,3,0.999999946518107,9.48978594004539e-07,1,2017-03-02,24,True,1,True,complete_only
607,0,0,0.773190408691161,False,,3,0.9988472852312015,0.008950898041330577,1,2017-03-03,24,True,1,True,complete_only
608,1,1,0.8225070402970163,False,,3,1.0,4.294095853060659e-58,0,2017-03-04,24,True,0,True,complete_only
609,1,1,0.16725673141507988,False,,3,1.0,2.843512769156982e-66,0,2017-03-05,24,True,0,True,complete_only
610,0,0,0.5114139925036052,False,,3,0.9999958655965446,5.5385152696712194e-05,1,2017-03-06,24,True,1,True,complete_only
611,0,0,0.04139967628310262,False,,3,0.9999892675036991,0.0001335361768771727,1,2017-03-07,24,True,1,True,complete_only
612,0,0,0.9499576754639959,False,,3,0.9999994275596973,8.800329212451019e-06,1,2017-03-08,24,True,1,True,complete_only
613,0,0,0.014953889331699263,False,,3,0.9927478377924119,0.04295325673569447,1,2017-03-09,24,True,1,True,complete_only
614,2,2,0.4256107773759714,False,,3,0.9991987030899785,0.006513645023575393,1,2017-03-10,24,True,1,True,complete_only
615,1,1,0.8724702419745979,False,,3,1.0,5.790759769663519e-66,0,2017-03-11,24,True,0,True,complete_only
616,0,0,0.996790895214407,False,,3,0.9999999826770819,3.26904860608086e-07,1,2017-03-14,24,True,1,True,complete_only
617,2,2,0.9978268328058572,False,,3,0.9999999008653631,1.6978578073924082e-06,1,2017-03-16,24,True,1,True,complete_only
618,2,2,0.5773506402874948,False,,3,0.999930885667495,0.0007312098624891028,1,2017-03-17,24,True,1,True,complete_only
619,1,1,0.9817366284983837,False,,3,1.0,5.306142345257528e-59,0,2017-03-18,24,True,0,True,complete_only
620,1,1,0.051333912907622035,False,,3,1.0,1.2916735105672755e-78,0,2017-03-19,24,True,0,True,complete_only
621,0,0,0.9625605707698691,False,,3,0.9999999729426573,4.985398581023481e-07,1,2017-03-20,24,True,1,True,complete_only
622,0,0,0.9928427333616873,False,,3,0.9999998104617129,3.1233397653870318e-06,1,2017-03-22,24,True,1,True,complete_only
623,0,0,0.09906628218371012,False,,3,0.9998134233025572,0.0017886314777160216,1,2017-03-23,24,True,1,True,complete_only
624,0,0,0.6620321710916361,False,,3,0.9869750712272095,0.06947951883617726,1,2017-03-24,24,True,1,True,complete_only
625,1,1,0.6909863669901937,False,,3,1.0,3.2700154705206397e-66,0,2017-03-25,24,True,0,True,complete_only
626,1,1,0.5608117449862571,False,,3,1.0,1.5786431651163205e-74,0,2017-03-26,24,True,0,True,complete_only
627,0,0,0.0077643947521136075,False,,3,0.7355906464834293,0.5776186196925402,1,2017-03-27,24,True,1,True,complete_only
628,0,0,0.11534683848883416,False,,3,0.9784986576479668,0.10382592597169543,1,2017-03-28,24,True,1,True,complete_only
629,0,0,0.9325501491072056,False,,3,0.9999993308077891,1.0183227795224734e-05,1,2017-03-29,24,True,1,True,complete_only
630,0,0,0.05811370039550618,False,,3,0.9990244526179184,0.007738065144980251,1,2017-03-30,24,True,1,True,complete_only
631,0,0,0.3690360365973345,False,,3,0.8908010834298422,0.3448371943701871,1,2017-03-31,24,True,1,True,complete_only
632,1,1,0.963729978963602,False,,3,1.0,5.1522764701772065e-52,0,2017-04-01,24,True,0,True,complete_only
633,1,1,0.12734335406537106,False,,3,1.0,1.602714801591189e-56,0,2017-04-02,24,True,0,True,complete_only
634,0,0,0.9519996000209111,False,,3,0.9999996671670516,5.2972443624492515e-06,1,2017-04-03,24,True,1,True,complete_only
635,0,0,0.0156565128473308,False,,3,0.9497636552614442,0.19921055889447212,1,2017-04-04,24,True,1,True,complete_only
636,0,0,0.9948826464796001,False,,3,0.9999978702249535,2.9943557615796437e-05,1,2017-04-05,24,True,1,True,complete_only
637,1,1,0.9543431318958635,False,,3,1.0,8.562869537059347e-43,0,2017-04-08,24,True,0,True,complete_only
638,1,1,0.8632627391246419,False,,3,1.0,5.223180364475098e-72,0,2017-04-09,24,True,0,True,complete_only
639,0,0,0.001869169647516368,False,,3,0.9612281268485713,0.16402125959468022,1,2017-04-10,24,True,1,True,complete_only
640,2,2,0.39822610246339873,False,,3,0.9989751704655294,0.00807844057668256,1,2017-04-11,24,True,1,True,complete_only
641,0,0,0.9992954464229251,False,,3,0.9999999047668108,1.6348621650053474e-06,1,2017-04-12,24,True,1,True,complete_only
642,2,2,0.08354119488179647,False,,3,0.9999999999998963,3.201462490342443e-12,1,2017-04-14,24,True,1,True,complete_only
643,1,1,0.731019719067213,False,,3,1.0,8.848507967195157e-56,0,2017-04-15,24,True,0,True,complete_only
644,1,1,0.14440584618144864,False,,3,1.0,1.0338954275365617e-80,0,2017-04-16,24,True,0,True,complete_only
645,0,0,0.8988063813866622,False,,3,0.9999999814669567,3.484899780954141e-07,1,2017-04-17,24,True,1,True,complete_only
646,0,0,0.8740994367591044,False,,3,0.9999999307350709,1.211119935061914e-06,1,2017-04-18,24,True,1,True,complete_only
647,0,0,0.9718551144276404,False,,3,0.9999995025562811,7.717234005295227e-06,1,2017-04-19,24,True,1,True,complete_only
648,0,0,0.9787860502653987,False,,3,0.9999998430231843,2.6163588859737574e-06,1,2017-04-20,24,True,1,True,complete_only
649,2,2,0.44538932019358646,False,,3,0.9999994315884385,8.742408442347176e-06,1,2017-04-21,24,True,1,True,complete_only
650,1,1,0.982888286469401,False,,3,1.0,2.1919794811880056e-42,0,2017-04-22,24,True,0,True,complete_only
651,1,1,0.5839669156780336,False,,3,1.0,4.986890029882663e-72,0,2017-04-23,24,True,0,True,complete_only
652,0,0,0.8757433905132183,False,,3,0.9999999670116649,6.012820746525827e-07,1,2017-04-24,24,True,1,True,complete_only
653,0,0,0.9203891515618734,False,,3,0.9999999915947733,1.646954524274104e-07,1,2017-04-25,24,True,1,True,complete_only
654,0,0,0.9826958456546344,False,,3,0.9999998707021559,2.1801099656130123e-06,1,2017-04-26,24,True,1,True,complete_only
655,0,0,0.922238685381794,False,,3,0.9999983774172404,2.325402951691112e-05,1,2017-04-27,24,True,1,True,complete_only
656,2,2,0.9926707215148843,False,,3,0.999937985943808,0.0006628135798891841,1,2017-04-28,24,True,1,True,complete_only
657,1,1,0.9122261277054281,False,,3,1.0,4.718991646561725e-41,0,2017-04-29,24,True,0,True,complete_only
658,1,1,0.4989567369561212,False,,3,1.0,2.7595993041700555e-67,0,2017-04-30,24,True,0,True,complete_only
659,0,0,0.983786003425717,False,,3,0.9999998995414906,1.719198786699847e-06,1,2017-05-01,24,True,1,True,complete_only
660,0,0,0.9819023941286832,False,,3,0.9999999803747956,3.679029437191227e-07,1,2017-05-02,24,True,1,True,complete_only
661,0,0,0.4944610870188607,False,,3,0.9962755122854494,0.02454795477167541,1,2017-05-03,24,True,1,True,complete_only
662,0,0,0.9916618625325161,False,,3,0.9999996931786663,4.908220917359909e-06,1,2017-05-04,24,True,1,True,complete_only
663,2,2,0.9012781425737435,False,,3,0.9518688843134138,0.19297521967932985,1,2017-05-05,24,True,1,True,complete_only
664,1,1,0.9478353177376956,False,,3,1.0,3.972583483838683e-52,0,2017-05-06,24,True,0,True,complete_only
665,1,1,0.22046298685669471,False,,3,1.0,4.658468620587124e-69,0,2017-05-07,24,True,0,True,complete_only
666,0,0,0.7745355519707255,False,,3,0.9999996139556763,6.086881846554263e-06,1,2017-05-08,24,True,1,True,complete_only
667,0,0,0.949008148491823,False,,3,0.999999979311003,3.8675313289851643e-07,1,2017-05-09,24,True,1,True,complete_only
668,0,0,0.9916904305940674,False,,3,0.9999997481311735,4.078853748600363e-06,1,2017-05-10,24,True,1,True,complete_only
669,2,2,0.30229105735281947,False,,3,0.9997736128829905,0.0021264883552421466,1,2017-05-11,24,True,1,True,complete_only
670,2,2,0.4243149931142915,False,,3,1.0,1.5057050062043174e-16,1,2017-05-12,24,True,1,True,complete_only
671,1,1,0.849124967944939,False,,3,1.0,2.4659007665478558e-58,0,2017-05-13,24,True,0,True,complete_only
672,1,1,0.6809728062238938,False,,3,1.0,1.8881310699955253e-57,0,2017-05-14,24,True,0,True,complete_only
673,0,0,0.9696364245724822,False,,3,0.9999984683428101,2.20392596109357e-05,1,2017-05-15,24,True,1,True,complete_only
674,0,0,0.9996376675129897,False,,3,0.9999984449494205,2.2352299701064715e-05,1,2017-05-16,24,True,1,True,complete_only
675,0,0,0.9781404599746387,False,,3,0.9999423076329846,0.0006207904556658809,1,2017-05-17,24,True,1,True,complete_only
676,0,0,0.6250940949171875,False,,3,0.9999303476386558,0.0007363619173327601,1,2017-05-18,24,True,1,True,complete_only
677,2,2,0.9761226617141427,False,,3,0.9990885000829193,0.007291965762750103,1,2017-05-19,24,True,1,True,complete_only
678,1,1,0.9809747480148157,False,,3,1.0,7.849011267256768e-44,0,2017-05-20,24,True,0,True,complete_only
679,1,1,0.7152458073979636,False,,3,1.0,1.5979928385715804e-64,0,2017-05-21,24,True,0,True,complete_only
680,0,0,0.7184544959028928,False,,3,0.9999207160985,0.0008279170525311131,1,2017-05-22,24,True,1,True,complete_only
681,0,0,0.5638150204300503,False,,3,0.9993358452222855,0.0055235515894545215,1,2017-05-23,24,True,1,True,complete_only
682,2,2,0.8303256304967268,False,,3,0.6306345066172756,0.6586171218139059,1,2017-05-24,24,True,1,True,complete_only
683,0,0,0.9731583129892191,False,,3,0.9999384759319871,0.0006580645905719161,1,2017-05-25,24,True,1,True,complete_only
684,2,2,0.9990824250015994,False,,3,0.9999983879163574,2.3114026604370016e-05,1,2017-05-26,24,True,1,True,complete_only
685,1,1,0.880725811745853,False,,3,1.0,2.439287461677525e-74,0,2017-05-27,24,True,0,True,complete_only
686,1,1,0.7151009116586653,False,,3,1.0,1.4235047555717033e-78,0,2017-05-28,24,True,0,True,complete_only
687,1,1,0.9086191007836242,False,,3,1.0,1.7575718066073743e-63,0,2017-05-29,24,True,0,True,complete_only
688,0,0,0.9932053797512477,False,,3,0.9999999515041308,8.652529548256231e-07,1,2017-05-30,24,True,1,True,complete_only
689,0,0,0.9945404633623741,False,,3,0.9999985492503186,2.0953800589811724e-05,1,2017-05-31,24,True,1,True,complete_only
690,0,0,0.8250813961114185,False,,3,0.9986771927892991,0.010089496951302809,1,2017-06-01,24,True,1,True,complete_only
691,2,2,0.9855800672282942,False,,3,0.9997820167699483,0.0020557962295415693,1,2017-06-02,24,True,1,True,complete_only
692,1,1,0.8866130344459235,False,,3,1.0,6.477096101596936e-61,0,2017-06-03,24,True,0,True,complete_only
693,1,1,0.07904948929695059,False,,3,1.0,3.794134798923184e-76,0,2017-06-04,24,True,0,True,complete_only
694,2,2,0.2752554134264373,False,,3,0.9999997759851882,3.6540296020089206e-06,1,2017-06-05,24,True,1,True,complete_only
695,0,0,0.8728060188347058,False,,3,0.9997113987939649,0.002640793508309861,1,2017-06-06,24,True,1,True,complete_only
696,0,0,0.921912841776487,False,,3,0.9988811367748536,0.00872140731349872,1,2017-06-07,24,True,1,True,complete_only
697,2,2,0.2767708875932509,False,,3,0.9999999999994147,1.706821127217912e-11,1,2017-06-08,24,True,1,True,complete_only
698,2,2,0.39952210506801966,False,,3,0.9999999999977058,6.37735189379745e-11,1,2017-06-09,24,True,1,True,complete_only
699,1,1,0.9270467013094348,False,,3,1.0,3.607823910517638e-53,0,2017-06-10,24,True,0,True,complete_only
700,1,1,0.02945613470331476,False,,3,1.0,3.506321693346905e-84,0,2017-06-11,24,True,0,True,complete_only
701,0,0,0.9689415619129838,False,,3,0.9999267582470446,0.0007706283586751529,1,2017-06-12,24,True,1,True,complete_only
702,0,0,0.48774785709241386,False,,3,0.9932005426063011,0.04071178517327228,1,2017-06-13,24,True,1,True,complete_only
703,2,2,0.9618201560283755,False,,3,0.9317759644802643,0.24902066196947353,1,2017-06-14,24,True,1,True,complete_only
704,2,2,0.9983168808368015,False,,3,0.9977630985557207,0.0158854548554715,1,2017-06-15,24,True,1,True,complete_only
705,-1,2,7.863636040260759e-11,True,,3,0.9999999999978755,5.922328945579e-11,1,2017-06-16,24,True,-1,False,complete_only
706,-1,1,3.4414876950933326e-14,True,,3,1.0,4.981811997499337e-16,0,2017-06-17,24,True,-1,False,complete_only
707,1,1,0.8704866357574012,False,,3,1.0,9.246582101516417e-72,0,2017-06-18,24,True,0,True,complete_only
708,0,0,0.208840285463427,False,,3,0.580763253673224,0.6800444462917069,1,2017-06-19,24,True,1,True,complete_only
709,0,0,0.9145398554638112,False,,3,0.999573009719043,0.0037398096537576237,1,2017-06-20,24,True,1,True,complete_only
710,0,0,0.8958548812570607,False,,3,0.9990953404261544,0.007244060976922593,1,2017-06-21,24,True,1,True,complete_only
711,2,2,0.9999512034872169,False,,3,0.9757462534525054,0.11416136770567349,1,2017-06-22,24,True,1,True,complete_only
712,2,2,0.479117945082956,False,,3,1.0,4.007881785846064e-17,1,2017-06-23,24,True,1,True,complete_only
713,1,1,0.6698335228579486,False,,3,1.0,2.3830806843059236e-36,0,2017-06-24,24,True,0,True,complete_only
714,1,1,0.8733754495168731,False,,3,1.0,1.1695778375083532e-61,0,2017-06-25,24,True,0,True,complete_only
715,0,0,0.6996601836854213,False,,3,0.996325735312751,0.024266912109270247,1,2017-06-26,24,True,1,True,complete_only
716,0,0,0.6265558665331858,False,,3,0.9995887753011402,0.003617200360732835,1,2017-06-27,24,True,1,True,complete_only
717,0,0,0.8010552867363565,False,,3,0.9997701140657309,0.002155827155364275,1,2017-06-28,24,True,1,True,complete_only
718,2,2,0.9960322872311259,False,,3,0.9999963489458585,4.936405124179505e-05,1,2017-06-29,24,True,1,True,complete_only
719,2,2,0.9743907953246297,False,,3,0.9999999989291322,2.3189422069441666e-08,1,2017-06-30,24,True,1,True,complete_only
720,1,1,0.044769596893968734,False,,3,1.0,1.231250994737798e-40,0,2017-07-01,24,True,0,True,complete_only
721,2,2,0.04156549882639291,False,,3,1.0,2.8165795704296586e-20,1,2017-07-03,24,True,1,True,complete_only
722,1,1,0.009263024324677613,False,,3,1.0,1.1418689489972299e-60,0,2017-07-04,24,True,0,True,complete_only
723,2,2,0.5603828873283023,False,,3,0.9999999999995062,1.45014701081733e-11,1,2017-07-05,24,True,1,True,complete_only
724,0,0,0.0746350894322311,False,,3,0.6191555921015178,0.6644759921748706,1,2017-07-06,24,True,1,True,complete_only
725,2,2,0.9845033556250835,False,,3,0.9999995960645495,6.350677416182048e-06,1,2017-07-07,24,True,1,True,complete_only
726,1,1,0.9911211203525644,False,,3,1.0,3.2212239718275164e-47,0,2017-07-08,24,True,0,True,complete_only
727,1,1,0.8295340614314621,False,,3,1.0,1.0520107064264414e-70,0,2017-07-09,24,True,0,True,complete_only
728,0,0,0.8762197722078487,False,,3,0.9999281604763628,0.0007572632810598184,1,2017-07-11,24,True,1,True,complete_only
729,0,0,0.9635516277988496,False,,3,0.9999491797811305,0.0005532894225221166,1,2017-07-12,24,True,1,True,complete_only
730,0,0,0.581791072581084,False,,3,0.99027902253238,0.054715423664146404,1,2017-07-13,24,True,1,True,complete_only
731,2,2,0.23855660842024534,False,,3,1.0,1.5284531773590823e-18,1,2017-07-14,24,True,1,True,complete_only
732,1,1,0.9456751704769188,False,,3,1.0,1.4718776567893646e-49,0,2017-07-15,24,True,0,True,complete_only
733,1,1,0.7013152293912019,False,,3,1.0,1.0984966832724542e-76,0,2017-07-16,24,True,0,True,complete_only
734,0,0,0.16816672678164957,False,,3,0.9864637266040344,0.0716824646272078,1,2017-07-17,24,True,1,True,complete_only
735,0,0,0.998721404829794,False,,3,0.9999998896061822,1.8788157543418755e-06,1,2017-07-18,24,True,1,True,complete_only
736,0,0,0.8632345930390373,False,,3,0.9992793936651134,0.005934234371199809,1,2017-07-19,24,True,1,True,complete_only
737,0,0,0.4448324091206237,False,,3,0.6926321687946964,0.6169783947670133,1,2017-07-20,24,True,1,True,complete_only
738,2,2,0.9873734014778949,False,,3,0.9999999744217124,4.727256704565628e-07,1,2017-07-21,24,True,1,True,complete_only
739,1,1,0.8988431816579883,False,,3,1.0,1.2452942568214307e-50,0,2017-07-22,24,True,0,True,complete_only
740,1,1,0.023110501958841914,False,,3,1.0,3.933298930316702e-93,0,2017-07-23,24,True,0,True,complete_only
741,0,0,0.9647809614573977,False,,3,0.9999924472107592,9.662728777387563e-05,1,2017-07-24,24,True,1,True,complete_only
742,0,0,0.5229343860149209,False,,3,0.9999661126758342,0.00038267100148396297,1,2017-07-25,24,True,1,True,complete_only
743,2,2,0.13476569642888778,False,,3,0.9999982337512858,2.5163130334075756e-05,1,2017-07-26,24,True,1,True,complete_only
744,2,2,0.9908555384070484,False,,3,0.999999969110196,5.65062236286213e-07,1,2017-07-27,24,True,1,True,complete_only
745,2,2,0.86350903421665,False,,3,1.0,2.4000572984739814e-14,1,2017-07-28,24,True,1,True,complete_only
746,1,1,0.7170752593890549,False,,3,1.0,1.878243239792598e-78,0,2017-07-29,24,True,0,True,complete_only
747,1,1,0.15372803801103982,False,,3,1.0,1.6266308956290244e-88,0,2017-07-30,24,True,0,True,complete_only
748,0,0,0.2544159139390539,False,,3,0.939597353799431,0.2280739834707003,1,2017-07-31,24,True,1,True,complete_only
749,0,0,0.9903749121973007,False,,3,0.9999916741301043,0.0001057064004231192,1,2017-08-01,24,True,1,True,complete_only
750,0,0,0.8479838975640663,False,,3,0.999496367547559,0.004327921139473771,1,2017-08-02,24,True,1,True,complete_only
751,0,0,0.35712624353068356,False,,3,0.9236677150656869,0.2697188465207171,1,2017-08-03,24,True,1,True,complete_only
752,2,2,0.9822431140445906,False,,3,0.9999728752401941,0.00031234296645680875,1,2017-08-04,24,True,1,True,complete_only
753,1,1,0.4581874152562687,False,,3,1.0,8.72476072489272e-48,0,2017-08-05,24,True,0,True,complete_only
754,1,1,0.7805126795874182,False,,3,1.0,1.2992860575991186e-76,0,2017-08-06,24,True,0,True,complete_only
755,0,0,0.9976033028423925,False,,3,0.9999997403023873,4.1976866917165236e-06,1,2017-08-07,24,True,1,True,complete_only
756,0,0,0.7297350049186917,False,,3,0.9999896059284585,0.00012965845234414087,1,2017-08-08,24,True,1,True,complete_only
757,0,0,0.9671013172065271,False,,3,0.9999968533176419,4.3012505606987715e-05,1,2017-08-09,24,True,1,True,complete_only
758,0,0,0.991217514892072,False,,3,0.9999985874275545,2.0440060853709632e-05,1,2017-08-10,24,True,1,True,complete_only
759,2,2,0.597754684614876,False,,3,0.9999998430317553,2.6162246115873424e-06,1,2017-08-11,24,True,1,True,complete_only
760,1,1,0.9785974799593057,False,,3,1.0,1.2951113333895432e-52,0,2017-08-12,24,True,0,True,complete_only
761,1,1,0.43338023192431313,False,,3,1.0,1.8400743383411026e-80,0,2017-08-13,24,True,0,True,complete_only
762,0,0,0.9449960055782438,False,,3,0.9999998640685653,2.285159013112193e-06,1,2017-08-14,24,True,1,True,complete_only
763,0,0,0.9954955158644938,False,,3,0.999998166557884,2.6051955663035474e-05,1,2017-08-15,24,True,1,True,complete_only
764,0,0,0.912492415523543,False,,3,0.9999732195005465,0.0003087208622825888,1,2017-08-17,24,True,1,True,complete_only
765,2,2,0.994712885919984,False,,3,0.9999890167561923,0.00013640237929279513,1,2017-08-18,24,True,1,True,complete_only
766,1,1,0.19931094928921436,False,,3,1.0,1.06405967897029e-51,0,2017-08-19,24,True,0,True,complete_only
767,1,1,0.02319915301263392,False,,3,1.0,1.636754296408873e-86,0,2017-08-20,24,True,0,True,complete_only
768,2,2,0.14921704488031678,False,,3,0.9983480249422124,0.012232804696588901,1,2017-08-21,24,True,1,True,complete_only
769,2,2,0.8380921371702283,False,,3,0.9670631746144043,0.14480713745570106,1,2017-08-22,24,True,1,True,complete_only
770,0,0,0.8689485803142118,False,,3,0.9999977659448527,3.130289052889278e-05,1,2017-08-23,24,True,1,True,complete_only
771,0,0,0.9032722607549802,False,,3,0.9999842383550818,0.00019005270434368533,0,2017-08-24,24,True,1,False,complete_only
772,2,2,0.7219270514457469,False,,3,0.99999984175075,2.6362892041469177e-06,1,2017-08-25,24,True,1,True,complete_only
773,1,1,0.7615621726893725,False,,3,1.0,1.461271819591384e-38,0,2017-08-26,24,True,0,True,complete_only
774,1,1,0.3469552566470267,False,,3,1.0,3.097278914364013e-70,0,2017-08-27,24,True,0,True,complete_only
775,0,0,0.8914480409648964,False,,3,0.9999999125164971,1.5092492606558392e-06,1,2017-08-28,24,True,1,True,complete_only
776,0,0,0.9624518860161733,False,,3,0.9999999687914536,5.70572555540919e-07,1,2017-08-29,24,True,1,True,complete_only
777,0,0,0.983848761181125,False,,3,0.9999999558115579,7.92510999091608e-07,1,2017-08-30,24,True,1,True,complete_only
778,0,0,0.9003256752827801,False,,3,0.9999954866388482,6.006591415996532e-05,1,2017-08-31,24,True,1,True,complete_only
779,2,2,0.964408413942929,False,,3,0.9986500767535964,0.0102689097070278,1,2017-09-01,24,True,1,True,complete_only
780,1,1,0.937540872505488,False,,3,1.0,1.2433637357609505e-38,0,2017-09-02,24,True,0,True,complete_only
781,1,1,0.996589937791847,False,,3,1.0,2.285129717157623e-68,0,2017-09-03,24,True,0,True,complete_only
782,1,1,0.7585136800402689,False,,3,1.0,8.369016663401717e-46,0,2017-09-04,24,True,0,True,complete_only
783,0,0,0.3954450237316979,False,,3,0.9999999988446433,2.4931298290494928e-08,1,2017-09-05,24,True,1,True,complete_only
784,0,0,0.5065848722107071,False,,3,0.9999999935564645,1.27969830443557e-07,1,2017-09-06,24,True,1,True,complete_only
785,0,0,0.9813600585966712,False,,3,0.9999999499609812,8.912180957389357e-07,1,2017-09-07,24,True,1,True,complete_only
786,0,0,0.8938948800033978,False,,3,0.9999623066839542,0.00042163776973079575,1,2017-09-08,24,True,1,True,complete_only
787,1,1,0.9636259149562076,False,,3,1.0,5.852210150190894e-40,0,2017-09-09,24,True,0,True,complete_only
788,1,1,0.8616224078420832,False,,3,1.0,1.8987856097660456e-66,0,2017-09-10,24,True,0,True,complete_only
789,0,0,0.12310014220470952,False,,3,0.9999998486419103,2.5282275910345814e-06,1,2017-09-11,24,True,1,True,complete_only
790,0,0,0.8036568211270113,False,,3,0.9999999934053392,1.3081829168080013e-07,1,2017-09-12,24,True,1,True,complete_only
791,0,0,0.850146505545106,False,,3,0.9999999351652725,1.1379418190014109e-06,1,2017-09-13,24,True,1,True,complete_only
792,0,0,0.8918237700009898,False,,3,0.9999998029164717,3.2399818764595406e-06,1,2017-09-14,24,True,1,True,complete_only
793,2,2,0.8953545333767016,False,,3,0.9948777326973939,0.03212477364667346,1,2017-09-15,24,True,1,True,complete_only
794,1,1,0.9666208248008809,False,,3,1.0,2.0825740503185368e-45,0,2017-09-16,24,True,0,True,complete_only
795,1,1,0.48578982403739357,False,,3,1.0,1.1125318753572693e-79,0,2017-09-17,24,True,0,True,complete_only
796,0,0,0.46739252938006814,False,,3,0.9999999831192562,3.1899696968769065e-07,1,2017-09-18,24,True,1,True,complete_only
797,0,0,0.4218187397717756,False,,3,0.9999999995102016,1.0989641829292594e-08,1,2017-09-19,24,True,1,True,complete_only
798,0,0,0.7221626262564176,False,,3,0.9997880035348949,0.002005239573780706,1,2017-09-20,24,True,1,True,complete_only
799,2,2,0.9845547174032832,False,,3,0.9985002056169716,0.011250973006717256,1,2017-09-22,24,True,1,True,complete_only
800,1,1,0.982925675974765,False,,3,1.0,1.0631863006120187e-45,0,2017-09-23,24,True,0,True,complete_only
801,1,1,0.7163554727171604,False,,3,1.0,4.604175302550964e-75,0,2017-09-24,24,True,0,True,complete_only
802,0,0,0.03256213509166848,False,,3,0.9987379200748056,0.009685659328368722,1,2017-09-25,24,True,1,True,complete_only
803,0,0,0.5260541401457672,False,,3,0.9999999993391526,1.4629497489337822e-08,1,2017-09-26,24,True,1,True,complete_only
804,0,0,0.955175687791161,False,,3,0.9999999082467788,1.5785373900420375e-06,1,2017-09-28,24,True,1,True,complete_only
805,0,0,0.628099074576937,False,,3,0.9970187504445135,0.020313997891437854,1,2017-09-29,24,True,1,True,complete_only
806,1,1,0.5157558534386304,False,,3,1.0,7.884016804162463e-41,0,2017-09-30,24,True,0,True,complete_only
807,1,1,0.10633940960484864,False,,3,1.0,3.054804556449436e-45,0,2017-10-01,24,True,0,True,complete_only
808,0,0,0.06121602586716979,False,,3,0.9999999718316723,5.17876602540147e-07,1,2017-10-02,24,True,1,True,complete_only
809,0,0,0.6188315362152654,False,,3,0.9999999979755287,4.2550261605893924e-08,1,2017-10-03,24,True,1,True,complete_only
810,0,0,0.802258254007972,False,,3,0.9999999976950562,4.814618040983047e-08,1,2017-10-04,24,True,1,True,complete_only
811,0,0,0.8759252166589501,False,,3,0.9999999585779422,7.455743348435561e-07,1,2017-10-05,24,True,1,True,complete_only
812,2,2,0.47474934876829555,False,,3,0.9868093586809819,0.07019562259637073,1,2017-10-06,24,True,1,True,complete_only
813,1,1,0.71078975045555,False,,3,1.0,4.8351272776999024e-55,0,2017-10-07,24,True,0,True,complete_only
814,1,1,0.11322567439812098,False,,3,1.0,1.5490554241757812e-84,0,2017-10-08,24,True,0,True,complete_only
815,0,0,0.7310737889246989,False,,3,0.9999999990896846,1.9860571642164682e-08,0,2017-10-09,24,True,1,False,complete_only
816,0,0,0.6472425191092995,False,,3,0.9999999942983386,1.1393351839230803e-07,1,2017-10-10,24,True,1,True,complete_only
817,0,0,0.9488892713300442,False,,3,0.9999999703694056,5.432609096592341e-07,1,2017-10-11,24,True,1,True,complete_only
818,0,0,0.9755090117091662,False,,3,0.9999994420641223,8.591666600184487e-06,1,2017-10-12,24,True,1,True,complete_only
819,2,2,0.2538675705505828,False,,3,0.9992566035296381,0.006098757185346098,1,2017-10-13,24,True,1,True,complete_only
820,1,1,0.4741333014667418,False,,3,1.0,5.490117654790352e-52,0,2017-10-14,24,True,0,True,complete_only
821,1,1,0.09667331677887708,False,,3,1.0,1.9245074060490918e-60,0,2017-10-15,24,True,0,True,complete_only
822,0,0,0.0028069810860407007,False,,3,0.9962688239037641,0.024585330744795963,1,2017-10-16,24,True,1,True,complete_only
823,0,0,0.21013703041802442,False,,3,0.9998198881251876,0.0017330080579786207,1,2017-10-17,24,True,1,True,complete_only
824,0,0,0.1865057586900484,False,,3,0.9992474512623266,0.006164629734158774,1,2017-10-18,24,True,1,True,complete_only
825,0,0,0.999435421613058,False,,3,0.9999784750902154,0.0002528378096727685,1,2017-10-19,24,True,1,True,complete_only
826,2,2,0.7560828801984234,False,,3,0.999999013421565,1.4629993817502778e-05,1,2017-10-20,24,True,1,True,complete_only
827,1,1,0.9999760541132084,False,,3,1.0,1.3309108788156618e-52,0,2017-10-21,24,True,0,True,complete_only
828,1,1,0.9631760936386349,False,,3,1.0,1.974423046179143e-73,0,2017-10-22,24,True,0,True,complete_only
829,0,0,0.6587686817162437,False,,3,0.9999999684271796,5.768660197524555e-07,1,2017-10-23,24,True,1,True,complete_only
830,0,0,0.046089961663529244,False,,3,0.9999824632162104,0.0002095856311833441,1,2017-10-24,24,True,1,True,complete_only
831,0,0,0.9800891647784808,False,,3,0.9999999676509473,5.902628486233798e-07,1,2017-10-25,24,True,1,True,complete_only
832,0,0,0.23566039257937377,False,,3,0.9909005713732538,0.051821064753439075,1,2017-10-26,24,True,1,True,complete_only
833,2,2,0.9985938948510136,False,,3,0.8923162157813888,0.3416451593511687,1,2017-10-27,24,True,1,True,complete_only
834,1,1,0.36250476550556393,False,,3,1.0,3.7059635295965215e-52,0,2017-10-28,24,True,0,True,complete_only
835,1,1,0.7710668388331168,False,,3,1.0,1.5606637278204262e-78,0,2017-10-29,24,True,0,True,complete_only
836,0,0,0.4568087219489857,False,,3,0.9999999360245566,1.1237137086617126e-06,1,2017-10-30,24,True,1,True,complete_only
837,0,0,0.01037316843958075,False,,3,0.9996331512231804,0.003268761050286788,1,2017-10-31,24,True,1,True,complete_only
838,0,0,0.2712651954274381,False,,3,0.9995710157953688,0.003755274505829807,1,2017-11-01,24,True,1,True,complete_only
839,0,0,0.9743724135847363,False,,3,0.9999993110836122,1.0463362413656187e-05,1,2017-11-02,24,True,1,True,complete_only
840,2,2,0.9997175068136719,False,,3,0.7505520745179521,0.5617278156063656,1,2017-11-03,24,True,1,True,complete_only
841,1,1,0.3613874027130363,False,,3,1.0,3.474633912671211e-46,0,2017-11-04,24,True,0,True,complete_only
842,1,1,0.018634896512060174,False,,3,1.0,3.01066128436305e-63,0,2017-11-05,24,True,0,True,complete_only
843,0,0,0.07003515103196814,False,,3,0.9999999989512709,2.2731931130135064e-08,1,2017-11-06,24,True,1,True,complete_only
844,0,0,0.8467766869460702,False,,3,0.9999999979552925,4.295524319434702e-08,1,2017-11-07,24,True,1,True,complete_only
845,0,0,0.63359117456975,False,,3,0.776148761400068,0.531739307036371,0,2017-11-10,24,True,1,False,complete_only
846,1,1,0.02100980237812548,False,,3,1.0,1.1544557161481467e-61,0,2017-11-12,24,True,0,True,complete_only
847,0,0,0.2418262395359961,False,,3,0.9999999998301448,3.990950264345354e-09,1,2017-11-13,24,True,1,True,complete_only
848,0,0,0.06169390244950493,False,,3,0.999980797591587,0.00022774949764054633,1,2017-11-14,24,True,1,True,complete_only
849,2,2,0.36903599670575543,False,,3,0.6645602494715398,0.6379642526643015,1,2017-11-16,24,True,1,True,complete_only
850,2,2,0.9695229070941536,False,,3,0.9999510674374815,0.0005345903504039898,1,2017-11-17,24,True,1,True,complete_only
851,1,1,0.4894637963081794,False,,3,1.0,5.259386314925466e-45,0,2017-11-18,24,True,0,True,complete_only
852,1,1,0.07441868317503905,False,,3,1.0,2.733904484735903e-59,0,2017-11-19,24,True,0,True,complete_only
853,0,0,0.08535559883567799,False,,3,0.9999540757686662,0.0005046381727061264,1,2017-11-20,24,True,1,True,complete_only
854,0,0,0.9834324777431243,False,,3,0.9999999948778289,1.0290280427996596e-07,1,2017-11-21,24,True,1,True,complete_only
855,0,0,0.8515008385182126,False,,3,0.9994097912413945,0.004978256889272395,1,2017-11-22,24,True,1,True,complete_only
856,1,1,0.5754285711346366,False,,3,1.0,2.0811282487592853e-77,0,2017-11-23,24,True,0,True,complete_only
857,-1,1,6.4688694237184524e-09,True,,3,0.9999196252974619,0.0008382093579419977,1,2017-11-24,24,True,-1,False,complete_only
858,1,1,0.8935206702656909,False,,3,1.0,4.125608978242401e-64,0,2017-11-25,24,True,0,True,complete_only
859,1,1,0.1827235574218822,False,,3,1.0,2.0287509528289053e-74,0,2017-11-26,24,True,0,True,complete_only
860,0,0,0.35911257339102776,False,,3,0.9999999993324877,1.477036459963296e-08,1,2017-11-27,24,True,1,True,complete_only
861,0,0,0.5317439190618256,False,,3,0.99999999893177,2.313495021708815e-08,1,2017-11-28,24,True,1,True,complete_only
862,0,0,0.0002860918044532788,False,,3,0.8465101093023295,0.428715195198288,1,2017-11-29,24,True,1,True,complete_only
863,0,0,0.5215352433969516,False,,3,0.9925895131368977,0.043730355337840726,1,2017-11-30,24,True,1,True,complete_only
864,2,2,0.22518631282422993,False,,3,0.9999999634785206,6.619651570775107e-07,1,2017-12-01,24,True,1,True,complete_only
865,1,1,0.9848297960174236,False,,3,1.0,1.907114387900655e-39,0,2017-12-02,24,True,0,True,complete_only
866,1,1,0.4944157657859902,False,,3,1.0,5.002422578788391e-76,0,2017-12-03,24,True,0,True,complete_only
867,0,0,0.44160381758780004,False,,3,0.9998970410427424,0.0010482383886005148,1,2017-12-04,24,True,1,True,complete_only
868,2,2,0.12545440827758578,False,,3,0.9999176065577494,0.000857218366698927,1,2017-12-06,24,True,1,True,complete_only
869,0,0,0.9904854261915549,False,,3,0.9999991641959671,1.253277385320919e-05,1,2017-12-07,24,True,1,True,complete_only
870,0,0,0.40531284030883286,False,,3,0.8712388749475893,0.384024852484504,1,2017-12-08,24,True,1,True,complete_only
871,1,1,0.9793082098364694,False,,3,1.0,8.670405592895776e-43,0,2017-12-09,24,True,0,True,complete_only
872,1,1,0.595145707748806,False,,3,1.0,4.58299914626385e-70,0,2017-12-10,24,True,0,True,complete_only
873,0,0,0.08073375228145505,False,,3,0.9999906180443465,0.00011799420710824,1,2017-12-11,24,True,1,True,complete_only
874,0,0,0.07719499152883823,False,,3,0.9994103588334611,0.004974036884738006,1,2017-12-12,24,True,1,True,complete_only
875,0,0,0.9202628854081073,False,,3,0.9999940337546772,7.773653576285838e-05,1,2017-12-13,24,True,1,True,complete_only
876,0,0,0.028616705332378922,False,,3,0.6471473723698246,0.649194665080894,1,2017-12-14,24,True,1,True,complete_only
877,2,2,0.9998203321469469,False,,3,0.8313760026144713,0.45369766194436445,1,2017-12-15,24,True,1,True,complete_only
878,1,1,0.9976212930201015,False,,3,1.0,6.615603561914202e-53,0,2017-12-16,24,True,0,True,complete_only
879,1,1,0.6972750692029701,False,,3,1.0,9.850124148600566e-67,0,2017-12-17,24,True,0,True,complete_only
880,0,0,0.8669215504847472,False,,3,0.9999999961531358,7.838374939993118e-08,1,2017-12-18,24,True,1,True,complete_only
881,0,0,0.9970851303725845,False,,3,0.9999999573673124,7.661368889327422e-07,1,2017-12-19,24,True,1,True,complete_only
882,0,0,0.968493813515091,False,,3,0.9999951700531724,6.395174501145602e-05,1,2017-12-20,24,True,1,True,complete_only
883,0,0,0.9938184580510379,False,,3,0.9999674034343361,0.00036936105133332736,1,2017-12-21,24,True,1,True,complete_only
884,2,2,0.9844317369595561,False,,3,0.9999995130661161,7.5645847174296845e-06,1,2017-12-22,24,True,1,True,complete_only
885,1,1,0.09516495037255199,False,,3,1.0,7.301434653655931e-88,0,2017-12-24,24,True,0,True,complete_only
886,1,1,0.5169819204390568,False,,3,1.0,1.2667184213994796e-72,0,2017-12-25,24,True,0,True,complete_only
887,2,2,0.08091445894764246,False,,3,0.9999172501641941,0.0008605690942554042,1,2017-12-26,24,True,1,True,complete_only
888,2,2,0.6303751366755996,False,,3,0.9994207106304704,0.0048969756064390505,1,2017-12-27,24,True,1,True,complete_only
889,2,2,0.8632630764252847,False,,3,0.9999999952985874,9.485288000101435e-08,1,2017-12-28,24,True,1,True,complete_only
890,2,2,0.48144628043908344,False,,3,0.9999999999999982,5.156808322751406e-14,1,2017-12-29,24,True,1,True,complete_only
891,1,1,0.7467844936773449,False,,3,1.0,3.8049896200890565e-66,0,2017-12-30,24,True,0,True,complete_only
892,1,1,0.8677634168715067,False,,3,1.0,2.389276018747346e-79,0,2017-12-31,24,True,0,True,complete_only
893,-1,1,1.6087828635219126e-17,True,,3,1.0,3.315755538999993e-113,0,2018-01-01,24,True,-1,False,complete_only
894,0,0,0.04456410340321672,False,,3,0.9994825394244603,0.004432732071941496,1,2018-01-02,24,True,1,True,complete_only
895,0,0,0.8611602513370242,False,,3,0.9999998934719109,1.8168213621726631e-06,1,2018-01-03,24,True,1,True,complete_only
896,0,0,0.03667370771919754,False,,3,0.9983876539561325,0.011978535364110008,1,2018-01-04,24,True,1,True,complete_only
897,2,2,0.9302119370623619,False,,3,0.6703135205335813,0.6339563828326444,1,2018-01-05,24,True,1,True,complete_only
898,1,1,0.9582007431321516,False,,3,1.0,4.2472521783726357e-47,0,2018-01-06,24,True,0,True,complete_only
899,1,1,0.6718895750383753,False,,3,1.0,8.274208045587199e-75,0,2018-01-07,24,True,0,True,complete_only
900,0,0,0.5344368362227343,False,,3,0.9999999996073505,8.896656903000535e-09,1,2018-01-08,24,True,1,True,complete_only
901,0,0,0.020301899534554035,False,,3,0.9988281440916053,0.009080219704048972,1,2018-01-09,24,True,1,True,complete_only
902,0,0,0.9630205198922882,False,,3,0.9999999936642645,1.2593578054981776e-07,1,2018-01-10,24,True,1,True,complete_only
903,2,2,0.3627918171331524,False,,3,0.9574977844508306,0.17581637882532264,1,2018-01-11,24,True,1,True,complete_only
904,0,0,0.43074645773003034,False,,3,0.982589504380947,0.08778242783537893,1,2018-01-12,24,True,1,True,complete_only
905,1,1,0.3344473463208822,False,,3,1.0,9.82545982907838e-49,0,2018-01-13,24,True,0,True,complete_only
906,1,1,0.05460623385261835,False,,3,1.0,9.97139851517934e-71,0,2018-01-14,24,True,0,True,complete_only
907,2,2,0.7589616948644002,False,,3,0.9412704747321399,0.22345736138955258,0,2018-01-15,24,True,1,False,complete_only
908,0,0,0.7903193589428475,False,,3,0.9999999755230288,4.5344893011566215e-07,1,2018-01-16,24,True,1,True,complete_only
909,2,2,0.00459054286372315,False,,3,0.9983770107787941,0.012046919404003497,1,2018-01-17,24,True,1,True,complete_only
910,0,0,0.22538027370771083,False,,3,0.9636440051445692,0.15618512790026262,1,2018-01-19,24,True,1,True,complete_only
911,1,1,0.3975452596336852,False,,3,1.0,4.417580536630098e-55,0,2018-01-20,24,True,0,True,complete_only
912,1,1,0.00024237459411950919,False,,3,1.0,1.2660198710783375e-72,0,2018-01-21,24,True,0,True,complete_only
913,-1,2,2.3895571850496407e-31,True,,3,1.0,9.554692687397271e-41,1,2018-01-22,24,True,-1,False,complete_only
914,0,0,0.6358502698557749,False,,3,0.9997970127961469,0.0019288384290770606,1,2018-01-23,24,True,1,True,complete_only
915,0,0,0.9336960165622299,False,,3,0.999999808220793,3.1580130321830683e-06,1,2018-01-24,24,True,1,True,complete_only
916,0,0,0.9971311259249048,False,,3,0.9999995852867948,6.509205087350528e-06,1,2018-01-25,24,True,1,True,complete_only
917,2,2,0.9999981564237632,False,,3,0.9999901752167694,0.00012311040468470524,1,2018-01-26,24,True,1,True,complete_only
918,1,1,0.7691415307462826,False,,3,1.0,1.864502378607048e-42,0,2018-01-27,24,True,0,True,complete_only
919,1,1,0.19264412685104285,False,,3,1.0,7.147486700739502e-56,0,2018-01-28,24,True,0,True,complete_only
920,0,0,0.9701250550640296,False,,3,0.9999999705105727,5.4081351588802e-07,1,2018-01-29,24,True,1,True,complete_only
921,0,0,0.9979290984572913,False,,3,0.9999985969765853,2.0311402135048692e-05,1,2018-01-30,24,True,1,True,complete_only
922,0,0,0.9997076750821186,False,,3,0.9999809322660013,0.00022628639875562536,1,2018-02-01,24,True,1,True,complete_only
923,2,2,0.9701964921033911,False,,3,0.999999999966457,8.425510115310524e-10,1,2018-02-02,24,True,1,True,complete_only
924,1,1,0.40487165491180077,False,,3,1.0,5.442976869948252e-52,0,2018-02-03,24,True,0,True,complete_only
925,1,1,0.0021177951949612455,False,,3,1.0,4.272272990766321e-64,0,2018-02-04,24,True,0,True,complete_only
926,2,2,0.043445212490276296,False,,3,0.9847304606942029,0.07900797706260813,1,2018-02-05,24,True,1,True,complete_only
927,0,0,0.8118859976564996,False,,3,0.9999999930017971,1.3840775556425514e-07,1,2018-02-06,24,True,1,True,complete_only
928,0,0,0.637041969862204,False,,3,0.9999997250375176,4.428719235692649e-06,1,2018-02-07,24,True,1,True,complete_only
929,0,0,0.0475159018561479,False,,3,0.9989134449259434,0.008501423771160645,1,2018-02-08,24,True,1,True,complete_only
930,0,0,0.2327127151697521,False,,3,0.85636414775551,0.411509105860025,1,2018-02-09,24,True,1,True,complete_only
931,1,1,0.06222851184736837,False,,3,1.0,3.2201404675882224e-50,0,2018-02-10,24,True,0,True,complete_only
932,1,1,0.006890208480535565,False,,3,1.0,6.440980547754151e-68,0,2018-02-11,24,True,0,True,complete_only
933,0,0,0.5804844851478071,False,,3,0.9999999997070859,6.7226986238869875e-09,1,2018-02-12,24,True,1,True,complete_only
934,0,0,0.026372944508146097,False,,3,0.9999880953451917,0.00014688647764039516,1,2018-02-13,24,True,1,True,complete_only
935,0,0,0.9957000541018302,False,,3,0.9999999570768567,7.710650862550661e-07,1,2018-02-14,24,True,1,True,complete_only
936,0,0,0.23721634920727386,False,,3,0.9998433876341554,0.001528796432683182,1,2018-02-15,24,True,1,True,complete_only
937,0,0,0.8991128683570222,False,,3,0.9978576396860995,0.015306682757522125,1,2018-02-16,24,True,1,True,complete_only
938,1,1,0.9051320745831033,False,,3,1.0,8.314351699008779e-50,0,2018-02-17,24,True,0,True,complete_only
939,1,1,0.831869780064455,False,,3,1.0,8.044439837835323e-78,0,2018-02-18,24,True,0,True,complete_only
940,2,2,0.3542592122375378,False,,3,0.9999618916733828,0.00042586278686761696,0,2018-02-19,24,True,1,False,complete_only
941,0,0,0.3859065432294731,False,,3,0.999999970430967,5.421936765811058e-07,1,2018-02-20,24,True,1,True,complete_only
942,0,0,0.8674869593794123,False,,3,0.9999999922714586,1.5208492695554017e-07,1,2018-02-21,24,True,1,True,complete_only
943,0,0,0.9587492525854909,False,,3,0.9999999869347321,2.502431310697211e-07,1,2018-02-22,24,True,1,True,complete_only
944,2,2,0.9544205624209666,False,,3,0.9994150889313448,0.004938847649256905,1,2018-02-23,24,True,1,True,complete_only
945,1,1,0.0013782841322188464,False,,3,1.0,8.295531158019148e-39,0,2018-02-24,24,True,0,True,complete_only
946,1,1,0.021394992670420748,False,,3,1.0,7.719029916179619e-75,0,2018-02-25,24,True,0,True,complete_only
947,0,0,0.9264427426603976,False,,3,0.9999999880657847,2.2966034683063496e-07,1,2018-02-26,24,True,1,True,complete_only
948,0,0,0.22620603077964363,False,,3,0.999961902827516,0.00042574929148509014,1,2018-02-27,24,True,1,True,complete_only
949,0,0,0.9953256660112627,False,,3,0.9999999785811584,3.996540416773563e-07,1,2018-02-28,24,True,1,True,complete_only
950,0,0,0.9994247911916069,False,,3,0.9999996582899635,5.429534364929952e-06,1,2018-03-01,24,True,1,True,complete_only
951,0,0,0.6262917350408226,False,,3,0.9955068234719175,0.028769563979487534,1,2018-03-02,24,True,1,True,complete_only
952,1,1,0.9835544625391299,False,,3,1.0,2.50955936757244e-52,0,2018-03-03,24,True,0,True,complete_only
953,1,1,0.6757277708646723,False,,3,1.0,6.374590121324674e-83,0,2018-03-04,24,True,0,True,complete_only
954,-1,2,5.060218863647972e-38,True,,3,1.0,1.5542841833256535e-44,1,2018-03-05,24,True,-1,False,complete_only
955,-1,0,4.796759113765118e-07,True,,3,0.9651536975857821,0.15120434774821429,1,2018-03-06,24,True,-1,False,complete_only
956,0,0,0.997483992920762,False,,3,0.9999999085242812,1.5740402562658642e-06,1,2018-03-07,24,True,1,True,complete_only
957,0,0,0.0531311030845186,False,,3,0.9786497852395392,0.10324839129023122,1,2018-03-08,24,True,1,True,complete_only
958,2,2,0.5530010162087791,False,,3,0.9995746223183039,0.0037272955388188826,1,2018-03-09,24,True,1,True,complete_only
959,0,0,0.131352420249977,False,,3,0.9914871962998079,0.04905005473459775,1,2018-03-12,24,True,1,True,complete_only
960,0,0,0.0505639179461218,False,,3,0.535563569074286,0.6906155084925942,1,2018-03-13,24,True,1,True,complete_only
961,0,0,0.9994892000062502,False,,3,0.9999999724196481,5.076484544779508e-07,1,2018-03-14,24,True,1,True,complete_only
962,1,1,0.39382537789254857,False,,3,1.0,6.75053385472412e-54,0,2018-03-17,24,True,0,True,complete_only
963,1,1,0.01393970030260551,False,,3,1.0,3.750065726496637e-96,0,2018-03-18,24,True,0,True,complete_only
964,0,0,0.16645969662569687,False,,3,0.9999863801472738,0.00016621634572725787,1,2018-03-19,24,True,1,True,complete_only
965,0,0,0.971059971595044,False,,3,0.9999999952341305,9.60884464340634e-08,1,2018-03-20,24,True,1,True,complete_only
966,0,0,0.9743275543372181,False,,3,0.999999997998831,4.208363798331706e-08,1,2018-03-21,24,True,1,True,complete_only
967,0,0,0.9377236038069642,False,,3,0.9999999520824876,8.555089450241863e-07,1,2018-03-22,24,True,1,True,complete_only
968,2,2,0.3374871366961551,False,,3,0.9991479891080677,0.0068735851933996684,1,2018-03-23,24,True,1,True,complete_only
969,1,1,0.04946343270730109,False,,3,1.0,1.9810765905775683e-87,0,2018-03-25,24,True,0,True,complete_only
970,0,0,0.5672525686659897,False,,3,0.9999999971199962,5.951661696446361e-08,1,2018-03-26,24,True,1,True,complete_only
971,0,0,0.9788544805764017,False,,3,0.9999999987158148,2.7575469371185565e-08,1,2018-03-27,24,True,1,True,complete_only
972,0,0,0.9879622067604689,False,,3,0.999999985598084,2.744415248839464e-07,1,2018-03-28,24,True,1,True,complete_only
973,2,2,0.9807027067682395,False,,3,0.9825697832135823,0.08786195427179995,1,2018-03-30,24,True,1,True,complete_only
974,1,1,0.9911088759335672,False,,3,1.0,3.2577038804820546e-54,0,2018-03-31,24,True,0,True,complete_only
975,1,1,0.05819322019383889,False,,3,1.0,3.962988004136041e-84,0,2018-04-01,24,True,0,True,complete_only
976,0,0,0.5128543279162759,False,,3,0.9999895796754672,0.00012995965296290184,1,2018-04-02,24,True,1,True,complete_only
977,2,2,0.24631852606407909,False,,3,0.9986737140486068,0.010112544860549048,1,2018-04-03,24,True,1,True,complete_only
978,0,0,0.7881001146946829,False,,3,0.9999995137421297,7.5547582768385905e-06,1,2018-04-04,24,True,1,True,complete_only
979,0,0,0.09972255586621116,False,,3,0.8576309676148633,0.40924076794153086,1,2018-04-05,24,True,1,True,complete_only
980,2,2,0.9996060998796905,False,,3,0.9999896559126783,0.0001290847997920235,1,2018-04-06,24,True,1,True,complete_only
981,1,1,0.13344351356936787,False,,3,1.0,5.214836676195122e-56,0,2018-04-07,24,True,0,True,complete_only
982,1,1,0.18489406751336263,False,,3,1.0,5.348442038565355e-75,0,2018-04-08,24,True,0,True,complete_only
983,0,0,0.3735089008024561,False,,3,0.9999999989645509,2.2457295636359563e-08,1,2018-04-09,24,True,1,True,complete_only
984,0,0,0.8503482033460089,False,,3,0.9999999994483062,1.2312722221185318e-08,1,2018-04-10,24,True,1,True,complete_only
985,0,0,0.8717276817851807,False,,3,0.9999999975490326,5.1045758777493264e-08,1,2018-04-11,24,True,1,True,complete_only
986,0,0,0.8868744852947912,False,,3,0.9999999976377083,4.928600387434247e-08,1,2018-04-12,24,True,1,True,complete_only
987,0,0,0.7142322286099545,False,,3,0.9999978649222092,3.001280216686508e-05,1,2018-04-13,24,True,1,True,complete_only
988,-1,1,2.0870041280645738e-19,True,,3,1.0,2.052537574499256e-18,0,2018-04-14,24,True,-1,False,complete_only
989,1,1,6.197519634980026e-05,False,,3,1.0,7.661182776280701e-59,0,2018-04-15,24,True,0,True,complete_only
990,0,0,0.8188397350914305,False,,3,0.9999999181426451,1.4176292035041815e-06,1,2018-04-16,24,True,1,True,complete_only
991,0,0,0.06975667270321996,False,,3,0.999579590133371,0.0036887056889745163,1,2018-04-17,24,True,1,True,complete_only
992,2,2,0.16732752772241175,False,,3,0.939420816165674,0.22855820230633994,1,2018-04-18,24,True,1,True,complete_only
993,0,0,0.8485427506172522,False,,3,0.9999998138430999,3.070970045180809e-06,1,2018-04-19,24,True,1,True,complete_only
994,0,0,0.2317038259027896,False,,3,0.6865441840377683,0.6218378697062272,1,2018-04-20,24,True,1,True,complete_only
995,1,1,0.5510419077040858,False,,3,1.0,2.0286379676929887e-49,0,2018-04-21,24,True,0,True,complete_only
996,1,1,0.9729853495250085,False,,3,1.0,1.4198101081151944e-78,0,2018-04-22,24,True,0,True,complete_only
997,0,0,0.7772434959012864,False,,3,0.9999999942120397,1.1557100152634643e-07,1,2018-04-23,24,True,1,True,complete_only
998,0,0,0.5402486223501322,False,,3,0.9999999989699191,2.2346164832454633e-08,1,2018-04-24,24,True,1,True,complete_only
999,0,0,0.6148932566455745,False,,3,0.9999999994376161,1.254048033284967e-08,1,2018-04-25,24,True,1,True,complete_only
1000,0,0,0.9476963011086724,False,,3,0.9999999756826486,4.5065097203802824e-07,1,2018-04-26,24,True,1,True,complete_only
1001,0,0,0.5266280801150864,False,,3,0.984102549172345,0.08161123819049712,1,2018-04-27,24,True,1,True,complete_only
1002,1,1,0.20713553743809898,False,,3,1.0,1.1639450062851884e-45,0,2018-04-28,24,True,0,True,complete_only
1003,1,1,0.30269990530075047,False,,3,1.0,1.13248447767641e-81,0,2018-04-29,24,True,0,True,complete_only
1004,0,0,0.9200044425414564,False,,3,0.9999999973742639,5.450480855669592e-08,1,2018-04-30,24,True,1,True,complete_only
1005,0,0,0.5922341143355361,False,,3,0.9999999287295357,1.2441531032861249e-06,1,2018-05-01,24,True,1,True,complete_only
1006,0,0,0.7732169477555527,False,,3,0.9999999990332853,2.103292834408689e-08,1,2018-05-02,24,True,1,True,complete_only
1007,0,0,0.9953910867635675,False,,3,0.999999984063262,3.020751218132705e-07,1,2018-05-03,24,True,1,True,complete_only
1008,0,0,0.2621510604945614,False,,3,0.8364694813926977,0.4454781863075648,1,2018-05-04,24,True,1,True,complete_only
1009,1,1,0.8835829152766984,False,,3,1.0,4.503234969394805e-72,0,2018-05-06,24,True,0,True,complete_only
1010,0,0,0.9442898747369328,False,,3,0.9999999928027101,1.4214328763191838e-07,1,2018-05-07,24,True,1,True,complete_only
1011,0,0,0.7085202211037271,False,,3,0.999999993033093,1.3782001222260345e-07,1,2018-05-08,24,True,1,True,complete_only
1012,0,0,0.84978957590338,False,,3,0.9999999839664043,3.03813891724474e-07,1,2018-05-09,24,True,1,True,complete_only
1013,0,0,0.9980663274339537,False,,3,0.999999943670234,9.965886257847689e-07,1,2018-05-10,24,True,1,True,complete_only
1014,0,0,0.7699730677000687,False,,3,0.9995570544525115,0.0038633011717736925,1,2018-05-11,24,True,1,True,complete_only
1015,1,1,0.5555278218553428,False,,3,1.0,1.4544301614665648e-33,0,2018-05-12,24,True,0,True,complete_only
1016,1,1,0.9500337855505443,False,,3,1.0,7.834209462810365e-74,0,2018-05-13,24,True,0,True,complete_only
1017,0,0,0.9657063147406807,False,,3,0.9999999616284975,6.936014074105729e-07,1,2018-05-14,24,True,1,True,complete_only
1018,0,0,0.0010033217792062294,False,,3,0.6255184070441356,0.6612978491259727,1,2018-05-15,24,True,1,True,complete_only
1019,2,2,0.9722233156006013,False,,3,0.9959097391926819,0.026574827844198425,1,2018-05-16,24,True,1,True,complete_only
1020,0,0,0.24766628960104803,False,,3,0.597577978480842,0.6739814991651517,1,2018-05-17,24,True,1,True,complete_only
1021,2,2,0.9892456882436853,False,,3,0.6812088817574009,0.6259548763615657,1,2018-05-18,24,True,1,True,complete_only
1022,1,1,0.9580284255725554,False,,3,1.0,8.04458498164544e-45,0,2018-05-19,24,True,0,True,complete_only
1023,1,1,0.9298539751000594,False,,3,1.0,2.8976534706983565e-76,0,2018-05-20,24,True,0,True,complete_only
1024,2,2,0.00011708557711976091,False,,3,0.8245137224664895,0.4644796421720226,1,2018-05-21,24,True,1,True,complete_only
1025,0,0,0.8441447606650582,False,,3,0.999999963998303,6.530599806351854e-07,1,2018-05-22,24,True,1,True,complete_only
1026,0,0,0.9866119375293965,False,,3,0.9999996388487572,5.718457514706991e-06,1,2018-05-23,24,True,1,True,complete_only
1027,0,0,0.9999613098229619,False,,3,0.9999999483382864,9.184702915290144e-07,1,2018-05-24,24,True,1,True,complete_only
1028,2,2,0.9600312293191533,False,,3,0.9874993325232391,0.06719979684954999,1,2018-05-25,24,True,1,True,complete_only
1029,1,1,0.9648639290058624,False,,3,1.0,8.210608668484975e-55,0,2018-05-26,24,True,0,True,complete_only
1030,1,1,0.45682828812143556,False,,3,1.0,2.2775134764502298e-66,0,2018-05-27,24,True,0,True,complete_only
1031,1,1,0.7454214684538403,False,,3,1.0,5.4105633564134123e-70,0,2018-05-28,24,True,0,True,complete_only
1032,0,0,0.6966724837772726,False,,3,0.9999999914860922,1.667156536596195e-07,1,2018-05-29,24,True,1,True,complete_only
1033,0,0,0.9004861094491683,False,,3,0.9999999321995313,1.1869622367910054e-06,1,2018-05-30,24,True,1,True,complete_only
1034,0,0,0.9954122877659604,False,,3,0.9999913418560177,0.0001095861790360212,1,2018-05-31,24,True,1,True,complete_only
1035,2,2,0.9982084695734236,False,,3,0.9995675528445915,0.003782111107767626,1,2018-06-01,24,True,1,True,complete_only
1036,1,1,0.9848859308319405,False,,3,1.0,3.1703061428575914e-65,0,2018-06-03,24,True,0,True,complete_only
1037,0,0,0.9737257285131697,False,,3,0.999998199407032,2.5617744913802275e-05,1,2018-06-04,24,True,1,True,complete_only
1038,0,0,0.9844917248191083,False,,3,0.9999972414478328,3.807023561129493e-05,1,2018-06-05,24,True,1,True,complete_only
1039,0,0,0.961806753424961,False,,3,0.9999585797438086,0.0004594218759729829,1,2018-06-06,24,True,1,True,complete_only
1040,0,0,0.9849675538567466,False,,3,0.9999099432707217,0.0009289374797845904,1,2018-06-07,24,True,1,True,complete_only
1041,2,2,0.835444785826462,False,,3,0.9999999856435943,2.73619734907345e-07,1,2018-06-08,24,True,1,True,complete_only
1042,1,1,0.35964883064416375,False,,3,1.0,9.542456527687823e-57,0,2018-06-09,24,True,0,True,complete_only
1043,1,1,0.8765350738576889,False,,3,1.0,7.23877088794735e-85,0,2018-06-10,24,True,0,True,complete_only
1044,0,0,0.9304843572628517,False,,3,0.9999968450300609,4.311749136081415e-05,1,2018-06-11,24,True,1,True,complete_only
1045,0,0,0.9252740169595315,False,,3,0.9999696305571399,0.00034627416225316293,1,2018-06-12,24,True,1,True,complete_only
1046,0,0,0.9434027572967211,False,,3,0.9998105214284678,0.0018135259111834515,1,2018-06-13,24,True,1,True,complete_only
1047,0,0,0.9925777319467586,False,,3,0.9999053388815037,0.000971711516315256,1,2018-06-14,24,True,1,True,complete_only
1048,2,2,0.9809215692318424,False,,3,0.9999999656482276,6.247423511617125e-07,1,2018-06-15,24,True,1,True,complete_only
1049,1,1,0.9999532209862481,False,,3,1.0,1.2523047659275143e-57,0,2018-06-16,24,True,0,True,complete_only
1050,1,1,0.95487684119242,False,,3,1.0,6.920664428122202e-80,0,2018-06-17,24,True,0,True,complete_only
1051,0,0,0.9437452791581376,False,,3,0.9999998270037737,2.8665467761039698e-06,1,2018-06-18,24,True,1,True,complete_only
1052,0,0,0.9508227040419422,False,,3,0.9999975303162835,3.435680555469466e-05,1,2018-06-19,24,True,1,True,complete_only
1053,0,0,0.9850734668782823,False,,3,0.9999942910804723,7.463543339352768e-05,1,2018-06-20,24,True,1,True,complete_only
1054,0,0,0.29445662021153024,False,,3,0.9061098293267359,0.3114470421343507,1,2018-06-21,24,True,1,True,complete_only
1055,2,2,0.14644700314539705,False,,3,0.9999999999999982,6.039354308732946e-14,1,2018-06-22,24,True,1,True,complete_only
1056,1,1,0.6749338573019275,False,,3,1.0,3.11455724092297e-42,0,2018-06-23,24,True,0,True,complete_only
1057,1,1,0.9514526260666938,False,,3,1.0,1.1041049243823799e-69,0,2018-06-24,24,True,0,True,complete_only
1058,0,0,0.775173954532538,False,,3,0.9994452828870691,0.004713306425524814,1,2018-06-25,24,True,1,True,complete_only
1059,0,0,0.9787438840764843,False,,3,0.9999940846488742,7.712409210076217e-05,1,2018-06-26,24,True,1,True,complete_only
1060,0,0,0.9498556846677555,False,,3,0.9998246550635099,0.0016918450392328628,1,2018-06-27,24,True,1,True,complete_only
1061,0,0,0.9198996296328216,False,,3,0.9970169444303807,0.020324494668283427,1,2018-06-28,24,True,1,True,complete_only
1062,2,2,0.9990266456565557,False,,3,0.9999999932087213,1.3451911960238368e-07,1,2018-06-29,24,True,1,True,complete_only
1063,1,1,0.9952194273533428,False,,3,1.0,1.2490403099130856e-46,0,2018-06-30,24,True,0,True,complete_only
1064,1,1,0.4435550548154187,False,,3,1.0,1.230137125535933e-83,0,2018-07-01,24,True,0,True,complete_only
1065,2,2,0.9692987385568891,False,,3,0.9999999933152406,1.325148977090376e-07,1,2018-07-02,24,True,1,True,complete_only
1066,2,2,0.9999661380063247,False,,3,0.9929514121861942,0.04194893301176136,1,2018-07-03,24,True,1,True,complete_only
1067,1,1,0.01802245570117698,False,,3,1.0,4.063641832844082e-59,0,2018-07-04,24,True,0,True,complete_only
1068,2,2,0.9964287988446802,False,,3,0.9999951333537044,6.440083203191985e-05,1,2018-07-05,24,True,1,True,complete_only
1069,2,2,0.9585337368347525,False,,3,0.99999999982807,4.037595085974777e-09,1,2018-07-06,24,True,1,True,complete_only
1070,1,1,0.8963051973535359,False,,3,1.0,1.3055785939703602e-53,0,2018-07-07,24,True,0,True,complete_only
1071,1,1,0.6539392661664885,False,,3,1.0,9.062603138880286e-89,0,2018-07-08,24,True,0,True,complete_only
1072,0,0,0.858420030266366,False,,3,0.9994793292156661,0.004457010760743188,1,2018-07-09,24,True,1,True,complete_only
1073,0,0,0.9065100435396023,False,,3,0.9997950134722973,0.0019458271935485754,1,2018-07-10,24,True,1,True,complete_only
1074,0,0,0.984709701873087,False,,3,0.9999823540164331,0.00021078115965273602,1,2018-07-11,24,True,1,True,complete_only
1075,0,0,0.9642260254506304,False,,3,0.9999626303090883,0.0004183399339831363,1,2018-07-12,24,True,1,True,complete_only
1076,2,2,0.9986051159719191,False,,3,0.9991609323432201,0.006782015690172266,1,2018-07-13,24,True,1,True,complete_only
1077,1,1,0.8943118567545723,False,,3,1.0,5.68947578688008e-46,0,2018-07-14,24,True,0,True,complete_only
1078,1,1,0.9445051104544505,False,,3,1.0,1.0847442438093455e-81,0,2018-07-15,24,True,0,True,complete_only
1079,0,0,0.6358352162011808,False,,3,0.9984972943704478,0.01126989597800136,1,2018-07-16,24,True,1,True,complete_only
1080,0,0,0.9294990840944019,False,,3,0.9999841520430575,0.0001910068994892734,1,2018-07-17,24,True,1,True,complete_only
1081,0,0,0.9450399332195691,False,,3,0.9999512323693455,0.0005329531203138555,1,2018-07-18,24,True,1,True,complete_only
1082,0,0,0.9699988878983025,False,,3,0.999340765220568,0.00548753697296781,1,2018-07-19,24,True,1,True,complete_only
1083,2,2,0.9931893275330663,False,,3,0.9999843300039731,0.00018903899166666723,1,2018-07-20,24,True,1,True,complete_only
1084,1,1,0.9273487927079691,False,,3,1.0,3.024069061804688e-43,0,2018-07-21,24,True,0,True,complete_only
1085,1,1,0.9177117000578999,False,,3,1.0,1.1368180420908599e-85,0,2018-07-22,24,True,0,True,complete_only
1086,0,0,0.518134240481653,False,,3,0.9989083756002117,0.008536003285739308,1,2018-07-23,24,True,1,True,complete_only
1087,0,0,0.9683769278039702,False,,3,0.9999726947752177,0.0003142399632496387,1,2018-07-24,24,True,1,True,complete_only
1088,0,0,0.588848113404038,False,,3,0.9835440387089268,0.08390555653199216,1,2018-07-25,24,True,1,True,complete_only
1089,0,0,0.5405665769161307,False,,3,0.9371126798390385,0.23483926346242404,1,2018-07-26,24,True,1,True,complete_only
1090,2,2,0.9975139176737765,False,,3,0.9999965379426672,4.6992740005390854e-05,1,2018-07-27,24,True,1,True,complete_only
1091,1,1,0.7730256861221125,False,,3,1.0,2.325139165755616e-42,0,2018-07-28,24,True,0,True,complete_only
1092,1,1,0.42854703149312373,False,,3,1.0,8.372597910945325e-78,0,2018-07-29,24,True,0,True,complete_only
1093,0,0,0.865637068436417,False,,3,0.9999810336165966,0.00022518470195892118,1,2018-07-30,24,True,1,True,complete_only
1094,0,0,0.9562830688931134,False,,3,0.999952686355205,0.0005184954796621117,1,2018-07-31,24,True,1,True,complete_only
1095,0,0,0.9011924538892433,False,,3,0.9993246764114936,0.005605172854701517,1,2018-08-01,24,True,1,True,complete_only
1096,0,0,0.9452011081691736,False,,3,0.9985281963544809,0.01106874405518702,1,2018-08-02,24,True,1,True,complete_only
1097,2,2,0.9997608694194994,False,,3,0.9989884980983956,0.007986629965171046,1,2018-08-03,24,True,1,True,complete_only
1098,1,1,0.9160301508831963,False,,3,1.0,7.525156693303726e-41,0,2018-08-04,24,True,0,True,complete_only
1099,1,1,0.9779421672161241,False,,3,1.0,6.796701794205179e-84,0,2018-08-05,24,True,0,True,complete_only
1100,0,0,0.7223698325262848,False,,3,0.9998153876796733,0.0017717540104019592,1,2018-08-06,24,True,1,True,complete_only
1101,0,0,0.808464830459825,False,,3,0.9991302103021491,0.006999044686204908,1,2018-08-08,24,True,1,True,complete_only
1102,0,0,0.42364679320579907,False,,3,0.5625118692954468,0.6853112240650254,1,2018-08-09,24,True,1,True,complete_only
1103,2,2,0.9688722763192813,False,,3,0.9999999813579914,3.5042965657201587e-07,1,2018-08-10,24,True,1,True,complete_only
1104,1,1,0.8126979677247987,False,,3,1.0,2.838976682712218e-49,0,2018-08-11,24,True,0,True,complete_only
1105,1,1,0.9474420025962438,False,,3,1.0,2.773819851312687e-82,0,2018-08-12,24,True,0,True,complete_only
1106,0,0,0.3922640539620906,False,,3,0.9982830821606596,0.012647444507786923,1,2018-08-13,24,True,1,True,complete_only
1107,2,2,0.2609566950959292,False,,3,0.994150024114191,0.035909416111702674,1,2018-08-14,24,True,1,True,complete_only
1108,0,0,0.10444967688022277,False,,3,0.980129048478213,0.09753645406036296,1,2018-08-15,24,True,1,True,complete_only
1109,0,0,0.9632243799149808,False,,3,0.9997350556703152,0.0024469882987556394,1,2018-08-16,24,True,1,True,complete_only
1110,2,2,0.9998755931264551,False,,3,0.9999984937133004,2.1699358794424706e-05,1,2018-08-17,24,True,1,True,complete_only
1111,1,1,0.8751405212683484,False,,3,1.0,2.4064469644624658e-42,0,2018-08-18,24,True,0,True,complete_only
1112,1,1,0.9539416841005633,False,,3,1.0,5.419728062037912e-87,0,2018-08-19,24,True,0,True,complete_only
1113,0,0,0.012534913715852487,False,,3,0.6555253113751123,0.6439589927379816,1,2018-08-20,24,True,1,True,complete_only
1114,0,0,0.8356594351017145,False,,3,0.9999971809378873,3.884415257535318e-05,1,2018-08-21,24,True,1,True,complete_only
1115,0,0,0.9868179088566587,False,,3,0.9999988917156091,1.6305852188205718e-05,1,2018-08-22,24,True,1,True,complete_only
1116,2,2,0.9999802886995417,False,,3,0.9994296412985954,0.004830344948424678,1,2018-08-24,24,True,1,True,complete_only
1117,1,1,0.14158461932420427,False,,3,1.0,1.1319373374683719e-25,0,2018-08-25,24,True,0,True,complete_only
1118,1,1,0.9677105787234562,False,,3,1.0,9.039284964687204e-67,0,2018-08-26,24,True,0,True,complete_only
1119,0,0,0.3123480091809887,False,,3,0.9999993467605182,9.956233087533115e-06,1,2018-08-27,24,True,1,True,complete_only
1120,0,0,0.9746044950268222,False,,3,0.999999982796851,3.247640401135127e-07,1,2018-08-28,24,True,1,True,complete_only
1121,0,0,0.9992542510637078,False,,3,0.9999999156191635,1.4587696231354363e-06,1,2018-08-29,24,True,1,True,complete_only
1122,0,0,0.9679551982302262,False,,3,0.9998986260840667,0.0010336737367811256,1,2018-08-30,24,True,1,True,complete_only
1123,2,2,0.9965983060575712,False,,3,0.998714757168634,0.009840030806402318,1,2018-08-31,24,True,1,True,complete_only
1124,1,1,0.9168926756977397,False,,3,1.0,2.6201637528911184e-43,0,2018-09-01,24,True,0,True,complete_only
1125,1,1,0.9999617082394169,False,,3,1.0,5.599637824912469e-70,0,2018-09-02,24,True,0,True,complete_only
1126,1,1,0.8391468345298279,False,,3,1.0,1.0482896120918116e-49,0,2018-09-03,24,True,0,True,complete_only
1127,0,0,0.4193380105037334,False,,3,0.9999999974899936,5.221563081347876e-08,1,2018-09-04,24,True,1,True,complete_only
1128,0,0,0.5578554468814074,False,,3,0.99999999939266,1.3496297579992625e-08,1,2018-09-05,24,True,1,True,complete_only
1129,0,0,0.9862379950758723,False,,3,0.9999998478517869,2.5406333287703808e-06,1,2018-09-06,24,True,1,True,complete_only
1130,0,0,0.052763073808492676,False,,3,0.6122205760312758,0.6677444254152435,1,2018-09-07,24,True,1,True,complete_only
1131,1,1,0.8956516910233239,False,,3,1.0,1.3906031128231708e-36,0,2018-09-08,24,True,0,True,complete_only
1132,1,1,0.4809395947487519,False,,3,1.0,7.486920957517475e-60,0,2018-09-09,24,True,0,True,complete_only
1133,0,0,0.16359566035937223,False,,3,0.9999999974896188,5.222304775960712e-08,1,2018-09-10,24,True,1,True,complete_only
1134,0,0,0.00015751487609741755,False,,3,0.6977496774220397,0.6127589556742716,1,2018-09-11,24,True,1,True,complete_only
1135,2,2,0.243802960768622,False,,3,0.9895028962605672,0.05827350497626016,1,2018-09-12,24,True,1,True,complete_only
1136,0,0,0.919905015841323,False,,3,0.99997529331838,0.00028680564791478736,1,2018-09-13,24,True,1,True,complete_only
1137,2,2,0.8879622009601662,False,,3,0.5450628172273488,0.6890803495321398,1,2018-09-14,24,True,1,True,complete_only
1138,1,1,0.8612755924158693,False,,3,1.0,8.264576158037524e-42,0,2018-09-15,24,True,0,True,complete_only
1139,1,1,0.8454700640726485,False,,3,1.0,8.071413114737808e-82,0,2018-09-16,24,True,0,True,complete_only
1140,0,0,0.23134751497469175,False,,3,0.9999999981723384,3.860063983691336e-08,1,2018-09-17,24,True,1,True,complete_only
1141,0,0,0.7345291208503685,False,,3,0.9999936166125982,8.274024488862108e-05,1,2018-09-18,24,True,1,True,complete_only
1142,0,0,0.8005609934148021,False,,3,0.9999997922892236,3.403781213259442e-06,1,2018-09-19,24,True,1,True,complete_only
1143,0,0,0.08678165328009134,False,,3,0.8260202405977622,0.462140847035202,1,2018-09-20,24,True,1,True,complete_only
1144,2,2,0.9918501460423409,False,,3,0.8942674947455655,0.33749902405260473,1,2018-09-21,24,True,1,True,complete_only
1145,1,1,0.18230188326143446,False,,3,1.0,1.883816434727323e-57,0,2018-09-22,24,True,0,True,complete_only
1146,1,1,0.4095480411944974,False,,3,1.0,2.510239491495257e-69,0,2018-09-23,24,True,0,True,complete_only
1147,0,0,0.10067120945534377,False,,3,0.9999999986532746,2.8854379534567846e-08,1,2018-09-24,24,True,1,True,complete_only
1148,0,0,0.5148589014958972,False,,3,0.9999999995649844,9.812066965867453e-09,1,2018-09-25,24,True,1,True,complete_only
1149,0,0,0.5205111340158777,False,,3,0.9999994615700942,8.310454669789143e-06,1,2018-09-26,24,True,1,True,complete_only
1150,0,0,0.9942662579084617,False,,3,0.9999884381294333,0.00014299481162347456,1,2018-09-27,24,True,1,True,complete_only
1151,2,2,0.1614346235179745,False,,3,0.9999999997259303,6.308430287316692e-09,1,2018-09-28,24,True,1,True,complete_only
1152,1,1,0.5176399131902283,False,,3,1.0,5.511047527156379e-59,0,2018-09-29,24,True,0,True,complete_only
1153,1,1,0.06438429268026905,False,,3,1.0,8.651355118413993e-95,0,2018-09-30,24,True,0,True,complete_only
